location_id,street,neighborhood,district,lat,lon
1,Calle de Arganda,Acacias,Arganzuela,40.399743,-3.706683
2,Calle de Baños de Montemayor,Acacias,Arganzuela,40.398068,-3.703449
3,Calle de Carmen Cobeña,Acacias,Arganzuela,40.401014,-3.711469
4,Calle de Embajadores,Acacias,Arganzuela,40.396789,-3.696469
5,Calle de Ercilla,Acacias,Arganzuela,40.401936,-3.702161
6,Calle de Gargantilla,Acacias,Arganzuela,40.398844,-3.703861
7,Calle de Martín de Vargas,Acacias,Arganzuela,40.402736,-3.701872
8,Calle de Melilla,Acacias,Arganzuela,40.400808,-3.709661
9,Calle de Moratines,Acacias,Arganzuela,40.402908,-3.703253
10,Calle de Pozuelo de Zarzón,Acacias,Arganzuela,40.398464,-3.703875
11,Calle de San Anastasio,Acacias,Arganzuela,40.397356,-3.703247
12,Calle de San Isidoro de Sevilla,Acacias,Arganzuela,40.404256,-3.710489
13,Calle de Santocildes,Acacias,Arganzuela,40.40496,-3.704553
14,Calle de Soria,Acacias,Arganzuela,40.40476,-3.705544
15,Calle de Valdelasierra,Acacias,Arganzuela,40.397806,-3.705578
16,Calle de la Arquitectura,Acacias,Arganzuela,40.399587,-3.702394
17,Calle de la Caoba,Acacias,Arganzuela,40.402303,-3.706825
18,Calle de la Ceiba,Acacias,Arganzuela,40.403189,-3.706928
19,Calle de la Villa de Arbancón,Acacias,Arganzuela,40.404608,-3.706146
20,Calle de las Cigarreras,Acacias,Arganzuela,40.405031,-3.707706
21,Calle de las Naves,Acacias,Arganzuela,40.398543,-3.706265
22,Calle de las Peñuelas,Acacias,Arganzuela,40.402322,-3.703608
23,Calle de los Carvajales,Acacias,Arganzuela,40.399767,-3.702147
24,Calle de los Nogales,Acacias,Arganzuela,40.402778,-3.708931
25,Calle del Concejal Benito Martín Lozano,Acacias,Arganzuela,40.40531,-3.709781
26,Calle del Gasómetro,Acacias,Arganzuela,40.404058,-3.707789
27,Calle del Labrador,Acacias,Arganzuela,40.401575,-3.702125
28,Calle del Laurel,Acacias,Arganzuela,40.402819,-3.704708
29,Calle del Majuelo,Acacias,Arganzuela,40.403117,-3.706881
30,Calle del Palo de Rosa,Acacias,Arganzuela,40.402497,-3.706919
31,Glorieta de Embajadores,Acacias,Arganzuela,40.404835,-3.702604
32,Glorieta de Santa María de la Cabeza,Acacias,Arganzuela,40.400706,-3.699414
33,Paseo de Juan Antonio Vallejo-nájera Botas,Acacias,Arganzuela,40.402389,-3.709753
34,Paseo de la Esperanza,Acacias,Arganzuela,40.4003,-3.703744
35,Paseo de las Acacias,Acacias,Arganzuela,40.403272,-3.709393
36,Paseo de las Yeserías,Acacias,Arganzuela,40.398807,-3.70869
37,Paseo de los Olmos,Acacias,Arganzuela,40.40479,-3.710853
38,Plaza de las Peñuelas,Acacias,Arganzuela,40.400617,-3.702744
39,Ronda de Toledo,Acacias,Arganzuela,40.405456,-3.706408
40,Travesía de San Isidoro de Sevilla,Acacias,Arganzuela,40.403894,-3.711664
41,Calle Provisional Talleres Generales Mza,Atocha,Arganzuela,40.401414,-3.685539
42,Calle de Alamedilla,Atocha,Arganzuela,40.399358,-3.682711
43,Calle de Alpedrete,Atocha,Arganzuela,40.400292,-3.683367
44,Calle de Garganta de los Montes,Atocha,Arganzuela,40.399544,-3.681525
45,Calle de Leganés,Atocha,Arganzuela,40.398386,-3.681328
46,Calle de Méndez Álvaro,Atocha,Arganzuela,40.398814,-3.683901
47,Calle de la Kentia,Atocha,Arganzuela,40.395322,-3.676031
48,Calle de la Retama,Atocha,Arganzuela,40.394426,-3.67556
49,Calle del Acanto,Atocha,Arganzuela,40.396797,-3.676072
50,Calle del Almez,Atocha,Arganzuela,40.397546,-3.678803
51,Calle del Jacaranda,Atocha,Arganzuela,40.398094,-3.67865
52,Calle del Ombú,Atocha,Arganzuela,40.395669,-3.676431
53,Calle del Tejo,Atocha,Arganzuela,40.397753,-3.678569
54,Calle de Aguilón,Chopera,Arganzuela,40.397546,-3.701507
55,Calle de Aldea del Fresno,Chopera,Arganzuela,40.395769,-3.697774
56,Calle de Alejandro Saint Aubin,Chopera,Arganzuela,40.393264,-3.696883
57,Calle de Alonso Carbonell,Chopera,Arganzuela,40.394933,-3.696447
58,Calle de Benito Valderas,Chopera,Arganzuela,40.394389,-3.696917
59,Calle de Domingo Pérez del Val,Chopera,Arganzuela,40.393471,-3.696003
60,Calle de Enrique Trompeta,Chopera,Arganzuela,40.392528,-3.695661
61,Calle de Eugenio Sellés,Chopera,Arganzuela,40.395847,-3.699289
62,Calle de Fernando Poo,Chopera,Arganzuela,40.397176,-3.699824
63,Calle de Guillermo de Osma,Chopera,Arganzuela,40.393901,-3.69659
64,Calle de Jaime el Conquistador,Chopera,Arganzuela,40.396333,-3.698244
65,Calle de José Miguel Gordoa,Chopera,Arganzuela,40.392914,-3.696256
66,Calle de Miguel Arredondo,Chopera,Arganzuela,40.394833,-3.696043
67,Calle de San Daniel,Chopera,Arganzuela,40.393553,-3.696388
68,Calle de San Evaristo,Chopera,Arganzuela,40.392747,-3.6954
69,Calle de San Félix,Chopera,Arganzuela,40.39264,-3.696393
70,Calle de Tomás Borrás,Chopera,Arganzuela,40.395281,-3.697336
71,Calle de Torres Miranda,Chopera,Arganzuela,40.398167,-3.700131
72,Calle de los Voluntarios Macabebes,Chopera,Arganzuela,40.393154,-3.695529
73,Calle del Comandante Benítez,Chopera,Arganzuela,40.397633,-3.698926
74,Calle del Divino Vallés,Chopera,Arganzuela,40.396411,-3.697217
75,Calle del General Palanca,Chopera,Arganzuela,40.399412,-3.698261
76,Calle del Párroco Julio Morate,Chopera,Arganzuela,40.397217,-3.699081
77,Glorieta de San Víctor,Chopera,Arganzuela,40.393681,-3.695308
78,Paseo de la Chopera,Chopera,Arganzuela,40.394125,-3.699715
79,Plaza de José de Villarreal,Chopera,Arganzuela,40.394668,-3.697232
80,Plaza de Rutilio Gaci,Chopera,Arganzuela,40.394435,-3.696303
81,Plaza del General Maroto,Chopera,Arganzuela,40.393971,-3.697928
82,Calle de Alejandro Ferrant,Delicias,Arganzuela,40.395028,-3.693117
83,Calle de Alicante,Delicias,Arganzuela,40.394321,-3.692369
84,Calle de Alonso Martos,Delicias,Arganzuela,40.397653,-3.692682
85,Calle de Amaltea,Delicias,Arganzuela,40.394931,-3.683236
86,Calle de Bolívar,Delicias,Arganzuela,40.392306,-3.691111
87,Calle de Ciudad Real,Delicias,Arganzuela,40.400035,-3.695326
88,Calle de Cáceres,Delicias,Arganzuela,40.398758,-3.697206
89,Calle de Isidoro Álvarez Álvarez,Delicias,Arganzuela,40.394219,-3.690703
90,Calle de Juan de Mariana,Delicias,Arganzuela,40.39855,-3.686586
91,Calle de Juan de Vera,Delicias,Arganzuela,40.396256,-3.692575
92,Calle de Juana Doña,Delicias,Arganzuela,40.396447,-3.6929
93,Calle de Luis Paret,Delicias,Arganzuela,40.39555,-3.693925
94,Calle de Mejorada del Campo,Delicias,Arganzuela,40.399536,-3.685669
95,Calle de Ramírez de Prado,Delicias,Arganzuela,40.399394,-3.687856
96,Calle de Tomás Bretón,Delicias,Arganzuela,40.397412,-3.692924
97,Calle de Villa del Prado,Delicias,Arganzuela,40.399929,-3.686411
98,Calle de el Atazar,Delicias,Arganzuela,40.398822,-3.686229
99,Calle de la Batalla del Salado,Delicias,Arganzuela,40.400386,-3.696242
100,Calle de la Circonita,Delicias,Arganzuela,40.393021,-3.690976
101,Calle de la Estrella Denébola,Delicias,Arganzuela,40.39544,-3.684393
102,Calle de la Estrella Naos,Delicias,Arganzuela,40.396136,-3.685542
103,Calle de la Estrella Shaula,Delicias,Arganzuela,40.394747,-3.684631
104,Calle de la Turmalina,Delicias,Arganzuela,40.397606,-3.69145
105,Calle de las Nebulosas,Delicias,Arganzuela,40.394683,-3.684753
106,Calle del Alabastro,Delicias,Arganzuela,40.395346,-3.688917
107,Calle del Caolín,Delicias,Arganzuela,40.394667,-3.688333
108,Calle del Circón,Delicias,Arganzuela,40.396633,-3.690486
109,Calle del Cobre,Delicias,Arganzuela,40.394,-3.689233
110,Calle del Cristo del Camino,Delicias,Arganzuela,40.398783,-3.6907
111,Calle del Granito,Delicias,Arganzuela,40.392872,-3.692129
112,Calle del Mezquite,Delicias,Arganzuela,40.396647,-3.682544
113,Calle del Oriana,Delicias,Arganzuela,40.396054,-3.682675
114,Calle del Párroco Eusebio Cuenca,Delicias,Arganzuela,40.396267,-3.689531
115,Calle del Sabal,Delicias,Arganzuela,40.39629,-3.6825
116,Calle del Zinc,Delicias,Arganzuela,40.392501,-3.69254
117,Paseo de las Delicias,Delicias,Arganzuela,40.399124,-3.694167
118,Plaza de la Beata María Ana de Jesús,Delicias,Arganzuela,40.394394,-3.694569
119,Plaza del Amanecer en Méndez Álvaro,Delicias,Arganzuela,40.398847,-3.684953
120,Travesía del Plomo,Delicias,Arganzuela,40.394456,-3.689942
121,Calle de Alejandro Dumas,Imperial,Arganzuela,40.402619,-3.717928
122,Calle de Bercial,Imperial,Arganzuela,40.406597,-3.719657
123,Calle de Casimiro Mahou Bierhans,Imperial,Arganzuela,40.40285,-3.717311
124,Calle de Cobos de Segovia,Imperial,Arganzuela,40.405464,-3.719
125,Calle de Etreros,Imperial,Arganzuela,40.405731,-3.719447
126,Calle de Francisco Nieva,Imperial,Arganzuela,40.403019,-3.716314
127,Calle de Gil Imón,Imperial,Arganzuela,40.407272,-3.715728
128,Calle de Jemenuño,Imperial,Arganzuela,40.408494,-3.718254
129,Calle de Juan Duque,Imperial,Arganzuela,40.411564,-3.719478
130,Calle de Leonor de la Vega,Imperial,Arganzuela,40.407064,-3.715236
131,Calle de Linneo,Imperial,Arganzuela,40.411476,-3.720471
132,Calle de Mazarredo,Imperial,Arganzuela,40.413235,-3.718458
133,Calle de Moreno Nieto,Imperial,Arganzuela,40.412008,-3.719872
134,Calle de Muñopedro,Imperial,Arganzuela,40.406303,-3.715189
135,Calle de Paradinas,Imperial,Arganzuela,40.405519,-3.719733
136,Calle de Ruy González de Clavijo,Imperial,Arganzuela,40.408408,-3.720462
137,Calle de San Alejandro,Imperial,Arganzuela,40.404657,-3.721276
138,Calle de San Epifanio,Imperial,Arganzuela,40.401247,-3.718579
139,Calle de Sangarcía,Imperial,Arganzuela,40.404901,-3.719253
140,Calle de Santa Casilda,Imperial,Arganzuela,40.40509,-3.7137
141,Calle de Santa María la Real de Nieva,Imperial,Arganzuela,40.405983,-3.718158
142,Calle de Villoslada,Imperial,Arganzuela,40.406547,-3.716065
143,Calle de la Pizarra,Imperial,Arganzuela,40.409758,-3.720404
144,Calle de los Chulapos,Imperial,Arganzuela,40.407367,-3.720436
145,Calle del Duque de Tovar,Imperial,Arganzuela,40.403014,-3.72075
146,Calle del Fósforo,Imperial,Arganzuela,40.410944,-3.720386
147,Calle del Manzanares,Imperial,Arganzuela,40.412853,-3.719256
148,Calle del Mármol,Imperial,Arganzuela,40.405317,-3.721329
149,Glorieta de la Puerta de Toledo,Imperial,Arganzuela,40.406683,-3.711533
150,Glorieta de las Pirámides,Imperial,Arganzuela,40.401167,-3.714882
151,Paseo Bajo de la Virgen del Puerto,Imperial,Arganzuela,40.413229,-3.721864
152,Paseo Imperial,Imperial,Arganzuela,40.406481,-3.716614
153,Paseo de la Virgen del Puerto,Imperial,Arganzuela,40.41049,-3.721043
154,Paseo de los Melancólicos,Imperial,Arganzuela,40.405178,-3.720175
155,Paseo de los Pontones,Imperial,Arganzuela,40.404526,-3.715569
156,Plaza de Francisco Morano,Imperial,Arganzuela,40.404536,-3.716339
157,Travesía de Gil Imón,Imperial,Arganzuela,40.407306,-3.71465
158,Avenida de la Paz,Legazpi,Arganzuela,40.39235,-3.676803
159,Avenida del Planetario,Legazpi,Arganzuela,40.393564,-3.682731
160,Calle de Algete,Legazpi,Arganzuela,40.388794,-3.694382
161,Calle de Andrés de Urdaneta,Legazpi,Arganzuela,40.388944,-3.693278
162,Calle de Ariel,Legazpi,Arganzuela,40.393486,-3.679269
163,Calle de Candelaria Mora,Legazpi,Arganzuela,40.386496,-3.693482
164,Calle de Carabaña,Legazpi,Arganzuela,40.386692,-3.691797
165,Calle de Enrique Simonis,Legazpi,Arganzuela,40.386365,-3.692714
166,Calle de Eros,Legazpi,Arganzuela,40.392818,-3.679097
167,Calle de Frigiliana,Legazpi,Arganzuela,40.389903,-3.693567
168,Calle de Jesús Goldero,Legazpi,Arganzuela,40.386394,-3.693125
169,Calle de José Antonio Zapata,Legazpi,Arganzuela,40.386014,-3.691694
170,Calle de Julián Rabanedo,Legazpi,Arganzuela,40.387333,-3.693356
171,Calle de Manuel Aleixandre,Legazpi,Arganzuela,40.391214,-3.693839
172,Calle de Meneses,Legazpi,Arganzuela,40.391525,-3.681353
173,Calle de Nereida,Legazpi,Arganzuela,40.391862,-3.680506
174,Calle de Nerja,Legazpi,Arganzuela,40.389744,-3.69415
175,Calle de Nestares,Legazpi,Arganzuela,40.386536,-3.692286
176,Calle de Puerto Serrano,Legazpi,Arganzuela,40.385681,-3.687228
177,Calle de Ricardo Damas,Legazpi,Arganzuela,40.386028,-3.693317
178,Calle de Ricardo Goizueta,Legazpi,Arganzuela,40.387165,-3.693289
179,Calle de Rodríguez Villarejo,Legazpi,Arganzuela,40.387253,-3.692549
180,Calle de Teresa López Valcárcel,Legazpi,Arganzuela,40.388243,-3.693957
181,Calle de Titán,Legazpi,Arganzuela,40.391567,-3.679185
182,Calle de Valdemorillo,Legazpi,Arganzuela,40.388607,-3.694813
183,Calle de Villarrobledo,Legazpi,Arganzuela,40.392683,-3.681047
184,Calle de Viñuelas,Legazpi,Arganzuela,40.38821,-3.692399
185,Calle de el Soto,Legazpi,Arganzuela,40.388094,-3.694918
186,Calle de la Antracita,Legazpi,Arganzuela,40.390822,-3.688525
187,Calle de la Estrella Hadar,Legazpi,Arganzuela,40.394139,-3.679801
188,Calle del Bronce,Legazpi,Arganzuela,40.389367,-3.688444
189,Calle del Cromo,Legazpi,Arganzuela,40.390186,-3.688415
190,Calle del Hierro,Legazpi,Arganzuela,40.391061,-3.691094
191,Calle del Litio,Legazpi,Arganzuela,40.38995,-3.689333
192,Calle del Maestro Arbós,Legazpi,Arganzuela,40.388768,-3.694976
193,Calle del Planeta Tierra,Legazpi,Arganzuela,40.392507,-3.678842
194,Calle del Plomo,Legazpi,Arganzuela,40.392308,-3.689692
195,Calle del Puerto de Béjar,Legazpi,Arganzuela,40.387158,-3.687767
196,Calle del Puerto de Miravete,Legazpi,Arganzuela,40.386304,-3.687913
197,Calle del Puerto de la Cruz Verde,Legazpi,Arganzuela,40.385153,-3.686619
198,Calle del Rodio,Legazpi,Arganzuela,40.391019,-3.690414
199,Calle del Sodio,Legazpi,Arganzuela,40.389267,-3.690686
200,Calle del Teniente Coronel Noreña,Legazpi,Arganzuela,40.388147,-3.693019
201,Calle del Ónice,Legazpi,Arganzuela,40.39185,-3.69
202,Paseo del Molino,Legazpi,Arganzuela,40.389974,-3.693057
203,Plaza de Legazpi,Legazpi,Arganzuela,40.391308,-3.695367
204,Calle de Alonso del Barco,Palos de la Frontera,Arganzuela,40.404433,-3.701138
205,Calle de Bernardino Obregón,Palos de la Frontera,Arganzuela,40.403942,-3.699775
206,Calle de Bustamante,Palos de la Frontera,Arganzuela,40.400653,-3.689847
207,Calle de Fray Luis de León,Palos de la Frontera,Arganzuela,40.404042,-3.698453
208,Calle de José Antonio de Armona,Palos de la Frontera,Arganzuela,40.404867,-3.697039
209,Calle de José María Roquero,Palos de la Frontera,Arganzuela,40.401258,-3.693064
210,Calle de Juan Martín el Empecinado,Palos de la Frontera,Arganzuela,40.400775,-3.688065
211,Calle de Juan Sebastián Elcano,Palos de la Frontera,Arganzuela,40.404797,-3.698961
212,Calle de Martín Soler,Palos de la Frontera,Arganzuela,40.402553,-3.696814
213,Calle de Murcia,Palos de la Frontera,Arganzuela,40.40525,-3.693108
214,Calle de Palos de la Frontera,Palos de la Frontera,Arganzuela,40.403115,-3.697193
215,Calle de Pedro Unanue,Palos de la Frontera,Arganzuela,40.403628,-3.694953
216,Calle de Rafael de Riego,Palos de la Frontera,Arganzuela,40.403357,-3.692222
217,Calle de Sebastián Herrera,Palos de la Frontera,Arganzuela,40.403911,-3.699361
218,Calle de Tarragona,Palos de la Frontera,Arganzuela,40.401583,-3.696408
219,Calle de Tortosa,Palos de la Frontera,Arganzuela,40.406164,-3.692619
220,Calle de Vara de Rey,Palos de la Frontera,Arganzuela,40.401856,-3.689471
221,Calle de Vizcaya,Palos de la Frontera,Arganzuela,40.404725,-3.694703
222,Calle de las Canarias,Palos de la Frontera,Arganzuela,40.401869,-3.692643
223,Calle de las Delicias,Palos de la Frontera,Arganzuela,40.404083,-3.691947
224,Calle del Cardenal Solís,Palos de la Frontera,Arganzuela,40.402147,-3.69939
225,Calle del Ferrocarril,Palos de la Frontera,Arganzuela,40.401006,-3.696439
226,Calle del General Lacy,Palos de la Frontera,Arganzuela,40.402206,-3.690836
227,Calle del Marqués de la Valdavia,Palos de la Frontera,Arganzuela,40.406194,-3.695769
228,Calle del Áncora,Palos de la Frontera,Arganzuela,40.402906,-3.691083
229,Pasaje de Tortosa,Palos de la Frontera,Arganzuela,40.405753,-3.692628
230,Pasaje del Áncora,Palos de la Frontera,Arganzuela,40.402467,-3.689917
231,Paseo de Santa María de la Cabeza,Palos de la Frontera,Arganzuela,40.398303,-3.701739
232,Plaza de Luca de Tena,Palos de la Frontera,Arganzuela,40.401811,-3.693294
233,Autovía A-2,Aeropuerto,Barajas,40.449397,-3.573392
234,Autovía M-13,Aeropuerto,Barajas,40.479338,-3.586228
235,Autovía M-22,Aeropuerto,Barajas,40.450297,-3.563769
236,Avenida Central,Aeropuerto,Barajas,40.455008,-3.568544
237,Avenida Sur del Aeropuerto de Barajas,Aeropuerto,Barajas,40.451132,-3.578115
238,Avenida de la Hispanidad,Aeropuerto,Barajas,40.461828,-3.577479
239,Calle Alfa,Aeropuerto,Barajas,40.454676,-3.580154
240,Calle Bravo,Aeropuerto,Barajas,40.453982,-3.57996
241,Calle Charlie,Aeropuerto,Barajas,40.455033,-3.577811
242,Calle Delta,Aeropuerto,Barajas,40.453485,-3.578724
243,Calle Echo,Aeropuerto,Barajas,40.452472,-3.577451
244,Calle Foxtrot,Aeropuerto,Barajas,40.451942,-3.576825
245,Calle Golf,Aeropuerto,Barajas,40.451519,-3.576867
246,Calle Juliet,Aeropuerto,Barajas,40.4528,-3.567911
247,Calle Kilo,Aeropuerto,Barajas,40.452275,-3.568939
248,Calle Mike,Aeropuerto,Barajas,40.452228,-3.567025
249,Calle November,Aeropuerto,Barajas,40.455851,-3.560433
250,Calle Quebec,Aeropuerto,Barajas,40.457,-3.557193
251,Calle de Barbadillo,Aeropuerto,Barajas,40.451569,-3.580308
252,Calle de Bugedo,Aeropuerto,Barajas,40.452719,-3.582111
253,Calle de Capricornio,Aeropuerto,Barajas,40.450944,-3.564874
254,Calle de Castrobarto,Aeropuerto,Barajas,40.452022,-3.582403
255,Calle de Cáncer,Aeropuerto,Barajas,40.450508,-3.571286
256,Calle de Ezequiel Peñalver,Aeropuerto,Barajas,40.449739,-3.553872
257,Calle de Frías,Aeropuerto,Barajas,40.451686,-3.583786
258,Calle de Fuentenebro,Aeropuerto,Barajas,40.451875,-3.583047
259,Calle de Garganchón,Aeropuerto,Barajas,40.450728,-3.582031
260,Calle de India,Aeropuerto,Barajas,40.452414,-3.574514
261,Calle de Medina de Pomar,Aeropuerto,Barajas,40.452278,-3.584586
262,Calle de Pradoluengo,Aeropuerto,Barajas,40.4513,-3.58265
263,Calle de Salinas de Rosío,Aeropuerto,Barajas,40.450403,-3.579861
264,Calle de Tauro,Aeropuerto,Barajas,40.450185,-3.566944
265,Calle de Trespaderne,Aeropuerto,Barajas,40.452388,-3.581372
266,Calle de Zaorejas,Aeropuerto,Barajas,40.450186,-3.551958
267,Calle de la Acuarela,Aeropuerto,Barajas,40.450822,-3.568578
268,Calle del Escorpión,Aeropuerto,Barajas,40.450669,-3.567228
269,Camino de la Muñoza,Aeropuerto,Barajas,40.452797,-3.536347
270,Camino de la Vereda de la Zanja,Aeropuerto,Barajas,40.475494,-3.548961
271,Camino del Aeropuerto,Aeropuerto,Barajas,40.449867,-3.548297
272,Camino del Cuartel,Aeropuerto,Barajas,40.466863,-3.578619
273,Camino del Monte,Aeropuerto,Barajas,40.483792,-3.559078
274,Camino del Rasillo,Aeropuerto,Barajas,40.507022,-3.556789
275,Carretera Antigua de Paracuellos de Jarama,Aeropuerto,Barajas,40.494167,-3.547958
276,Carretera M-110,Aeropuerto,Barajas,40.483325,-3.590818
277,Carretera M-111,Aeropuerto,Barajas,40.494724,-3.553421
278,Carretera de Alcobendas a Barajas,Aeropuerto,Barajas,40.492438,-3.596531
279,Carretera de Circunvalación de Iberia,Aeropuerto,Barajas,40.47046,-3.545158
280,Carretera de la Muñoza,Aeropuerto,Barajas,40.449708,-3.535176
281,Plaza de las Tres Esquinas,Aeropuerto,Barajas,40.478719,-3.57861
282,Avenida de Cantabria,Alameda de Osuna,Barajas,40.456657,-3.587153
283,Avenida de Logroño,Alameda de Osuna,Barajas,40.464742,-3.585539
284,Calle de Antonio Sancha,Alameda de Osuna,Barajas,40.459432,-3.589715
285,Calle de Benito Monfort,Alameda de Osuna,Barajas,40.457161,-3.592772
286,Calle de Joaquín Ibarra,Alameda de Osuna,Barajas,40.458106,-3.593678
287,Calle de Manuel Aguilar Muñoz,Alameda de Osuna,Barajas,40.459317,-3.589581
288,Calle de Monteverde,Alameda de Osuna,Barajas,40.458433,-3.595386
289,Calle de Riaño,Alameda de Osuna,Barajas,40.461589,-3.579987
290,Calle de San Severo,Alameda de Osuna,Barajas,40.463128,-3.582675
291,Calle de Soto Hidalgo,Alameda de Osuna,Barajas,40.460336,-3.581022
292,Calle de Tintín y Milú,Alameda de Osuna,Barajas,40.462336,-3.585011
293,Calle de la Canoa,Alameda de Osuna,Barajas,40.453026,-3.590949
294,Calle de la Carabela,Alameda de Osuna,Barajas,40.456008,-3.590975
295,Calle de la Corbeta,Alameda de Osuna,Barajas,40.456404,-3.586851
296,Calle de la Falúa,Alameda de Osuna,Barajas,40.454706,-3.588689
297,Calle de la Fuente del Pavo,Alameda de Osuna,Barajas,40.460242,-3.583272
298,Calle de la Galera,Alameda de Osuna,Barajas,40.454614,-3.589128
299,Calle de la Góndola,Alameda de Osuna,Barajas,40.45339,-3.589247
300,Calle de la Piragua,Alameda de Osuna,Barajas,40.4515,-3.592911
301,Calle de la Rambla,Alameda de Osuna,Barajas,40.45746,-3.595349
302,Calle de la Rioja,Alameda de Osuna,Barajas,40.461058,-3.584304
303,Calle de los Brezos,Alameda de Osuna,Barajas,40.460569,-3.585314
304,Calle de los Jardines de Aranjuez,Alameda de Osuna,Barajas,40.453775,-3.603339
305,Calle de los Pinos de Osuna,Alameda de Osuna,Barajas,40.452829,-3.592729
306,Calle del Balandro,Alameda de Osuna,Barajas,40.452715,-3.591018
307,Calle del Batel,Alameda de Osuna,Barajas,40.452931,-3.58959
308,Calle del Bergantín,Alameda de Osuna,Barajas,40.458881,-3.5842
309,Calle del Catamarán,Alameda de Osuna,Barajas,40.452014,-3.594861
310,Calle del Galeón,Alameda de Osuna,Barajas,40.455826,-3.586021
311,Calle del Noray,Alameda de Osuna,Barajas,40.4511,-3.595839
312,Calle del Obenque,Alameda de Osuna,Barajas,40.452225,-3.593606
313,Calle del Tomillar,Alameda de Osuna,Barajas,40.462851,-3.583886
314,Calle del Velero,Alameda de Osuna,Barajas,40.452346,-3.593707
315,Callejón de Vicálvaro,Alameda de Osuna,Barajas,40.454836,-3.595403
316,Paseo de la Alameda de Osuna,Alameda de Osuna,Barajas,40.456329,-3.592256
317,Paseo de la Vía Verde de la Gasolina,Alameda de Osuna,Barajas,40.453149,-3.594949
318,Plaza de la Goleta,Alameda de Osuna,Barajas,40.459681,-3.582669
319,Plaza del Navío,Alameda de Osuna,Barajas,40.455856,-3.588239
320,Travesía de la Rioja,Alameda de Osuna,Barajas,40.455847,-3.591562
321,Avenida General,Casco Histórico de Barajas,Barajas,40.472336,-3.578883
322,Calle Doblada,Casco Histórico de Barajas,Barajas,40.476928,-3.581353
323,Calle Empedrada,Casco Histórico de Barajas,Barajas,40.475078,-3.576153
324,Calle de Acuario,Casco Histórico de Barajas,Barajas,40.474436,-3.578964
325,Calle de Anguita,Casco Histórico de Barajas,Barajas,40.472886,-3.577889
326,Calle de Aries,Casco Histórico de Barajas,Barajas,40.472885,-3.57594
327,Calle de Ayerbe,Casco Histórico de Barajas,Barajas,40.470644,-3.578353
328,Calle de Benítez,Casco Histórico de Barajas,Barajas,40.471444,-3.578028
329,Calle de Camarillas,Casco Histórico de Barajas,Barajas,40.472761,-3.576915
330,Calle de Doña Leonor de Cortina,Casco Histórico de Barajas,Barajas,40.474472,-3.575172
331,Calle de Gonzalo de Céspedes,Casco Histórico de Barajas,Barajas,40.471072,-3.579503
332,Calle de Géminis,Casco Histórico de Barajas,Barajas,40.475514,-3.580133
333,Calle de Iberia,Casco Histórico de Barajas,Barajas,40.477169,-3.578669
334,Calle de Jerez de los Caballeros,Casco Histórico de Barajas,Barajas,40.470497,-3.579567
335,Calle de Júpiter,Casco Histórico de Barajas,Barajas,40.476472,-3.580347
336,Calle de Marte,Casco Histórico de Barajas,Barajas,40.473894,-3.575408
337,Calle de Nuestra Señora de Araceli,Casco Histórico de Barajas,Barajas,40.470721,-3.579185
338,Calle de Orión,Casco Histórico de Barajas,Barajas,40.476125,-3.579825
339,Calle de Penélope,Casco Histórico de Barajas,Barajas,40.475178,-3.579442
340,Calle de San Estanislao,Casco Histórico de Barajas,Barajas,40.473611,-3.581467
341,Calle de San Sinforiano,Casco Histórico de Barajas,Barajas,40.473311,-3.580606
342,Calle de Santa Dorotea,Casco Histórico de Barajas,Barajas,40.473394,-3.580739
343,Calle de Santa Eduvigis,Casco Histórico de Barajas,Barajas,40.473333,-3.580986
344,Calle de Saturno,Casco Histórico de Barajas,Barajas,40.473693,-3.580075
345,Calle de Urano,Casco Histórico de Barajas,Barajas,40.472972,-3.579935
346,Calle de Venus,Casco Histórico de Barajas,Barajas,40.477272,-3.577464
347,Calle de la Alhóndiga,Casco Histórico de Barajas,Barajas,40.476706,-3.581211
348,Calle de la Botica,Casco Histórico de Barajas,Barajas,40.473272,-3.578569
349,Calle de la Caldera,Casco Histórico de Barajas,Barajas,40.474836,-3.575697
350,Calle de la Constelación,Casco Histórico de Barajas,Barajas,40.474128,-3.575614
351,Calle de la Fuente de Torrejona,Casco Histórico de Barajas,Barajas,40.4734,-3.575592
352,Calle de las Fraguas,Casco Histórico de Barajas,Barajas,40.473739,-3.575925
353,Calle de las Poderosas,Casco Histórico de Barajas,Barajas,40.475556,-3.577067
354,Calle de los Feriantes,Casco Histórico de Barajas,Barajas,40.470282,-3.580149
355,Calle de los Pajarones,Casco Histórico de Barajas,Barajas,40.475867,-3.581392
356,Calle de los Pilares,Casco Histórico de Barajas,Barajas,40.475414,-3.577953
357,Calle del Barrio de Camarillas,Casco Histórico de Barajas,Barajas,40.472031,-3.576675
358,Calle del Buscón Don Pablos,Casco Histórico de Barajas,Barajas,40.469428,-3.580628
359,Calle del Canal de Suez,Casco Histórico de Barajas,Barajas,40.473706,-3.579131
360,Calle del Cometa,Casco Histórico de Barajas,Barajas,40.473794,-3.576275
361,Calle del Concejal Tomás Serrano Guío,Casco Histórico de Barajas,Barajas,40.475014,-3.578678
362,Calle del Doblón,Casco Histórico de Barajas,Barajas,40.477711,-3.580517
363,Calle del Duque,Casco Histórico de Barajas,Barajas,40.472388,-3.576712
364,Calle del Planeta,Casco Histórico de Barajas,Barajas,40.470633,-3.580936
365,Calle del Trópico,Casco Histórico de Barajas,Barajas,40.474542,-3.580811
366,Calle del Zodiaco,Casco Histórico de Barajas,Barajas,40.475653,-3.577075
367,Pasaje del Canal de Suez,Casco Histórico de Barajas,Barajas,40.471996,-3.579821
368,Plaza Mayor de Barajas,Casco Histórico de Barajas,Barajas,40.473633,-3.577517
369,Plaza de Mercurio,Casco Histórico de Barajas,Barajas,40.474801,-3.577269
370,Plaza de los Pajarones,Casco Histórico de Barajas,Barajas,40.475511,-3.581928
371,Plaza de los Pilares,Casco Histórico de Barajas,Barajas,40.475892,-3.578144
372,Plaza del Jubilado,Casco Histórico de Barajas,Barajas,40.474292,-3.576836
373,Avenida de la Capital de España Madrid,Corralejos,Barajas,40.462285,-3.615901
374,Avenida del Consejo de Europa,Corralejos,Barajas,40.459219,-3.616581
375,Avenida del Partenón,Corralejos,Barajas,40.464292,-3.617042
376,Calle Vía de Dublín,Corralejos,Barajas,40.462485,-3.613193
377,Calle de Amberes,Corralejos,Barajas,40.462392,-3.617489
378,Calle de Amsterdam,Corralejos,Barajas,40.462607,-3.61455
379,Calle de Babilonia,Corralejos,Barajas,40.467478,-3.587278
380,Calle de Balcánica,Corralejos,Barajas,40.467961,-3.589108
381,Calle de Balmaseda,Corralejos,Barajas,40.467817,-3.585674
382,Calle de Bande,Corralejos,Barajas,40.464056,-3.590503
383,Calle de Barcarrota,Corralejos,Barajas,40.466206,-3.588761
384,Calle de Bariloche,Corralejos,Barajas,40.467942,-3.590772
385,Calle de Bascuñana,Corralejos,Barajas,40.466685,-3.590668
386,Calle de Basella,Corralejos,Barajas,40.464447,-3.589246
387,Calle de Baza,Corralejos,Barajas,40.466419,-3.585372
388,Calle de Bellaterra,Corralejos,Barajas,40.468172,-3.585867
389,Calle de Benicarló,Corralejos,Barajas,40.466667,-3.589208
390,Calle de Benifayó,Corralejos,Barajas,40.463294,-3.589411
391,Calle de Benisoda,Corralejos,Barajas,40.466247,-3.587819
392,Calle de Bielsa,Corralejos,Barajas,40.466762,-3.591347
393,Calle de Blancafort,Corralejos,Barajas,40.466746,-3.589586
394,Calle de Blanes,Corralejos,Barajas,40.465897,-3.587481
395,Calle de Boiro,Corralejos,Barajas,40.464942,-3.587992
396,Calle de Bornos,Corralejos,Barajas,40.467744,-3.592344
397,Calle de Borox,Corralejos,Barajas,40.465006,-3.587057
398,Calle de Briones,Corralejos,Barajas,40.465594,-3.589093
399,Calle de Bureta,Corralejos,Barajas,40.466136,-3.58805
400,Calle de Burriana,Corralejos,Barajas,40.464792,-3.586485
401,Calle de Estrasburgo,Corralejos,Barajas,40.46265,-3.617806
402,Calle de Turín,Corralejos,Barajas,40.463047,-3.614278
403,Calle de la Bahía de Alcudia,Corralejos,Barajas,40.463943,-3.590397
404,Calle de la Bahía de Alicante,Corralejos,Barajas,40.464944,-3.59606
405,Calle de la Bahía de Almería,Corralejos,Barajas,40.462379,-3.59215
406,Calle de la Bahía de Cartagena,Corralejos,Barajas,40.462931,-3.59375
407,Calle de la Bahía de Cádiz,Corralejos,Barajas,40.464471,-3.594185
408,Calle de la Bahía de Gando,Corralejos,Barajas,40.465146,-3.592689
409,Calle de la Bahía de Mahón,Corralejos,Barajas,40.461844,-3.592736
410,Calle de la Bahía de Málaga,Corralejos,Barajas,40.466908,-3.595217
411,Calle de la Bahía de Palma,Corralejos,Barajas,40.46285,-3.592336
412,Calle de la Bahía de Pollensa,Corralejos,Barajas,40.465338,-3.592629
413,Calle de la Bahía de Santa Pola,Corralejos,Barajas,40.466989,-3.591856
414,Calle de la Bahía de Santander,Corralejos,Barajas,40.465882,-3.594853
415,Calle de la Bahía de Santoña,Corralejos,Barajas,40.465486,-3.590763
416,Calle de la Bahía de la Concha,Corralejos,Barajas,40.466081,-3.59355
417,Calle de la Baña,Corralejos,Barajas,40.46675,-3.584153
418,Calle de la Ribera del Loira,Corralejos,Barajas,40.463819,-3.622806
419,Calle de la Ribera del Sena,Corralejos,Barajas,40.463051,-3.619564
420,Calle del Balcón de Corralejos,Corralejos,Barajas,40.467867,-3.586903
421,Calle del Marqués de Berna,Corralejos,Barajas,40.466275,-3.586603
422,Glorieta de Edimburgo,Corralejos,Barajas,40.468883,-3.62475
423,Glorieta de Hamburgo,Corralejos,Barajas,40.463925,-3.612722
424,Glorieta de Luxemburgo,Corralejos,Barajas,40.463201,-3.619499
425,Glorieta de S.a.r. Don Juan de Borbón y Battemberg,Corralejos,Barajas,40.460747,-3.615272
426,Glorieta de Sintra,Corralejos,Barajas,40.471172,-3.613131
427,Paseo de las Doce Estrellas,Corralejos,Barajas,40.461572,-3.615153
428,Autovía M-12,Timón,Barajas,40.488143,-3.602022
429,Avenida de Alejandro de la Sota,Timón,Barajas,40.477794,-3.617592
430,Calle de Agramunt,Timón,Barajas,40.470454,-3.588303
431,Calle de Aguadulce,Timón,Barajas,40.471458,-3.587819
432,Calle de Aguetol,Timón,Barajas,40.470186,-3.583475
433,Calle de Alagón,Timón,Barajas,40.471025,-3.588064
434,Calle de Alanis,Timón,Barajas,40.471325,-3.5823
435,Calle de Alar del Rey,Timón,Barajas,40.471906,-3.583364
436,Calle de Alaró,Timón,Barajas,40.471181,-3.582653
437,Calle de Alcañiz,Timón,Barajas,40.471664,-3.588578
438,Calle de Algemesí,Timón,Barajas,40.472471,-3.582407
439,Calle de Alhaurín,Timón,Barajas,40.474568,-3.584211
440,Calle de Arcadia,Timón,Barajas,40.473353,-3.585193
441,Calle de Arroyomolino,Timón,Barajas,40.474415,-3.583322
442,Calle de Calderón,Timón,Barajas,40.470881,-3.583681
443,Calle de Carlos Arniches Moltó,Timón,Barajas,40.475964,-3.602686
444,Calle de Playa de Torimbia,Timón,Barajas,40.473483,-3.59205
445,Calle de Playa de la Concha,Timón,Barajas,40.474286,-3.5875
446,Calle de Playa de las Catedrales,Timón,Barajas,40.473622,-3.589729
447,Calle de Valhondo,Timón,Barajas,40.471036,-3.593761
448,Calle de la Aeronave,Timón,Barajas,40.4713,-3.586669
449,Calle de la Playa América,Timón,Barajas,40.474385,-3.586811
450,Calle de la Playa de Aro,Timón,Barajas,40.472189,-3.59006
451,Calle de la Playa de Barlovento,Timón,Barajas,40.472703,-3.592492
452,Calle de la Playa de Bolnuevo,Timón,Barajas,40.474779,-3.588335
453,Calle de la Playa de Formentor,Timón,Barajas,40.470339,-3.590486
454,Calle de la Playa de Poniente,Timón,Barajas,40.474092,-3.593161
455,Calle de la Playa de Riazor,Timón,Barajas,40.475682,-3.592278
456,Calle de la Playa de San Juan,Timón,Barajas,40.474167,-3.592378
457,Calle de la Playa de Zarauz,Timón,Barajas,40.473225,-3.590176
458,Calle de la Playa de la Caleta,Timón,Barajas,40.473326,-3.590853
459,Calle de la Playa del Sardinero,Timón,Barajas,40.471612,-3.590412
460,Calle de la Tramontana,Timón,Barajas,40.474886,-3.594161
461,Calle de las Alas,Timón,Barajas,40.472908,-3.583361
462,Calle de las Fronteras de Portugal,Timón,Barajas,40.474075,-3.593833
463,Calle del Aire,Timón,Barajas,40.471728,-3.595081
464,Calle del Arroyo de la Tía Martina,Timón,Barajas,40.475297,-3.595061
465,Calle del Autogiro,Timón,Barajas,40.47089,-3.58584
466,Calle del Ciclón,Timón,Barajas,40.472461,-3.59445
467,Calle del Cierzo,Timón,Barajas,40.474603,-3.594617
468,Calle del Gran Poder,Timón,Barajas,40.470917,-3.585324
469,Calle del Huracán,Timón,Barajas,40.471924,-3.594421
470,Calle del Mistral,Timón,Barajas,40.470575,-3.595108
471,Calle del Monzón,Timón,Barajas,40.470678,-3.591744
472,Calle del Muro,Timón,Barajas,40.470165,-3.584528
473,Calle del Plus Ultra,Timón,Barajas,40.471918,-3.585436
474,Calle del Simún,Timón,Barajas,40.474314,-3.594933
475,Calle del Siroco,Timón,Barajas,40.474581,-3.597344
476,Calle del Solano,Timón,Barajas,40.474017,-3.597467
477,Calle del Sotavento,Timón,Barajas,40.472011,-3.597178
478,Calle del Tifón,Timón,Barajas,40.470506,-3.592258
479,Calle del Timón,Timón,Barajas,40.473021,-3.586593
480,Calle del Tornado,Timón,Barajas,40.470378,-3.593147
481,Camino Viejo de Hortaleza,Timón,Barajas,40.477019,-3.594015
482,Camino de Sintra,Timón,Barajas,40.472517,-3.612308
483,Carretera del Cementerio Nuevo,Timón,Barajas,40.478442,-3.585017
484,Glorieta de Aníbal González,Timón,Barajas,40.480556,-3.605447
485,Glorieta de la Almendrera,Timón,Barajas,40.475808,-3.598525
486,Glorieta de la Playa de San Lorenzo,Timón,Barajas,40.470721,-3.590258
487,Glorieta del Puerto de los Carros,Timón,Barajas,40.46945,-3.590565
488,Paseo de las Barquillas,Timón,Barajas,40.475439,-3.597457
489,Paseo del Zurrón,Timón,Barajas,40.469558,-3.586694
490,Plaza de Nuestra Señora de Loreto,Timón,Barajas,40.471681,-3.586306
491,Travesía de Alaró,Timón,Barajas,40.471769,-3.582944
492,Travesía de Algemesí,Timón,Barajas,40.472797,-3.582531
493,Travesía del Autogiro,Timón,Barajas,40.471782,-3.583838
494,Avenida de Abrantes,Abrantes,Carabanchel,40.380024,-3.728929
495,Avenida de los Poblados,Abrantes,Carabanchel,40.373772,-3.739476
496,Calle Vía Lusitana,Abrantes,Carabanchel,40.378344,-3.729256
497,Calle de Alfonso Martínez Conde,Abrantes,Carabanchel,40.380921,-3.729418
498,Calle de Ana Albi,Abrantes,Carabanchel,40.381203,-3.729469
499,Calle de Antonio Moreno,Abrantes,Carabanchel,40.384707,-3.727618
500,Calle de Antonio Romero,Abrantes,Carabanchel,40.374156,-3.730969
501,Calle de Argüeso,Abrantes,Carabanchel,40.384064,-3.726386
502,Calle de Aveiro,Abrantes,Carabanchel,40.384297,-3.721858
503,Calle de Besolla,Abrantes,Carabanchel,40.376556,-3.734964
504,Calle de Braganza,Abrantes,Carabanchel,40.3844,-3.721082
505,Calle de Busaco,Abrantes,Carabanchel,40.381704,-3.725697
506,Calle de Carcastillo,Abrantes,Carabanchel,40.378247,-3.734715
507,Calle de Carranque,Abrantes,Carabanchel,40.374625,-3.727175
508,Calle de Carrero Juan Ramón,Abrantes,Carabanchel,40.380125,-3.73
509,Calle de Cascaes,Abrantes,Carabanchel,40.381967,-3.726047
510,Calle de Castelo Branco,Abrantes,Carabanchel,40.382094,-3.726228
511,Calle de Cazalegas,Abrantes,Carabanchel,40.374699,-3.725438
512,Calle de Cintra,Abrantes,Carabanchel,40.384456,-3.724631
513,Calle de Elvas,Abrantes,Carabanchel,40.38459,-3.725279
514,Calle de Estoril,Abrantes,Carabanchel,40.384142,-3.72175
515,Calle de Eulalia Paíno,Abrantes,Carabanchel,40.381419,-3.730172
516,Calle de Faro,Abrantes,Carabanchel,40.381275,-3.726522
517,Calle de Francisco Paíno,Abrantes,Carabanchel,40.38194,-3.728831
518,Calle de Francisco de Icaza,Abrantes,Carabanchel,40.385394,-3.727447
519,Calle de Hércules,Abrantes,Carabanchel,40.377896,-3.733338
520,Calle de Leiria,Abrantes,Carabanchel,40.384606,-3.722117
521,Calle de Luis Domingo,Abrantes,Carabanchel,40.382931,-3.727306
522,Calle de Mazarambroz,Abrantes,Carabanchel,40.374947,-3.728031
523,Calle de Montemor,Abrantes,Carabanchel,40.384701,-3.724228
524,Calle de Ontanilla,Abrantes,Carabanchel,40.374096,-3.728365
525,Calle de Polán,Abrantes,Carabanchel,40.373853,-3.726117
526,Calle de Rodríguez Vega,Abrantes,Carabanchel,40.384214,-3.727218
527,Calle de Silves,Abrantes,Carabanchel,40.384374,-3.725046
528,Calle de Tavira,Abrantes,Carabanchel,40.38184,-3.725865
529,Calle de Ugena,Abrantes,Carabanchel,40.374258,-3.724983
530,Calle de Viana,Abrantes,Carabanchel,40.384778,-3.720042
531,Calle de Viseo,Abrantes,Carabanchel,40.38445,-3.721986
532,Calle de la Hermandad,Abrantes,Carabanchel,40.383281,-3.727892
533,Calle de los Mineros,Abrantes,Carabanchel,40.382853,-3.728194
534,Calle del Chimbo,Abrantes,Carabanchel,40.382392,-3.728603
535,Calle del Papagayo,Abrantes,Carabanchel,40.381518,-3.729317
536,Calle del Pelícano,Abrantes,Carabanchel,40.383642,-3.727503
537,Pasaje de Coimbra,Abrantes,Carabanchel,40.382922,-3.724728
538,Pasaje de Setúbal,Abrantes,Carabanchel,40.383633,-3.723394
539,Plaza de Coimbra,Abrantes,Carabanchel,40.383182,-3.723943
540,Plaza de Francisca Pacheco,Abrantes,Carabanchel,40.378088,-3.733189
541,Plaza de San Vicente de Paul,Abrantes,Carabanchel,40.385283,-3.72659
542,Plaza de Setúbal,Abrantes,Carabanchel,40.383687,-3.724192
543,Plaza de Vulcano,Abrantes,Carabanchel,40.377522,-3.732801
544,Plaza de la Rendición de Breda,Abrantes,Carabanchel,40.377024,-3.731686
545,Plaza de las Hilanderas,Abrantes,Carabanchel,40.376428,-3.732439
546,Plaza de las Meninas,Abrantes,Carabanchel,40.377581,-3.730963
547,Plaza del Aguador,Abrantes,Carabanchel,40.376925,-3.73395
548,Plaza del Alcalde Brell,Abrantes,Carabanchel,40.378867,-3.73235
549,Plaza del Cardenal Pamcili,Abrantes,Carabanchel,40.378351,-3.732767
550,Plaza del Cazador,Abrantes,Carabanchel,40.3772,-3.733797
551,Plaza del Conde Benavente,Abrantes,Carabanchel,40.37799,-3.732747
552,Plaza del Duque de Módena,Abrantes,Carabanchel,40.378528,-3.732672
553,Plaza del Poeta Rioja,Abrantes,Carabanchel,40.377599,-3.733325
554,Plaza del Vendimiador,Abrantes,Carabanchel,40.377462,-3.733664
555,Travesía de Carcastillo,Abrantes,Carabanchel,40.378953,-3.733419
556,Avenida de Carabanchel Alto,Buenavista,Carabanchel,40.367174,-3.753436
557,Avenida de la Peseta,Buenavista,Carabanchel,40.362831,-3.758383
558,Avenida del Euro,Buenavista,Carabanchel,40.364742,-3.746826
559,Calle Provisional Cocheras Buenavista Dos,Buenavista,Carabanchel,40.365331,-3.752142
560,Calle Provisional Cocheras Buenavista Uno,Buenavista,Carabanchel,40.365813,-3.752557
561,Calle de Abella,Buenavista,Carabanchel,40.370771,-3.753697
562,Calle de Aguilar del Río,Buenavista,Carabanchel,40.371057,-3.759979
563,Calle de Agustina Fierra,Buenavista,Carabanchel,40.371162,-3.749978
564,Calle de Alfonso Fernández,Buenavista,Carabanchel,40.367528,-3.755697
565,Calle de Alfredo Aleix,Buenavista,Carabanchel,40.36835,-3.756064
566,Calle de Allariz,Buenavista,Carabanchel,40.367547,-3.754328
567,Calle de Alzina,Buenavista,Carabanchel,40.367031,-3.756947
568,Calle de Atapuerca,Buenavista,Carabanchel,40.360306,-3.761381
569,Calle de Azcoitia,Buenavista,Carabanchel,40.373975,-3.754464
570,Calle de Baltanás,Buenavista,Carabanchel,40.370814,-3.750331
571,Calle de Cambrijas,Buenavista,Carabanchel,40.367457,-3.761506
572,Calle de Carolina Baeza,Buenavista,Carabanchel,40.367653,-3.761114
573,Calle de Carpio y Torta,Buenavista,Carabanchel,40.364408,-3.7545
574,Calle de Casatejada,Buenavista,Carabanchel,40.36735,-3.761925
575,Calle de Consuelo Guzmán,Buenavista,Carabanchel,40.376161,-3.753339
576,Calle de Diego Torres Villarroel,Buenavista,Carabanchel,40.372262,-3.752346
577,Calle de Enrique Martínez,Buenavista,Carabanchel,40.365178,-3.754378
578,Calle de Francisco Lizcano,Buenavista,Carabanchel,40.366983,-3.75841
579,Calle de Gabriel Gómez,Buenavista,Carabanchel,40.367911,-3.76079
580,Calle de Gaspar Morales,Buenavista,Carabanchel,40.367422,-3.759197
581,Calle de Gálvez,Buenavista,Carabanchel,40.37371,-3.759682
582,Calle de Gómez de Arteche,Buenavista,Carabanchel,40.369433,-3.755183
583,Calle de Hilario Herranz Establos,Buenavista,Carabanchel,40.372708,-3.729128
584,Calle de Ildefonso González Valencia,Buenavista,Carabanchel,40.371618,-3.721572
585,Calle de Inocencia Sánchez,Buenavista,Carabanchel,40.366739,-3.755982
586,Calle de Isabel Patacón,Buenavista,Carabanchel,40.370553,-3.747703
587,Calle de Isabela Saverana,Buenavista,Carabanchel,40.3685,-3.759561
588,Calle de Jenara Gómez,Buenavista,Carabanchel,40.367919,-3.760264
589,Calle de Joaquín Rivero,Buenavista,Carabanchel,40.373775,-3.750521
590,Calle de Joaquín Turina,Buenavista,Carabanchel,40.372431,-3.755194
591,Calle de José Andrés,Buenavista,Carabanchel,40.370847,-3.747689
592,Calle de José Cabrera,Buenavista,Carabanchel,40.373762,-3.758124
593,Calle de José García Vara,Buenavista,Carabanchel,40.372764,-3.759949
594,Calle de José Jordán,Buenavista,Carabanchel,40.372756,-3.758078
595,Calle de José Urioste y Velada,Buenavista,Carabanchel,40.372635,-3.722967
596,Calle de Juan Mieg,Buenavista,Carabanchel,40.371529,-3.729422
597,Calle de Juan Ron,Buenavista,Carabanchel,40.372157,-3.730164
598,Calle de Luis Claudio,Buenavista,Carabanchel,40.37089,-3.76094
599,Calle de María Zurita,Buenavista,Carabanchel,40.366433,-3.75644
600,Calle de Mascaraque,Buenavista,Carabanchel,40.374328,-3.758257
601,Calle de Mercedes Rodríguez,Buenavista,Carabanchel,40.367875,-3.755214
602,Calle de Nuestra Señora de Gracia,Buenavista,Carabanchel,40.367456,-3.756222
603,Calle de Nuestra Señora de la Soledad,Buenavista,Carabanchel,40.370747,-3.750233
604,Calle de Nuestra Señora del Rosario,Buenavista,Carabanchel,40.375701,-3.753138
605,Calle de Piqueñas,Buenavista,Carabanchel,40.367544,-3.759971
606,Calle de Polvoranca,Buenavista,Carabanchel,40.372506,-3.753861
607,Calle de Prado Merinero,Buenavista,Carabanchel,40.364486,-3.754289
608,Calle de Puebla de Montalbán,Buenavista,Carabanchel,40.373078,-3.759486
609,Calle de Reus,Buenavista,Carabanchel,40.371597,-3.745497
610,Calle de Ricardo Bellver,Buenavista,Carabanchel,40.373596,-3.760435
611,Calle de Roa,Buenavista,Carabanchel,40.37304,-3.753225
612,Calle de Rufino Rejón,Buenavista,Carabanchel,40.368303,-3.760153
613,Calle de Salvador Allende,Buenavista,Carabanchel,40.363221,-3.757996
614,Calle de Salvador Vicente Martín,Buenavista,Carabanchel,40.37155,-3.731162
615,Calle de San Cristóbal de la Laguna,Buenavista,Carabanchel,40.363188,-3.758785
616,Calle de San Deogracias,Buenavista,Carabanchel,40.371008,-3.760343
617,Calle de San Olegario,Buenavista,Carabanchel,40.369864,-3.760306
618,Calle de Santa Teresa Jornet,Buenavista,Carabanchel,40.372992,-3.750711
619,Calle de Teresa Cabarrús,Buenavista,Carabanchel,40.373831,-3.749797
620,Calle de Tordesillas,Buenavista,Carabanchel,40.366544,-3.760097
621,Calle de Ventura Díaz Bernardo,Buenavista,Carabanchel,40.37169,-3.726303
622,Calle de Vicenta Jiménez,Buenavista,Carabanchel,40.370658,-3.748219
623,Calle de Vitigudino,Buenavista,Carabanchel,40.374093,-3.750021
624,Calle de la Arquitectura de Tarragona,Buenavista,Carabanchel,40.363206,-3.760497
625,Calle de la Banana,Buenavista,Carabanchel,40.371382,-3.74994
626,Calle de la Blanca,Buenavista,Carabanchel,40.364657,-3.752854
627,Calle de la Calderilla,Buenavista,Carabanchel,40.364511,-3.739103
628,Calle de la Casa Milá,Buenavista,Carabanchel,40.361628,-3.761256
629,Calle de la Catedral de Burgos,Buenavista,Carabanchel,40.363243,-3.758436
630,Calle de la Catedral de Cuenca,Buenavista,Carabanchel,40.363803,-3.759203
631,Calle de la Catedral de Santiago de Compostela,Buenavista,Carabanchel,40.371417,-3.761914
632,Calle de la Catedral de Toledo,Buenavista,Carabanchel,40.363749,-3.758507
633,Calle de la Chirimoya,Buenavista,Carabanchel,40.371756,-3.749764
634,Calle de la Ciruela,Buenavista,Carabanchel,40.371761,-3.748957
635,Calle de la Ciudad Vieja de Cáceres,Buenavista,Carabanchel,40.36541,-3.759154
636,Calle de la Condesa de Teba,Buenavista,Carabanchel,40.373592,-3.758392
637,Calle de la Cornada de Navarra,Buenavista,Carabanchel,40.362558,-3.752231
638,Calle de la Corona,Buenavista,Carabanchel,40.362914,-3.751557
639,Calle de la Dobla,Buenavista,Carabanchel,40.372133,-3.740589
640,Calle de la Duquesa de Tamames,Buenavista,Carabanchel,40.370689,-3.749043
641,Calle de la Forsitia,Buenavista,Carabanchel,40.363867,-3.755062
642,Calle de la Frambuesa,Buenavista,Carabanchel,40.373456,-3.750553
643,Calle de la Guayaba,Buenavista,Carabanchel,40.371469,-3.748322
644,Calle de la Guitarra,Buenavista,Carabanchel,40.371433,-3.752986
645,Calle de la Lonja de la Seda,Buenavista,Carabanchel,40.365875,-3.758606
646,Calle de la Madre Celeste,Buenavista,Carabanchel,40.372808,-3.755621
647,Calle de la Mezquita de Córdoba,Buenavista,Carabanchel,40.365619,-3.758394
648,Calle de la Mutual,Buenavista,Carabanchel,40.363478,-3.747365
649,Calle de la Paraguaya,Buenavista,Carabanchel,40.375169,-3.753722
650,Calle de la Piña,Buenavista,Carabanchel,40.369244,-3.754375
651,Calle de la Plaza Mayor de Salamanca,Buenavista,Carabanchel,40.364811,-3.758382
652,Calle de la Secoya,Buenavista,Carabanchel,40.370006,-3.744222
653,Calle de la Telegrafía,Buenavista,Carabanchel,40.370618,-3.750849
654,Calle de la Torta,Buenavista,Carabanchel,40.361718,-3.767371
655,Calle de la Treseta,Buenavista,Carabanchel,40.364608,-3.739894
656,Calle de la Universidad de Alcalá de Henares,Buenavista,Carabanchel,40.365517,-3.761861
657,Calle de la Villa de Guadalupe,Buenavista,Carabanchel,40.366292,-3.756662
658,Calle de la Zarzuela,Buenavista,Carabanchel,40.370968,-3.748122
659,Calle de las Catorce Olivas,Buenavista,Carabanchel,40.365825,-3.741144
660,Calle de las Cerilleras,Buenavista,Carabanchel,40.371982,-3.727738
661,Calle de las Cuevas de Altamira,Buenavista,Carabanchel,40.363314,-3.759822
662,Calle de las Murallas de Lugo,Buenavista,Carabanchel,40.365976,-3.754014
663,Calle de las Médulas,Buenavista,Carabanchel,40.363478,-3.761096
664,Calle de las Once Vigas,Buenavista,Carabanchel,40.361424,-3.751697
665,Calle de las Soledades,Buenavista,Carabanchel,40.363713,-3.755279
666,Calle de los Campos de Castilla,Buenavista,Carabanchel,40.364047,-3.754647
667,Calle de los Lebreles,Buenavista,Carabanchel,40.369472,-3.754136
668,Calle de los Marianistas,Buenavista,Carabanchel,40.369036,-3.759736
669,Calle de los Morales,Buenavista,Carabanchel,40.361153,-3.757378
670,Calle de los Navalmorales,Buenavista,Carabanchel,40.373511,-3.7589
671,Calle del Acueducto de Segovia,Buenavista,Carabanchel,40.365467,-3.754811
672,Calle del Aguacate,Buenavista,Carabanchel,40.371019,-3.746839
673,Calle del Albaricoque,Buenavista,Carabanchel,40.372758,-3.748554
674,Calle del Archivo de Indias,Buenavista,Carabanchel,40.364657,-3.75904
675,Calle del Ardite,Buenavista,Carabanchel,40.364514,-3.753072
676,Calle del Arte Mudéjar de Teruel,Buenavista,Carabanchel,40.36279,-3.754569
677,Calle del Arte Rupestre del Mediterráneo,Buenavista,Carabanchel,40.362949,-3.762865
678,Calle del Castellano,Buenavista,Carabanchel,40.362806,-3.752956
679,Calle del Centén,Buenavista,Carabanchel,40.363579,-3.752997
680,Calle del Cidro,Buenavista,Carabanchel,40.366767,-3.746269
681,Calle del Cincuentín,Buenavista,Carabanchel,40.363381,-3.752161
682,Calle del Croat,Buenavista,Carabanchel,40.363717,-3.750089
683,Calle del Cuarto,Buenavista,Carabanchel,40.363828,-3.749192
684,Calle del Dinero,Buenavista,Carabanchel,40.363688,-3.750362
685,Calle del Dobler,Buenavista,Carabanchel,40.363225,-3.749658
686,Calle del Doctor Jerónimo Iborra,Buenavista,Carabanchel,40.374203,-3.750411
687,Calle del Ducado,Buenavista,Carabanchel,40.363154,-3.748807
688,Calle del Duro,Buenavista,Carabanchel,40.364582,-3.744363
689,Calle del Enrique de Oro,Buenavista,Carabanchel,40.372253,-3.739242
690,Calle del Escudo de Oro,Buenavista,Carabanchel,40.363847,-3.747778
691,Calle del Florín,Buenavista,Carabanchel,40.364361,-3.746939
692,Calle del Girasol,Buenavista,Carabanchel,40.370514,-3.749558
693,Calle del Haya,Buenavista,Carabanchel,40.367364,-3.74741
694,Calle del Jacobeo,Buenavista,Carabanchel,40.364594,-3.760592
695,Calle del Luis de Oro,Buenavista,Carabanchel,40.364206,-3.746161
696,Calle del Maravedí,Buenavista,Carabanchel,40.363361,-3.748378
697,Calle del Monasterio de Poblet,Buenavista,Carabanchel,40.363614,-3.761433
698,Calle del Muguet,Buenavista,Carabanchel,40.369658,-3.747272
699,Calle del Palau de la Música,Buenavista,Carabanchel,40.361042,-3.763225
700,Calle del Palmeral de Elche,Buenavista,Carabanchel,40.365289,-3.762408
701,Calle del Parque Güell,Buenavista,Carabanchel,40.36135,-3.766544
702,Calle del Parque de Doñana,Buenavista,Carabanchel,40.369925,-3.762586
703,Calle del Parque de Garajonai,Buenavista,Carabanchel,40.365064,-3.761411
704,Calle del Patrimonio de la Humanidad,Buenavista,Carabanchel,40.36114,-3.758974
705,Calle del Pepión,Buenavista,Carabanchel,40.371353,-3.740069
706,Calle del Peso Hispano,Buenavista,Carabanchel,40.366575,-3.745606
707,Calle del Pinar de San José,Buenavista,Carabanchel,40.363271,-3.765996
708,Calle del Principado,Buenavista,Carabanchel,40.364046,-3.745561
709,Calle del Progreso,Buenavista,Carabanchel,40.368062,-3.754126
710,Calle del Real,Buenavista,Carabanchel,40.362903,-3.737543
711,Calle del Real Alcázar de Sevilla,Buenavista,Carabanchel,40.364824,-3.76204
712,Calle del Redentor,Buenavista,Carabanchel,40.372419,-3.755299
713,Calle del Sitio de el Escorial,Buenavista,Carabanchel,40.371244,-3.761411
714,Calle del Sous de Plata,Buenavista,Carabanchel,40.366178,-3.744431
715,Calle del Sueldo,Buenavista,Carabanchel,40.364675,-3.744661
716,Calle del Thaler,Buenavista,Carabanchel,40.364958,-3.736672
717,Calle del Tremis,Buenavista,Carabanchel,40.363829,-3.746642
718,Calle del Trentín,Buenavista,Carabanchel,40.364006,-3.744788
719,Calle del Tulípero,Buenavista,Carabanchel,40.367328,-3.745586
720,Calle del Óbolo,Buenavista,Carabanchel,40.371222,-3.741456
721,Callejón de José Cabrera,Buenavista,Carabanchel,40.372439,-3.752517
722,Callejón de la Rosa,Buenavista,Carabanchel,40.37205,-3.7516
723,Camino de las Cruces,Buenavista,Carabanchel,40.370972,-3.758339
724,Plaza de Barragán,Buenavista,Carabanchel,40.373928,-3.749636
725,Plaza de Manuel Mateo,Buenavista,Carabanchel,40.372661,-3.758889
726,Plaza de la Emperatriz,Buenavista,Carabanchel,40.373639,-3.751378
727,Plaza del Seis de Diciembre,Buenavista,Carabanchel,40.37345,-3.750038
728,Ronda de Don Bosco,Buenavista,Carabanchel,40.375469,-3.752714
729,Travesía de Alfredo Aleix,Buenavista,Carabanchel,40.367631,-3.757753
730,Travesía de Carpio y Torta,Buenavista,Carabanchel,40.364578,-3.754775
731,Travesía de la Guitarra,Buenavista,Carabanchel,40.371717,-3.752689
732,Avenida del Manzanares,Comillas,Carabanchel,40.399478,-3.720442
733,Calle de Antonio Vicent,Comillas,Carabanchel,40.394899,-3.711422
734,Calle de Baleares,Comillas,Carabanchel,40.393922,-3.713214
735,Calle de Eduardo Marquina,Comillas,Carabanchel,40.392679,-3.711024
736,Calle de Eduardo Rivas,Comillas,Carabanchel,40.390818,-3.71421
737,Calle de Enrique Moyano,Comillas,Carabanchel,40.391386,-3.714031
738,Calle de Esteban de Arteaga,Comillas,Carabanchel,40.395417,-3.709572
739,Calle de Fernando Díaz de Mendoza,Comillas,Carabanchel,40.393246,-3.711046
740,Calle de Fernán Caballero,Comillas,Carabanchel,40.392449,-3.711415
741,Calle de Fuenlabrada,Comillas,Carabanchel,40.396592,-3.715031
742,Calle de Joaquín Martínez Borreguero,Comillas,Carabanchel,40.391671,-3.71194
743,Calle de José Inzenga,Comillas,Carabanchel,40.394908,-3.710742
744,Calle de Juan Pérez Almeida,Comillas,Carabanchel,40.39115,-3.715083
745,Calle de María Guerrero,Comillas,Carabanchel,40.392,-3.711783
746,Calle de Miguel Soriano,Comillas,Carabanchel,40.391803,-3.714136
747,Calle de Orgaz,Comillas,Carabanchel,40.396314,-3.711444
748,Calle de Pedro Yagüe,Comillas,Carabanchel,40.392708,-3.708161
749,Calle de San David,Comillas,Carabanchel,40.394489,-3.707128
750,Calle de San Delfín,Comillas,Carabanchel,40.394942,-3.707842
751,Calle de Tomasa Ruiz,Comillas,Carabanchel,40.396161,-3.710808
752,Calle de Tomás Meabe,Comillas,Carabanchel,40.394914,-3.71435
753,Calle de Valmayor,Comillas,Carabanchel,40.39706,-3.7135
754,Calle de Vicente Martín Arias,Comillas,Carabanchel,40.395838,-3.7127
755,Calle de Zújar,Comillas,Carabanchel,40.388181,-3.715539
756,Calle de la Inmaculada Concepción,Comillas,Carabanchel,40.393578,-3.712147
757,Calle de los Condes de Barcelona,Comillas,Carabanchel,40.395414,-3.714318
758,Calle del Arlanza,Comillas,Carabanchel,40.387521,-3.71625
759,Calle del Conde de Vistahermosa,Comillas,Carabanchel,40.394194,-3.712103
760,Calle del Coronel Valenzuela,Comillas,Carabanchel,40.3932,-3.709229
761,Calle del General Serrano Orive,Comillas,Carabanchel,40.393539,-3.708889
762,Calle del Guadalete,Comillas,Carabanchel,40.388951,-3.715118
763,Calle del Marqués de Jura Real,Comillas,Carabanchel,40.392181,-3.709628
764,Calle del Padre Oltra,Comillas,Carabanchel,40.394472,-3.711369
765,Calle del Parador del Sol,Comillas,Carabanchel,40.392582,-3.710147
766,Calle del Sorbe,Comillas,Carabanchel,40.390119,-3.714271
767,Pasaje del Montserrat,Comillas,Carabanchel,40.396472,-3.711778
768,Plaza de la Inmaculada Concepción,Comillas,Carabanchel,40.393031,-3.712331
769,Travesía de Trifón Pedrero,Comillas,Carabanchel,40.393169,-3.707586
770,Avenida de Oporto,Opañel,Carabanchel,40.386069,-3.726506
771,Calle de Agustín Rodríguez Bonat,Opañel,Carabanchel,40.394,-3.719881
772,Calle de Albert Camus,Opañel,Carabanchel,40.391003,-3.717761
773,Calle de Alejandro Sánchez,Opañel,Carabanchel,40.389983,-3.721494
774,Calle de Alonso Zamora Vicente,Opañel,Carabanchel,40.390862,-3.717211
775,Calle de Antonia Lancha,Opañel,Carabanchel,40.385867,-3.721336
776,Calle de Antonio González Porras,Opañel,Carabanchel,40.390736,-3.717853
777,Calle de Antonio de Leyva,Opañel,Carabanchel,40.392133,-3.715831
778,Calle de Antoñita Jiménez,Opañel,Carabanchel,40.390186,-3.718211
779,Calle de Belmonte de Tajo,Opañel,Carabanchel,40.392219,-3.719828
780,Calle de Benito Prieto,Opañel,Carabanchel,40.386697,-3.72245
781,Calle de Castro de Oro,Opañel,Carabanchel,40.388899,-3.728599
782,Calle de Dora,Opañel,Carabanchel,40.393333,-3.720842
783,Calle de Ernest Hemingway,Opañel,Carabanchel,40.390803,-3.716807
784,Calle de Eusebio Morán,Opañel,Carabanchel,40.388711,-3.720475
785,Calle de Fernando González,Opañel,Carabanchel,40.391825,-3.720226
786,Calle de Ferreira,Opañel,Carabanchel,40.3885,-3.729319
787,Calle de Jacinto Camarero,Opañel,Carabanchel,40.396172,-3.717333
788,Calle de Jacinto Verdaguer,Opañel,Carabanchel,40.395629,-3.717085
789,Calle de Joaquín Martín,Opañel,Carabanchel,40.395067,-3.719939
790,Calle de Josefa Fernández Buterga,Opañel,Carabanchel,40.391247,-3.717817
791,Calle de Julio Domingo,Opañel,Carabanchel,40.386239,-3.721228
792,Calle de Lola Membrives,Opañel,Carabanchel,40.396356,-3.716667
793,Calle de Mercedes Arteaga,Opañel,Carabanchel,40.391811,-3.722697
794,Calle de Mercedes Domingo,Opañel,Carabanchel,40.386375,-3.721672
795,Calle de Miguel Mayor,Opañel,Carabanchel,40.38884,-3.718503
796,Calle de Morenes Arteaga,Opañel,Carabanchel,40.391464,-3.722275
797,Calle de Navahonda,Opañel,Carabanchel,40.393054,-3.716168
798,Calle de Pedro Campos,Opañel,Carabanchel,40.390565,-3.719233
799,Calle de Portalegre,Opañel,Carabanchel,40.387935,-3.723836
800,Calle de Roy,Opañel,Carabanchel,40.389644,-3.727075
801,Calle de Saldaña,Opañel,Carabanchel,40.390386,-3.726883
802,Calle de Sallaberry,Opañel,Carabanchel,40.392481,-3.720478
803,Calle de San Braulio,Opañel,Carabanchel,40.391656,-3.724742
804,Calle de San Pantaleón,Opañel,Carabanchel,40.393175,-3.722611
805,Calle de San Patricio,Opañel,Carabanchel,40.391375,-3.725244
806,Calle de San Silvestre,Opañel,Carabanchel,40.39135,-3.725681
807,Calle de Santa Catalina de Laboure,Opañel,Carabanchel,40.387404,-3.719279
808,Calle de Santa Flora,Opañel,Carabanchel,40.386872,-3.719767
809,Calle de Santa Lucrecia,Opañel,Carabanchel,40.386586,-3.71875
810,Calle de Santiago Prieto,Opañel,Carabanchel,40.38714,-3.721804
811,Calle de Serafín Gómez,Opañel,Carabanchel,40.388919,-3.717314
812,Calle de Valle de Oro,Opañel,Carabanchel,40.387729,-3.727536
813,Calle de Víctor Manuel Iii,Opañel,Carabanchel,40.389247,-3.721565
814,Calle de Zarco Hermanos,Opañel,Carabanchel,40.392401,-3.719239
815,Calle de la Cigüeña,Opañel,Carabanchel,40.389814,-3.722856
816,Calle de la Cooperación,Opañel,Carabanchel,40.389372,-3.727342
817,Calle de la Iglesia,Opañel,Carabanchel,40.395842,-3.717844
818,Calle de la Marquesa de Argüeso,Opañel,Carabanchel,40.391536,-3.723708
819,Calle de la Sociedad,Opañel,Carabanchel,40.390647,-3.726403
820,Calle de la Solana de Opañel,Opañel,Carabanchel,40.388969,-3.719572
821,Calle de la Verdad,Opañel,Carabanchel,40.394017,-3.716406
822,Calle de la Virgen de Belén,Opañel,Carabanchel,40.390625,-3.722012
823,Calle de la Vía,Opañel,Carabanchel,40.386413,-3.720935
824,Calle de las Clarisas,Opañel,Carabanchel,40.390067,-3.727097
825,Calle de los Hermanos del Moral,Opañel,Carabanchel,40.392094,-3.72141
826,Calle de Évora,Opañel,Carabanchel,40.387029,-3.71831
827,Calle del Alcatraz,Opañel,Carabanchel,40.389001,-3.721601
828,Calle del Arroyo Opañel,Opañel,Carabanchel,40.38815,-3.718712
829,Calle del Azabache,Opañel,Carabanchel,40.392094,-3.724701
830,Calle del Camino Viejo de Leganés,Opañel,Carabanchel,40.385828,-3.727938
831,Calle del Capitán de Oro,Opañel,Carabanchel,40.389651,-3.729021
832,Calle del Capitán de la Gándara,Opañel,Carabanchel,40.388392,-3.728992
833,Calle del Cristo de Serradilla,Opañel,Carabanchel,40.387217,-3.727869
834,Calle del Doctor Espina,Opañel,Carabanchel,40.389169,-3.728042
835,Calle del General Martín Cerezo,Opañel,Carabanchel,40.395433,-3.719275
836,Calle del Hornero,Opañel,Carabanchel,40.388225,-3.720811
837,Calle del Radio,Opañel,Carabanchel,40.392278,-3.722942
838,Calle del Río de Oro,Opañel,Carabanchel,40.389069,-3.729992
839,Calle del Tinamús,Opañel,Carabanchel,40.388333,-3.722386
840,Calle del Urogallo,Opañel,Carabanchel,40.388671,-3.721907
841,Glorieta de Valle de Oro,Opañel,Carabanchel,40.388092,-3.730669
842,Pasaje de Valle de Oro,Opañel,Carabanchel,40.387668,-3.729464
843,Pasaje del Español,Opañel,Carabanchel,40.392503,-3.721572
844,Plaza Elíptica,Opañel,Carabanchel,40.385206,-3.717476
845,Plaza de Cantoría,Opañel,Carabanchel,40.392883,-3.722967
846,Plaza de Gándara de Oro,Opañel,Carabanchel,40.388757,-3.729688
847,Plaza de Valle de Oro,Opañel,Carabanchel,40.387231,-3.728222
848,Travesía de Alejandro Sánchez,Opañel,Carabanchel,40.389267,-3.719058
849,Travesía de Antonia Lancha,Opañel,Carabanchel,40.385599,-3.719867
850,Travesía del Opañel,Opañel,Carabanchel,40.388322,-3.719697
851,Calle de Ademuz,Puerta Bonita,Carabanchel,40.384636,-3.732664
852,Calle de Alba de Tormes,Puerta Bonita,Carabanchel,40.377297,-3.744119
853,Calle de Albares de la Ribera,Puerta Bonita,Carabanchel,40.374144,-3.741111
854,Calle de Alborea,Puerta Bonita,Carabanchel,40.374289,-3.739917
855,Calle de Albox,Puerta Bonita,Carabanchel,40.374401,-3.744778
856,Calle de Alejandro Morán,Puerta Bonita,Carabanchel,40.385574,-3.731374
857,Calle de Aliseda,Puerta Bonita,Carabanchel,40.375917,-3.742014
858,Calle de Almedina,Puerta Bonita,Carabanchel,40.374871,-3.741532
859,Calle de Almoradí,Puerta Bonita,Carabanchel,40.374256,-3.740294
860,Calle de Anciú,Puerta Bonita,Carabanchel,40.376342,-3.735911
861,Calle de Antonia Rodríguez Sacristán,Puerta Bonita,Carabanchel,40.37335,-3.747978
862,Calle de Antonio Antoranz,Puerta Bonita,Carabanchel,40.381344,-3.742147
863,Calle de Antonio Rodríguez,Puerta Bonita,Carabanchel,40.373457,-3.74566
864,Calle de Arnedo,Puerta Bonita,Carabanchel,40.380957,-3.740288
865,Calle de Arturo Mélida,Puerta Bonita,Carabanchel,40.373178,-3.744556
866,Calle de Ayamonte,Puerta Bonita,Carabanchel,40.375704,-3.74625
867,Calle de Barbate,Puerta Bonita,Carabanchel,40.384008,-3.73249
868,Calle de Belvis de la Jara,Puerta Bonita,Carabanchel,40.375419,-3.744022
869,Calle de Belzunegui,Puerta Bonita,Carabanchel,40.375375,-3.739322
870,Calle de Carabanchel Bajo,Puerta Bonita,Carabanchel,40.374133,-3.748033
871,Calle de Carlos Heredero,Puerta Bonita,Carabanchel,40.381331,-3.732514
872,Calle de Chiclana,Puerta Bonita,Carabanchel,40.384333,-3.731544
873,Calle de Clara Campoamor,Puerta Bonita,Carabanchel,40.382922,-3.733183
874,Calle de Domingo de Alboraya,Puerta Bonita,Carabanchel,40.378919,-3.745569
875,Calle de Eugenia de Montijo,Puerta Bonita,Carabanchel,40.380083,-3.745478
876,Calle de Fausto Domingo,Puerta Bonita,Carabanchel,40.381994,-3.732564
877,Calle de Federico Grases,Puerta Bonita,Carabanchel,40.376751,-3.746096
878,Calle de Francisco Guzmán,Puerta Bonita,Carabanchel,40.385833,-3.729339
879,Calle de Francisco Rodríguez,Puerta Bonita,Carabanchel,40.373211,-3.745122
880,Calle de Francisco Romero,Puerta Bonita,Carabanchel,40.382361,-3.740994
881,Calle de Félix López,Puerta Bonita,Carabanchel,40.384844,-3.72975
882,Calle de Gonzalo López,Puerta Bonita,Carabanchel,40.386031,-3.73
883,Calle de Isabel Baeza,Puerta Bonita,Carabanchel,40.384633,-3.730135
884,Calle de Jimena,Puerta Bonita,Carabanchel,40.38391,-3.732086
885,Calle de José Cárdenas,Puerta Bonita,Carabanchel,40.378689,-3.7464
886,Calle de Juan Francisco,Puerta Bonita,Carabanchel,40.386947,-3.732633
887,Calle de Julio Antonio,Puerta Bonita,Carabanchel,40.383053,-3.731339
888,Calle de Luis Gómez,Puerta Bonita,Carabanchel,40.386133,-3.730862
889,Calle de Luis de Zulueta,Puerta Bonita,Carabanchel,40.374407,-3.7498
890,Calle de Manuel Lamela,Puerta Bonita,Carabanchel,40.385869,-3.733147
891,Calle de María Domingo,Puerta Bonita,Carabanchel,40.385369,-3.731176
892,Calle de María Lejarraga,Puerta Bonita,Carabanchel,40.377972,-3.740675
893,Calle de María Martínez,Puerta Bonita,Carabanchel,40.382924,-3.731833
894,Calle de María Odiaga,Puerta Bonita,Carabanchel,40.378146,-3.742722
895,Calle de Moreno,Puerta Bonita,Carabanchel,40.378203,-3.740836
896,Calle de Nuestra Señora de la Antigua,Puerta Bonita,Carabanchel,40.377042,-3.742708
897,Calle de Occidente,Puerta Bonita,Carabanchel,40.377708,-3.747225
898,Calle de Pedro Domingo,Puerta Bonita,Carabanchel,40.385111,-3.730747
899,Calle de Piedrahita,Puerta Bonita,Carabanchel,40.377456,-3.742717
900,Calle de Pilar Pérez Lavid,Puerta Bonita,Carabanchel,40.377714,-3.740221
901,Calle de Rodríguez Lázaro,Puerta Bonita,Carabanchel,40.377811,-3.746478
902,Calle de San Clemente,Puerta Bonita,Carabanchel,40.381407,-3.732083
903,Calle de San Victorino,Puerta Bonita,Carabanchel,40.380806,-3.732208
904,Calle de San Wenceslao,Puerta Bonita,Carabanchel,40.380256,-3.7325
905,Calle de Santa Rosalía,Puerta Bonita,Carabanchel,40.385076,-3.731197
906,Calle de Santiago Cuende,Puerta Bonita,Carabanchel,40.383403,-3.731167
907,Calle de Santo Domingo,Puerta Bonita,Carabanchel,40.386511,-3.731746
908,Calle de Tarifa,Puerta Bonita,Carabanchel,40.384567,-3.731922
909,Calle de Teobaldo,Puerta Bonita,Carabanchel,40.378847,-3.742203
910,Calle de Thader,Puerta Bonita,Carabanchel,40.374461,-3.743961
911,Calle de Witerico,Puerta Bonita,Carabanchel,40.37796,-3.741819
912,Calle de el Siglo Futuro,Puerta Bonita,Carabanchel,40.377218,-3.744838
913,Calle de la Alberca de Záncara,Puerta Bonita,Carabanchel,40.374622,-3.741392
914,Calle de la Alegría,Puerta Bonita,Carabanchel,40.384447,-3.732662
915,Calle de la Chirivita,Puerta Bonita,Carabanchel,40.373617,-3.745142
916,Calle de la Madre Nazaria,Puerta Bonita,Carabanchel,40.375575,-3.749511
917,Calle de la Melisa,Puerta Bonita,Carabanchel,40.381919,-3.741604
918,Calle de la Oropéndola,Puerta Bonita,Carabanchel,40.381942,-3.731685
919,Calle de la Pajarera Real,Puerta Bonita,Carabanchel,40.381829,-3.741081
920,Calle de la Parra,Puerta Bonita,Carabanchel,40.386467,-3.729481
921,Calle de la Patilla,Puerta Bonita,Carabanchel,40.379869,-3.745283
922,Calle de la Puerta Bonita,Puerta Bonita,Carabanchel,40.386175,-3.734153
923,Calle de la Sombra,Puerta Bonita,Carabanchel,40.37971,-3.741283
924,Calle de la Valeriana,Puerta Bonita,Carabanchel,40.373733,-3.747292
925,Calle de la Zarzamora,Puerta Bonita,Carabanchel,40.373522,-3.746565
926,Calle de la Época,Puerta Bonita,Carabanchel,40.378217,-3.745556
927,Calle de los Zarapitos,Puerta Bonita,Carabanchel,40.377836,-3.742796
928,Calle de Álvarez Abellán,Puerta Bonita,Carabanchel,40.38495,-3.731661
929,Calle de Ángel Ripoll,Puerta Bonita,Carabanchel,40.3827,-3.731454
930,Calle del Amanecer,Puerta Bonita,Carabanchel,40.379046,-3.742186
931,Calle del Atlético de Madrid,Puerta Bonita,Carabanchel,40.375517,-3.741856
932,Calle del Avefría,Puerta Bonita,Carabanchel,40.38366,-3.731415
933,Calle del Blasón,Puerta Bonita,Carabanchel,40.38191,-3.740608
934,Calle del Conde de Morphy,Puerta Bonita,Carabanchel,40.378831,-3.745331
935,Calle del Diario la Nación,Puerta Bonita,Carabanchel,40.376796,-3.746731
936,Calle del Durazno,Puerta Bonita,Carabanchel,40.37564,-3.748558
937,Calle del Dátil,Puerta Bonita,Carabanchel,40.376364,-3.748158
938,Calle del Falcinelo,Puerta Bonita,Carabanchel,40.382383,-3.731592
939,Calle del Jilguero,Puerta Bonita,Carabanchel,40.383758,-3.729821
940,Calle del Marqués de Casa Jiménez,Puerta Bonita,Carabanchel,40.378933,-3.745825
941,Calle del Padre Amigo,Puerta Bonita,Carabanchel,40.37964,-3.740024
942,Calle del Real Betis,Puerta Bonita,Carabanchel,40.376556,-3.742411
943,Calle del Real Madrid,Puerta Bonita,Carabanchel,40.3758,-3.741175
944,Callejón de Nebli,Puerta Bonita,Carabanchel,40.381833,-3.740214
945,Callejón de la Curruca,Puerta Bonita,Carabanchel,40.380393,-3.742371
946,Glorieta de García Plaza,Puerta Bonita,Carabanchel,40.377153,-3.746481
947,Glorieta de Rufino Novalvos,Puerta Bonita,Carabanchel,40.386144,-3.730867
948,Pasaje de San Clemente,Puerta Bonita,Carabanchel,40.381569,-3.731617
949,Paseo de los Castellanos,Puerta Bonita,Carabanchel,40.375951,-3.7458
950,Plaza de Alloz,Puerta Bonita,Carabanchel,40.376094,-3.736794
951,Plaza de Anocíbar,Puerta Bonita,Carabanchel,40.376694,-3.736358
952,Plaza de Barbatáin,Puerta Bonita,Carabanchel,40.377347,-3.739561
953,Plaza de Carabanchel,Puerta Bonita,Carabanchel,40.380792,-3.741164
954,Plaza de Méndez Parada,Puerta Bonita,Carabanchel,40.384038,-3.731926
955,Plaza de Santa Paula Montal,Puerta Bonita,Carabanchel,40.37485,-3.750047
956,Plaza de Tarifa,Puerta Bonita,Carabanchel,40.384086,-3.730439
957,Plaza de la Parroquia,Puerta Bonita,Carabanchel,40.380058,-3.741747
958,Travesía de Juan Francisco,Puerta Bonita,Carabanchel,40.386744,-3.731975
959,Avenida de Pedro Díez,San Isidro,Carabanchel,40.39135,-3.730728
960,Avenida de la Emperatriz Isabel,San Isidro,Carabanchel,40.398283,-3.718006
961,Calle de Aceuchal,San Isidro,Carabanchel,40.391431,-3.737108
962,Calle de Alarico,San Isidro,Carabanchel,40.394203,-3.729835
963,Calle de Albentosa,San Isidro,Carabanchel,40.393136,-3.740053
964,Calle de Alción,San Isidro,Carabanchel,40.394764,-3.734917
965,Calle de Algaba,San Isidro,Carabanchel,40.391625,-3.736653
966,Calle de Algodre,San Isidro,Carabanchel,40.391767,-3.738442
967,Calle de Algorta,San Isidro,Carabanchel,40.391993,-3.730103
968,Calle de Almendralejo,San Isidro,Carabanchel,40.397889,-3.734714
969,Calle de Amalarico,San Isidro,Carabanchel,40.394619,-3.730364
970,Calle de Antonio Vico,San Isidro,Carabanchel,40.397549,-3.719625
971,Calle de Armengot,San Isidro,Carabanchel,40.39675,-3.719533
972,Calle de Atanagildo,San Isidro,Carabanchel,40.396114,-3.727019
973,Calle de Blasa Pérez,San Isidro,Carabanchel,40.392793,-3.727643
974,Calle de Boadilla del Monte,San Isidro,Carabanchel,40.392933,-3.725894
975,Calle de Brihuega,San Isidro,Carabanchel,40.394218,-3.734942
976,Calle de Carlos Dabán,San Isidro,Carabanchel,40.398192,-3.733144
977,Calle de Caronte,San Isidro,Carabanchel,40.396729,-3.723211
978,Calle de Casar de Palomero,San Isidro,Carabanchel,40.391508,-3.730867
979,Calle de Castelflorite,San Isidro,Carabanchel,40.393933,-3.738325
980,Calle de Cañete,San Isidro,Carabanchel,40.3923,-3.734299
981,Calle de Cefeo,San Isidro,Carabanchel,40.399012,-3.717712
982,Calle de Chindasvinto,San Isidro,Carabanchel,40.395133,-3.730486
983,Calle de Don Rodrigo,San Isidro,Carabanchel,40.395721,-3.726692
984,Calle de Elvira Barrios,San Isidro,Carabanchel,40.395506,-3.736296
985,Calle de Ervigio,San Isidro,Carabanchel,40.394492,-3.731408
986,Calle de Escocia,San Isidro,Carabanchel,40.3947,-3.724608
987,Calle de Eurico,San Isidro,Carabanchel,40.393839,-3.728033
988,Calle de Eusebio Blasco,San Isidro,Carabanchel,40.397672,-3.717049
989,Calle de Fernando Mora,San Isidro,Carabanchel,40.395544,-3.737267
990,Calle de Francisco Puertas,San Isidro,Carabanchel,40.394006,-3.73885
991,Calle de Gesaleico,San Isidro,Carabanchel,40.394121,-3.728875
992,Calle de Gundemaro,San Isidro,Carabanchel,40.39585,-3.726326
993,Calle de Ibáñez Marín,San Isidro,Carabanchel,40.395928,-3.730853
994,Calle de Inglaterra,San Isidro,Carabanchel,40.394854,-3.723101
995,Calle de Iris,San Isidro,Carabanchel,40.39256,-3.730336
996,Calle de Irlanda,San Isidro,Carabanchel,40.394725,-3.722392
997,Calle de Isaac Albéniz,San Isidro,Carabanchel,40.397867,-3.720089
998,Calle de Isabel Ana,San Isidro,Carabanchel,40.394519,-3.725833
999,Calle de Jesús del Fresno,San Isidro,Carabanchel,40.395536,-3.725003
1000,Calle de José Garrido,San Isidro,Carabanchel,40.392685,-3.735244
1001,Calle de José María Galván,San Isidro,Carabanchel,40.393639,-3.724889
1002,Calle de José María Pemán,San Isidro,Carabanchel,40.395071,-3.73459
1003,Calle de José Montalvo,San Isidro,Carabanchel,40.397797,-3.733214
1004,Calle de José del Río,San Isidro,Carabanchel,40.394908,-3.726751
1005,Calle de Juan José Bautista,San Isidro,Carabanchel,40.397121,-3.733344
1006,Calle de Juana Fuentes,San Isidro,Carabanchel,40.397228,-3.732842
1007,Calle de Julián González,San Isidro,Carabanchel,40.398669,-3.71925
1008,Calle de Laureano Leonor,San Isidro,Carabanchel,40.395303,-3.725439
1009,Calle de Leoncio Bautista,San Isidro,Carabanchel,40.396953,-3.732493
1010,Calle de Leovigildo,San Isidro,Carabanchel,40.395475,-3.728461
1011,Calle de Luisa Muñoz,San Isidro,Carabanchel,40.389967,-3.730508
1012,Calle de López Mezquía,San Isidro,Carabanchel,40.394393,-3.738293
1013,Calle de Manuel Carmona,San Isidro,Carabanchel,40.39655,-3.719138
1014,Calle de Manuel Fernández Caballero,San Isidro,Carabanchel,40.397478,-3.718919
1015,Calle de María Jesús,San Isidro,Carabanchel,40.397869,-3.732793
1016,Calle de Nerine,San Isidro,Carabanchel,40.392412,-3.729633
1017,Calle de Nicolás Morales,San Isidro,Carabanchel,40.390792,-3.731364
1018,Calle de Nuestra Señora de la Esperanza,San Isidro,Carabanchel,40.393889,-3.724008
1019,Calle de Oroya,San Isidro,Carabanchel,40.392111,-3.728308
1020,Calle de Pablo Montesinos,San Isidro,Carabanchel,40.398314,-3.717406
1021,Calle de Pacorro,San Isidro,Carabanchel,40.389649,-3.732811
1022,Calle de Paulina Odiaga,San Isidro,Carabanchel,40.394039,-3.725131
1023,Calle de Pedro Martínez,San Isidro,Carabanchel,40.395933,-3.736331
1024,Calle de Peñafiel,San Isidro,Carabanchel,40.393683,-3.725142
1025,Calle de Pérez Escrich,San Isidro,Carabanchel,40.394861,-3.724339
1026,Calle de Recesvinto,San Isidro,Carabanchel,40.395415,-3.730081
1027,Calle de Roger de Lauria,San Isidro,Carabanchel,40.393911,-3.733507
1028,Calle de Salvador Alonso,San Isidro,Carabanchel,40.395061,-3.737472
1029,Calle de San Cándido,San Isidro,Carabanchel,40.399483,-3.720992
1030,Calle de San Dámaso,San Isidro,Carabanchel,40.401786,-3.723631
1031,Calle de San Pompeyo,San Isidro,Carabanchel,40.400529,-3.722717
1032,Calle de Santa Saturnina,San Isidro,Carabanchel,40.398761,-3.718425
1033,Calle de Santiago Estévez,San Isidro,Carabanchel,40.392172,-3.734544
1034,Calle de Sigerico,San Isidro,Carabanchel,40.395192,-3.729826
1035,Calle de Suintila,San Isidro,Carabanchel,40.394561,-3.728328
1036,Calle de Teodoredo,San Isidro,Carabanchel,40.393511,-3.727264
1037,Calle de Teudis,San Isidro,Carabanchel,40.396406,-3.726933
1038,Calle de Tulga,San Isidro,Carabanchel,40.394692,-3.729094
1039,Calle de Urgel,San Isidro,Carabanchel,40.393208,-3.725625
1040,Calle de Valentín Llaguno,San Isidro,Carabanchel,40.390528,-3.729911
1041,Calle de Vicenta Pachón,San Isidro,Carabanchel,40.394575,-3.725253
1042,Calle de Vicenta Parra,San Isidro,Carabanchel,40.397194,-3.718317
1043,Calle de Vicente Bautista,San Isidro,Carabanchel,40.397408,-3.733222
1044,Calle de Vicente Quesada,San Isidro,Carabanchel,40.396928,-3.730583
1045,Calle de Vista Alegre,San Isidro,Carabanchel,40.390331,-3.731975
1046,Calle de Witiza,San Isidro,Carabanchel,40.395758,-3.728965
1047,Calle de el Toboso,San Isidro,Carabanchel,40.392969,-3.73134
1048,Calle de la Bandera,San Isidro,Carabanchel,40.396986,-3.734278
1049,Calle de la Clivia,San Isidro,Carabanchel,40.392647,-3.732414
1050,Calle de la Fragata,San Isidro,Carabanchel,40.393714,-3.734664
1051,Calle de la Garceta,San Isidro,Carabanchel,40.395961,-3.732006
1052,Calle de la Hacienda,San Isidro,Carabanchel,40.401097,-3.723331
1053,Calle de la Postal,San Isidro,Carabanchel,40.396422,-3.733543
1054,Calle de la Prímula,San Isidro,Carabanchel,40.392611,-3.731119
1055,Calle de la Tórtola,San Isidro,Carabanchel,40.390826,-3.734562
1056,Calle de la Zaida,San Isidro,Carabanchel,40.394419,-3.7353
1057,Calle de los Comuneros de Castilla,San Isidro,Carabanchel,40.397049,-3.720536
1058,Calle de los Invencibles,San Isidro,Carabanchel,40.396411,-3.720114
1059,Calle de los Tejares,San Isidro,Carabanchel,40.395925,-3.722311
1060,Calle de Águeda Díez,San Isidro,Carabanchel,40.389458,-3.731397
1061,Calle del Alcaudón,San Isidro,Carabanchel,40.395769,-3.733383
1062,Calle del Alférez Juan Usera,San Isidro,Carabanchel,40.395775,-3.730611
1063,Calle del Arroyo Valdecelada,San Isidro,Carabanchel,40.398468,-3.733496
1064,Calle del Arroyo de las Pavas,San Isidro,Carabanchel,40.392642,-3.739675
1065,Calle del Cabo Nicolás Mur,San Isidro,Carabanchel,40.395231,-3.733981
1066,Calle del Cabo Suceso Terrero,San Isidro,Carabanchel,40.396668,-3.730878
1067,Calle del Cadete Julio Llompart,San Isidro,Carabanchel,40.396593,-3.734074
1068,Calle del Comandante Fontanes,San Isidro,Carabanchel,40.3951,-3.724956
1069,Calle del Cuclillo,San Isidro,Carabanchel,40.390906,-3.731114
1070,Calle del Doctor Zofío,San Isidro,Carabanchel,40.394636,-3.737747
1071,Calle del Farolillo,San Isidro,Carabanchel,40.394797,-3.731972
1072,Calle del Gastería,San Isidro,Carabanchel,40.392318,-3.728947
1073,Calle del General Ricardos,San Isidro,Carabanchel,40.391439,-3.727114
1074,Calle del Gorrión,San Isidro,Carabanchel,40.396306,-3.73034
1075,Calle del Legionario Poeta Queixa,San Isidro,Carabanchel,40.396033,-3.731357
1076,Calle del Mochuelo,San Isidro,Carabanchel,40.395872,-3.736897
1077,Calle del Oxalis,San Isidro,Carabanchel,40.392639,-3.731761
1078,Calle del Rascón,San Isidro,Carabanchel,40.394153,-3.727133
1079,Calle del Soldado José María Rey,San Isidro,Carabanchel,40.395349,-3.733342
1080,Calle del Teniente Ochoa Olalla,San Isidro,Carabanchel,40.395644,-3.732961
1081,Calle del Tercio,San Isidro,Carabanchel,40.393519,-3.729433
1082,Calle del Tordo,San Isidro,Carabanchel,40.392485,-3.733894
1083,Calle del Zorzal,San Isidro,Carabanchel,40.390128,-3.732768
1084,Calle del Ánade,San Isidro,Carabanchel,40.391494,-3.730247
1085,Camino Alto de San Isidro,San Isidro,Carabanchel,40.396339,-3.722714
1086,Glorieta del Marqués de Vadillo,San Isidro,Carabanchel,40.397811,-3.716411
1087,Pasaje de Amalarico,San Isidro,Carabanchel,40.394746,-3.729475
1088,Pasaje de Chindasvinto,San Isidro,Carabanchel,40.394525,-3.728017
1089,Paseo de San Illán,San Isidro,Carabanchel,40.399878,-3.722264
1090,Paseo del Quince de Mayo,San Isidro,Carabanchel,40.397794,-3.718267
1091,Plaza de Almodóvar,San Isidro,Carabanchel,40.390183,-3.734697
1092,Plaza de Julio Cortázar,San Isidro,Carabanchel,40.396938,-3.730924
1093,Plaza de Roger de Flor,San Isidro,Carabanchel,40.394081,-3.732553
1094,Plaza de Águeda Díez,San Isidro,Carabanchel,40.389886,-3.732394
1095,Travesía de Iván de Vargas,San Isidro,Carabanchel,40.402689,-3.724217
1096,Avenida de Nuestra Señora de Fátima,Vista Alegre,Carabanchel,40.383799,-3.747174
1097,Avenida de la Plaza de Toros,Vista Alegre,Carabanchel,40.3857,-3.739431
1098,Calle Provisional Cárcel de Carabanchel Cinco,Vista Alegre,Carabanchel,40.381419,-3.755033
1099,Calle Provisional Cárcel de Carabanchel Dos,Vista Alegre,Carabanchel,40.38284,-3.757107
1100,Calle Provisional Cárcel de Carabanchel Tres,Vista Alegre,Carabanchel,40.381617,-3.753289
1101,Calle Provisional Cárcel de Carabanchel Uno,Vista Alegre,Carabanchel,40.379897,-3.754122
1102,Calle Vía Carpetana,Vista Alegre,Carabanchel,40.394474,-3.739133
1103,Calle de Aldapa,Vista Alegre,Carabanchel,40.387431,-3.736992
1104,Calle de Alfaro,Vista Alegre,Carabanchel,40.390692,-3.738026
1105,Calle de Antolina Merino,Vista Alegre,Carabanchel,40.386043,-3.743481
1106,Calle de Arévalo,Vista Alegre,Carabanchel,40.388964,-3.743236
1107,Calle de Bernardina Aranguren,Vista Alegre,Carabanchel,40.389296,-3.741372
1108,Calle de Binéfar,Vista Alegre,Carabanchel,40.379989,-3.747903
1109,Calle de Bruno García,Vista Alegre,Carabanchel,40.389306,-3.743114
1110,Calle de Camichi,Vista Alegre,Carabanchel,40.390856,-3.741319
1111,Calle de Carlos Paíno,Vista Alegre,Carabanchel,40.387022,-3.744394
1112,Calle de Carolina Paíno,Vista Alegre,Carabanchel,40.384908,-3.742197
1113,Calle de Casimiro Escudero,Vista Alegre,Carabanchel,40.389942,-3.743035
1114,Calle de Castrojeriz,Vista Alegre,Carabanchel,40.386981,-3.739358
1115,Calle de Clemente Alonso,Vista Alegre,Carabanchel,40.38559,-3.741718
1116,Calle de Cristóbal Aguilera,Vista Alegre,Carabanchel,40.384357,-3.745385
1117,Calle de Dolores Armengot,Vista Alegre,Carabanchel,40.385431,-3.742072
1118,Calle de Dolores Coca,Vista Alegre,Carabanchel,40.386194,-3.742561
1119,Calle de Eduardo Morales,Vista Alegre,Carabanchel,40.388336,-3.737444
1120,Calle de Eduardo Urosa,Vista Alegre,Carabanchel,40.389458,-3.743661
1121,Calle de Eulalia Gil,Vista Alegre,Carabanchel,40.385553,-3.742408
1122,Calle de Fernando Delgado,Vista Alegre,Carabanchel,40.383726,-3.748764
1123,Calle de Florencio Sanz,Vista Alegre,Carabanchel,40.387983,-3.741124
1124,Calle de Fontiveros,Vista Alegre,Carabanchel,40.384796,-3.745646
1125,Calle de Francisco García,Vista Alegre,Carabanchel,40.386928,-3.73551
1126,Calle de Jesús Castellanos,Vista Alegre,Carabanchel,40.385194,-3.740758
1127,Calle de José Macías,Vista Alegre,Carabanchel,40.387081,-3.745756
1128,Calle de Juan Alonso,Vista Alegre,Carabanchel,40.38665,-3.745836
1129,Calle de Juana Urosa,Vista Alegre,Carabanchel,40.384853,-3.744621
1130,Calle de Juanita,Vista Alegre,Carabanchel,40.384267,-3.746008
1131,Calle de Julia Nebot,Vista Alegre,Carabanchel,40.38695,-3.735853
1132,Calle de Laredo,Vista Alegre,Carabanchel,40.386639,-3.741122
1133,Calle de Linares,Vista Alegre,Carabanchel,40.388532,-3.734114
1134,Calle de Manuel Galindo,Vista Alegre,Carabanchel,40.386011,-3.736899
1135,Calle de Manuel Álvarez,Vista Alegre,Carabanchel,40.3886,-3.743633
1136,Calle de Marina Lavandeira,Vista Alegre,Carabanchel,40.387314,-3.741067
1137,Calle de Matilde Hernández,Vista Alegre,Carabanchel,40.388449,-3.735414
1138,Calle de Medina Sidonia,Vista Alegre,Carabanchel,40.380581,-3.747856
1139,Calle de Nuestra Señora de la Luz,Vista Alegre,Carabanchel,40.383792,-3.745872
1140,Calle de Nájera,Vista Alegre,Carabanchel,40.383433,-3.746614
1141,Calle de Ramón Sainz,Vista Alegre,Carabanchel,40.387208,-3.737506
1142,Calle de Ramón Serrano,Vista Alegre,Carabanchel,40.384186,-3.744726
1143,Calle de Reinosa,Vista Alegre,Carabanchel,40.382104,-3.743122
1144,Calle de San Antolín,Vista Alegre,Carabanchel,40.379157,-3.748251
1145,Calle de San Emeterio,Vista Alegre,Carabanchel,40.386958,-3.741161
1146,Calle de San Melitón,Vista Alegre,Carabanchel,40.380235,-3.746785
1147,Calle de San Sinesio,Vista Alegre,Carabanchel,40.387862,-3.742406
1148,Calle de Saturnino Tejera,Vista Alegre,Carabanchel,40.38435,-3.744375
1149,Calle de Sonseca,Vista Alegre,Carabanchel,40.380586,-3.747406
1150,Calle de Utebo,Vista Alegre,Carabanchel,40.386658,-3.738486
1151,Calle de Villalón,Vista Alegre,Carabanchel,40.383317,-3.745324
1152,Calle de Villarcayo,Vista Alegre,Carabanchel,40.383164,-3.745981
1153,Calle de Vista Bella,Vista Alegre,Carabanchel,40.390631,-3.739436
1154,Calle de el Espinar,Vista Alegre,Carabanchel,40.385224,-3.7437
1155,Calle de la Alondra,Vista Alegre,Carabanchel,40.387989,-3.736347
1156,Calle de la Amistad,Vista Alegre,Carabanchel,40.389742,-3.738504
1157,Calle de la Avecilla,Vista Alegre,Carabanchel,40.388464,-3.736203
1158,Calle de la Batalla de Torrijos,Vista Alegre,Carabanchel,40.385342,-3.741086
1159,Calle de la Codorniz,Vista Alegre,Carabanchel,40.380975,-3.749594
1160,Calle de la Gaviota,Vista Alegre,Carabanchel,40.388546,-3.736544
1161,Calle de la Jacobinia,Vista Alegre,Carabanchel,40.377644,-3.751925
1162,Calle de la Laguna,Vista Alegre,Carabanchel,40.391008,-3.742131
1163,Calle de la Oca,Vista Alegre,Carabanchel,40.389142,-3.73765
1164,Calle de las Hermanas Alonso Barceló,Vista Alegre,Carabanchel,40.387528,-3.7394
1165,Calle de las Humanitarias,Vista Alegre,Carabanchel,40.387642,-3.741269
1166,Calle de las Tintas,Vista Alegre,Carabanchel,40.389461,-3.740831
1167,Calle del Abolengo,Vista Alegre,Carabanchel,40.389069,-3.736944
1168,Calle del Albatros,Vista Alegre,Carabanchel,40.39049,-3.741121
1169,Calle del Blandón,Vista Alegre,Carabanchel,40.389361,-3.739075
1170,Calle del Casuario,Vista Alegre,Carabanchel,40.386731,-3.741497
1171,Calle del Conde de Eleta,Vista Alegre,Carabanchel,40.381226,-3.745486
1172,Calle del Cóndor,Vista Alegre,Carabanchel,40.389728,-3.739469
1173,Calle del Doctor Urquiola,Vista Alegre,Carabanchel,40.387647,-3.743389
1174,Calle del Francolín,Vista Alegre,Carabanchel,40.384494,-3.742019
1175,Calle del Guabairo,Vista Alegre,Carabanchel,40.386081,-3.745597
1176,Calle del Guacamayo,Vista Alegre,Carabanchel,40.390636,-3.739747
1177,Calle del Halcón,Vista Alegre,Carabanchel,40.388622,-3.742731
1178,Calle del Jabirú,Vista Alegre,Carabanchel,40.3866,-3.740654
1179,Calle del Monseñor Óscar Romero,Vista Alegre,Carabanchel,40.381628,-3.744078
1180,Calle del Parque Eugenia de Montijo,Vista Alegre,Carabanchel,40.378871,-3.752043
1181,Calle del Pingüino,Vista Alegre,Carabanchel,40.379519,-3.750857
1182,Calle del Pinzón,Vista Alegre,Carabanchel,40.389832,-3.740171
1183,Calle del Ruiseñor,Vista Alegre,Carabanchel,40.389831,-3.740547
1184,Calle del Sabanero,Vista Alegre,Carabanchel,40.391274,-3.741125
1185,Calle del Salvador del Mundo,Vista Alegre,Carabanchel,40.379764,-3.747761
1186,Calle del Tucán,Vista Alegre,Carabanchel,40.390132,-3.740238
1187,Calle del Vencejo,Vista Alegre,Carabanchel,40.387167,-3.742514
1188,Camino de los Ingenieros,Vista Alegre,Carabanchel,40.387228,-3.746464
1189,Paseo de Marcelino Camacho,Vista Alegre,Carabanchel,40.386682,-3.74215
1190,Plaza del Conde de Eleta,Vista Alegre,Carabanchel,40.380717,-3.746149
1191,Travesía de las Humanitarias,Vista Alegre,Carabanchel,40.387819,-3.741597
1192,Travesía del Guabairo,Vista Alegre,Carabanchel,40.387375,-3.745564
1193,Travesía del Pinzón,Vista Alegre,Carabanchel,40.391783,-3.741025
1194,Calle de Almadén,Cortes,Centro,40.411072,-3.694451
1195,Calle de Arlabán,Cortes,Centro,40.416999,-3.699149
1196,Calle de Atocha,Cortes,Centro,40.412181,-3.698819
1197,Calle de Cedaceros,Cortes,Centro,40.417319,-3.698415
1198,Calle de Cenicero,Cortes,Centro,40.41046,-3.693261
1199,Calle de Cervantes,Cortes,Centro,40.41429,-3.697221
1200,Calle de Echegaray,Cortes,Centro,40.415362,-3.699579
1201,Calle de Fernanflor,Cortes,Centro,40.41644,-3.696083
1202,Calle de Fúcar,Cortes,Centro,40.411461,-3.695675
1203,Calle de Jesús,Cortes,Centro,40.413053,-3.695692
1204,Calle de Jovellanos,Cortes,Centro,40.417197,-3.696636
1205,Calle de Lope de Vega,Cortes,Centro,40.413746,-3.696807
1206,Calle de Manuel Fernández y González,Cortes,Centro,40.415188,-3.699689
1207,Calle de Moratín,Cortes,Centro,40.412447,-3.696353
1208,Calle de Núñez de Arce,Cortes,Centro,40.415475,-3.701289
1209,Calle de Quevedo,Cortes,Centro,40.413936,-3.69775
1210,Calle de Sagasta,Cortes,Centro,40.428407,-3.699044
1211,Calle de San Agustín,Cortes,Centro,40.41455,-3.696917
1212,Calle de San Blas,Cortes,Centro,40.410594,-3.694414
1213,Calle de San José,Cortes,Centro,40.412756,-3.697089
1214,Calle de San Pedro,Cortes,Centro,40.411671,-3.694851
1215,Calle de San Sebastián,Cortes,Centro,40.413783,-3.701588
1216,Calle de Santa Catalina,Cortes,Centro,40.415674,-3.697822
1217,Calle de Santa María,Cortes,Centro,40.412928,-3.697283
1218,Calle de Santa Polonia,Cortes,Centro,40.412597,-3.697522
1219,Calle de Sevilla,Cortes,Centro,40.417106,-3.700142
1220,Calle de Ventura de la Vega,Cortes,Centro,40.415481,-3.698917
1221,Calle de Zorrilla,Cortes,Centro,40.416806,-3.696378
1222,Calle de la Alameda,Cortes,Centro,40.411617,-3.693878
1223,Calle de la Berenjena,Cortes,Centro,40.412758,-3.695174
1224,Calle de la Cruz,Cortes,Centro,40.415499,-3.701833
1225,Calle de la Verónica,Cortes,Centro,40.411785,-3.694764
1226,Calle de la Virgen de los Peligros,Cortes,Centro,40.418715,-3.699593
1227,Calle de las Huertas,Cortes,Centro,40.413396,-3.697826
1228,Calle de los Madrazo,Cortes,Centro,40.417568,-3.697164
1229,Calle de Álvarez Gato,Cortes,Centro,40.415114,-3.701789
1230,Calle del Amor de Dios,Cortes,Centro,40.412719,-3.698406
1231,Calle del Duque de Medinaceli,Cortes,Centro,40.414972,-3.695872
1232,Calle del Gobernador,Cortes,Centro,40.411583,-3.695264
1233,Calle del Infante,Cortes,Centro,40.414186,-3.699183
1234,Calle del León,Cortes,Centro,40.413712,-3.69899
1235,Calle del Maestro Tellería,Cortes,Centro,40.413267,-3.694725
1236,Calle del Marqués de Casa Riera,Cortes,Centro,40.418303,-3.696208
1237,Calle del Marqués de Cubas,Cortes,Centro,40.416719,-3.695658
1238,Calle del Prado,Cortes,Centro,40.414903,-3.698651
1239,Calle del Príncipe,Cortes,Centro,40.415407,-3.700276
1240,Carrera de San Jerónimo,Cortes,Centro,40.416601,-3.699794
1241,Costanilla de las Trinitarias,Cortes,Centro,40.413481,-3.696875
1242,Costanilla de los Desamparados,Cortes,Centro,40.412161,-3.696629
1243,Paseo del Prado,Cortes,Centro,40.413731,-3.693372
1244,Plaza de Canalejas,Cortes,Centro,40.416506,-3.700483
1245,Plaza de Cánovas del Castillo,Cortes,Centro,40.414792,-3.694686
1246,Plaza de Jesús,Cortes,Centro,40.414011,-3.695803
1247,Plaza de Matute,Cortes,Centro,40.413435,-3.699922
1248,Plaza de Santa Ana,Cortes,Centro,40.41446,-3.700925
1249,Plaza de la Platería de Martínez,Cortes,Centro,40.412697,-3.693731
1250,Plaza de las Cortes,Cortes,Centro,40.415778,-3.696211
1251,Plaza de las Letras,Cortes,Centro,40.410692,-3.693575
1252,Plaza del Ángel,Cortes,Centro,40.414403,-3.702417
1253,Plazuela de San Juan,Cortes,Centro,40.412575,-3.695919
1254,Calle de Amparo,Embajadores,Centro,40.408933,-3.70249
1255,Calle de Argumosa,Embajadores,Centro,40.408097,-3.698492
1256,Calle de Buenavista,Embajadores,Centro,40.409847,-3.699288
1257,Calle de Caravaca,Embajadores,Centro,40.408958,-3.702742
1258,Calle de Carlos Arniches,Embajadores,Centro,40.408014,-3.708364
1259,Calle de Esperanza,Embajadores,Centro,40.410228,-3.700217
1260,Calle de Fray Ceferino González,Embajadores,Centro,40.408699,-3.706342
1261,Calle de Jesús y María,Embajadores,Centro,40.411164,-3.703571
1262,Calle de Juanelo,Embajadores,Centro,40.411231,-3.705733
1263,Calle de Lavapiés,Embajadores,Centro,40.410392,-3.702611
1264,Calle de Luis Vélez de Guevara,Embajadores,Centro,40.413097,-3.702417
1265,Calle de López Silva,Embajadores,Centro,40.409889,-3.708869
1266,Calle de Mallorca,Embajadores,Centro,40.406961,-3.697844
1267,Calle de Miguel Servet,Embajadores,Centro,40.406697,-3.701217
1268,Calle de Mira el Río Alta,Embajadores,Centro,40.408799,-3.70926
1269,Calle de Mira el Río Baja,Embajadores,Centro,40.407922,-3.708814
1270,Calle de Mira el Sol,Embajadores,Centro,40.407299,-3.705928
1271,Calle de Rodas,Embajadores,Centro,40.408342,-3.705874
1272,Calle de Rodrigo de Guevara,Embajadores,Centro,40.409147,-3.708794
1273,Calle de San Carlos,Embajadores,Centro,40.4104,-3.701522
1274,Calle de San Cayetano,Embajadores,Centro,40.409211,-3.706686
1275,Calle de San Cosme y San Damián,Embajadores,Centro,40.409293,-3.698179
1276,Calle de San Eugenio,Embajadores,Centro,40.410968,-3.69766
1277,Calle de San Ildefonso,Embajadores,Centro,40.410539,-3.696539
1278,Calle de San Millán,Embajadores,Centro,40.411412,-3.707672
1279,Calle de San Pedro Mártir,Embajadores,Centro,40.411658,-3.703644
1280,Calle de San Simón,Embajadores,Centro,40.411136,-3.699925
1281,Calle de Santa Ana,Embajadores,Centro,40.409514,-3.708864
1282,Calle de Santa Inés,Embajadores,Centro,40.410012,-3.695538
1283,Calle de Santa Isabel,Embajadores,Centro,40.410458,-3.697831
1284,Calle de Santiago el Verde,Embajadores,Centro,40.407417,-3.704961
1285,Calle de Soler y González,Embajadores,Centro,40.411612,-3.704318
1286,Calle de Sánchez Bustillo,Embajadores,Centro,40.409039,-3.693667
1287,Calle de Toledo,Embajadores,Centro,40.409306,-3.710014
1288,Calle de Valencia,Embajadores,Centro,40.407162,-3.700119
1289,Calle de Zurita,Embajadores,Centro,40.409608,-3.699114
1290,Calle de la Arganzuela,Embajadores,Centro,40.407953,-3.709767
1291,Calle de la Cabeza,Embajadores,Centro,40.411894,-3.702165
1292,Calle de la Colegiata,Embajadores,Centro,40.412931,-3.706264
1293,Calle de la Concepción Jerónima,Embajadores,Centro,40.413929,-3.705919
1294,Calle de la Encomienda,Embajadores,Centro,40.41075,-3.705667
1295,Calle de la Escuadra,Embajadores,Centro,40.409926,-3.699826
1296,Calle de la Esgrima,Embajadores,Centro,40.41115,-3.704397
1297,Calle de la Espada,Embajadores,Centro,40.411585,-3.704496
1298,Calle de la Fe,Embajadores,Centro,40.408975,-3.700036
1299,Calle de la Huerta del Bayo,Embajadores,Centro,40.407914,-3.705529
1300,Calle de la Magdalena,Embajadores,Centro,40.412364,-3.701217
1301,Calle de la Peña de Francia,Embajadores,Centro,40.407375,-3.706086
1302,Calle de la Primavera,Embajadores,Centro,40.409636,-3.700419
1303,Calle de la Ribera de Curtidores,Embajadores,Centro,40.407881,-3.707175
1304,Calle de la Rosa,Embajadores,Centro,40.411767,-3.699822
1305,Calle de la Ruda,Embajadores,Centro,40.410492,-3.708047
1306,Calle de la Sombrerería,Embajadores,Centro,40.407614,-3.699244
1307,Calle de la Torrecilla del Leal,Embajadores,Centro,40.410594,-3.699408
1308,Calle de las Amazonas,Embajadores,Centro,40.409762,-3.707592
1309,Calle de las Dos Hermanas,Embajadores,Centro,40.410439,-3.705583
1310,Calle de las Maldonadas,Embajadores,Centro,40.410925,-3.707871
1311,Calle de las Provisiones,Embajadores,Centro,40.407256,-3.702206
1312,Calle de los Abades,Embajadores,Centro,40.410122,-3.705092
1313,Calle de los Cabestreros,Embajadores,Centro,40.409262,-3.7047
1314,Calle de los Cañizares,Embajadores,Centro,40.412789,-3.701661
1315,Calle de los Estudios,Embajadores,Centro,40.411911,-3.707342
1316,Calle de los Ministriles,Embajadores,Centro,40.410894,-3.702267
1317,Calle de los Ministriles Chica,Embajadores,Centro,40.410586,-3.702461
1318,Calle de los Relatores,Embajadores,Centro,40.413108,-3.703206
1319,Calle de los Tres Peces,Embajadores,Centro,40.410778,-3.699606
1320,Calle del Ave María,Embajadores,Centro,40.410625,-3.700818
1321,Calle del Bastero,Embajadores,Centro,40.408719,-3.709578
1322,Calle del Calvario,Embajadores,Centro,40.411464,-3.702471
1323,Calle del Capitán Salazar Martínez,Embajadores,Centro,40.40754,-3.710112
1324,Calle del Carnero,Embajadores,Centro,40.408228,-3.708739
1325,Calle del Casino,Embajadores,Centro,40.406739,-3.705322
1326,Calle del Conde de Romanones,Embajadores,Centro,40.413161,-3.704872
1327,Calle del Doctor Cortezo,Embajadores,Centro,40.41306,-3.703806
1328,Calle del Doctor Drumen,Embajadores,Centro,40.408969,-3.693033
1329,Calle del Doctor Fourquet,Embajadores,Centro,40.407428,-3.697668
1330,Calle del Doctor Mata,Embajadores,Centro,40.40941,-3.69396
1331,Calle del Doctor Piga,Embajadores,Centro,40.408411,-3.698264
1332,Calle del Duque de Alba,Embajadores,Centro,40.411781,-3.706169
1333,Calle del Duque de Fernán Núñez,Embajadores,Centro,40.411489,-3.698415
1334,Calle del Duque de Rivas,Embajadores,Centro,40.413382,-3.706419
1335,Calle del Espino,Embajadores,Centro,40.407265,-3.701529
1336,Calle del Hospital,Embajadores,Centro,40.408157,-3.69564
1337,Calle del Marqués de Toca,Embajadores,Centro,40.410106,-3.696154
1338,Calle del Mesón de Paredes,Embajadores,Centro,40.409347,-3.703822
1339,Calle del Olivar,Embajadores,Centro,40.41059,-3.701619
1340,Calle del Olmo,Embajadores,Centro,40.411567,-3.700525
1341,Calle del Oso,Embajadores,Centro,40.409667,-3.704822
1342,Calle del Salitre,Embajadores,Centro,40.409247,-3.698808
1343,Calle del Sombrerete,Embajadores,Centro,40.408497,-3.702508
1344,Calle del Tribulete,Embajadores,Centro,40.407826,-3.702389
1345,Calle del Ventorrillo,Embajadores,Centro,40.407071,-3.705488
1346,Callejón de la Concepción Jerónima,Embajadores,Centro,40.41371,-3.705854
1347,Callejón del Mellizo,Embajadores,Centro,40.407744,-3.709192
1348,Pasaje de Doré,Embajadores,Centro,40.411788,-3.698788
1349,Plaza de Arturo Barea,Embajadores,Centro,40.408192,-3.703692
1350,Plaza de Cascorro,Embajadores,Centro,40.410447,-3.707372
1351,Plaza de Lavapiés,Embajadores,Centro,40.408874,-3.701012
1352,Plaza de Tirso de Molina,Embajadores,Centro,40.412293,-3.704249
1353,Plaza del Campillo del Mundo Nuevo,Embajadores,Centro,40.406558,-3.708414
1354,Plaza del Duque de Alba,Embajadores,Centro,40.411769,-3.706803
1355,Plaza del Emperador Carlos V,Embajadores,Centro,40.407858,-3.692692
1356,Plaza del General Vara de Rey,Embajadores,Centro,40.409311,-3.708147
1357,Ronda de Atocha,Embajadores,Centro,40.406556,-3.697289
1358,Ronda de Valencia,Embajadores,Centro,40.405483,-3.701086
1359,Travesía de la Comadre,Embajadores,Centro,40.410869,-3.703678
1360,Travesía de la Encomienda,Embajadores,Centro,40.411,-3.705464
1361,Travesía de la Primavera,Embajadores,Centro,40.409233,-3.700668
1362,Travesía de los Cabestreros,Embajadores,Centro,40.408883,-3.704711
1363,Calle de Antonio Flores,Justicia,Centro,40.427708,-3.698164
1364,Calle de Apodaca,Justicia,Centro,40.427306,-3.700469
1365,Calle de Argensola,Justicia,Centro,40.425514,-3.694714
1366,Calle de Augusto Figueroa,Justicia,Centro,40.422444,-3.698535
1367,Calle de Barbieri,Justicia,Centro,40.421532,-3.697996
1368,Calle de Barceló,Justicia,Centro,40.426753,-3.699792
1369,Calle de Belén,Justicia,Centro,40.424286,-3.696222
1370,Calle de Bárbara de Braganza,Justicia,Centro,40.423506,-3.692717
1371,Calle de Campoamor,Justicia,Centro,40.426094,-3.695772
1372,Calle de Churruca,Justicia,Centro,40.427567,-3.700981
1373,Calle de Colmenares,Justicia,Centro,40.420582,-3.696839
1374,Calle de Fernando Vi,Justicia,Centro,40.425097,-3.696017
1375,Calle de Fuencarral,Justicia,Centro,40.425758,-3.701414
1376,Calle de García Gutiérrez,Justicia,Centro,40.425876,-3.692857
1377,Calle de Gravina,Justicia,Centro,40.422836,-3.697061
1378,Calle de Hernán Cortés,Justicia,Centro,40.423408,-3.699756
1379,Calle de Hortaleza,Justicia,Centro,40.4227,-3.699331
1380,Calle de Justiniano,Justicia,Centro,40.425903,-3.695161
1381,Calle de Larra,Justicia,Centro,40.427781,-3.700225
1382,Calle de Luis de Góngora,Justicia,Centro,40.423044,-3.696664
1383,Calle de Mejía Lequerica,Justicia,Centro,40.427206,-3.698792
1384,Calle de Orellana,Justicia,Centro,40.426308,-3.694703
1385,Calle de Pelayo,Justicia,Centro,40.423425,-3.698032
1386,Calle de Prim,Justicia,Centro,40.421961,-3.693843
1387,Calle de Pérez Galdós,Justicia,Centro,40.422435,-3.700225
1388,Calle de San Bartolomé,Justicia,Centro,40.421908,-3.698489
1389,Calle de San Gregorio,Justicia,Centro,40.423653,-3.69731
1390,Calle de San Lorenzo,Justicia,Centro,40.425042,-3.699058
1391,Calle de San Lucas,Justicia,Centro,40.423724,-3.695971
1392,Calle de San Marcos,Justicia,Centro,40.421364,-3.698328
1393,Calle de San Mateo,Justicia,Centro,40.425746,-3.698939
1394,Calle de Santa Brígida,Justicia,Centro,40.424492,-3.699465
1395,Calle de Santa Teresa,Justicia,Centro,40.425694,-3.695675
1396,Calle de Santa Águeda,Justicia,Centro,40.424892,-3.699958
1397,Calle de Santo Tomé,Justicia,Centro,40.423564,-3.695061
1398,Calle de Serrano Anguita,Justicia,Centro,40.427435,-3.698215
1399,Calle de Tamayo y Baus,Justicia,Centro,40.422917,-3.693053
1400,Calle de Válgame Dios,Justicia,Centro,40.42235,-3.696664
1401,Calle de Víctor Hugo,Justicia,Centro,40.419925,-3.698186
1402,Calle de la Beneficencia,Justicia,Centro,40.426151,-3.699181
1403,Calle de la Farmacia,Justicia,Centro,40.423894,-3.699667
1404,Calle de la Libertad,Justicia,Centro,40.42135,-3.697328
1405,Calle de la Reina,Justicia,Centro,40.420121,-3.699265
1406,Calle de las Infantas,Justicia,Centro,40.420499,-3.69896
1407,Calle de los Hermanos Álvarez Quintero,Justicia,Centro,40.427508,-3.697358
1408,Calle de los Regueros,Justicia,Centro,40.424608,-3.69649
1409,Calle del Almirante,Justicia,Centro,40.422467,-3.693728
1410,Calle del Barquillo,Justicia,Centro,40.422397,-3.695594
1411,Calle del Clavel,Justicia,Centro,40.420133,-3.699496
1412,Calle del Conde de Xiquena,Justicia,Centro,40.422899,-3.694199
1413,Calle del General Castaños,Justicia,Centro,40.425503,-3.693936
1414,Calle del Marqués de Monasterio,Justicia,Centro,40.422992,-3.693622
1415,Calle del Marqués de Valdeiglesias,Justicia,Centro,40.419672,-3.697088
1416,Calle del Marqués de la Ensenada,Justicia,Centro,40.424619,-3.692394
1417,Calle del Piamonte,Justicia,Centro,40.423103,-3.695319
1418,Costanilla de los Capuchinos,Justicia,Centro,40.421494,-3.699561
1419,Pasaje de Tony Leblanc,Justicia,Centro,40.425603,-3.700186
1420,Paseo de Recoletos,Justicia,Centro,40.422094,-3.691856
1421,Plaza de Chueca,Justicia,Centro,40.422651,-3.697726
1422,Plaza de Pedro Zerolo,Justicia,Centro,40.421085,-3.699303
1423,Plaza de Santa Bárbara,Justicia,Centro,40.427121,-3.696158
1424,Plaza de la Villa de París,Justicia,Centro,40.425185,-3.693253
1425,Plaza de las Salesas,Justicia,Centro,40.424079,-3.694717
1426,Plaza del Rey,Justicia,Centro,40.420292,-3.696285
1427,Travesía de Belén,Justicia,Centro,40.424003,-3.696482
1428,Travesía de San Mateo,Justicia,Centro,40.425264,-3.698086
1429,Travesía de la Florida,Justicia,Centro,40.427111,-3.698206
1430,Avenida de la Gran Vía de San Francisco,Palacio,Centro,40.408197,-3.712885
1431,Calle Angosta de los Mancebos,Palacio,Centro,40.412738,-3.713343
1432,Calle de Alfonso Vi,Palacio,Centro,40.413339,-3.712236
1433,Calle de Algeciras,Palacio,Centro,40.411217,-3.717394
1434,Calle de Arrieta,Palacio,Centro,40.419022,-3.710717
1435,Calle de Bailén,Palacio,Centro,40.414124,-3.713507
1436,Calle de Beatriz Galindo,Palacio,Centro,40.413194,-3.715417
1437,Calle de Calatrava,Palacio,Centro,40.409322,-3.711922
1438,Calle de Calderón de la Barca,Palacio,Centro,40.415775,-3.711117
1439,Calle de Campomanes,Palacio,Centro,40.419119,-3.709278
1440,Calle de Carlos Iii,Palacio,Centro,40.417944,-3.710808
1441,Calle de Don Pedro,Palacio,Centro,40.41166,-3.713258
1442,Calle de Felipe V,Palacio,Centro,40.418597,-3.710836
1443,Calle de Fomento,Palacio,Centro,40.421458,-3.710646
1444,Calle de Grafal,Palacio,Centro,40.413092,-3.70826
1445,Calle de Guillermo Rolland,Palacio,Centro,40.420393,-3.710801
1446,Calle de Gómez de Mora,Palacio,Centro,40.414089,-3.708517
1447,Calle de Isabel Tintero,Palacio,Centro,40.408569,-3.712528
1448,Calle de Isabel la Católica,Palacio,Centro,40.42135,-3.709189
1449,Calle de Jerte,Palacio,Centro,40.411028,-3.715156
1450,Calle de Juan de Herrera,Palacio,Centro,40.415762,-3.711407
1451,Calle de Leganitos,Palacio,Centro,40.421782,-3.710251
1452,Calle de Lepanto,Palacio,Centro,40.417397,-3.711706
1453,Calle de Luciente,Palacio,Centro,40.410428,-3.711039
1454,Calle de Madrid,Palacio,Centro,40.414942,-3.710883
1455,Calle de Noblejas,Palacio,Centro,40.416817,-3.712514
1456,Calle de Oriente,Palacio,Centro,40.410943,-3.71094
1457,Calle de Pavía,Palacio,Centro,40.419208,-3.711506
1458,Calle de Puñonrostro,Palacio,Centro,40.414556,-3.70985
1459,Calle de Rebeque,Palacio,Centro,40.416761,-3.712847
1460,Calle de Requena,Palacio,Centro,40.417046,-3.712549
1461,Calle de San Bernabé,Palacio,Centro,40.408897,-3.714546
1462,Calle de San Bruno,Palacio,Centro,40.412906,-3.708092
1463,Calle de San Buenaventura,Palacio,Centro,40.411375,-3.714825
1464,Calle de San Isidro Labrador,Palacio,Centro,40.411014,-3.713261
1465,Calle de San Justo,Palacio,Centro,40.414067,-3.709426
1466,Calle de San Nicolás,Palacio,Centro,40.415875,-3.712054
1467,Calle de San Quintín,Palacio,Centro,40.419611,-3.712208
1468,Calle de Santa Clara,Palacio,Centro,40.417086,-3.710825
1469,Calle de Santiago,Palacio,Centro,40.416394,-3.710196
1470,Calle de Segovia,Palacio,Centro,40.413739,-3.715178
1471,Calle de Torija,Palacio,Centro,40.420797,-3.710004
1472,Calle de Valliciergo,Palacio,Centro,40.413574,-3.715353
1473,Calle de Vergara,Palacio,Centro,40.417583,-3.710906
1474,Calle de la Almudena,Palacio,Centro,40.415336,-3.713069
1475,Calle de la Amnistía,Palacio,Centro,40.417242,-3.710647
1476,Calle de la Bola,Palacio,Centro,40.420019,-3.710286
1477,Calle de la Cava Alta,Palacio,Centro,40.412122,-3.709308
1478,Calle de la Cava Baja,Palacio,Centro,40.412429,-3.709128
1479,Calle de la Cebada,Palacio,Centro,40.410692,-3.710069
1480,Calle de la Cruzada,Palacio,Centro,40.416447,-3.711531
1481,Calle de la Encarnación,Palacio,Centro,40.420208,-3.711432
1482,Calle de la Escalinata,Palacio,Centro,40.417275,-3.709392
1483,Calle de la Flor Baja,Palacio,Centro,40.422312,-3.709988
1484,Calle de la Independencia,Palacio,Centro,40.417561,-3.710072
1485,Calle de la Morería,Palacio,Centro,40.413033,-3.713261
1486,Calle de la Paloma,Palacio,Centro,40.40841,-3.711738
1487,Calle de la Pasa,Palacio,Centro,40.414233,-3.708889
1488,Calle de la Priora,Palacio,Centro,40.418444,-3.708781
1489,Calle de la Redondilla,Palacio,Centro,40.412478,-3.712658
1490,Calle de la Sierpe,Palacio,Centro,40.410147,-3.709992
1491,Calle de la Traviesa,Palacio,Centro,40.415142,-3.711486
1492,Calle de la Unión,Palacio,Centro,40.417261,-3.710432
1493,Calle de la Ventosa,Palacio,Centro,40.408649,-3.714796
1494,Calle de la Villa,Palacio,Centro,40.414203,-3.712239
1495,Calle de las Aguas,Palacio,Centro,40.410871,-3.712282
1496,Calle de las Fuentes,Palacio,Centro,40.417178,-3.708683
1497,Calle de las Tabernillas,Palacio,Centro,40.410776,-3.711386
1498,Calle de los Caños del Peral,Palacio,Centro,40.418858,-3.708628
1499,Calle de los Irlandeses,Palacio,Centro,40.409628,-3.710883
1500,Calle de los Mancebos,Palacio,Centro,40.412186,-3.712547
1501,Calle de los Milaneses,Palacio,Centro,40.415978,-3.709483
1502,Calle de los Señores de Luzón,Palacio,Centro,40.416072,-3.710669
1503,Calle de los Yeseros,Palacio,Centro,40.412442,-3.714064
1504,Calle del Alamillo,Palacio,Centro,40.413693,-3.711957
1505,Calle del Almendro,Palacio,Centro,40.412619,-3.710047
1506,Calle del Biombo,Palacio,Centro,40.415949,-3.712231
1507,Calle del Bonetillo,Palacio,Centro,40.4166,-3.708986
1508,Calle del Codo,Palacio,Centro,40.415175,-3.709858
1509,Calle del Conde,Palacio,Centro,40.413956,-3.710818
1510,Calle del Conde de Lemos,Palacio,Centro,40.416639,-3.710294
1511,Calle del Conde de Miranda,Palacio,Centro,40.415054,-3.709299
1512,Calle del Cordón,Palacio,Centro,40.413914,-3.7104
1513,Calle del Doctor Carracido,Palacio,Centro,40.422687,-3.710447
1514,Calle del Doctor Letamendi,Palacio,Centro,40.413903,-3.709981
1515,Calle del Duque de Nájera,Palacio,Centro,40.415136,-3.711119
1516,Calle del Espejo,Palacio,Centro,40.416847,-3.709814
1517,Calle del Factor,Palacio,Centro,40.415807,-3.712549
1518,Calle del Granado,Palacio,Centro,40.412957,-3.712679
1519,Calle del Humilladero,Palacio,Centro,40.410158,-3.710379
1520,Calle del Lazo,Palacio,Centro,40.417018,-3.710029
1521,Calle del Maestro Villa,Palacio,Centro,40.414497,-3.708314
1522,Calle del Mediodía Chica,Palacio,Centro,40.409621,-3.711483
1523,Calle del Mediodía Grande,Palacio,Centro,40.410042,-3.711204
1524,Calle del Mesón de Paños,Palacio,Centro,40.416519,-3.709242
1525,Calle del Nuncio,Palacio,Centro,40.413394,-3.709276
1526,Calle del Pretil de Santisteban,Palacio,Centro,40.41286,-3.71011
1527,Calle del Pretil de los Consejos,Palacio,Centro,40.414336,-3.712686
1528,Calle del Príncipe Anglona,Palacio,Centro,40.413253,-3.710981
1529,Calle del Recodo,Palacio,Centro,40.421886,-3.709614
1530,Calle del Reloj,Palacio,Centro,40.421686,-3.711521
1531,Calle del Rollo,Palacio,Centro,40.414175,-3.711208
1532,Calle del Rosario,Palacio,Centro,40.409322,-3.714668
1533,Calle del Río,Palacio,Centro,40.422392,-3.711567
1534,Calle del Sacramento,Palacio,Centro,40.41474,-3.711638
1535,Calle del Toro,Palacio,Centro,40.413503,-3.711978
1536,Calle del Águila,Palacio,Centro,40.409644,-3.712364
1537,Calle del Ángel,Palacio,Centro,40.410036,-3.712528
1538,Carrera de San Francisco,Palacio,Centro,40.410883,-3.712789
1539,Costanilla de San Andrés,Palacio,Centro,40.412739,-3.711786
1540,Costanilla de San Pedro,Palacio,Centro,40.412703,-3.710656
1541,Costanilla de Santiago,Palacio,Centro,40.416242,-3.709336
1542,Costanilla del Nuncio,Palacio,Centro,40.41335,-3.710008
1543,Cuesta de Ramón,Palacio,Centro,40.414399,-3.714417
1544,Cuesta de Santo Domingo,Palacio,Centro,40.419628,-3.709378
1545,Cuesta de la Vega,Palacio,Centro,40.414769,-3.715799
1546,Cuesta de las Descargas,Palacio,Centro,40.408683,-3.715367
1547,Cuesta de los Caños Viejos,Palacio,Centro,40.413393,-3.713096
1548,Cuesta de los Ciegos,Palacio,Centro,40.413667,-3.715036
1549,Pasadizo del Panecillo,Palacio,Centro,40.414431,-3.709447
1550,Pasaje del Obispo,Palacio,Centro,40.413814,-3.70955
1551,Plaza de Cibeles,Palacio,Centro,40.419343,-3.692974
1552,Plaza de Gabriel Miró,Palacio,Centro,40.412056,-3.714664
1553,Plaza de Isabel Ii,Palacio,Centro,40.418064,-3.709339
1554,Plaza de Oriente,Palacio,Centro,40.417942,-3.711392
1555,Plaza de Ramales,Palacio,Centro,40.417003,-3.711447
1556,Plaza de San Andrés,Palacio,Centro,40.412062,-3.711015
1557,Plaza de San Francisco,Palacio,Centro,40.410794,-3.7141
1558,Plaza de San Javier,Palacio,Centro,40.414074,-3.710814
1559,Plaza de San Miguel,Palacio,Centro,40.415436,-3.709242
1560,Plaza de San Nicolás,Palacio,Centro,40.415712,-3.712046
1561,Plaza de Santiago,Palacio,Centro,40.416567,-3.710936
1562,Plaza de Santo Domingo,Palacio,Centro,40.420578,-3.708761
1563,Plaza de Segovia Nueva,Palacio,Centro,40.413367,-3.707689
1564,Plaza de la Armería,Palacio,Centro,40.416364,-3.714462
1565,Plaza de la Cebada,Palacio,Centro,40.411417,-3.709457
1566,Plaza de la Cruz Verde,Palacio,Centro,40.414081,-3.711751
1567,Plaza de la Encarnación,Palacio,Centro,40.419665,-3.710964
1568,Plaza de la Marina Española,Palacio,Centro,40.420628,-3.711908
1569,Plaza de la Morería,Palacio,Centro,40.413203,-3.712922
1570,Plaza de la Paja,Palacio,Centro,40.412961,-3.711414
1571,Plaza de la Puerta Cerrada,Palacio,Centro,40.413694,-3.70855
1572,Plaza de la Puerta de Moros,Palacio,Centro,40.411389,-3.710919
1573,Plaza de la Villa,Palacio,Centro,40.415186,-3.710261
1574,Plaza de la Virgen de la Paloma,Palacio,Centro,40.408281,-3.712192
1575,Plaza de los Carros,Palacio,Centro,40.411828,-3.711381
1576,Plaza de los Herradores,Palacio,Centro,40.416561,-3.708664
1577,Plaza del Alamillo,Palacio,Centro,40.413671,-3.712432
1578,Plaza del Biombo,Palacio,Centro,40.415962,-3.711506
1579,Plaza del Comandante las Morenas,Palacio,Centro,40.416217,-3.708785
1580,Plaza del Conde de Barajas,Palacio,Centro,40.414581,-3.708722
1581,Plaza del Conde de Miranda,Palacio,Centro,40.41475,-3.709615
1582,Plaza del Cordón,Palacio,Centro,40.414239,-3.710233
1583,Plaza del Granado,Palacio,Centro,40.412772,-3.712794
1584,Plaza del Humilladero,Palacio,Centro,40.411796,-3.710658
1585,Ronda de Segovia,Palacio,Centro,40.409308,-3.717086
1586,Travesía de las Vistillas,Palacio,Centro,40.411508,-3.714447
1587,Travesía de los Señores de Luzón,Palacio,Centro,40.416126,-3.711017
1588,Travesía del Almendro,Palacio,Centro,40.413156,-3.70914
1589,Travesía del Biombo,Palacio,Centro,40.415833,-3.711681
1590,Travesía del Conde,Palacio,Centro,40.413756,-3.710878
1591,Travesía del Reloj,Palacio,Centro,40.422158,-3.711433
1592,Calle Imperial,Sol,Centro,40.414594,-3.707078
1593,Calle Mayor,Sol,Centro,40.415989,-3.708453
1594,Calle de Barcelona,Sol,Centro,40.415437,-3.702586
1595,Calle de Chinchilla,Sol,Centro,40.419528,-3.703814
1596,Calle de Ciudad Rodrigo,Sol,Centro,40.415744,-3.708361
1597,Calle de Cádiz,Sol,Centro,40.41581,-3.702864
1598,Calle de Esparteros,Sol,Centro,40.415735,-3.705251
1599,Calle de Espoz y Mina,Sol,Centro,40.415436,-3.702381
1600,Calle de Felipe Iii,Sol,Centro,40.416022,-3.706881
1601,Calle de Francisco Piquer,Sol,Centro,40.417864,-3.707129
1602,Calle de Galdo,Sol,Centro,40.418,-3.704342
1603,Calle de Gerona,Sol,Centro,40.415122,-3.706408
1604,Calle de Jacometrezo,Sol,Centro,40.420125,-3.707158
1605,Calle de Mesonero Romanos,Sol,Centro,40.419647,-3.704282
1606,Calle de Preciados,Sol,Centro,40.418911,-3.705282
1607,Calle de Rompelanzas,Sol,Centro,40.418822,-3.705008
1608,Calle de San Alberto,Sol,Centro,40.418285,-3.702825
1609,Calle de San Cristóbal,Sol,Centro,40.415836,-3.705692
1610,Calle de San Felipe Neri,Sol,Centro,40.416306,-3.708228
1611,Calle de San Martín,Sol,Centro,40.417692,-3.707
1612,Calle de San Ricardo,Sol,Centro,40.416072,-3.703731
1613,Calle de Santo Tomás,Sol,Centro,40.41431,-3.705543
1614,Calle de Tetuán,Sol,Centro,40.417568,-3.703701
1615,Calle de Trujillos,Sol,Centro,40.41861,-3.707488
1616,Calle de Zaragoza,Sol,Centro,40.415336,-3.706225
1617,Calle de el Salvador,Sol,Centro,40.414203,-3.706461
1618,Calle de la Abada,Sol,Centro,40.419279,-3.704235
1619,Calle de la Aduana,Sol,Centro,40.41835,-3.701207
1620,Calle de la Bolsa,Sol,Centro,40.414892,-3.70485
1621,Calle de la Cava de San Miguel,Sol,Centro,40.415201,-3.708347
1622,Calle de la Escalerilla de Piedra,Sol,Centro,40.414885,-3.708075
1623,Calle de la Flora,Sol,Centro,40.418269,-3.707794
1624,Calle de la Fresa,Sol,Centro,40.415156,-3.706049
1625,Calle de la Lechuga,Sol,Centro,40.414353,-3.706711
1626,Calle de la Misericordia,Sol,Centro,40.418097,-3.705814
1627,Calle de la Montera,Sol,Centro,40.418464,-3.702414
1628,Calle de la Paz,Sol,Centro,40.415394,-3.704199
1629,Calle de la Sal,Sol,Centro,40.4157,-3.706419
1630,Calle de la Salud,Sol,Centro,40.419375,-3.703239
1631,Calle de la Tahona de las Descalzas,Sol,Centro,40.417586,-3.705353
1632,Calle de la Ternera,Sol,Centro,40.419469,-3.707081
1633,Calle de la Victoria,Sol,Centro,40.416086,-3.701672
1634,Calle de las Botoneras,Sol,Centro,40.414893,-3.706767
1635,Calle de las Carretas,Sol,Centro,40.415764,-3.703167
1636,Calle de las Conchas,Sol,Centro,40.418917,-3.707786
1637,Calle de las Hileras,Sol,Centro,40.417333,-3.708008
1638,Calle de las Navas de Tolosa,Sol,Centro,40.419164,-3.706661
1639,Calle de las Postas,Sol,Centro,40.415903,-3.7059
1640,Calle de las Tres Cruces,Sol,Centro,40.419429,-3.702793
1641,Calle de las Veneras,Sol,Centro,40.41939,-3.70755
1642,Calle de los Bordadores,Sol,Centro,40.416733,-3.707508
1643,Calle de los Coloreros,Sol,Centro,40.416574,-3.707004
1644,Calle de los Cuchilleros,Sol,Centro,40.414293,-3.708088
1645,Calle de los Donados,Sol,Centro,40.418003,-3.708326
1646,Calle de los Jardínes,Sol,Centro,40.418956,-3.700789
1647,Calle de los Latoneros,Sol,Centro,40.414006,-3.707839
1648,Calle de los Tintoreros,Sol,Centro,40.413642,-3.707794
1649,Calle del Arco del Triunfo,Sol,Centro,40.415961,-3.707654
1650,Calle del Arenal,Sol,Centro,40.417289,-3.706488
1651,Calle del Caballero de Gracia,Sol,Centro,40.419281,-3.699958
1652,Calle del Carmen,Sol,Centro,40.418471,-3.704489
1653,Calle del Correo,Sol,Centro,40.4163,-3.704289
1654,Calle del Maestro Victoria,Sol,Centro,40.418325,-3.70535
1655,Calle del Marqués Viudo de Pontejos,Sol,Centro,40.415708,-3.705525
1656,Calle del Postigo de San Martín,Sol,Centro,40.419189,-3.706128
1657,Calle del Pozo,Sol,Centro,40.416289,-3.701197
1658,Calle del Siete de Julio,Sol,Centro,40.415875,-3.707922
1659,Callejón de Preciados,Sol,Centro,40.418176,-3.705104
1660,Costanilla de los Ángeles,Sol,Centro,40.418828,-3.708203
1661,Pasadizo de San Ginés,Sol,Centro,40.416951,-3.706736
1662,Pasaje de Mathéu,Sol,Centro,40.416111,-3.701996
1663,Plaza Mayor,Sol,Centro,40.4154,-3.707997
1664,Plaza de Celenque,Sol,Centro,40.417361,-3.705881
1665,Plaza de Jacinto Benavente,Sol,Centro,40.41459,-3.703594
1666,Plaza de Pontejos,Sol,Centro,40.415872,-3.704464
1667,Plaza de San Ginés,Sol,Centro,40.416753,-3.707128
1668,Plaza de San Martín,Sol,Centro,40.418469,-3.70705
1669,Plaza de Santa Catalina de los Donados,Sol,Centro,40.4182,-3.708283
1670,Plaza de Santa Cruz,Sol,Centro,40.415158,-3.705733
1671,Plaza de la Provincia,Sol,Centro,40.414925,-3.706236
1672,Plaza de la Puerta del Sol,Sol,Centro,40.41685,-3.702856
1673,Plaza de las Descalzas,Sol,Centro,40.418018,-3.706178
1674,Plaza del Callao,Sol,Centro,40.41985,-3.705558
1675,Plaza del Carmen,Sol,Centro,40.418803,-3.702875
1676,Travesía de Bringas,Sol,Centro,40.415631,-3.708631
1677,Travesía de los Trujillos,Sol,Centro,40.418583,-3.707236
1678,Travesía del Arenal,Sol,Centro,40.416725,-3.705833
1679,Calle Gran Vía,Universidad,Centro,40.420386,-3.704824
1680,Calle de Amaniel,Universidad,Centro,40.42674,-3.709371
1681,Calle de Andrés Borrego,Universidad,Centro,40.423431,-3.706639
1682,Calle de Antonio Grilo,Universidad,Centro,40.423461,-3.708183
1683,Calle de Baltasar Gracián,Universidad,Centro,40.429597,-3.710481
1684,Calle de Bernardo López García,Universidad,Centro,40.426496,-3.709814
1685,Calle de Carranza,Universidad,Centro,40.429272,-3.704025
1686,Calle de Casto Plasencia,Universidad,Centro,40.424585,-3.705554
1687,Calle de Colón,Universidad,Centro,40.423807,-3.70129
1688,Calle de Concepción Arenal,Universidad,Centro,40.420681,-3.704725
1689,Calle de Daoíz,Universidad,Centro,40.427072,-3.705031
1690,Calle de Don Felipe,Universidad,Centro,40.424525,-3.70265
1691,Calle de García Molinas,Universidad,Centro,40.422586,-3.708867
1692,Calle de Gonzalo Jiménez de Quesada,Universidad,Centro,40.420453,-3.702983
1693,Calle de Jesús del Valle,Universidad,Centro,40.424603,-3.704017
1694,Calle de Juan de Dios,Universidad,Centro,40.42554,-3.710032
1695,Calle de Loreto y Chicote,Universidad,Centro,40.421557,-3.704015
1696,Calle de Manuel,Universidad,Centro,40.426172,-3.711792
1697,Calle de Manuela Malasaña,Universidad,Centro,40.428694,-3.70415
1698,Calle de Miguel Moya,Universidad,Centro,40.420758,-3.705564
1699,Calle de Monteleón,Universidad,Centro,40.429108,-3.704742
1700,Calle de Montserrat,Universidad,Centro,40.427958,-3.708344
1701,Calle de Muñoz Torrero,Universidad,Centro,40.421008,-3.702519
1702,Calle de Nao,Universidad,Centro,40.421925,-3.703997
1703,Calle de Pizarro,Universidad,Centro,40.423087,-3.705917
1704,Calle de Ponciano,Universidad,Centro,40.425347,-3.709653
1705,Calle de Quiñones,Universidad,Centro,40.427408,-3.707694
1706,Calle de Ricardo León,Universidad,Centro,40.423006,-3.709339
1707,Calle de Ruiz,Universidad,Centro,40.428482,-3.703801
1708,Calle de San Andrés,Universidad,Centro,40.427369,-3.703567
1709,Calle de San Bernardino,Universidad,Centro,40.425247,-3.710608
1710,Calle de San Bernardo,Universidad,Centro,40.426831,-3.706681
1711,Calle de San Dimas,Universidad,Centro,40.427472,-3.707518
1712,Calle de San Hermenegildo,Universidad,Centro,40.428356,-3.707697
1713,Calle de San Ignacio de Loyola,Universidad,Centro,40.423832,-3.709653
1714,Calle de San Joaquín,Universidad,Centro,40.424622,-3.701369
1715,Calle de San Leonardo,Universidad,Centro,40.424903,-3.710778
1716,Calle de San Onofre,Universidad,Centro,40.421479,-3.701535
1717,Calle de San Roque,Universidad,Centro,40.422392,-3.704978
1718,Calle de San Vicente Ferrer,Universidad,Centro,40.425868,-3.704756
1719,Calle de Santa Bárbara,Universidad,Centro,40.424242,-3.701261
1720,Calle de Santa Cruz de Marcenado,Universidad,Centro,40.428968,-3.70991
1721,Calle de Santa Lucía,Universidad,Centro,40.425778,-3.705044
1722,Calle de Serrano Jover,Universidad,Centro,40.429658,-3.714347
1723,Calle de Silva,Universidad,Centro,40.421256,-3.706414
1724,Calle de Valverde,Universidad,Centro,40.4223,-3.701736
1725,Calle de Velarde,Universidad,Centro,40.426792,-3.702686
1726,Calle de el Escorial,Universidad,Centro,40.42395,-3.703339
1727,Calle de la Ballesta,Universidad,Centro,40.421804,-3.703446
1728,Calle de la Corredera Alta de San Pablo,Universidad,Centro,40.425428,-3.701882
1729,Calle de la Corredera Baja de San Pablo,Universidad,Centro,40.422656,-3.703708
1730,Calle de la Cruz Verde,Universidad,Centro,40.423647,-3.707111
1731,Calle de la Estrella,Universidad,Centro,40.422253,-3.706569
1732,Calle de la Flor Alta,Universidad,Centro,40.421639,-3.707014
1733,Calle de la Galería de Robles,Universidad,Centro,40.428158,-3.704475
1734,Calle de la Luna,Universidad,Centro,40.422342,-3.706094
1735,Calle de la Madera,Universidad,Centro,40.423839,-3.704044
1736,Calle de la Manzana,Universidad,Centro,40.423943,-3.708343
1737,Calle de la Palma,Universidad,Centro,40.426444,-3.705067
1738,Calle de la Puebla,Universidad,Centro,40.422136,-3.702906
1739,Calle de las Minas,Universidad,Centro,40.424719,-3.706024
1740,Calle de las Negras,Universidad,Centro,40.426403,-3.712489
1741,Calle de las Pozas,Universidad,Centro,40.424972,-3.706631
1742,Calle de los Dos Amigos,Universidad,Centro,40.424656,-3.710314
1743,Calle de los Libreros,Universidad,Centro,40.421767,-3.706511
1744,Calle de los Mártires de Alcalá,Universidad,Centro,40.428222,-3.713233
1745,Calle de los Reyes,Universidad,Centro,40.424072,-3.709569
1746,Calle de los Tudescos,Universidad,Centro,40.421064,-3.705689
1747,Calle del Acuerdo,Universidad,Centro,40.427556,-3.708114
1748,Calle del Barco,Universidad,Centro,40.422458,-3.702525
1749,Calle del Conde Duque,Universidad,Centro,40.427875,-3.710201
1750,Calle del Cristo,Universidad,Centro,40.426911,-3.710053
1751,Calle del Desengaño,Universidad,Centro,40.420917,-3.703326
1752,Calle del Divino Pastor,Universidad,Centro,40.427654,-3.704104
1753,Calle del Dos de Mayo,Universidad,Centro,40.426139,-3.704197
1754,Calle del Duque de Liria,Universidad,Centro,40.426017,-3.712247
1755,Calle del Duque de Osuna,Universidad,Centro,40.425122,-3.711874
1756,Calle del Espíritu Santo,Universidad,Centro,40.425475,-3.704347
1757,Calle del General Mitre,Universidad,Centro,40.423331,-3.70979
1758,Calle del Limón,Universidad,Centro,40.426565,-3.710467
1759,Calle del Maestro Guerrero,Universidad,Centro,40.424283,-3.710635
1760,Calle del Marqués de Leganés,Universidad,Centro,40.422108,-3.706994
1761,Calle del Marqués de Santa Ana,Universidad,Centro,40.424639,-3.7046
1762,Calle del Molino de Viento,Universidad,Centro,40.423736,-3.703192
1763,Calle del Norte,Universidad,Centro,40.426525,-3.707306
1764,Calle del Noviciado,Universidad,Centro,40.425667,-3.708247
1765,Calle del Pez,Universidad,Centro,40.42385,-3.70555
1766,Calle del Seminario de Nobles,Universidad,Centro,40.428106,-3.713886
1767,Calle del Tesoro,Universidad,Centro,40.425047,-3.705217
1768,Calle del Álamo,Universidad,Centro,40.423894,-3.709011
1769,Costanilla de San Vicente,Universidad,Centro,40.426217,-3.705724
1770,Glorieta de Ruiz Jiménez,Universidad,Centro,40.429551,-3.705565
1771,Plaza de Carlos Cambronero,Universidad,Centro,40.423199,-3.704047
1772,Plaza de Cristino Martos,Universidad,Centro,40.425651,-3.711853
1773,Plaza de San Ildefonso,Universidad,Centro,40.424036,-3.702244
1774,Plaza de Santa María Soledad Torres Acosta,Universidad,Centro,40.421501,-3.705269
1775,Plaza de las Comendadoras,Universidad,Centro,40.427072,-3.708767
1776,Plaza de los Guardias de Corps,Universidad,Centro,40.426949,-3.710492
1777,Plaza de los Mostenses,Universidad,Centro,40.423558,-3.708733
1778,Plaza del Conde de Toreno,Universidad,Centro,40.424589,-3.709272
1779,Plaza del Dos de Mayo,Universidad,Centro,40.427167,-3.704247
1780,Plaza del Rastrillo,Universidad,Centro,40.425181,-3.703967
1781,Travesía de la Cruz Verde,Universidad,Centro,40.423867,-3.707235
1782,Travesía de la Parada,Universidad,Centro,40.422856,-3.70806
1783,Travesía de las Beatas,Universidad,Centro,40.423194,-3.708133
1784,Travesía de las Pozas,Universidad,Centro,40.425108,-3.706997
1785,Travesía del Conde Duque,Universidad,Centro,40.426106,-3.71041
1786,Travesía del Horno de la Mata,Universidad,Centro,40.420804,-3.704283
1787,Avenida de Burgos,Castilla,Chamartín,40.477303,-3.675369
1788,Avenida del Recuerdo,Castilla,Chamartín,40.46805,-3.681489
1789,Calle de Agustín de Foxá,Castilla,Chamartín,40.469864,-3.685681
1790,Calle de Alberto León Peralta,Castilla,Chamartín,40.469615,-3.681461
1791,Calle de Alfambra,Castilla,Chamartín,40.474551,-3.683958
1792,Calle de Carmen Sánchez Carrascosa,Castilla,Chamartín,40.468983,-3.687497
1793,Calle de Consuegra,Castilla,Chamartín,40.474906,-3.676417
1794,Calle de Daniel Vázquez Díaz,Castilla,Chamartín,40.475036,-3.686008
1795,Calle de Dolores Sánchez Carrascosa,Castilla,Chamartín,40.467942,-3.678758
1796,Calle de Enrique Larreta,Castilla,Chamartín,40.467647,-3.686519
1797,Calle de Esteban Terradas,Castilla,Chamartín,40.469278,-3.685193
1798,Calle de Fernández Silvestre,Castilla,Chamartín,40.475092,-3.683961
1799,Calle de José Bardasano Baos,Castilla,Chamartín,40.46821,-3.672429
1800,Calle de José Vasconcelos,Castilla,Chamartín,40.470944,-3.685694
1801,Calle de Manuel Caldeiro,Castilla,Chamartín,40.476428,-3.684925
1802,Calle de Manuel Ferrero,Castilla,Chamartín,40.468603,-3.684378
1803,Calle de Mauricio Legendre,Castilla,Chamartín,40.472958,-3.684914
1804,Calle de Mauricio Ravel,Castilla,Chamartín,40.472226,-3.6849
1805,Calle de Nuestra Señora de las Angustias,Castilla,Chamartín,40.468572,-3.681061
1806,Calle de Núñez Morgado,Castilla,Chamartín,40.468328,-3.685533
1807,Calle de Pablo Luna,Castilla,Chamartín,40.478385,-3.684367
1808,Calle de Pastora Imperio,Castilla,Chamartín,40.481871,-3.674517
1809,Calle de Poniente,Castilla,Chamartín,40.468889,-3.681903
1810,Calle de Rafael Herrera,Castilla,Chamartín,40.46771,-3.685742
1811,Calle de Rodríguez Jaén,Castilla,Chamartín,40.468586,-3.684086
1812,Calle de San Ramón Nonato,Castilla,Chamartín,40.469647,-3.687325
1813,Calle de Santa Magdalena Sofía,Castilla,Chamartín,40.468778,-3.676744
1814,Calle de la Buganvilla,Castilla,Chamartín,40.471612,-3.677586
1815,Calle de la Hiedra,Castilla,Chamartín,40.47026,-3.68201
1816,Calle de la Yuca,Castilla,Chamartín,40.476561,-3.676133
1817,Calle de las Platerías,Castilla,Chamartín,40.46765,-3.678219
1818,Calle de las Viejas,Castilla,Chamartín,40.480306,-3.684417
1819,Calle del Alaterno,Castilla,Chamartín,40.475614,-3.683633
1820,Calle del Bambú,Castilla,Chamartín,40.475253,-3.676796
1821,Calle del Cardenal Marcelo Spínola,Castilla,Chamartín,40.467553,-3.670942
1822,Calle del Conde de Torralba,Castilla,Chamartín,40.478553,-3.684851
1823,Calle del Levante,Castilla,Chamartín,40.469122,-3.680825
1824,Calle del Marqués de Torrelaguna,Castilla,Chamartín,40.473253,-3.686094
1825,Calle del Marqués de Torroja,Castilla,Chamartín,40.470819,-3.675075
1826,Calle del Membrillo,Castilla,Chamartín,40.469857,-3.68139
1827,Calle del Níspero,Castilla,Chamartín,40.469361,-3.681061
1828,Calle del Padre Francisco Palau y Quer,Castilla,Chamartín,40.47315,-3.684361
1829,Calle del Tulipán,Castilla,Chamartín,40.474747,-3.68365
1830,Paseo de Nuestra Señora del Recuerdo,Castilla,Chamartín,40.469319,-3.677328
1831,Plaza Circular,Castilla,Chamartín,40.468656,-3.681611
1832,Plaza de Andrés Manjón,Castilla,Chamartín,40.478485,-3.685107
1833,Plaza de la Infancia,Castilla,Chamartín,40.470239,-3.680819
1834,Plaza del Duque de Pastrana,Castilla,Chamartín,40.468079,-3.67756
1835,Travesía de San Fernando,Castilla,Chamartín,40.467831,-3.678372
1836,Calle Provisional Padre Claret,Ciudad Jardín,Chamartín,40.450889,-3.665925
1837,Calle de Abantos,Ciudad Jardín,Chamartín,40.451653,-3.666303
1838,Calle de Agustín de Rojas,Ciudad Jardín,Chamartín,40.445992,-3.672325
1839,Calle de Aragón,Ciudad Jardín,Chamartín,40.447756,-3.677271
1840,Calle de Benigno Soto,Ciudad Jardín,Chamartín,40.447997,-3.674439
1841,Calle de Cabeza Grande,Ciudad Jardín,Chamartín,40.450803,-3.671672
1842,Calle de Cabeza Reina,Ciudad Jardín,Chamartín,40.450431,-3.670567
1843,Calle de Carlos Pereyra,Ciudad Jardín,Chamartín,40.451258,-3.666136
1844,Calle de Castrejón,Ciudad Jardín,Chamartín,40.452449,-3.670083
1845,Calle de Clavileño,Ciudad Jardín,Chamartín,40.451347,-3.6711
1846,Calle de Cueva Valiente,Ciudad Jardín,Chamartín,40.450582,-3.671081
1847,Calle de Emilio Mario,Ciudad Jardín,Chamartín,40.45041,-3.666353
1848,Calle de Eugenio Salazar,Ciudad Jardín,Chamartín,40.446343,-3.674774
1849,Calle de Fernández de Oviedo,Ciudad Jardín,Chamartín,40.446658,-3.671839
1850,Calle de Gabriel y Galán,Ciudad Jardín,Chamartín,40.451694,-3.669697
1851,Calle de García Luna,Ciudad Jardín,Chamartín,40.446264,-3.674401
1852,Calle de Guerrero y Mendoza,Ciudad Jardín,Chamartín,40.451649,-3.671629
1853,Calle de Gustavo Fernández Balbuena,Ciudad Jardín,Chamartín,40.450481,-3.668222
1854,Calle de Javier Ferrero,Ciudad Jardín,Chamartín,40.448468,-3.6705
1855,Calle de Josep Pla,Ciudad Jardín,Chamartín,40.443392,-3.677567
1856,Calle de Luis Larraínza,Ciudad Jardín,Chamartín,40.450583,-3.670436
1857,Calle de Luis Vives,Ciudad Jardín,Chamartín,40.444169,-3.676117
1858,Calle de López de Hoyos,Ciudad Jardín,Chamartín,40.449858,-3.665517
1859,Calle de Malcampo,Ciudad Jardín,Chamartín,40.445479,-3.674199
1860,Calle de Mantuano,Ciudad Jardín,Chamartín,40.446469,-3.675664
1861,Calle de Marcenado,Ciudad Jardín,Chamartín,40.447144,-3.673339
1862,Calle de Martín Martínez,Ciudad Jardín,Chamartín,40.446853,-3.672783
1863,Calle de Matilde Díez,Ciudad Jardín,Chamartín,40.446047,-3.673315
1864,Calle de Navalafuente,Ciudad Jardín,Chamartín,40.449907,-3.67019
1865,Calle de Nieremberg,Ciudad Jardín,Chamartín,40.447839,-3.671917
1866,Calle de Pantoja,Ciudad Jardín,Chamartín,40.448175,-3.671469
1867,Calle de Pechuán,Ciudad Jardín,Chamartín,40.444597,-3.677028
1868,Calle de Peñalara,Ciudad Jardín,Chamartín,40.450167,-3.669853
1869,Calle de Pradillo,Ciudad Jardín,Chamartín,40.448939,-3.672353
1870,Calle de Pérez Ayuso,Ciudad Jardín,Chamartín,40.447528,-3.674594
1871,Calle de Pérez Herrera,Ciudad Jardín,Chamartín,40.447036,-3.672358
1872,Calle de San Ernesto,Ciudad Jardín,Chamartín,40.449206,-3.675261
1873,Calle de Saturnino Calleja,Ciudad Jardín,Chamartín,40.448633,-3.669289
1874,Calle de Suero de Quiñones,Ciudad Jardín,Chamartín,40.445003,-3.676356
1875,Calle de Sánchez Pacheco,Ciudad Jardín,Chamartín,40.447643,-3.672169
1876,Calle de Valdelamasa,Ciudad Jardín,Chamartín,40.450983,-3.671519
1877,Calle de Vinaroz,Ciudad Jardín,Chamartín,40.446522,-3.676322
1878,Calle de la Atalaya,Ciudad Jardín,Chamartín,40.450372,-3.670825
1879,Calle de la Charca Verde,Ciudad Jardín,Chamartín,40.450185,-3.672218
1880,Calle de la Condesa de Santamarca,Ciudad Jardín,Chamartín,40.4497,-3.672522
1881,Calle de la Flecha,Ciudad Jardín,Chamartín,40.449928,-3.671278
1882,Calle de la Pedriza,Ciudad Jardín,Chamartín,40.451781,-3.666744
1883,Calle de la Peñota,Ciudad Jardín,Chamartín,40.45165,-3.666011
1884,Calle de las Campanillas,Ciudad Jardín,Chamartín,40.450311,-3.669906
1885,Calle de las Gargantas,Ciudad Jardín,Chamartín,40.45085,-3.670231
1886,Calle de los Guaramillos,Ciudad Jardín,Chamartín,40.451172,-3.670387
1887,Calle de los Siete Picos,Ciudad Jardín,Chamartín,40.451022,-3.670251
1888,Calle del Doctor Marco Corera,Ciudad Jardín,Chamartín,40.449875,-3.676972
1889,Calle del General Zabala,Ciudad Jardín,Chamartín,40.443747,-3.675994
1890,Calle del Marqués de Santillana,Ciudad Jardín,Chamartín,40.448971,-3.67571
1891,Calle del Pico del Águila,Ciudad Jardín,Chamartín,40.450642,-3.671567
1892,Calle del Pinarillo,Ciudad Jardín,Chamartín,40.450253,-3.671414
1893,Calle del Refugio,Ciudad Jardín,Chamartín,40.450039,-3.669653
1894,Calle del Reventón,Ciudad Jardín,Chamartín,40.450083,-3.671386
1895,Calle del Risco del Pájaro,Ciudad Jardín,Chamartín,40.450468,-3.670031
1896,Plaza de Andrés Segovia,Ciudad Jardín,Chamartín,40.445239,-3.677742
1897,Plaza de Joaquín Rodrigo,Ciudad Jardín,Chamartín,40.445489,-3.676928
1898,Plaza de Rodolfo y Ernesto Halffter,Ciudad Jardín,Chamartín,40.446569,-3.677603
1899,Plaza de la Charca Verde,Ciudad Jardín,Chamartín,40.450872,-3.672942
1900,Plaza de la Prosperidad,Ciudad Jardín,Chamartín,40.444308,-3.674989
1901,Plaza del Sagrado Corazón de Jesús,Ciudad Jardín,Chamartín,40.444997,-3.677235
1902,Plaza del Somorrostro,Ciudad Jardín,Chamartín,40.450192,-3.672767
1903,Avenida del Doctor Arce,El Viso,Chamartín,40.446589,-3.681758
1904,Calle de Alfonso Rodríguez Santamaría,El Viso,Chamartín,40.44951,-3.685093
1905,Calle de Antonio Pérez,El Viso,Chamartín,40.441981,-3.681147
1906,Calle de Antonio Rodríguez Villa,El Viso,Chamartín,40.443742,-3.681678
1907,Calle de Armando Palacio Valdés,El Viso,Chamartín,40.450206,-3.686969
1908,Calle de Balbina Valverde,El Viso,Chamartín,40.447907,-3.688931
1909,Calle de Belalcázar,El Viso,Chamartín,40.444099,-3.689724
1910,Calle de Carbonero y Sol,El Viso,Chamartín,40.444767,-3.688069
1911,Calle de Castellón de la Plana,El Viso,Chamartín,40.44045,-3.684517
1912,Calle de Daniel Urrabieta,El Viso,Chamartín,40.447897,-3.686811
1913,Calle de Durán,El Viso,Chamartín,40.445197,-3.680472
1914,Calle de Edison,El Viso,Chamartín,40.439493,-3.680825
1915,Calle de Eduardo del Palacio,El Viso,Chamartín,40.446617,-3.689183
1916,Calle de Emilio Campión,El Viso,Chamartín,40.446012,-3.679265
1917,Calle de Estévez,El Viso,Chamartín,40.447081,-3.679201
1918,Calle de Felipe Campos,El Viso,Chamartín,40.443358,-3.680497
1919,Calle de Felipe Pérez y González,El Viso,Chamartín,40.445283,-3.687443
1920,Calle de Francisco Alcántara,El Viso,Chamartín,40.447981,-3.686262
1921,Calle de Francisco Campos,El Viso,Chamartín,40.443822,-3.680206
1922,Calle de Francisco de Asís Méndez Casariego,El Viso,Chamartín,40.449117,-3.686807
1923,Calle de Franco,El Viso,Chamartín,40.444588,-3.681571
1924,Calle de Fray Juan Gil,El Viso,Chamartín,40.449836,-3.686469
1925,Calle de Gabriel Lobo,El Viso,Chamartín,40.443256,-3.6803
1926,Calle de Gallarza,El Viso,Chamartín,40.445742,-3.680576
1927,Calle de Grijalba,El Viso,Chamartín,40.444181,-3.689025
1928,Calle de Gutiérrez Solana,El Viso,Chamartín,40.450597,-3.688267
1929,Calle de Gómez Cano,El Viso,Chamartín,40.44645,-3.678922
1930,Calle de Gómez Ortega,El Viso,Chamartín,40.445733,-3.680018
1931,Calle de Hermenegilda Martínez,El Viso,Chamartín,40.44415,-3.679756
1932,Calle de Joaquín Costa,El Viso,Chamartín,40.444551,-3.684721
1933,Calle de Joaquín Montes Jovellar,El Viso,Chamartín,40.444453,-3.681
1934,Calle de Jorge Manrique,El Viso,Chamartín,40.443501,-3.68901
1935,Calle de José Gutiérrez Abascal,El Viso,Chamartín,40.440425,-3.690347
1936,Calle de Juan de la Cierva,El Viso,Chamartín,40.442819,-3.684919
1937,Calle de Luis Muriel,El Viso,Chamartín,40.448729,-3.687758
1938,Calle de Lóriga,El Viso,Chamartín,40.444856,-3.680793
1939,Calle de Marceliano Santa María,El Viso,Chamartín,40.451092,-3.688424
1940,Calle de María Francisca,El Viso,Chamartín,40.444547,-3.679431
1941,Calle de Nielfa,El Viso,Chamartín,40.441058,-3.680122
1942,Calle de Oquendo,El Viso,Chamartín,40.440597,-3.684506
1943,Calle de Pablo Aranda,El Viso,Chamartín,40.441886,-3.684231
1944,Calle de Pedro de Valdivia,El Viso,Chamartín,40.439258,-3.683944
1945,Calle de Recaredo,El Viso,Chamartín,40.441383,-3.68031
1946,Calle de Rodríguez Marín,El Viso,Chamartín,40.44705,-3.679994
1947,Calle de Roncal,El Viso,Chamartín,40.450322,-3.680782
1948,Calle de San Juan de la Salle,El Viso,Chamartín,40.451283,-3.689239
1949,Calle de San Julio,El Viso,Chamartín,40.442031,-3.680356
1950,Calle de Santiago Artigas,El Viso,Chamartín,40.446896,-3.688868
1951,Calle de Santiago Bernabéu,El Viso,Chamartín,40.450367,-3.689211
1952,Calle de Santo Domingo de Silos,El Viso,Chamartín,40.451075,-3.687622
1953,Calle de Santorcaz,El Viso,Chamartín,40.442633,-3.679992
1954,Calle de Serrano,El Viso,Chamartín,40.438893,-3.686344
1955,Calle de Vitruvio,El Viso,Chamartín,40.443806,-3.687375
1956,Calle de la Madre Carmen del Niño Jesús,El Viso,Chamartín,40.450975,-3.6809
1957,Calle de las Caleras,El Viso,Chamartín,40.447296,-3.679139
1958,Calle de los Hermanos Pinzón,El Viso,Chamartín,40.449064,-3.689989
1959,Calle de Álvarez de Baena,El Viso,Chamartín,40.438467,-3.689103
1960,Calle del Arga,El Viso,Chamartín,40.449183,-3.681267
1961,Calle del Aviador Lindbergh,El Viso,Chamartín,40.442453,-3.679558
1962,Calle del Bidasoa,El Viso,Chamartín,40.447733,-3.682306
1963,Calle del Cidacos,El Viso,Chamartín,40.451086,-3.682814
1964,Calle del Cinca,El Viso,Chamartín,40.449564,-3.680461
1965,Calle del Darro,El Viso,Chamartín,40.449581,-3.685911
1966,Calle del Duque de Sevilla,El Viso,Chamartín,40.442238,-3.679878
1967,Calle del Ebro,El Viso,Chamartín,40.449056,-3.682536
1968,Calle del Ega,El Viso,Chamartín,40.448847,-3.681561
1969,Calle del Eresma,El Viso,Chamartín,40.447394,-3.685497
1970,Calle del Genil,El Viso,Chamartín,40.448742,-3.680942
1971,Calle del Guadalquivir,El Viso,Chamartín,40.446942,-3.687228
1972,Calle del Guadiana,El Viso,Chamartín,40.448035,-3.684981
1973,Calle del Helecho,El Viso,Chamartín,40.445494,-3.681881
1974,Calle del Henares,El Viso,Chamartín,40.448706,-3.684578
1975,Calle del Irati,El Viso,Chamartín,40.448506,-3.681825
1976,Calle del Jarama,El Viso,Chamartín,40.450042,-3.68344
1977,Calle del Leizarán,El Viso,Chamartín,40.448138,-3.682151
1978,Calle del Lérez,El Viso,Chamartín,40.449228,-3.6847
1979,Calle del Maestro Ripoll,El Viso,Chamartín,40.443394,-3.689617
1980,Calle del Marqués de Valdecilla,El Viso,Chamartín,40.445342,-3.679997
1981,Calle del Miño,El Viso,Chamartín,40.447929,-3.683176
1982,Calle del Nervión,El Viso,Chamartín,40.446614,-3.683322
1983,Calle del Oria,El Viso,Chamartín,40.447138,-3.682712
1984,Calle del Pinar,El Viso,Chamartín,40.438111,-3.688053
1985,Calle del Pisuerga,El Viso,Chamartín,40.44946,-3.683551
1986,Calle del Príncipe de Vergara,El Viso,Chamartín,40.438211,-3.678979
1987,Calle del Puente del Duero,El Viso,Chamartín,40.445329,-3.686699
1988,Calle del Segre,El Viso,Chamartín,40.450835,-3.683846
1989,Calle del Sil,El Viso,Chamartín,40.448486,-3.682353
1990,Calle del Tajo,El Viso,Chamartín,40.448737,-3.682653
1991,Calle del Tambre,El Viso,Chamartín,40.447344,-3.68626
1992,Calle del Tormes,El Viso,Chamartín,40.449381,-3.683719
1993,Calle del Turia,El Viso,Chamartín,40.451356,-3.682242
1994,Calle del Urola,El Viso,Chamartín,40.447403,-3.682453
1995,Calle del Urumea,El Viso,Chamartín,40.446783,-3.682778
1996,Glorieta de López de Hoyos,El Viso,Chamartín,40.440558,-3.680497
1997,Pasaje de Lóriga,El Viso,Chamartín,40.4443,-3.680331
1998,Plaza de Carlos María de Castro,El Viso,Chamartín,40.439138,-3.68296
1999,Plaza de Cataluña,El Viso,Chamartín,40.448922,-3.678685
2000,Plaza de José Castillejo,El Viso,Chamartín,40.446428,-3.679656
2001,Plaza de María Guerrero,El Viso,Chamartín,40.448239,-3.687494
2002,Plaza de la República Argentina,El Viso,Chamartín,40.445186,-3.685549
2003,Plaza de los Sagrados Corazónes,El Viso,Chamartín,40.451821,-3.685904
2004,Plaza del Poeta Manuel del Palacio,El Viso,Chamartín,40.446921,-3.689326
2005,Avenida de Concha Espina,Hispanoamérica,Chamartín,40.451903,-3.683828
2006,Avenida de Ramón y Cajal,Hispanoamérica,Chamartín,40.452321,-3.670074
2007,Avenida de los Alhelíes,Hispanoamérica,Chamartín,40.454931,-3.665478
2008,Avenida del Aster,Hispanoamérica,Chamartín,40.457086,-3.665969
2009,Avenida del Levante,Hispanoamérica,Chamartín,40.457704,-3.66485
2010,Calle Cuarta,Hispanoamérica,Chamartín,40.455267,-3.6689
2011,Calle Décima,Hispanoamérica,Chamartín,40.456078,-3.668396
2012,Calle Novena,Hispanoamérica,Chamartín,40.455394,-3.669222
2013,Calle Octava,Hispanoamérica,Chamartín,40.455164,-3.667306
2014,Calle Primera,Hispanoamérica,Chamartín,40.454383,-3.668942
2015,Calle Sexta,Hispanoamérica,Chamartín,40.455046,-3.669511
2016,Calle Tercera,Hispanoamérica,Chamartín,40.454769,-3.668231
2017,Calle Transversal,Hispanoamérica,Chamartín,40.457262,-3.665181
2018,Calle Undécima,Hispanoamérica,Chamartín,40.456469,-3.668364
2019,Calle de Bolivia,Hispanoamérica,Chamartín,40.457846,-3.677838
2020,Calle de Chile,Hispanoamérica,Chamartín,40.456676,-3.675858
2021,Calle de Cochabamba,Hispanoamérica,Chamartín,40.455711,-3.680617
2022,Calle de Colombia,Hispanoamérica,Chamartín,40.457051,-3.673097
2023,Calle de Costa Rica,Hispanoamérica,Chamartín,40.458417,-3.673086
2024,Calle de Crevillente,Hispanoamérica,Chamartín,40.453336,-3.685383
2025,Calle de Federico García Sanchíz,Hispanoamérica,Chamartín,40.457107,-3.682201
2026,Calle de Fernán Núñez,Hispanoamérica,Chamartín,40.456833,-3.669236
2027,Calle de Fuente del Saz,Hispanoamérica,Chamartín,40.453668,-3.680235
2028,Calle de Herreros de Tejada,Hispanoamérica,Chamartín,40.454325,-3.681419
2029,Calle de José Lázaro Galdiano,Hispanoamérica,Chamartín,40.457557,-3.686547
2030,Calle de Manuel de Falla,Hispanoamérica,Chamartín,40.455356,-3.688186
2031,Calle de Móstoles,Hispanoamérica,Chamartín,40.452717,-3.668006
2032,Calle de Nicaragua,Hispanoamérica,Chamartín,40.457724,-3.673072
2033,Calle de Oruro,Hispanoamérica,Chamartín,40.455412,-3.678936
2034,Calle de Panamá,Hispanoamérica,Chamartín,40.456464,-3.688039
2035,Calle de Pardo Bazán,Hispanoamérica,Chamartín,40.452733,-3.671078
2036,Calle de Potosí,Hispanoamérica,Chamartín,40.45691,-3.679133
2037,Calle de Puerto Rico,Hispanoamérica,Chamartín,40.454486,-3.674208
2038,Calle de Rafael Salgado,Hispanoamérica,Chamartín,40.454501,-3.688157
2039,Calle de Ramón de Santillán,Hispanoamérica,Chamartín,40.455511,-3.680264
2040,Calle de Romero Girón,Hispanoamérica,Chamartín,40.456561,-3.682517
2041,Calle de Santolinas,Hispanoamérica,Chamartín,40.454481,-3.665317
2042,Calle de Talavera,Hispanoamérica,Chamartín,40.453422,-3.680814
2043,Calle de Trueba y Fernández,Hispanoamérica,Chamartín,40.454511,-3.679844
2044,Calle de Uruguay,Hispanoamérica,Chamartín,40.45531,-3.673725
2045,Calle de Veracruz,Hispanoamérica,Chamartín,40.457703,-3.682508
2046,Calle de Víctor Andrés Belaúnde,Hispanoamérica,Chamartín,40.455601,-3.679511
2047,Calle de Víctor de la Serna,Hispanoamérica,Chamartín,40.455274,-3.671865
2048,Calle de la Infanta María Teresa,Hispanoamérica,Chamartín,40.454054,-3.680819
2049,Calle de la Lígula,Hispanoamérica,Chamartín,40.457167,-3.683758
2050,Calle de las Calas,Hispanoamérica,Chamartín,40.454872,-3.669056
2051,Calle de las Celindas,Hispanoamérica,Chamartín,40.453981,-3.665731
2052,Calle de las Endrinas,Hispanoamérica,Chamartín,40.456172,-3.665925
2053,Calle de los Condes del Val,Hispanoamérica,Chamartín,40.455978,-3.683435
2054,Calle de los Lirios,Hispanoamérica,Chamartín,40.458354,-3.665728
2055,Calle de los Narcisos,Hispanoamérica,Chamartín,40.454492,-3.666292
2056,Calle de los Tilos,Hispanoamérica,Chamartín,40.45645,-3.664603
2057,Calle de Ángel de Diego Roldán,Hispanoamérica,Chamartín,40.455244,-3.667733
2058,Calle del Acebo,Hispanoamérica,Chamartín,40.45776,-3.665556
2059,Calle del Aralia,Hispanoamérica,Chamartín,40.456644,-3.666121
2060,Calle del Beleño,Hispanoamérica,Chamartín,40.455425,-3.66555
2061,Calle del Doctor Fleming,Hispanoamérica,Chamartín,40.458408,-3.687968
2062,Calle del Eucalipto,Hispanoamérica,Chamartín,40.454556,-3.664178
2063,Calle del Jiloca,Hispanoamérica,Chamartín,40.45245,-3.679758
2064,Calle del Padre Damián,Hispanoamérica,Chamartín,40.45785,-3.685714
2065,Calle del Pintor Ribera,Hispanoamérica,Chamartín,40.453835,-3.668685
2066,Calle del Profesor Waksman,Hispanoamérica,Chamartín,40.456024,-3.688669
2067,Calle del Sauce,Hispanoamérica,Chamartín,40.453181,-3.668661
2068,Paseo de la Castellana,Hispanoamérica,Chamartín,40.456733,-3.689485
2069,Paseo de los Cerezos,Hispanoamérica,Chamartín,40.45445,-3.664989
2070,Paseo de los Jacintos,Hispanoamérica,Chamartín,40.453931,-3.665236
2071,Plaza de Maslama Al-mayriti,Hispanoamérica,Chamartín,40.453112,-3.669867
2072,Plaza de Torrelodones,Hispanoamérica,Chamartín,40.452678,-3.672214
2073,Plaza de Valparaíso,Hispanoamérica,Chamartín,40.454908,-3.680889
2074,Plaza de la República del Ecuador,Hispanoamérica,Chamartín,40.455215,-3.677915
2075,Travesía del Doctor Fleming,Hispanoamérica,Chamartín,40.455597,-3.687786
2076,Avenida de Alberto Alcocer,Nueva España,Chamartín,40.458772,-3.684175
2077,Avenida de Alfonso Xiii,Nueva España,Chamartín,40.457068,-3.667483
2078,Avenida de Pedro Mata,Nueva España,Chamartín,40.465043,-3.67404
2079,Avenida de Pío Xii,Nueva España,Chamartín,40.466803,-3.675567
2080,Avenida de Stuyck,Nueva España,Chamartín,40.465533,-3.673832
2081,Avenida del Comandante Franco,Nueva España,Chamartín,40.465739,-3.674547
2082,Calle de Alfonso Viii,Nueva España,Chamartín,40.467039,-3.676619
2083,Calle de Apolonio Morales,Nueva España,Chamartín,40.463633,-3.681503
2084,Calle de Bermúdez Cañete,Nueva España,Chamartín,40.464861,-3.673322
2085,Calle de Carlos Caamaño,Nueva España,Chamartín,40.464279,-3.669775
2086,Calle de Carlos Maurrás,Nueva España,Chamartín,40.462039,-3.688293
2087,Calle de Daniel,Nueva España,Chamartín,40.466892,-3.684361
2088,Calle de Domingo Fernández,Nueva España,Chamartín,40.459186,-3.682186
2089,Calle de Don Justo,Nueva España,Chamartín,40.464176,-3.672171
2090,Calle de Donoso Montesinos,Nueva España,Chamartín,40.466669,-3.684147
2091,Calle de Enrique Jardiel Poncela,Nueva España,Chamartín,40.460818,-3.670226
2092,Calle de Europa,Nueva España,Chamartín,40.466108,-3.684889
2093,Calle de Federico Salmón,Nueva España,Chamartín,40.461156,-3.668256
2094,Calle de Fernández Cancela,Nueva España,Chamartín,40.464207,-3.674125
2095,Calle de Filipinas,Nueva España,Chamartín,40.466524,-3.683314
2096,Calle de Fivé,Nueva España,Chamartín,40.465906,-3.676939
2097,Calle de Francisco Suárez,Nueva España,Chamartín,40.464793,-3.682811
2098,Calle de Francisco de Goya,Nueva España,Chamartín,40.460908,-3.679808
2099,Calle de Fray Bernardino Sahagún,Nueva España,Chamartín,40.461139,-3.682519
2100,Calle de Félix Boix,Nueva España,Chamartín,40.46325,-3.687454
2101,Calle de Guatemala,Nueva España,Chamartín,40.459439,-3.6732
2102,Calle de Henri Dunant,Nueva España,Chamartín,40.460186,-3.683164
2103,Calle de Honduras,Nueva España,Chamartín,40.459625,-3.680008
2104,Calle de Itálica,Nueva España,Chamartín,40.4608,-3.677906
2105,Calle de Jerez,Nueva España,Chamartín,40.464097,-3.677369
2106,Calle de Joaquín Bau,Nueva España,Chamartín,40.463815,-3.686417
2107,Calle de José Massó,Nueva España,Chamartín,40.459336,-3.678039
2108,Calle de José Rodríguez Pinilla,Nueva España,Chamartín,40.461339,-3.678711
2109,Calle de Juan Hurtado de Mendoza,Nueva España,Chamartín,40.4604,-3.687318
2110,Calle de Juan Ramón Jiménez,Nueva España,Chamartín,40.459401,-3.686918
2111,Calle de Manuel Benedito,Nueva España,Chamartín,40.460919,-3.683614
2112,Calle de Manuel Montilla,Nueva España,Chamartín,40.465301,-3.674229
2113,Calle de María Guilhou,Nueva España,Chamartín,40.466604,-3.677225
2114,Calle de Mateo Inurria,Nueva España,Chamartín,40.467335,-3.682719
2115,Calle de Menéndez Pidal,Nueva España,Chamartín,40.461947,-3.681414
2116,Calle de Nuestra Señora de Luján,Nueva España,Chamartín,40.459128,-3.678889
2117,Calle de Palma del Río,Nueva España,Chamartín,40.46611,-3.68424
2118,Calle de Paraguay,Nueva España,Chamartín,40.459025,-3.671807
2119,Calle de Pedro Muguruza,Nueva España,Chamartín,40.462153,-3.686311
2120,Calle de Prieto Ureña,Nueva España,Chamartín,40.464872,-3.669308
2121,Calle de Ricardo Calvo,Nueva España,Chamartín,40.459275,-3.670306
2122,Calle de Rosa Jardón,Nueva España,Chamartín,40.465671,-3.670297
2123,Calle de San Telmo,Nueva España,Chamartín,40.462894,-3.677719
2124,Calle de Santa María Magdalena,Nueva España,Chamartín,40.462858,-3.670654
2125,Calle de Torpedero Tucumán,Nueva España,Chamartín,40.461978,-3.672283
2126,Calle de Torregalindo,Nueva España,Chamartín,40.461839,-3.669293
2127,Calle de Torrelara,Nueva España,Chamartín,40.462354,-3.669368
2128,Calle de Triana,Nueva España,Chamartín,40.462831,-3.676885
2129,Calle de la Bendición de Campos,Nueva España,Chamartín,40.464278,-3.68455
2130,Calle de la Drácena,Nueva España,Chamartín,40.463457,-3.670008
2131,Calle de la Macarena,Nueva España,Chamartín,40.461856,-3.678347
2132,Calle de la Madre de Dios,Nueva España,Chamartín,40.463885,-3.673506
2133,Calle de la Madreselva,Nueva España,Chamartín,40.463472,-3.674167
2134,Calle de la Saxífraga,Nueva España,Chamartín,40.465633,-3.684801
2135,Calle de la Tahona,Nueva España,Chamartín,40.465886,-3.677539
2136,Calle de las Azulinas,Nueva España,Chamartín,40.464125,-3.683711
2137,Calle de las Encinas,Nueva España,Chamartín,40.460978,-3.674292
2138,Calle de las Hortensias,Nueva España,Chamartín,40.464417,-3.674767
2139,Calle de las Lilas,Nueva España,Chamartín,40.46604,-3.683561
2140,Calle de los Caídos de la División Azul,Nueva España,Chamartín,40.467538,-3.675644
2141,Calle de los Cipreses,Nueva España,Chamartín,40.466308,-3.683625
2142,Calle del Abedul,Nueva España,Chamartín,40.465728,-3.681722
2143,Calle del Arenal de Maudes,Nueva España,Chamartín,40.462517,-3.682314
2144,Calle del Arquitecto Gaudí,Nueva España,Chamartín,40.463074,-3.669356
2145,Calle del Bonetero,Nueva España,Chamartín,40.460994,-3.679
2146,Calle del Bosque,Nueva España,Chamartín,40.463369,-3.671147
2147,Calle del Comandante Azcárraga,Nueva España,Chamartín,40.461381,-3.66904
2148,Calle del Crucero 25 de Mayo,Nueva España,Chamartín,40.462611,-3.671756
2149,Calle del General Gallegos,Nueva España,Chamartín,40.460919,-3.686186
2150,Calle del General López Pozas,Nueva España,Chamartín,40.464483,-3.685392
2151,Calle del Maestro Chapí,Nueva España,Chamartín,40.464194,-3.672464
2152,Calle del Maestro Lassalle,Nueva España,Chamartín,40.463828,-3.672267
2153,Calle del Palmito,Nueva España,Chamartín,40.462808,-3.673828
2154,Cuesta del Sagrado Corazón,Nueva España,Chamartín,40.466186,-3.670258
2155,Paseo de la Habana,Nueva España,Chamartín,40.4575,-3.681425
2156,Plaza de José María Soler,Nueva España,Chamartín,40.459258,-3.668886
2157,Plaza de Perú,Nueva España,Chamartín,40.460151,-3.676583
2158,Plaza de la Madre Molas,Nueva España,Chamartín,40.463097,-3.684583
2159,Plaza de la República Dominicana,Nueva España,Chamartín,40.458897,-3.676472
2160,Plaza del Presidente Cárdenas,Nueva España,Chamartín,40.460118,-3.681229
2161,Travesía de San Telmo,Nueva España,Chamartín,40.463376,-3.677079
2162,Travesía de Santa María Magdalena,Nueva España,Chamartín,40.461813,-3.671026
2163,Travesía de las Encinas,Nueva España,Chamartín,40.461578,-3.673756
2164,Travesía de los Hermanos Tercero,Nueva España,Chamartín,40.462731,-3.677228
2165,Calle de Alustante,Prosperidad,Chamartín,40.443053,-3.671083
2166,Calle de Anastasio Aroca,Prosperidad,Chamartín,40.441089,-3.673497
2167,Calle de Antonio Guzmán,Prosperidad,Chamartín,40.442225,-3.674097
2168,Calle de Antonio Salces,Prosperidad,Chamartín,40.445506,-3.670378
2169,Calle de Antonio Zapata,Prosperidad,Chamartín,40.445472,-3.670903
2170,Calle de Anzuola,Prosperidad,Chamartín,40.443047,-3.670864
2171,Calle de Baeza,Prosperidad,Chamartín,40.445653,-3.669242
2172,Calle de Canillas,Prosperidad,Chamartín,40.442997,-3.673647
2173,Calle de Carlos Balenchana,Prosperidad,Chamartín,40.445736,-3.670599
2174,Calle de Chozas de la Sierra,Prosperidad,Chamartín,40.447753,-3.664022
2175,Calle de Clara del Rey,Prosperidad,Chamartín,40.443354,-3.668868
2176,Calle de Daganzo,Prosperidad,Chamartín,40.4417,-3.6727
2177,Calle de Díaz Zorita,Prosperidad,Chamartín,40.449265,-3.664756
2178,Calle de Francisco Giralte,Prosperidad,Chamartín,40.440533,-3.678336
2179,Calle de Francisco Vivancos,Prosperidad,Chamartín,40.4471,-3.663258
2180,Calle de Griñón,Prosperidad,Chamartín,40.438669,-3.677944
2181,Calle de Horcajuelo,Prosperidad,Chamartín,40.439731,-3.67699
2182,Calle de Huelva,Prosperidad,Chamartín,40.449454,-3.665233
2183,Calle de Juan Bautista de Toledo,Prosperidad,Chamartín,40.442817,-3.672975
2184,Calle de Julio López,Prosperidad,Chamartín,40.446472,-3.662969
2185,Calle de Luis Cabrera,Prosperidad,Chamartín,40.443208,-3.674244
2186,Calle de Luis de Salazar,Prosperidad,Chamartín,40.447381,-3.666446
2187,Calle de Martín Machío,Prosperidad,Chamartín,40.447424,-3.663121
2188,Calle de Mataelpino,Prosperidad,Chamartín,40.439747,-3.674436
2189,Calle de Mauro,Prosperidad,Chamartín,40.443693,-3.670757
2190,Calle de Pinilla del Valle,Prosperidad,Chamartín,40.440256,-3.676836
2191,Calle de Ponteareas,Prosperidad,Chamartín,40.443106,-3.670031
2192,Calle de Prádena del Rincón,Prosperidad,Chamartín,40.439011,-3.677419
2193,Calle de Quintiliano,Prosperidad,Chamartín,40.441164,-3.676064
2194,Calle de Ramos Carrión,Prosperidad,Chamartín,40.446547,-3.668781
2195,Calle de Robregordo,Prosperidad,Chamartín,40.449221,-3.665858
2196,Calle de Ros de Olano,Prosperidad,Chamartín,40.444721,-3.672203
2197,Calle de San Fernando del Jarama,Prosperidad,Chamartín,40.439149,-3.676417
2198,Calle de San Nazario,Prosperidad,Chamartín,40.448197,-3.667058
2199,Calle de Santa Hortensia,Prosperidad,Chamartín,40.444969,-3.666272
2200,Calle de Santa María de la Alameda,Prosperidad,Chamartín,40.438994,-3.677954
2201,Calle de Santa Rita,Prosperidad,Chamartín,40.44545,-3.667867
2202,Calle de Sánchez Balderas,Prosperidad,Chamartín,40.445917,-3.662594
2203,Calle de Valdovín,Prosperidad,Chamartín,40.449017,-3.664925
2204,Calle de Zabaleta,Prosperidad,Chamartín,40.442453,-3.673289
2205,Calle de la Constancia,Prosperidad,Chamartín,40.442164,-3.672824
2206,Calle de Ángel Hernández,Prosperidad,Chamartín,40.448108,-3.662919
2207,Calle del Cardenal Silíceo,Prosperidad,Chamartín,40.444417,-3.670406
2208,Calle del Corazón de María,Prosperidad,Chamartín,40.444636,-3.667053
2209,Calle del Padre Claret,Prosperidad,Chamartín,40.448018,-3.664626
2210,Calle del Padre Indalecio Hernández,Prosperidad,Chamartín,40.43931,-3.675592
2211,Calle del Padre Jesús Ordoñez,Prosperidad,Chamartín,40.4412,-3.677481
2212,Calle del Padre Xifré,Prosperidad,Chamartín,40.439969,-3.672896
2213,Calle del Poeta Claudio Rodríguez,Prosperidad,Chamartín,40.440975,-3.671681
2214,Pasaje de Camarma de Esteruelas,Prosperidad,Chamartín,40.439417,-3.677153
2215,Pasaje de Campo Real,Prosperidad,Chamartín,40.44044,-3.676032
2216,Pasaje de Collado Villalba,Prosperidad,Chamartín,40.439215,-3.676949
2217,Pasaje de Dolores,Prosperidad,Chamartín,40.448367,-3.66355
2218,Pasaje de Doña Carlota,Prosperidad,Chamartín,40.447674,-3.663583
2219,Pasaje de Hoyo de Manzanares,Prosperidad,Chamartín,40.440331,-3.677206
2220,Pasaje de Mangirón,Prosperidad,Chamartín,40.440261,-3.675803
2221,Pasaje de Moraleja de Enmedio,Prosperidad,Chamartín,40.439642,-3.677385
2222,Pasaje de Navalcarnero,Prosperidad,Chamartín,40.439914,-3.676931
2223,Pasaje de Pradillo,Prosperidad,Chamartín,40.441485,-3.672381
2224,Pasaje de Robledo de Chavela,Prosperidad,Chamartín,40.439528,-3.676475
2225,Pasaje de San Martín de Valdeiglesias,Prosperidad,Chamartín,40.4408,-3.676415
2226,Pasaje de San Pedro,Prosperidad,Chamartín,40.445628,-3.662453
2227,Pasaje de Valdemaqueda,Prosperidad,Chamartín,40.440003,-3.675604
2228,Pasaje de Valverde de Alcalá,Prosperidad,Chamartín,40.439697,-3.676706
2229,Plaza de Getafe,Prosperidad,Chamartín,40.444439,-3.672126
2230,Plaza de Nuestra Señora del Pilar,Prosperidad,Chamartín,40.439915,-3.676192
2231,Calle de Alcalá Galiano,Almagro,Chamberí,40.426733,-3.691708
2232,Calle de Alfonso X,Almagro,Chamberí,40.433506,-3.692138
2233,Calle de Almagro,Almagro,Chamberí,40.430304,-3.692933
2234,Calle de Amador de los Ríos,Almagro,Chamberí,40.427449,-3.691211
2235,Calle de Blanca de Navarra,Almagro,Chamberí,40.428811,-3.692986
2236,Calle de Caracas,Almagro,Chamberí,40.430758,-3.694783
2237,Calle de Fernando el Santo,Almagro,Chamberí,40.428144,-3.692796
2238,Calle de Fernández de la Hoz,Almagro,Chamberí,40.435724,-3.694767
2239,Calle de Fortuny,Almagro,Chamberí,40.43125,-3.690611
2240,Calle de García de Paredes,Almagro,Chamberí,40.436721,-3.698194
2241,Calle de Génova,Almagro,Chamberí,40.426683,-3.693636
2242,Calle de Jenner,Almagro,Chamberí,40.431788,-3.690985
2243,Calle de Marqués del Riscal,Almagro,Chamberí,40.430531,-3.691158
2244,Calle de Miguel Ángel,Almagro,Chamberí,40.435761,-3.691435
2245,Calle de Morejón,Almagro,Chamberí,40.437467,-3.698767
2246,Calle de Orfila,Almagro,Chamberí,40.427336,-3.692936
2247,Calle de Ponce de León,Almagro,Chamberí,40.436161,-3.698503
2248,Calle de Rafael Calvo,Almagro,Chamberí,40.433944,-3.693525
2249,Calle de Zurbano,Almagro,Chamberí,40.434293,-3.693211
2250,Calle de Zurbarán,Almagro,Chamberí,40.429504,-3.692578
2251,Calle de el Españoleto,Almagro,Chamberí,40.431194,-3.695414
2252,Calle de las Virtudes,Almagro,Chamberí,40.437582,-3.698671
2253,Calle del General Arrando,Almagro,Chamberí,40.431668,-3.695074
2254,Calle del Monte Esquinza,Almagro,Chamberí,40.428719,-3.692036
2255,Glorieta de Rubén Darío,Almagro,Chamberí,40.432736,-3.691103
2256,Glorieta del Pintor Sorolla,Almagro,Chamberí,40.435118,-3.698567
2257,Paseo de Eduardo Dato,Almagro,Chamberí,40.432967,-3.693139
2258,Paseo del General Martínez Campos,Almagro,Chamberí,40.435089,-3.694286
2259,Plaza de Alonso Martínez,Almagro,Chamberí,40.428019,-3.695542
2260,Plaza de Chamberí,Almagro,Chamberí,40.432889,-3.697147
2261,Plaza de Colón,Almagro,Chamberí,40.425347,-3.690897
2262,Calle de Alberto Aguilera,Arapiles,Chamberí,40.430176,-3.711131
2263,Calle de Arapiles,Arapiles,Chamberí,40.433128,-3.706617
2264,Calle de Blasco de Garay,Arapiles,Chamberí,40.434869,-3.711483
2265,Calle de Casarrubuelos,Arapiles,Chamberí,40.434508,-3.707875
2266,Calle de Cercedilla,Arapiles,Chamberí,40.435811,-3.705044
2267,Calle de Emilio Carrere,Arapiles,Chamberí,40.431088,-3.709696
2268,Calle de Escosura,Arapiles,Chamberí,40.435194,-3.706858
2269,Calle de Esquivel,Arapiles,Chamberí,40.434339,-3.707601
2270,Calle de Fernando Garrido,Arapiles,Chamberí,40.433542,-3.709571
2271,Calle de Fernández de los Ríos,Arapiles,Chamberí,40.435222,-3.711189
2272,Calle de Galileo,Arapiles,Chamberí,40.435039,-3.710201
2273,Calle de Julio Nombela,Arapiles,Chamberí,40.434508,-3.710608
2274,Calle de Magallanes,Arapiles,Chamberí,40.434421,-3.705554
2275,Calle de Pontevedra,Arapiles,Chamberí,40.434589,-3.710806
2276,Calle de Vallehermoso,Arapiles,Chamberí,40.436331,-3.708497
2277,Calle del Lozoya,Arapiles,Chamberí,40.437711,-3.704707
2278,Glorieta de Quevedo,Arapiles,Chamberí,40.433747,-3.704671
2279,Plaza del Conde del Valle de Súchil,Arapiles,Chamberí,40.431036,-3.707429
2280,Calle de Abdón Terradas,Gaztambide,Chamberí,40.434753,-3.712167
2281,Calle de Andrés Mellado,Gaztambide,Chamberí,40.435871,-3.714331
2282,Calle de Antonio Palomino,Gaztambide,Chamberí,40.432406,-3.712944
2283,Calle de Calvo Asensio,Gaztambide,Chamberí,40.432433,-3.712269
2284,Calle de Donoso Cortés,Gaztambide,Chamberí,40.436344,-3.712019
2285,Calle de Fernando el Católico,Gaztambide,Chamberí,40.434211,-3.712178
2286,Calle de Francisco Ricci,Gaztambide,Chamberí,40.431143,-3.712604
2287,Calle de Gaztambide,Gaztambide,Chamberí,40.435664,-3.715486
2288,Calle de Guzmán el Bueno,Gaztambide,Chamberí,40.436608,-3.713054
2289,Calle de Hilarión Eslava,Gaztambide,Chamberí,40.435181,-3.716608
2290,Calle de Isaac Peral,Gaztambide,Chamberí,40.438281,-3.717924
2291,Calle de Joaquín María López,Gaztambide,Chamberí,40.437636,-3.712524
2292,Calle de Meléndez Valdés,Gaztambide,Chamberí,40.432981,-3.713039
2293,Calle de Rodríguez San Pedro,Gaztambide,Chamberí,40.431733,-3.712133
2294,Calle del Arcipreste de Hita,Gaztambide,Chamberí,40.433836,-3.717642
2295,Plaza del Cristo Rey,Gaztambide,Chamberí,40.439075,-3.717236
2296,Travesía de Andrés Mellado,Gaztambide,Chamberí,40.434758,-3.713819
2297,Calle de Agustín de Betancourt,Ríos Rosas,Chamberí,40.443878,-3.695303
2298,Calle de Alenza,Ríos Rosas,Chamberí,40.444039,-3.700472
2299,Calle de Alonso Cano,Ríos Rosas,Chamberí,40.440933,-3.697567
2300,Calle de Bretón de los Herreros,Ríos Rosas,Chamberí,40.439489,-3.697278
2301,Calle de Cristóbal Bordiú,Ríos Rosas,Chamberí,40.443058,-3.699394
2302,Calle de Don Álvaro de Bazán,Ríos Rosas,Chamberí,40.444533,-3.701528
2303,Calle de Espronceda,Ríos Rosas,Chamberí,40.440579,-3.696747
2304,Calle de José Abascal,Ríos Rosas,Chamberí,40.43835,-3.69795
2305,Calle de María Panés,Ríos Rosas,Chamberí,40.444556,-3.696481
2306,Calle de María de Guzmán,Ríos Rosas,Chamberí,40.444146,-3.699468
2307,Calle de Maudes,Ríos Rosas,Chamberí,40.445212,-3.699599
2308,Calle de Modesto Lafuente,Ríos Rosas,Chamberí,40.4415,-3.696062
2309,Calle de Málaga,Ríos Rosas,Chamberí,40.438869,-3.693631
2310,Calle de Ponzano,Ríos Rosas,Chamberí,40.440761,-3.699122
2311,Calle de Robledillo,Ríos Rosas,Chamberí,40.443511,-3.698256
2312,Calle de Ríos Rosas,Ríos Rosas,Chamberí,40.441922,-3.69911
2313,Calle de Santa Engracia,Ríos Rosas,Chamberí,40.43685,-3.699658
2314,Calle de Treviño,Ríos Rosas,Chamberí,40.445964,-3.701972
2315,Calle de Vargas,Ríos Rosas,Chamberí,40.438906,-3.698478
2316,Calle de la Batalla de Muhlberg,Ríos Rosas,Chamberí,40.444754,-3.700893
2317,Calle del Marqués del Vasto,Ríos Rosas,Chamberí,40.444936,-3.701517
2318,Pasaje del Romero,Ríos Rosas,Chamberí,40.445497,-3.695378
2319,Plaza de San Juan de la Cruz,Ríos Rosas,Chamberí,40.441067,-3.694388
2320,Plaza del Descubridor Diego de Ordás,Ríos Rosas,Chamberí,40.440606,-3.700428
2321,Avenida de la Moncloa,Trafalgar,Chamberí,40.446542,-3.716788
2322,Calle de Alburquerque,Trafalgar,Chamberí,40.431207,-3.701488
2323,Calle de Balmes,Trafalgar,Chamberí,40.435436,-3.700097
2324,Calle de Belvis,Trafalgar,Chamberí,40.431581,-3.703972
2325,Calle de Covarrubias,Trafalgar,Chamberí,40.430128,-3.697717
2326,Calle de Eguílaz,Trafalgar,Chamberí,40.429296,-3.70061
2327,Calle de Eloy Gonzalo,Trafalgar,Chamberí,40.434261,-3.701444
2328,Calle de Feijoo,Trafalgar,Chamberí,40.4348,-3.703244
2329,Calle de Felipe el Hermoso,Trafalgar,Chamberí,40.435381,-3.699717
2330,Calle de Francisco de Rojas,Trafalgar,Chamberí,40.429272,-3.699717
2331,Calle de Garcilaso,Trafalgar,Chamberí,40.431958,-3.699839
2332,Calle de Gonzalo de Córdoba,Trafalgar,Chamberí,40.432379,-3.702692
2333,Calle de Hartzenbusch,Trafalgar,Chamberí,40.430387,-3.702024
2334,Calle de Jerónimo de la Quintana,Trafalgar,Chamberí,40.431318,-3.704253
2335,Calle de Jordán,Trafalgar,Chamberí,40.432912,-3.702964
2336,Calle de José Marañón,Trafalgar,Chamberí,40.429117,-3.697219
2337,Calle de Juan de Austria,Trafalgar,Chamberí,40.433261,-3.699653
2338,Calle de Luchana,Trafalgar,Chamberí,40.430394,-3.700331
2339,Calle de Manuel Cortina,Trafalgar,Chamberí,40.430736,-3.698392
2340,Calle de Manuel González Longoría,Trafalgar,Chamberí,40.428646,-3.696996
2341,Calle de Manuel Silvela,Trafalgar,Chamberí,40.429547,-3.698672
2342,Calle de Medellín,Trafalgar,Chamberí,40.436232,-3.700024
2343,Calle de Murillo,Trafalgar,Chamberí,40.433331,-3.700608
2344,Calle de Nicasio Gallego,Trafalgar,Chamberí,40.429514,-3.698494
2345,Calle de Olid,Trafalgar,Chamberí,40.431838,-3.702368
2346,Calle de Palafox,Trafalgar,Chamberí,40.431417,-3.701289
2347,Calle de Quesada,Trafalgar,Chamberí,40.43394,-3.700657
2348,Calle de Raimundo Lulio,Trafalgar,Chamberí,40.432685,-3.698929
2349,Calle de Sagunto,Trafalgar,Chamberí,40.433717,-3.699664
2350,Calle de Sandoval,Trafalgar,Chamberí,40.430075,-3.704133
2351,Calle de Santa Feliciana,Trafalgar,Chamberí,40.433178,-3.699264
2352,Calle de Trafalgar,Trafalgar,Chamberí,40.432008,-3.700765
2353,Calle de Viriato,Trafalgar,Chamberí,40.4358,-3.699744
2354,Calle de la Santísima Trinidad,Trafalgar,Chamberí,40.436476,-3.700972
2355,Calle del Cardenal Cisneros,Trafalgar,Chamberí,40.432221,-3.702238
2356,Calle del Castillo,Trafalgar,Chamberí,40.433719,-3.699108
2357,Calle del General Álvarez de Castro,Trafalgar,Chamberí,40.436146,-3.702444
2358,Calle del Marqués de la Romana,Trafalgar,Chamberí,40.435556,-3.699819
2359,Glorieta de Bilbao,Trafalgar,Chamberí,40.429332,-3.702022
2360,Glorieta del General Álvarez de Castro,Trafalgar,Chamberí,40.436969,-3.702471
2361,Glorieta del Presidente García Moreno,Trafalgar,Chamberí,40.445787,-3.714843
2362,Plaza de Olavide,Trafalgar,Chamberí,40.432783,-3.700997
2363,Avenida de Filipinas,Vallehermoso,Chamberí,40.440469,-3.708694
2364,Avenida de la Reina Victoria,Vallehermoso,Chamberí,40.446814,-3.710064
2365,Avenida del Valle,Vallehermoso,Chamberí,40.443792,-3.715554
2366,Calle de Boix y Morer,Vallehermoso,Chamberí,40.440306,-3.706383
2367,Calle de Cea Bermúdez,Vallehermoso,Chamberí,40.438915,-3.7107
2368,Calle de Domenico Scarlatti,Vallehermoso,Chamberí,40.441361,-3.716368
2369,Calle de Esquilache,Vallehermoso,Chamberí,40.443667,-3.705042
2370,Calle de Eustaquio Rodríguez,Vallehermoso,Chamberí,40.440496,-3.707654
2371,Calle de Jesús Maestro,Vallehermoso,Chamberí,40.440561,-3.711242
2372,Calle de Julián Romea,Vallehermoso,Chamberí,40.442683,-3.71555
2373,Calle de Lucio del Valle,Vallehermoso,Chamberí,40.440028,-3.708439
2374,Calle de Max Aub,Vallehermoso,Chamberí,40.443717,-3.713522
2375,Calle de Melquíades Álvarez,Vallehermoso,Chamberí,40.441408,-3.712069
2376,Calle de Ramiro Ii,Vallehermoso,Chamberí,40.443312,-3.70469
2377,Calle de Santander,Vallehermoso,Chamberí,40.442842,-3.709731
2378,Calle de Sotomayor,Vallehermoso,Chamberí,40.445781,-3.711494
2379,Calle de Vicente Aleixandre,Vallehermoso,Chamberí,40.445742,-3.717636
2380,Calle de la Aviación Española,Vallehermoso,Chamberí,40.440057,-3.712747
2381,Calle de la Brisa,Vallehermoso,Chamberí,40.444067,-3.717031
2382,Calle de la Granja,Vallehermoso,Chamberí,40.445549,-3.717124
2383,Calle de la Loma,Vallehermoso,Chamberí,40.445528,-3.715972
2384,Calle de la Poeta Ángela Figuera,Vallehermoso,Chamberí,40.444961,-3.716458
2385,Calle de la Sierra,Vallehermoso,Chamberí,40.444835,-3.718996
2386,Calle de la Virgen de Nieva,Vallehermoso,Chamberí,40.445486,-3.704329
2387,Calle de la Viña,Vallehermoso,Chamberí,40.443928,-3.718538
2388,Calle de las Amapolas,Vallehermoso,Chamberí,40.444111,-3.716101
2389,Calle de los Olivos,Vallehermoso,Chamberí,40.444333,-3.717522
2390,Calle del Atajo,Vallehermoso,Chamberí,40.445406,-3.7179
2391,Calle del General Ampudia,Vallehermoso,Chamberí,40.442494,-3.715033
2392,Calle del General Ibáñez de Íbero,Vallehermoso,Chamberí,40.445767,-3.710322
2393,Calle del Maestro Ángel Llorca,Vallehermoso,Chamberí,40.443819,-3.714129
2394,Calle del Marqués de Lema,Vallehermoso,Chamberí,40.446169,-3.706247
2395,Calle del Pastor,Vallehermoso,Chamberí,40.444758,-3.718158
2396,Callejón de Magallanes,Vallehermoso,Chamberí,40.440256,-3.70725
2397,Galería Vallehermoso,Vallehermoso,Chamberí,40.439408,-3.707722
2398,Particular de San Gabriel,Vallehermoso,Chamberí,40.439586,-3.716239
2399,Pasaje de José Pérez Pla,Vallehermoso,Chamberí,40.439047,-3.706943
2400,Paseo de San Francisco de Sales,Vallehermoso,Chamberí,40.441778,-3.714261
2401,Plaza de Juan Zorrilla,Vallehermoso,Chamberí,40.441815,-3.704629
2402,Plaza del Marqués de Comillas,Vallehermoso,Chamberí,40.445492,-3.719228
2403,Plaza del Teniente de Alcalde Pérez Pillado,Vallehermoso,Chamberí,40.440039,-3.706882
2404,Calle de Aleixandre,Atalaya,Ciudad Lineal,40.463828,-3.663336
2405,Calle de Asunción Pérez Vizcaíno,Atalaya,Ciudad Lineal,40.463258,-3.665612
2406,Calle de Francisco Gutiérrez,Atalaya,Ciudad Lineal,40.465199,-3.66619
2407,Calle de González Amigó,Atalaya,Ciudad Lineal,40.466371,-3.664589
2408,Calle de Julia Balenchana,Atalaya,Ciudad Lineal,40.463324,-3.663025
2409,Calle de Piquer,Atalaya,Ciudad Lineal,40.465538,-3.664161
2410,Calle de Rodríguez Illanes,Atalaya,Ciudad Lineal,40.462542,-3.665031
2411,Calle de Ángel Gordillo,Atalaya,Ciudad Lineal,40.463864,-3.665894
2412,Calle de Alejandro Chacón,Colina,Ciudad Lineal,40.455836,-3.659614
2413,Calle de Allendesalazar,Colina,Ciudad Lineal,40.459897,-3.662412
2414,Calle de Arturo Baldasano,Colina,Ciudad Lineal,40.456485,-3.658989
2415,Calle de Celeste,Colina,Ciudad Lineal,40.455928,-3.658322
2416,Calle de Emilio Rubín,Colina,Ciudad Lineal,40.461642,-3.661003
2417,Calle de Eusebio Martínez Barona,Colina,Ciudad Lineal,40.455683,-3.660218
2418,Calle de Justo Martínez,Colina,Ciudad Lineal,40.455135,-3.659586
2419,Calle de Manuel Marañón,Colina,Ciudad Lineal,40.457139,-3.656053
2420,Calle de Matías Turrión,Colina,Ciudad Lineal,40.460272,-3.658144
2421,Calle de Navarro Amandi,Colina,Ciudad Lineal,40.460803,-3.660218
2422,Calle de Pablo Vidal,Colina,Ciudad Lineal,40.459131,-3.661939
2423,Calle de Pedro Salinas,Colina,Ciudad Lineal,40.457792,-3.661972
2424,Calle de San Vicente Mártir,Colina,Ciudad Lineal,40.45591,-3.662386
2425,Calle de Santa Mónica,Colina,Ciudad Lineal,40.455736,-3.662561
2426,Calle de Vicente Muzás,Colina,Ciudad Lineal,40.458404,-3.661201
2427,Calle de las Cañas,Colina,Ciudad Lineal,40.457178,-3.659794
2428,Calle del Tritón,Colina,Ciudad Lineal,40.455117,-3.6599
2429,Plaza de la Ciudad de Salta,Colina,Ciudad Lineal,40.4547,-3.661617
2430,Travesía de las Cañas,Colina,Ciudad Lineal,40.457581,-3.660092
2431,Calle de Arturo Soria,Costillares,Ciudad Lineal,40.454608,-3.654606
2432,Calle de Bausá,Costillares,Ciudad Lineal,40.468922,-3.668536
2433,Calle de Briviesca,Costillares,Ciudad Lineal,40.481903,-3.666833
2434,Calle de Caleruega,Costillares,Ciudad Lineal,40.481335,-3.670135
2435,Calle de Eladio López Vilches,Costillares,Ciudad Lineal,40.473839,-3.666331
2436,Calle de Gómez Hemans,Costillares,Ciudad Lineal,40.471036,-3.664878
2437,Calle de Hontoria del Pinar,Costillares,Ciudad Lineal,40.481128,-3.667475
2438,Calle de Joaquín Arroyo,Costillares,Ciudad Lineal,40.468197,-3.664394
2439,Calle de Julio Danvila,Costillares,Ciudad Lineal,40.471858,-3.665086
2440,Calle de Ramón Fort,Costillares,Ciudad Lineal,40.472829,-3.665924
2441,Calle de San Juan de Ávila,Costillares,Ciudad Lineal,40.469631,-3.667647
2442,Calle de Serrano Galvache,Costillares,Ciudad Lineal,40.4742,-3.672089
2443,Calle de Yerma,Costillares,Ciudad Lineal,40.475796,-3.671679
2444,Calle de la Cultura,Costillares,Ciudad Lineal,40.479489,-3.667078
2445,Calle de la Dalia,Costillares,Ciudad Lineal,40.47915,-3.666017
2446,Calle de la Dulzaina,Costillares,Ciudad Lineal,40.480992,-3.663185
2447,Calle de la Educación,Costillares,Ciudad Lineal,40.479518,-3.66731
2448,Calle de la Prensa,Costillares,Ciudad Lineal,40.470472,-3.667997
2449,Calle de la Senda,Costillares,Ciudad Lineal,40.477297,-3.668154
2450,Calle de la Vereda,Costillares,Ciudad Lineal,40.477736,-3.668324
2451,Calle de las Anémonas,Costillares,Ciudad Lineal,40.475719,-3.667528
2452,Calle del Arte,Costillares,Ciudad Lineal,40.48269,-3.671617
2453,Calle del Cerro,Costillares,Ciudad Lineal,40.478422,-3.669472
2454,Calle del Condado de Treviño,Costillares,Ciudad Lineal,40.479579,-3.670668
2455,Calle del Doctor Álvarez Sierra,Costillares,Ciudad Lineal,40.467971,-3.667408
2456,Calle del Jazmín,Costillares,Ciudad Lineal,40.48056,-3.664865
2457,Calle del Laúd,Costillares,Ciudad Lineal,40.48245,-3.66349
2458,Calle del Marqués de Altamira,Costillares,Ciudad Lineal,40.474614,-3.667078
2459,Calle del Oboe,Costillares,Ciudad Lineal,40.4821,-3.664281
2460,Calle del Querol,Costillares,Ciudad Lineal,40.480108,-3.664331
2461,Calle del Violín,Costillares,Ciudad Lineal,40.481072,-3.665292
2462,Camino de la Cuerda,Costillares,Ciudad Lineal,40.477736,-3.668172
2463,Pasaje de Caleruega,Costillares,Ciudad Lineal,40.480317,-3.672258
2464,Travesía del Condado de Treviño,Costillares,Ciudad Lineal,40.479447,-3.669253
2465,Avenida Donostiarra,La Concepción,Ciudad Lineal,40.434846,-3.657579
2466,Calle de Emeterio Castaños,La Concepción,Ciudad Lineal,40.463453,-3.661896
2467,Calle de Fernández Caro,La Concepción,Ciudad Lineal,40.443239,-3.646401
2468,Calle de Forment,La Concepción,Ciudad Lineal,40.441922,-3.646538
2469,Calle de Francisco Luján,La Concepción,Ciudad Lineal,40.441528,-3.646711
2470,Calle de García Quintanilla,La Concepción,Ciudad Lineal,40.444797,-3.642119
2471,Calle de Gil de Ontañón,La Concepción,Ciudad Lineal,40.441125,-3.646908
2472,Calle de Goitia,La Concepción,Ciudad Lineal,40.443608,-3.641583
2473,Calle de Hernández Iglesias,La Concepción,Ciudad Lineal,40.442442,-3.644096
2474,Calle de José del Hierro,La Concepción,Ciudad Lineal,40.439814,-3.644897
2475,Calle de Juan Pérez Zúñiga,La Concepción,Ciudad Lineal,40.442808,-3.648229
2476,Calle de Manipa,La Concepción,Ciudad Lineal,40.440815,-3.64585
2477,Calle de Mariano Díaz Alonso,La Concepción,Ciudad Lineal,40.441829,-3.645586
2478,Calle de Miguel de la Iglesia,La Concepción,Ciudad Lineal,40.440875,-3.644651
2479,Calle de Natalia de Silva,La Concepción,Ciudad Lineal,40.445374,-3.643993
2480,Calle de Polibea,La Concepción,Ciudad Lineal,40.441028,-3.644078
2481,Calle de Pérez Cidón,La Concepción,Ciudad Lineal,40.444418,-3.641572
2482,Calle de Raquel Meller,La Concepción,Ciudad Lineal,40.432444,-3.657786
2483,Calle de Rosalía Trujillo,La Concepción,Ciudad Lineal,40.440458,-3.645139
2484,Calle de la Indulgencia,La Concepción,Ciudad Lineal,40.440522,-3.648467
2485,Calle de la Virgen de Loreto,La Concepción,Ciudad Lineal,40.435697,-3.655614
2486,Calle de la Virgen de Lourdes,La Concepción,Ciudad Lineal,40.435917,-3.657242
2487,Calle de la Virgen de Nuria,La Concepción,Ciudad Lineal,40.436397,-3.652462
2488,Calle de la Virgen de Sonsoles,La Concepción,Ciudad Lineal,40.435993,-3.654528
2489,Calle de la Virgen de la Alegría,La Concepción,Ciudad Lineal,40.433361,-3.658003
2490,Calle de la Virgen de la Consolación,La Concepción,Ciudad Lineal,40.439339,-3.649114
2491,Calle de la Virgen de la Fuencisla,La Concepción,Ciudad Lineal,40.437708,-3.651353
2492,Calle de la Virgen de la Fuensanta,La Concepción,Ciudad Lineal,40.437006,-3.654142
2493,Calle de la Virgen de la Monjía,La Concepción,Ciudad Lineal,40.437722,-3.65225
2494,Calle de la Virgen de la Novena,La Concepción,Ciudad Lineal,40.439697,-3.648457
2495,Calle de la Virgen de la Paz,La Concepción,Ciudad Lineal,40.432836,-3.659522
2496,Calle de la Virgen de la Peña,La Concepción,Ciudad Lineal,40.439578,-3.650215
2497,Calle de la Virgen de la Providencia,La Concepción,Ciudad Lineal,40.4389,-3.650047
2498,Calle de la Virgen de la Roca,La Concepción,Ciudad Lineal,40.434599,-3.658375
2499,Calle de la Virgen de las Nieves,La Concepción,Ciudad Lineal,40.43605,-3.653836
2500,Calle de la Virgen de los Reyes,La Concepción,Ciudad Lineal,40.438815,-3.650854
2501,Calle de la Virgen del Castañar,La Concepción,Ciudad Lineal,40.438128,-3.651753
2502,Calle de la Virgen del Coro,La Concepción,Ciudad Lineal,40.433722,-3.65866
2503,Calle de la Virgen del Fresnedo,La Concepción,Ciudad Lineal,40.437178,-3.653932
2504,Calle de la Virgen del Portillo,La Concepción,Ciudad Lineal,40.437368,-3.651442
2505,Calle de la Virgen del Puig,La Concepción,Ciudad Lineal,40.433039,-3.659044
2506,Calle de la Virgen del Rocío,La Concepción,Ciudad Lineal,40.437742,-3.653792
2507,Calle de la Virgen del Val,La Concepción,Ciudad Lineal,40.438803,-3.652411
2508,Calle de las Baterías,La Concepción,Ciudad Lineal,40.441217,-3.648406
2509,Calle de las Ventas,La Concepción,Ciudad Lineal,40.432874,-3.657194
2510,Calle de los Arfe,La Concepción,Ciudad Lineal,40.440072,-3.646208
2511,Calle de Ángel Larra,La Concepción,Ciudad Lineal,40.442097,-3.644851
2512,Calle del Conde de Belchite,La Concepción,Ciudad Lineal,40.445622,-3.645058
2513,Calle del Doctor Vallejo,La Concepción,Ciudad Lineal,40.43966,-3.646162
2514,Calle del Estrecho de Corea,La Concepción,Ciudad Lineal,40.440479,-3.64769
2515,Calle del Marqués de Hoyos,La Concepción,Ciudad Lineal,40.44285,-3.640242
2516,Calle del Marqués de Pico Velasco,La Concepción,Ciudad Lineal,40.441617,-3.646231
2517,Calle del Marqués de Portugalete,La Concepción,Ciudad Lineal,40.446119,-3.645558
2518,Calle del Sol Naciente,La Concepción,Ciudad Lineal,40.439933,-3.645503
2519,Glorieta de Pérez Cidón,La Concepción,Ciudad Lineal,40.443856,-3.640692
2520,Pasaje de la Virgen de la Alegría,La Concepción,Ciudad Lineal,40.434187,-3.657097
2521,Pasaje de la Virgen del Coro,La Concepción,Ciudad Lineal,40.433311,-3.656475
2522,Pasaje del Conde de Belchite,La Concepción,Ciudad Lineal,40.446204,-3.644667
2523,Plaza de la Virgen del Romero,La Concepción,Ciudad Lineal,40.438811,-3.65155
2524,Travesía de la Virgen de la Roca,La Concepción,Ciudad Lineal,40.435392,-3.656711
2525,Avenida de Trueba,Pueblo Nuevo,Ciudad Lineal,40.428594,-3.645547
2526,Calle de Acentejo,Pueblo Nuevo,Ciudad Lineal,40.433611,-3.637111
2527,Calle de Achuri,Pueblo Nuevo,Ciudad Lineal,40.428674,-3.641804
2528,Calle de Alfonso Paso,Pueblo Nuevo,Ciudad Lineal,40.437167,-3.638903
2529,Calle de Alucas,Pueblo Nuevo,Ciudad Lineal,40.432606,-3.636844
2530,Calle de Amós de Escalante,Pueblo Nuevo,Ciudad Lineal,40.435639,-3.641356
2531,Calle de Antonio Ponz,Pueblo Nuevo,Ciudad Lineal,40.428151,-3.643882
2532,Calle de Arriaga,Pueblo Nuevo,Ciudad Lineal,40.425967,-3.642756
2533,Calle de Artenera,Pueblo Nuevo,Ciudad Lineal,40.428307,-3.633018
2534,Calle de Ascao,Pueblo Nuevo,Ciudad Lineal,40.431185,-3.638594
2535,Calle de Baltasar del Alcázar,Pueblo Nuevo,Ciudad Lineal,40.435,-3.640628
2536,Calle de Barlovento,Pueblo Nuevo,Ciudad Lineal,40.426176,-3.631781
2537,Calle de Bentaiga,Pueblo Nuevo,Ciudad Lineal,40.431828,-3.636147
2538,Calle de Berástegui,Pueblo Nuevo,Ciudad Lineal,40.428181,-3.641431
2539,Calle de Betancunia,Pueblo Nuevo,Ciudad Lineal,40.426771,-3.631186
2540,Calle de Braulio Gutiérrez,Pueblo Nuevo,Ciudad Lineal,40.429151,-3.635249
2541,Calle de Breña,Pueblo Nuevo,Ciudad Lineal,40.431444,-3.635864
2542,Calle de Campuzano,Pueblo Nuevo,Ciudad Lineal,40.43556,-3.642132
2543,Calle de Carolina Coronado,Pueblo Nuevo,Ciudad Lineal,40.430496,-3.644051
2544,Calle de Centenera,Pueblo Nuevo,Ciudad Lineal,40.434142,-3.640906
2545,Calle de Emilio Ferrari,Pueblo Nuevo,Ciudad Lineal,40.431511,-3.641456
2546,Calle de Esteban Collantes,Pueblo Nuevo,Ciudad Lineal,40.431683,-3.640275
2547,Calle de Ezequiel Solana,Pueblo Nuevo,Ciudad Lineal,40.430489,-3.644894
2548,Calle de Fernando Gabriel,Pueblo Nuevo,Ciudad Lineal,40.424819,-3.638464
2549,Calle de Francisco Largo Caballero,Pueblo Nuevo,Ciudad Lineal,40.423406,-3.632119
2550,Calle de Francisco Madariaga,Pueblo Nuevo,Ciudad Lineal,40.435197,-3.641194
2551,Calle de Francisco Rioja,Pueblo Nuevo,Ciudad Lineal,40.430543,-3.637612
2552,Calle de Francisco Villaespesa,Pueblo Nuevo,Ciudad Lineal,40.429157,-3.645388
2553,Calle de Fuencaliente,Pueblo Nuevo,Ciudad Lineal,40.428383,-3.632829
2554,Calle de Gabriel Montero,Pueblo Nuevo,Ciudad Lineal,40.424825,-3.630383
2555,Calle de Gandhi,Pueblo Nuevo,Ciudad Lineal,40.424397,-3.633917
2556,Calle de García Salazar,Pueblo Nuevo,Ciudad Lineal,40.425397,-3.638511
2557,Calle de Gil y Polo,Pueblo Nuevo,Ciudad Lineal,40.430108,-3.642458
2558,Calle de Gonzalo de Berceo,Pueblo Nuevo,Ciudad Lineal,40.427631,-3.641853
2559,Calle de Granadilla,Pueblo Nuevo,Ciudad Lineal,40.427728,-3.631361
2560,Calle de Gregorio Donas,Pueblo Nuevo,Ciudad Lineal,40.428781,-3.637938
2561,Calle de Guillén de Castro,Pueblo Nuevo,Ciudad Lineal,40.427874,-3.644201
2562,Calle de Gutierre de Cetina,Pueblo Nuevo,Ciudad Lineal,40.431144,-3.642053
2563,Calle de Gómez de Avellaneda,Pueblo Nuevo,Ciudad Lineal,40.434239,-3.641764
2564,Calle de José Arcones Gil,Pueblo Nuevo,Ciudad Lineal,40.432128,-3.637053
2565,Calle de José Feliú y Codina,Pueblo Nuevo,Ciudad Lineal,40.429933,-3.643408
2566,Calle de José María Rodero,Pueblo Nuevo,Ciudad Lineal,40.420051,-3.628394
2567,Calle de Juan Boscán,Pueblo Nuevo,Ciudad Lineal,40.426889,-3.640017
2568,Calle de Juan Pascual,Pueblo Nuevo,Ciudad Lineal,40.433822,-3.640786
2569,Calle de Julián Hernández,Pueblo Nuevo,Ciudad Lineal,40.454685,-3.652165
2570,Calle de Lorenzo San Nicolás,Pueblo Nuevo,Ciudad Lineal,40.432942,-3.6407
2571,Calle de Luis Ruiz,Pueblo Nuevo,Ciudad Lineal,40.429422,-3.637083
2572,Calle de Luis del Campo,Pueblo Nuevo,Ciudad Lineal,40.428794,-3.632858
2573,Calle de Malmoe,Pueblo Nuevo,Ciudad Lineal,40.414992,-3.623256
2574,Calle de Marcelino Roa Vázquez,Pueblo Nuevo,Ciudad Lineal,40.42796,-3.642246
2575,Calle de Matamorosa,Pueblo Nuevo,Ciudad Lineal,40.420183,-3.629051
2576,Calle de Nicolás Salmerón,Pueblo Nuevo,Ciudad Lineal,40.417997,-3.627469
2577,Calle de Paredes de Nava,Pueblo Nuevo,Ciudad Lineal,40.419692,-3.627328
2578,Calle de Pedro Antonio de Alarcón,Pueblo Nuevo,Ciudad Lineal,40.427419,-3.641069
2579,Calle de Pepe Isbert,Pueblo Nuevo,Ciudad Lineal,40.421912,-3.627644
2580,Calle de Pescara,Pueblo Nuevo,Ciudad Lineal,40.415128,-3.624944
2581,Calle de Portugalete,Pueblo Nuevo,Ciudad Lineal,40.426753,-3.634214
2582,Calle de Potsdam,Pueblo Nuevo,Ciudad Lineal,40.414472,-3.624417
2583,Calle de Puntallana,Pueblo Nuevo,Ciudad Lineal,40.428317,-3.6321
2584,Calle de Recalde,Pueblo Nuevo,Ciudad Lineal,40.428804,-3.642601
2585,Calle de Rodrigo de Triana,Pueblo Nuevo,Ciudad Lineal,40.420792,-3.631467
2586,Calle de Salas Barbadillo,Pueblo Nuevo,Ciudad Lineal,40.428408,-3.644883
2587,Calle de Salinas,Pueblo Nuevo,Ciudad Lineal,40.428483,-3.632597
2588,Calle de San Baldomero,Pueblo Nuevo,Ciudad Lineal,40.424017,-3.637872
2589,Calle de San Fidel,Pueblo Nuevo,Ciudad Lineal,40.427017,-3.640797
2590,Calle de San Higinio,Pueblo Nuevo,Ciudad Lineal,40.423985,-3.635997
2591,Calle de San Telesforo,Pueblo Nuevo,Ciudad Lineal,40.425593,-3.634086
2592,Calle de Santo Domingo Savio,Pueblo Nuevo,Ciudad Lineal,40.430328,-3.634508
2593,Calle de Santurce,Pueblo Nuevo,Ciudad Lineal,40.426149,-3.638297
2594,Calle de Sauzal,Pueblo Nuevo,Ciudad Lineal,40.430786,-3.634144
2595,Calle de Taburiente,Pueblo Nuevo,Ciudad Lineal,40.427975,-3.631731
2596,Calle de Taoro,Pueblo Nuevo,Ciudad Lineal,40.432053,-3.635481
2597,Calle de Timoteo Domingo,Pueblo Nuevo,Ciudad Lineal,40.433183,-3.644814
2598,Calle de Tinajo,Pueblo Nuevo,Ciudad Lineal,40.42821,-3.63325
2599,Calle de Tirajana,Pueblo Nuevo,Ciudad Lineal,40.427033,-3.632122
2600,Calle de Tirma,Pueblo Nuevo,Ciudad Lineal,40.4317,-3.635947
2601,Calle de Valle Guerra,Pueblo Nuevo,Ciudad Lineal,40.427724,-3.633038
2602,Calle de Vicente Espinel,Pueblo Nuevo,Ciudad Lineal,40.434294,-3.641121
2603,Calle de Villaescusa,Pueblo Nuevo,Ciudad Lineal,40.421533,-3.631886
2604,Calle de Villasilos,Pueblo Nuevo,Ciudad Lineal,40.421346,-3.62844
2605,Calle de Vital Aza,Pueblo Nuevo,Ciudad Lineal,40.432369,-3.641081
2606,Calle de Vázquez de Mella,Pueblo Nuevo,Ciudad Lineal,40.435064,-3.6394
2607,Calle de la Española,Pueblo Nuevo,Ciudad Lineal,40.421508,-3.632472
2608,Calle de la Guancha,Pueblo Nuevo,Ciudad Lineal,40.431197,-3.634447
2609,Calle de la Virgen de la Vega,Pueblo Nuevo,Ciudad Lineal,40.434808,-3.636875
2610,Calle de las Madres de la Plaza de Mayo,Pueblo Nuevo,Ciudad Lineal,40.433472,-3.640553
2611,Calle de los Llanos de Escudero,Pueblo Nuevo,Ciudad Lineal,40.426457,-3.639381
2612,Calle de los Realejos,Pueblo Nuevo,Ciudad Lineal,40.427217,-3.630736
2613,Calle de los Silos,Pueblo Nuevo,Ciudad Lineal,40.433178,-3.635931
2614,Calle de los Urquiza,Pueblo Nuevo,Ciudad Lineal,40.432717,-3.645372
2615,Calle del Arroyo de la Elipa,Pueblo Nuevo,Ciudad Lineal,40.431883,-3.643688
2616,Calle del Doctor Cirajas,Pueblo Nuevo,Ciudad Lineal,40.435286,-3.637536
2617,Calle del Idioma Esperanto,Pueblo Nuevo,Ciudad Lineal,40.418881,-3.626135
2618,Calle del Lago Salado,Pueblo Nuevo,Ciudad Lineal,40.434812,-3.637399
2619,Calle del Maestro Guridi,Pueblo Nuevo,Ciudad Lineal,40.425271,-3.639343
2620,Calle del Mazo,Pueblo Nuevo,Ciudad Lineal,40.430961,-3.634667
2621,Calle del Peloponeso,Pueblo Nuevo,Ciudad Lineal,40.415468,-3.624106
2622,Calle del Río Nervión,Pueblo Nuevo,Ciudad Lineal,40.427774,-3.635672
2623,Calle del Río Ulla,Pueblo Nuevo,Ciudad Lineal,40.434017,-3.642486
2624,Calle del Sequillo,Pueblo Nuevo,Ciudad Lineal,40.430179,-3.636318
2625,Calle del Tajuya,Pueblo Nuevo,Ciudad Lineal,40.431453,-3.635089
2626,Callejón de Juan de Mata Gómez,Pueblo Nuevo,Ciudad Lineal,40.433042,-3.647414
2627,Pasaje de Arriaga,Pueblo Nuevo,Ciudad Lineal,40.424811,-3.640197
2628,Plaza de Vilaflor,Pueblo Nuevo,Ciudad Lineal,40.432961,-3.636131
2629,Plaza de la Orotava,Pueblo Nuevo,Ciudad Lineal,40.432121,-3.634661
2630,Travesía de José Arcones Gil,Pueblo Nuevo,Ciudad Lineal,40.436731,-3.638836
2631,Travesía de Villaescusa,Pueblo Nuevo,Ciudad Lineal,40.420618,-3.631081
2632,Travesía de Vázquez de Mella,Pueblo Nuevo,Ciudad Lineal,40.435521,-3.639061
2633,Calle de Agami,Quintana,Ciudad Lineal,40.44055,-3.6421
2634,Calle de Argentina,Quintana,Ciudad Lineal,40.433961,-3.648975
2635,Calle de Benéfica Belén,Quintana,Ciudad Lineal,40.439049,-3.640724
2636,Calle de Boldano,Quintana,Ciudad Lineal,40.438714,-3.641983
2637,Calle de Eider,Quintana,Ciudad Lineal,40.439918,-3.641768
2638,Calle de Elías Dupuy,Quintana,Ciudad Lineal,40.436658,-3.647189
2639,Calle de Emilio Gastesi Fernández,Quintana,Ciudad Lineal,40.435531,-3.646767
2640,Calle de Federico Gutiérrez,Quintana,Ciudad Lineal,40.435978,-3.646042
2641,Calle de Florencio García,Quintana,Ciudad Lineal,40.439001,-3.641199
2642,Calle de Florencio Llorente,Quintana,Ciudad Lineal,40.433586,-3.652561
2643,Calle de Gabasti,Quintana,Ciudad Lineal,40.437522,-3.643903
2644,Calle de Garmur,Quintana,Ciudad Lineal,40.436819,-3.641739
2645,Calle de Germán Pérez Carrasco,Quintana,Ciudad Lineal,40.436238,-3.643606
2646,Calle de Guillermo Rovirosa,Quintana,Ciudad Lineal,40.434301,-3.651975
2647,Calle de Iduna,Quintana,Ciudad Lineal,40.439476,-3.642053
2648,Calle de Luva,Quintana,Ciudad Lineal,40.437683,-3.639431
2649,Calle de Protasio Gómez,Quintana,Ciudad Lineal,40.439783,-3.637444
2650,Calle de Prudencio Álvaro,Quintana,Ciudad Lineal,40.437975,-3.645093
2651,Calle de Sambara,Quintana,Ciudad Lineal,40.435642,-3.647233
2652,Calle de Siena,Quintana,Ciudad Lineal,40.433069,-3.652894
2653,Calle de Sánchez Díaz,Quintana,Ciudad Lineal,40.441492,-3.638678
2654,Calle de Talisio,Quintana,Ciudad Lineal,40.438632,-3.644631
2655,Calle de la Avellana,Quintana,Ciudad Lineal,40.440261,-3.642747
2656,Calle de la Cidra,Quintana,Ciudad Lineal,40.439503,-3.644611
2657,Calle de la Mandarina,Quintana,Ciudad Lineal,40.4391,-3.643739
2658,Calle de la Marquesa de Torrecilla,Quintana,Ciudad Lineal,40.43871,-3.639801
2659,Calle de la Virgen de Lluc,Quintana,Ciudad Lineal,40.437417,-3.644903
2660,Calle de la Virgen del Canto,Quintana,Ciudad Lineal,40.434299,-3.646646
2661,Calle de la Virgen del Sagrario,Quintana,Ciudad Lineal,40.435089,-3.648489
2662,Calle de la Zigia,Quintana,Ciudad Lineal,40.439626,-3.643194
2663,Calle de los Hermanos Roldán,Quintana,Ciudad Lineal,40.438167,-3.645503
2664,Calle de los Hermanos de Pablo,Quintana,Ciudad Lineal,40.436833,-3.6457
2665,Calle de los Misterios,Quintana,Ciudad Lineal,40.44005,-3.641194
2666,Calle del Alcalde López Casero,Quintana,Ciudad Lineal,40.433233,-3.655651
2667,Calle del Arzobispo Cos,Quintana,Ciudad Lineal,40.438897,-3.637114
2668,Calle del Beato Berrio Ochoa,Quintana,Ciudad Lineal,40.434407,-3.651412
2669,Calle del Buen Gobernador,Quintana,Ciudad Lineal,40.433542,-3.654522
2670,Calle del Concejal Julio Gómez,Quintana,Ciudad Lineal,40.433912,-3.650639
2671,Calle del Cormorán,Quintana,Ciudad Lineal,40.439472,-3.641403
2672,Calle del Elfo,Quintana,Ciudad Lineal,40.434222,-3.648878
2673,Calle del Estrecho de Gibraltar,Quintana,Ciudad Lineal,40.436794,-3.641564
2674,Calle del Ganges,Quintana,Ciudad Lineal,40.433308,-3.653985
2675,Calle del Pileo,Quintana,Ciudad Lineal,40.437619,-3.642826
2676,Calle del Vizconde de los Asilos,Quintana,Ciudad Lineal,40.440488,-3.638178
2677,Plaza de Camorritos,Quintana,Ciudad Lineal,40.434794,-3.650525
2678,Plaza de Navafría,Quintana,Ciudad Lineal,40.434258,-3.6504
2679,Plaza de Riofrío,Quintana,Ciudad Lineal,40.433706,-3.65025
2680,Plaza de Valsaín,Quintana,Ciudad Lineal,40.434336,-3.649453
2681,Plaza de el Paular,Quintana,Ciudad Lineal,40.433782,-3.649804
2682,Plaza de la Maliciosa,Quintana,Ciudad Lineal,40.434369,-3.649878
2683,Plaza de la Peñablanca,Quintana,Ciudad Lineal,40.433781,-3.649339
2684,Plaza de la Reverencia,Quintana,Ciudad Lineal,40.437142,-3.64235
2685,Plaza de las Dos Castillas,Quintana,Ciudad Lineal,40.434947,-3.650003
2686,Plaza de los Geólogos,Quintana,Ciudad Lineal,40.434881,-3.649583
2687,Calle de Agastia,San Juan Bautista,Ciudad Lineal,40.448286,-3.653435
2688,Calle de Albelda,San Juan Bautista,Ciudad Lineal,40.449461,-3.657444
2689,Calle de Autol,San Juan Bautista,Ciudad Lineal,40.448472,-3.657986
2690,Calle de Bueso Pineda,San Juan Bautista,Ciudad Lineal,40.454915,-3.653833
2691,Calle de Calidón,San Juan Bautista,Ciudad Lineal,40.448092,-3.652278
2692,Calle de Cidamón,San Juan Bautista,Ciudad Lineal,40.450769,-3.657267
2693,Calle de Diego Ayllón,San Juan Bautista,Ciudad Lineal,40.451671,-3.651028
2694,Calle de Emiliano Barral,San Juan Bautista,Ciudad Lineal,40.449003,-3.660533
2695,Calle de Emilio Vargas,San Juan Bautista,Ciudad Lineal,40.448497,-3.653012
2696,Calle de Entrena,San Juan Bautista,Ciudad Lineal,40.449811,-3.658575
2697,Calle de Faustina Peñalver,San Juan Bautista,Ciudad Lineal,40.452786,-3.659675
2698,Calle de Gregorio Benítez,San Juan Bautista,Ciudad Lineal,40.450017,-3.649494
2699,Calle de Hernández Rubín,San Juan Bautista,Ciudad Lineal,40.449328,-3.649443
2700,Calle de José Silva,San Juan Bautista,Ciudad Lineal,40.454944,-3.658204
2701,Calle de Lorenzo Solano Tendero,San Juan Bautista,Ciudad Lineal,40.453175,-3.652503
2702,Calle de Luis Carlos Vázquez,San Juan Bautista,Ciudad Lineal,40.455313,-3.654593
2703,Calle de Manuel María Iglesias,San Juan Bautista,Ciudad Lineal,40.451261,-3.654161
2704,Calle de Manuel del Valle,San Juan Bautista,Ciudad Lineal,40.452303,-3.654458
2705,Calle de Rafael Bergamín,San Juan Bautista,Ciudad Lineal,40.450422,-3.661322
2706,Calle de Ramírez de Arellano,San Juan Bautista,Ciudad Lineal,40.448836,-3.655697
2707,Calle de Rodezno,San Juan Bautista,Ciudad Lineal,40.449331,-3.658283
2708,Calle de San Nemesio,San Juan Bautista,Ciudad Lineal,40.452212,-3.658124
2709,Calle de Sorzano,San Juan Bautista,Ciudad Lineal,40.452083,-3.656842
2710,Calle de Treviana,San Juan Bautista,Ciudad Lineal,40.4499,-3.658939
2711,Calle de la Torrecilla del Puerto,San Juan Bautista,Ciudad Lineal,40.450617,-3.650181
2712,Calle de las Normas,San Juan Bautista,Ciudad Lineal,40.452461,-3.661935
2713,Calle de Ábalos,San Juan Bautista,Ciudad Lineal,40.450181,-3.656069
2714,Calle de Ángel Muñoz,San Juan Bautista,Ciudad Lineal,40.453969,-3.657497
2715,Calle del Duque de Tamames,San Juan Bautista,Ciudad Lineal,40.450461,-3.653933
2716,Plaza de Anguiano,San Juan Bautista,Ciudad Lineal,40.451753,-3.656875
2717,Plaza de Castañares,San Juan Bautista,Ciudad Lineal,40.450885,-3.657562
2718,Plaza de Cidamón,San Juan Bautista,Ciudad Lineal,40.451803,-3.656422
2719,Plaza de Nalda,San Juan Bautista,Ciudad Lineal,40.450103,-3.655972
2720,Plaza de Ortigosa,San Juan Bautista,Ciudad Lineal,40.451047,-3.657936
2721,Plaza de Valvanera,San Juan Bautista,Ciudad Lineal,40.449979,-3.657274
2722,Avenida de Badajoz,San Pascual,Ciudad Lineal,40.442194,-3.653764
2723,Calle de Albacete,San Pascual,Ciudad Lineal,40.442794,-3.657314
2724,Calle de Amara,San Pascual,Ciudad Lineal,40.445478,-3.6495
2725,Calle de Angelita Cavero,San Pascual,Ciudad Lineal,40.446987,-3.647088
2726,Calle de Antonio Calvo,San Pascual,Ciudad Lineal,40.437122,-3.656558
2727,Calle de Antonio Cantalejo,San Pascual,Ciudad Lineal,40.436825,-3.655669
2728,Calle de Aristóteles,San Pascual,Ciudad Lineal,40.442889,-3.651672
2729,Calle de Carlota O'neill,San Pascual,Ciudad Lineal,40.443522,-3.649322
2730,Calle de César González Ruano,San Pascual,Ciudad Lineal,40.439567,-3.654201
2731,Calle de Demetrio López,San Pascual,Ciudad Lineal,40.437583,-3.655731
2732,Calle de Esteban Mora,San Pascual,Ciudad Lineal,40.438703,-3.655188
2733,Calle de Felipe Trigo,San Pascual,Ciudad Lineal,40.439781,-3.65425
2734,Calle de Fernando Pessoa,San Pascual,Ciudad Lineal,40.440228,-3.653461
2735,Calle de Francisco Giner de los Ríos,San Pascual,Ciudad Lineal,40.438936,-3.653021
2736,Calle de Hernández de Tejada,San Pascual,Ciudad Lineal,40.447261,-3.651375
2737,Calle de José María Cavero,San Pascual,Ciudad Lineal,40.447658,-3.647667
2738,Calle de Luis Cernuda,San Pascual,Ciudad Lineal,40.440119,-3.653646
2739,Calle de Manuel Cavero,San Pascual,Ciudad Lineal,40.447535,-3.648385
2740,Calle de Martínez Villergas,San Pascual,Ciudad Lineal,40.441361,-3.654514
2741,Calle de María Nistal,San Pascual,Ciudad Lineal,40.437789,-3.655903
2742,Calle de María Zambrano,San Pascual,Ciudad Lineal,40.44216,-3.649812
2743,Calle de Pablo Sánchez,San Pascual,Ciudad Lineal,40.441822,-3.653825
2744,Calle de Pilar Cavero,San Pascual,Ciudad Lineal,40.446411,-3.646381
2745,Calle de Salvador de Madariaga,San Pascual,Ciudad Lineal,40.437317,-3.657037
2746,Calle de Torrelaguna,San Pascual,Ciudad Lineal,40.442646,-3.653588
2747,Calle de Valentín Aguirre,San Pascual,Ciudad Lineal,40.439197,-3.655239
2748,Calle de Verdaguer y García,San Pascual,Ciudad Lineal,40.440572,-3.654025
2749,Calle de la Condesa de Venadito,San Pascual,Ciudad Lineal,40.44441,-3.653268
2750,Calle de la Electrónica,San Pascual,Ciudad Lineal,40.440689,-3.654592
2751,Calle de la Madre Antonia París,San Pascual,Ciudad Lineal,40.444894,-3.651317
2752,Calle de la Persuasión,San Pascual,Ciudad Lineal,40.436508,-3.655444
2753,Calle de la Virgen de África,San Pascual,Ciudad Lineal,40.438875,-3.654599
2754,Calle de la Virgen del Espino,San Pascual,Ciudad Lineal,40.440928,-3.654775
2755,Calle de los Derechos Humanos,San Pascual,Ciudad Lineal,40.438107,-3.655428
2756,Calle del Canal de Mozambique,San Pascual,Ciudad Lineal,40.440458,-3.652364
2757,Calle del Canal de Panamá,San Pascual,Ciudad Lineal,40.440328,-3.651297
2758,Calle del Caribe,San Pascual,Ciudad Lineal,40.442531,-3.656106
2759,Calle del Padre Coloma,San Pascual,Ciudad Lineal,40.441264,-3.653181
2760,Costanilla del Calero,San Pascual,Ciudad Lineal,40.438986,-3.652851
2761,Plaza de Platón,San Pascual,Ciudad Lineal,40.442347,-3.652472
2762,Travesía de César González Ruano,San Pascual,Ciudad Lineal,40.439361,-3.653515
2763,Travesía de María Zambrano,San Pascual,Ciudad Lineal,40.441671,-3.650708
2764,Avenida de Daroca,Ventas,Ciudad Lineal,40.427932,-3.648743
2765,Avenida de las Trece Rosas,Ventas,Ciudad Lineal,40.423308,-3.648097
2766,Avenida del Marqués de Corbera,Ventas,Ciudad Lineal,40.424436,-3.653433
2767,Calle de Altamira,Ventas,Ciudad Lineal,40.428522,-3.6523
2768,Calle de Amador Valdés,Ventas,Ciudad Lineal,40.430344,-3.6513
2769,Calle de Andrés Antón,Ventas,Ciudad Lineal,40.428525,-3.651914
2770,Calle de Andrés Herranz,Ventas,Ciudad Lineal,40.427215,-3.650876
2771,Calle de Antonio Pirala,Ventas,Ciudad Lineal,40.429031,-3.659486
2772,Calle de Astorga,Ventas,Ciudad Lineal,40.429969,-3.652499
2773,Calle de Benidorm,Ventas,Ciudad Lineal,40.431239,-3.654136
2774,Calle de Carlos Hernández,Ventas,Ciudad Lineal,40.430606,-3.648636
2775,Calle de Carmen Garrido Pérez,Ventas,Ciudad Lineal,40.429425,-3.658414
2776,Calle de Cipriano Sancho,Ventas,Ciudad Lineal,40.431415,-3.654788
2777,Calle de Cyesa,Ventas,Ciudad Lineal,40.429886,-3.65745
2778,Calle de Fermín Domínguez Ortiz,Ventas,Ciudad Lineal,40.432519,-3.648975
2779,Calle de Francisco Huesca,Ventas,Ciudad Lineal,40.42549,-3.653861
2780,Calle de Francisco Requena,Ventas,Ciudad Lineal,40.425944,-3.653661
2781,Calle de Gerardo Cordón,Ventas,Ciudad Lineal,40.426561,-3.653989
2782,Calle de Ignacio Ellacuria,Ventas,Ciudad Lineal,40.428888,-3.656869
2783,Calle de José Barbastre,Ventas,Ciudad Lineal,40.42785,-3.651608
2784,Calle de José María Fernández Lanseros,Ventas,Ciudad Lineal,40.431193,-3.657424
2785,Calle de José María Pereda,Ventas,Ciudad Lineal,40.430778,-3.648058
2786,Calle de José Noriega,Ventas,Ciudad Lineal,40.426503,-3.655011
2787,Calle de José Villena,Ventas,Ciudad Lineal,40.431278,-3.655662
2788,Calle de Juan de Arolas,Ventas,Ciudad Lineal,40.430389,-3.647319
2789,Calle de Juan de Izíar,Ventas,Ciudad Lineal,40.427717,-3.655025
2790,Calle de Ledesma,Ventas,Ciudad Lineal,40.429368,-3.646801
2791,Calle de Lorenzo González,Ventas,Ciudad Lineal,40.431651,-3.649129
2792,Calle de Luis Piernas,Ventas,Ciudad Lineal,40.426208,-3.653764
2793,Calle de Manuel Linares,Ventas,Ciudad Lineal,40.430094,-3.650656
2794,Calle de Marcelino Álvarez,Ventas,Ciudad Lineal,40.431111,-3.653842
2795,Calle de María Teresa Sáenz de Heredia,Ventas,Ciudad Lineal,40.42405,-3.652886
2796,Calle de Mateo García,Ventas,Ciudad Lineal,40.431233,-3.652956
2797,Calle de Miguel de Unamuno,Ventas,Ciudad Lineal,40.42875,-3.650211
2798,Calle de Montejurra,Ventas,Ciudad Lineal,40.425194,-3.655428
2799,Calle de Máximo San Juan,Ventas,Ciudad Lineal,40.432186,-3.650506
2800,Calle de Nuestra Señora del Villar,Ventas,Ciudad Lineal,40.423822,-3.652017
2801,Calle de Pablo Jiménez Cano,Ventas,Ciudad Lineal,40.432037,-3.647972
2802,Calle de Pablo Lafargue,Ventas,Ciudad Lineal,40.421764,-3.653083
2803,Calle de Pedrezuela,Ventas,Ciudad Lineal,40.428204,-3.652901
2804,Calle de Ramón Patuel,Ventas,Ciudad Lineal,40.427928,-3.655411
2805,Calle de Ricardo Ortiz,Ventas,Ciudad Lineal,40.425461,-3.658086
2806,Calle de Ricardo Sepúlveda,Ventas,Ciudad Lineal,40.429653,-3.650219
2807,Calle de San Clodoaldo,Ventas,Ciudad Lineal,40.42804,-3.650451
2808,Calle de San Donato,Ventas,Ciudad Lineal,40.423636,-3.656531
2809,Calle de San Emilio,Ventas,Ciudad Lineal,40.427142,-3.658947
2810,Calle de San Gumersindo,Ventas,Ciudad Lineal,40.430674,-3.652108
2811,Calle de San Juan de la Cuesta,Ventas,Ciudad Lineal,40.432199,-3.648797
2812,Calle de San Lamberto,Ventas,Ciudad Lineal,40.420397,-3.651611
2813,Calle de San Marcelo,Ventas,Ciudad Lineal,40.427185,-3.656346
2814,Calle de San Maximiliano,Ventas,Ciudad Lineal,40.425194,-3.653319
2815,Calle de San Samuel,Ventas,Ciudad Lineal,40.423949,-3.655918
2816,Calle de San Secundino,Ventas,Ciudad Lineal,40.424625,-3.655522
2817,Calle de San Vidal,Ventas,Ciudad Lineal,40.424378,-3.656225
2818,Calle de Santa Elena,Ventas,Ciudad Lineal,40.431949,-3.651317
2819,Calle de Santa Felicidad,Ventas,Ciudad Lineal,40.425058,-3.649872
2820,Calle de Santa Genoveva,Ventas,Ciudad Lineal,40.424067,-3.649233
2821,Calle de Santa Irene,Ventas,Ciudad Lineal,40.419765,-3.652407
2822,Calle de Santa Prisca,Ventas,Ciudad Lineal,40.426917,-3.648806
2823,Calle de Santiago de Masarnau,Ventas,Ciudad Lineal,40.430586,-3.658847
2824,Calle de Servando Batanero,Ventas,Ciudad Lineal,40.42965,-3.647464
2825,Calle de Sor María de Ágreda,Ventas,Ciudad Lineal,40.43004,-3.648979
2826,Calle de la Vereda del Carmen,Ventas,Ciudad Lineal,40.430197,-3.650836
2827,Calle de la Vertiente,Ventas,Ciudad Lineal,40.430003,-3.654803
2828,Calle de los Collados,Ventas,Ciudad Lineal,40.431217,-3.648617
2829,Calle de los Hermanos Gómez,Ventas,Ciudad Lineal,40.430594,-3.649783
2830,Calle de los Hermanos Machado,Ventas,Ciudad Lineal,40.430917,-3.648974
2831,Calle de Álava,Ventas,Ciudad Lineal,40.430967,-3.651447
2832,Calle de Ángel González Tejedor,Ventas,Ciudad Lineal,40.431297,-3.656608
2833,Calle del Apóstol Santiago,Ventas,Ciudad Lineal,40.426961,-3.654533
2834,Calle del Lago Constanza,Ventas,Ciudad Lineal,40.430781,-3.646432
2835,Calle del Poeta Blas de Otero,Ventas,Ciudad Lineal,40.421436,-3.653226
2836,Callejón de Murcia,Ventas,Ciudad Lineal,40.430511,-3.64675
2837,Pasaje de Santa Felicidad,Ventas,Ciudad Lineal,40.424267,-3.650103
2838,Plaza de Agustín González,Ventas,Ciudad Lineal,40.427564,-3.647164
2839,Plaza de Bami,Ventas,Ciudad Lineal,40.430656,-3.654028
2840,Plaza de Santa Aurelia,Ventas,Ciudad Lineal,40.425254,-3.649347
2841,Travesía de Gerardo Cordón,Ventas,Ciudad Lineal,40.426208,-3.653043
2842,Travesía de José Noriega,Ventas,Ciudad Lineal,40.426086,-3.655489
2843,Travesía de San Lamberto,Ventas,Ciudad Lineal,40.421022,-3.651953
2844,Travesía del Poeta Blas de Otero,Ventas,Ciudad Lineal,40.422647,-3.655025
2845,Autovía M-607,El Goloso,Fuencarral - El Pardo,40.532644,-3.697718
2846,Avenida del Monasterio de Silos,El Goloso,Fuencarral - El Pardo,40.504133,-3.697097
2847,Avenida del Monasterio de el Escorial,El Goloso,Fuencarral - El Pardo,40.504722,-3.701053
2848,Avenida del Santuario de Valverde,El Goloso,Fuencarral - El Pardo,40.511726,-3.692642
2849,Calle Provisional Arboleda de San Fernando,El Goloso,Fuencarral - El Pardo,40.530911,-3.689064
2850,Calle de Adam Smith,El Goloso,Fuencarral - El Pardo,40.546588,-3.697443
2851,Calle de Bercianos del Real Camino,El Goloso,Fuencarral - El Pardo,40.515492,-3.677853
2852,Calle de Bertrand Russell,El Goloso,Fuencarral - El Pardo,40.550286,-3.688492
2853,Calle de Darwin,El Goloso,Fuencarral - El Pardo,40.543328,-3.692122
2854,Calle de Einstein,El Goloso,Fuencarral - El Pardo,40.544346,-3.694601
2855,Calle de Erasmo de Rotterdam,El Goloso,Fuencarral - El Pardo,40.548028,-3.698997
2856,Calle de Faraday,El Goloso,Fuencarral - El Pardo,40.548661,-3.689961
2857,Calle de Francisco Tomás y Valiente,El Goloso,Fuencarral - El Pardo,40.54574,-3.694739
2858,Calle de Freud,El Goloso,Fuencarral - El Pardo,40.544958,-3.699881
2859,Calle de Hobbes,El Goloso,Fuencarral - El Pardo,40.541856,-3.692947
2860,Calle de Itero de la Vega,El Goloso,Fuencarral - El Pardo,40.516189,-3.678468
2861,Calle de Iván Pavlov,El Goloso,Fuencarral - El Pardo,40.543653,-3.693264
2862,Calle de Kant,El Goloso,Fuencarral - El Pardo,40.541597,-3.697264
2863,Calle de Kelsen,El Goloso,Fuencarral - El Pardo,40.542051,-3.689678
2864,Calle de Keynes,El Goloso,Fuencarral - El Pardo,40.547133,-3.698953
2865,Calle de Lavoisier,El Goloso,Fuencarral - El Pardo,40.548158,-3.695731
2866,Calle de Leibniz,El Goloso,Fuencarral - El Pardo,40.547489,-3.697385
2867,Calle de Marie Curie,El Goloso,Fuencarral - El Pardo,40.543574,-3.690821
2868,Calle de Marx,El Goloso,Fuencarral - El Pardo,40.546286,-3.696311
2869,Calle de Newton,El Goloso,Fuencarral - El Pardo,40.548119,-3.690797
2870,Calle de Nicolás Cabrera,El Goloso,Fuencarral - El Pardo,40.549617,-3.689036
2871,Calle de Sor Juana Inés de la Cruz,El Goloso,Fuencarral - El Pardo,40.543072,-3.689389
2872,Calle de la Batalla de Wad-rás,El Goloso,Fuencarral - El Pardo,40.554706,-3.710165
2873,Calle de la Colegiata de Lebeña,El Goloso,Fuencarral - El Pardo,40.512231,-3.691942
2874,Calle de la Universidad de Comillas,El Goloso,Fuencarral - El Pardo,40.551911,-3.682678
2875,Calle del Conventín de Valdediós,El Goloso,Fuencarral - El Pardo,40.513033,-3.68741
2876,Calle del Monasterio de Arlanza,El Goloso,Fuencarral - El Pardo,40.509883,-3.690669
2877,Calle del Monasterio de Caaveiro,El Goloso,Fuencarral - El Pardo,40.504775,-3.695786
2878,Calle del Monasterio de Guadalupe,El Goloso,Fuencarral - El Pardo,40.505975,-3.705931
2879,Calle del Monasterio de Liébana,El Goloso,Fuencarral - El Pardo,40.506918,-3.694732
2880,Calle del Monasterio de Montesclaros,El Goloso,Fuencarral - El Pardo,40.503583,-3.702775
2881,Calle del Monasterio de Oseira,El Goloso,Fuencarral - El Pardo,40.510364,-3.696522
2882,Calle del Monasterio de Poyo,El Goloso,Fuencarral - El Pardo,40.509586,-3.695814
2883,Calle del Monasterio de Samos,El Goloso,Fuencarral - El Pardo,40.505986,-3.695347
2884,Calle del Monasterio de Sobrado,El Goloso,Fuencarral - El Pardo,40.509981,-3.693861
2885,Calle del Monasterio de las Batuecas,El Goloso,Fuencarral - El Pardo,40.505169,-3.704928
2886,Camino de Servicio del Canal de Isabel Ii,El Goloso,Fuencarral - El Pardo,40.522411,-3.693431
2887,Camino de Valdecerbero,El Goloso,Fuencarral - El Pardo,40.5137,-3.720719
2888,Camino de Valdegrulla,El Goloso,Fuencarral - El Pardo,40.521697,-3.679039
2889,Camino de Valdelamasa,El Goloso,Fuencarral - El Pardo,40.549342,-3.681681
2890,Camino de Valverde,El Goloso,Fuencarral - El Pardo,40.521783,-3.692831
2891,Camino de Villarejos,El Goloso,Fuencarral - El Pardo,40.514414,-3.693317
2892,Camino de el Calverón,El Goloso,Fuencarral - El Pardo,40.516254,-3.728922
2893,Camino de la Carretera de el Pardo a Colmenar Viejo,El Goloso,Fuencarral - El Pardo,40.532233,-3.706314
2894,Camino de la Cañada,El Goloso,Fuencarral - El Pardo,40.513383,-3.702861
2895,Camino de la Dehesa de los Calabozos,El Goloso,Fuencarral - El Pardo,40.521342,-3.666189
2896,Camino de la Fuente del Piejo,El Goloso,Fuencarral - El Pardo,40.506694,-3.713083
2897,Camino de la Tapia de el Pardo,El Goloso,Fuencarral - El Pardo,40.516922,-3.734906
2898,Camino de la Vereda de la Torre,El Goloso,Fuencarral - El Pardo,40.509,-3.709906
2899,Camino del Arroyo del Monte,El Goloso,Fuencarral - El Pardo,40.527839,-3.695325
2900,Camino del Canal,El Goloso,Fuencarral - El Pardo,40.525161,-3.725592
2901,Camino del Merendero,El Goloso,Fuencarral - El Pardo,40.510075,-3.713775
2902,Camino del Monte Viejo,El Goloso,Fuencarral - El Pardo,40.524314,-3.726408
2903,Camino del Sotillo a Fuencarral,El Goloso,Fuencarral - El Pardo,40.535186,-3.701258
2904,Camino del Vivero,El Goloso,Fuencarral - El Pardo,40.564675,-3.691453
2905,Carretera M-612,El Goloso,Fuencarral - El Pardo,40.510219,-3.733739
2906,Carretera M-616,El Goloso,Fuencarral - El Pardo,40.550346,-3.694917
2907,Carretera de Canto Blanco,El Goloso,Fuencarral - El Pardo,40.542704,-3.686968
2908,Carretera de Torrelaparada,El Goloso,Fuencarral - El Pardo,40.551926,-3.70784
2909,Carretera de la Estación Valdelatas,El Goloso,Fuencarral - El Pardo,40.539125,-3.702669
2910,Ronda Provisional Ciudad Escolar,El Goloso,Fuencarral - El Pardo,40.524753,-3.684256
2911,Ronda Provisional Colegio San Fernando,El Goloso,Fuencarral - El Pardo,40.529031,-3.689003
2912,Avenida de la Guardia,El Pardo,Fuencarral - El Pardo,40.516694,-3.773722
2913,Avenida del Padre Cipriano,El Pardo,Fuencarral - El Pardo,40.518408,-3.777894
2914,Avenida del Palacio,El Pardo,Fuencarral - El Pardo,40.518165,-3.773435
2915,Calle Nueva de el Pardo,El Pardo,Fuencarral - El Pardo,40.521288,-3.7769
2916,Calle de Adelina Patti,El Pardo,Fuencarral - El Pardo,40.523692,-3.779744
2917,Calle de Brunete,El Pardo,Fuencarral - El Pardo,40.516514,-3.774288
2918,Calle de Carlos Morla Lynch,El Pardo,Fuencarral - El Pardo,40.517625,-3.776442
2919,Calle de Eugenio Pérez,El Pardo,Fuencarral - El Pardo,40.51949,-3.77674
2920,Calle de Manuel Alonso,El Pardo,Fuencarral - El Pardo,40.520889,-3.776792
2921,Calle de Mira el Río,El Pardo,Fuencarral - El Pardo,40.51965,-3.777683
2922,Calle de Rosa Sabater,El Pardo,Fuencarral - El Pardo,40.520619,-3.778706
2923,Calle de San Adolfo,El Pardo,Fuencarral - El Pardo,40.5153,-3.775053
2924,Calle de San Antón,El Pardo,Fuencarral - El Pardo,40.519433,-3.777525
2925,Calle de San Arturo,El Pardo,Fuencarral - El Pardo,40.520053,-3.778364
2926,Calle de San Cirilo,El Pardo,Fuencarral - El Pardo,40.517086,-3.775786
2927,Calle de San Frutos,El Pardo,Fuencarral - El Pardo,40.516314,-3.776697
2928,Calle de San Gelasio,El Pardo,Fuencarral - El Pardo,40.517218,-3.776314
2929,Calle de San Leandro,El Pardo,Fuencarral - El Pardo,40.518336,-3.776111
2930,Calle de San Lázaro,El Pardo,Fuencarral - El Pardo,40.515947,-3.774201
2931,Calle de San Paciano,El Pardo,Fuencarral - El Pardo,40.518583,-3.777606
2932,Calle de San Pancracio,El Pardo,Fuencarral - El Pardo,40.515629,-3.774503
2933,Calle de San Pelegrín,El Pardo,Fuencarral - El Pardo,40.517389,-3.777407
2934,Calle de San Quirico,El Pardo,Fuencarral - El Pardo,40.518106,-3.777283
2935,Calle de la Campaña,El Pardo,Fuencarral - El Pardo,40.530732,-3.779731
2936,Calle de la Fortaleza,El Pardo,Fuencarral - El Pardo,40.533143,-3.780156
2937,Calle de la Garita,El Pardo,Fuencarral - El Pardo,40.53299,-3.782178
2938,Calle de la Guardia Civil,El Pardo,Fuencarral - El Pardo,40.518796,-3.777693
2939,Calle de la Muralla,El Pardo,Fuencarral - El Pardo,40.531512,-3.7804
2940,Calle de las Almenas,El Pardo,Fuencarral - El Pardo,40.532614,-3.781618
2941,Calle de las Armas,El Pardo,Fuencarral - El Pardo,40.532819,-3.781153
2942,Calle de los Caballeros,El Pardo,Fuencarral - El Pardo,40.519471,-3.777126
2943,Calle de los Carboneros,El Pardo,Fuencarral - El Pardo,40.519861,-3.778004
2944,Calle de los Sisones,El Pardo,Fuencarral - El Pardo,40.519197,-3.778086
2945,Calle del Batallón,El Pardo,Fuencarral - El Pardo,40.534118,-3.781582
2946,Calle del Cabo López Martínez,El Pardo,Fuencarral - El Pardo,40.515299,-3.773012
2947,Calle del Capitán Salas,El Pardo,Fuencarral - El Pardo,40.518949,-3.777425
2948,Calle del Doctor Mediavilla,El Pardo,Fuencarral - El Pardo,40.51914,-3.777525
2949,Calle del Escuadrón,El Pardo,Fuencarral - El Pardo,40.534772,-3.781558
2950,Calle del Fortín,El Pardo,Fuencarral - El Pardo,40.533356,-3.780797
2951,Calle del General Urrutia,El Pardo,Fuencarral - El Pardo,40.515333,-3.774717
2952,Calle del Heroísmo,El Pardo,Fuencarral - El Pardo,40.532994,-3.780596
2953,Calle del Matadero de el Pardo,El Pardo,Fuencarral - El Pardo,40.511862,-3.770504
2954,Calle del Regimiento,El Pardo,Fuencarral - El Pardo,40.5324,-3.780733
2955,Calle del Soldado,El Pardo,Fuencarral - El Pardo,40.518911,-3.776508
2956,Camino Nuevo de Valdelamasa,El Pardo,Fuencarral - El Pardo,40.594797,-3.639067
2957,Camino Vereda de la Desuelta,El Pardo,Fuencarral - El Pardo,40.596486,-3.690419
2958,Camino de la Parrilla,El Pardo,Fuencarral - El Pardo,40.643181,-3.655692
2959,Camino del Mochuelo,El Pardo,Fuencarral - El Pardo,40.6063,-3.677419
2960,Carretera Particular de la Zarzuela,El Pardo,Fuencarral - El Pardo,40.482933,-3.806083
2961,Carretera Particular del Tiro de Pichón,El Pardo,Fuencarral - El Pardo,40.489194,-3.743608
2962,Carretera de Madrid a la Sierra,El Pardo,Fuencarral - El Pardo,40.53755,-3.785044
2963,Carretera de Somontes al Palacio de la Real Quinta,El Pardo,Fuencarral - El Pardo,40.496433,-3.746728
2964,Carretera de el Pardo,El Pardo,Fuencarral - El Pardo,40.479364,-3.751953
2965,Carretera de el Pardo a Colmenar Viejo,El Pardo,Fuencarral - El Pardo,40.532703,-3.782168
2966,Carretera de la Zarzuela,El Pardo,Fuencarral - El Pardo,40.481581,-3.799258
2967,Carretera del Castillo de Viñuelas,El Pardo,Fuencarral - El Pardo,40.608817,-3.646331
2968,Carretera del Palacio de la Real Quinta,El Pardo,Fuencarral - El Pardo,40.505039,-3.737858
2969,Paseo de el Pardo,El Pardo,Fuencarral - El Pardo,40.522311,-3.778658
2970,Pista del Cristo de el Pardo,El Pardo,Fuencarral - El Pardo,40.520158,-3.781544
2971,Plaza de Rogelio Enríquez,El Pardo,Fuencarral - El Pardo,40.519031,-3.776931
2972,Plaza de San Fernando,El Pardo,Fuencarral - El Pardo,40.516038,-3.773443
2973,Plaza de el Pardo,El Pardo,Fuencarral - El Pardo,40.519908,-3.777361
2974,Plaza de los Capuchinos,El Pardo,Fuencarral - El Pardo,40.519014,-3.777656
2975,Calle de Braojos,Fuentelarreina,Fuencarral - El Pardo,40.481197,-3.738822
2976,Calle de Cantalejo,Fuentelarreina,Fuencarral - El Pardo,40.474819,-3.739789
2977,Calle de Chapinería,Fuentelarreina,Fuencarral - El Pardo,40.475904,-3.739749
2978,Calle de Fresnedillas,Fuentelarreina,Fuencarral - El Pardo,40.478575,-3.740774
2979,Calle de Fuentemilanos,Fuentelarreina,Fuencarral - El Pardo,40.476256,-3.750281
2980,Calle de Gavilanes,Fuentelarreina,Fuencarral - El Pardo,40.479515,-3.740647
2981,Calle de Hontanares,Fuentelarreina,Fuencarral - El Pardo,40.476714,-3.749519
2982,Calle de Navaluenga,Fuentelarreina,Fuencarral - El Pardo,40.476206,-3.746097
2983,Calle de Navarredonda de Gredos,Fuentelarreina,Fuencarral - El Pardo,40.478342,-3.743083
2984,Calle de Siguero,Fuentelarreina,Fuencarral - El Pardo,40.480001,-3.742315
2985,Calle de Somontes,Fuentelarreina,Fuencarral - El Pardo,40.475968,-3.748019
2986,Calle de Torrebeleña,Fuentelarreina,Fuencarral - El Pardo,40.476753,-3.746683
2987,Calle de Vegafría,Fuentelarreina,Fuencarral - El Pardo,40.475471,-3.743761
2988,Calle de la Alberca,Fuentelarreina,Fuencarral - El Pardo,40.477783,-3.7489
2989,Calle de Alfredo Marqueríe,La Paz,Fuencarral - El Pardo,40.486481,-3.701639
2990,Calle de Antonio López Aguado,La Paz,Fuencarral - El Pardo,40.482222,-3.701624
2991,Calle de Arturo Duperier,La Paz,Fuencarral - El Pardo,40.482819,-3.692535
2992,Calle de Fermín Caballero,La Paz,Fuencarral - El Pardo,40.484543,-3.706085
2993,Calle de Finisterre,La Paz,Fuencarral - El Pardo,40.478597,-3.701814
2994,Calle de Ginzo de Limia,La Paz,Fuencarral - El Pardo,40.478215,-3.703826
2995,Calle de Julio Palacios,La Paz,Fuencarral - El Pardo,40.483149,-3.6942
2996,Calle de Melchor Fernández Almagro,La Paz,Fuencarral - El Pardo,40.477274,-3.702443
2997,Calle de Narcís Monturiol,La Paz,Fuencarral - El Pardo,40.484615,-3.700103
2998,Calle de Patones,La Paz,Fuencarral - El Pardo,40.484922,-3.703247
2999,Calle de Pedro Rico,La Paz,Fuencarral - El Pardo,40.48399,-3.695408
3000,Calle de Puentecesures,La Paz,Fuencarral - El Pardo,40.478894,-3.697119
3001,Calle de Sangenjo,La Paz,Fuencarral - El Pardo,40.485211,-3.700301
3002,Calle de Santiago de Compostela,La Paz,Fuencarral - El Pardo,40.481878,-3.709192
3003,Calle de Valencia de Don Juan,La Paz,Fuencarral - El Pardo,40.486015,-3.703207
3004,Calle de la Villa de Marín,La Paz,Fuencarral - El Pardo,40.476768,-3.698899
3005,Calle del Arzobispo Morcillo,La Paz,Fuencarral - El Pardo,40.482031,-3.697028
3006,Calle del Río Bullaque,La Paz,Fuencarral - El Pardo,40.488457,-3.700329
3007,Avenida del Montecarmelo,Mirasierra,Fuencarral - El Pardo,40.503151,-3.698617
3008,Avenida del Ventisquero de la Condesa,Mirasierra,Fuencarral - El Pardo,40.487701,-3.71706
3009,Calle de Arnedillo,Mirasierra,Fuencarral - El Pardo,40.501503,-3.702528
3010,Calle de Benetuser,Mirasierra,Fuencarral - El Pardo,40.5008,-3.701439
3011,Calle de Cambrils,Mirasierra,Fuencarral - El Pardo,40.485594,-3.710864
3012,Calle de Carme Chacón,Mirasierra,Fuencarral - El Pardo,40.492057,-3.72759
3013,Calle de Celeorama Gómez,Mirasierra,Fuencarral - El Pardo,40.495965,-3.733236
3014,Calle de Collado Mediano,Mirasierra,Fuencarral - El Pardo,40.489708,-3.713147
3015,Calle de Federica Montseny,Mirasierra,Fuencarral - El Pardo,40.491957,-3.728187
3016,Calle de Florencia Pinar,Mirasierra,Fuencarral - El Pardo,40.494317,-3.722089
3017,Calle de Gloria Fuertes,Mirasierra,Fuencarral - El Pardo,40.49121,-3.731858
3018,Calle de Irene Caba Alba,Mirasierra,Fuencarral - El Pardo,40.488739,-3.732561
3019,Calle de Juanita Cruz,Mirasierra,Fuencarral - El Pardo,40.495314,-3.721658
3020,Calle de Leonor López de Córdoba,Mirasierra,Fuencarral - El Pardo,40.496301,-3.720329
3021,Calle de Marbella,Mirasierra,Fuencarral - El Pardo,40.493436,-3.70475
3022,Calle de Margarita Nelken,Mirasierra,Fuencarral - El Pardo,40.489889,-3.728081
3023,Calle de Mari Pepa Colomer,Mirasierra,Fuencarral - El Pardo,40.491101,-3.729639
3024,Calle de María Casares,Mirasierra,Fuencarral - El Pardo,40.493408,-3.723081
3025,Calle de María Goyri,Mirasierra,Fuencarral - El Pardo,40.488139,-3.729572
3026,Calle de María Montessori,Mirasierra,Fuencarral - El Pardo,40.489788,-3.730488
3027,Calle de María de Maeztu,Mirasierra,Fuencarral - El Pardo,40.493069,-3.723792
3028,Calle de Menchu Ajamil,Mirasierra,Fuencarral - El Pardo,40.492997,-3.727114
3029,Calle de Moralzarzal,Mirasierra,Fuencarral - El Pardo,40.491028,-3.7078
3030,Calle de Nuria,Mirasierra,Fuencarral - El Pardo,40.491753,-3.705297
3031,Calle de Oteruelo del Valle,Mirasierra,Fuencarral - El Pardo,40.496296,-3.731994
3032,Calle de Panticosa,Mirasierra,Fuencarral - El Pardo,40.489206,-3.705814
3033,Calle de Peña Santa,Mirasierra,Fuencarral - El Pardo,40.494064,-3.704239
3034,Calle de Rascafría,Mirasierra,Fuencarral - El Pardo,40.495556,-3.732839
3035,Calle de Roda de Bará,Mirasierra,Fuencarral - El Pardo,40.484435,-3.712514
3036,Calle de Salou,Mirasierra,Fuencarral - El Pardo,40.48995,-3.710931
3037,Calle de Teresa Claramunt,Mirasierra,Fuencarral - El Pardo,40.491699,-3.725106
3038,Calle de la Colegiata de Sar,Mirasierra,Fuencarral - El Pardo,40.501581,-3.700997
3039,Calle de la Costa Brava,Mirasierra,Fuencarral - El Pardo,40.497322,-3.709453
3040,Calle de la Laguna Grande,Mirasierra,Fuencarral - El Pardo,40.487194,-3.710553
3041,Calle de la Madre Teresa de Calcuta,Mirasierra,Fuencarral - El Pardo,40.490953,-3.729906
3042,Calle de la Masó,Mirasierra,Fuencarral - El Pardo,40.491625,-3.712683
3043,Calle de la Peña Auseba,Mirasierra,Fuencarral - El Pardo,40.493903,-3.701875
3044,Calle de la Peña Citores,Mirasierra,Fuencarral - El Pardo,40.490006,-3.700367
3045,Calle de la Peña Dorada,Mirasierra,Fuencarral - El Pardo,40.485344,-3.713069
3046,Calle de la Peña Pintada,Mirasierra,Fuencarral - El Pardo,40.492751,-3.704725
3047,Calle de la Peña Sirio,Mirasierra,Fuencarral - El Pardo,40.492044,-3.703903
3048,Calle de la Peña Vieja,Mirasierra,Fuencarral - El Pardo,40.494386,-3.707133
3049,Calle de la Peña del Cuervo,Mirasierra,Fuencarral - El Pardo,40.487217,-3.720092
3050,Calle de la Peña del Oso,Mirasierra,Fuencarral - El Pardo,40.489979,-3.701208
3051,Calle de la Peña del Sol,Mirasierra,Fuencarral - El Pardo,40.4901,-3.702381
3052,Calle de la Peña del Águila,Mirasierra,Fuencarral - El Pardo,40.487397,-3.725142
3053,Calle de la Portera del Cura,Mirasierra,Fuencarral - El Pardo,40.490943,-3.714968
3054,Calle de la Senda del Infante,Mirasierra,Fuencarral - El Pardo,40.491161,-3.722539
3055,Calle de las Arbucias,Mirasierra,Fuencarral - El Pardo,40.50146,-3.701799
3056,Calle de las Cabezuelas,Mirasierra,Fuencarral - El Pardo,40.496008,-3.701658
3057,Calle de las Peñas del Arcipreste,Mirasierra,Fuencarral - El Pardo,40.486275,-3.718128
3058,Calle de los Monasterios de Suso y Yuso,Mirasierra,Fuencarral - El Pardo,40.502431,-3.700922
3059,Calle del Algarrobo,Mirasierra,Fuencarral - El Pardo,40.500972,-3.702567
3060,Calle del Arroyo del Monte,Mirasierra,Fuencarral - El Pardo,40.489161,-3.728108
3061,Calle del Cerro Minguete,Mirasierra,Fuencarral - El Pardo,40.486775,-3.722522
3062,Calle del Cerro Ortigoso,Mirasierra,Fuencarral - El Pardo,40.488033,-3.707239
3063,Calle del Cerro Piñonero,Mirasierra,Fuencarral - El Pardo,40.487489,-3.71956
3064,Calle del Cerro de Valdemartín,Mirasierra,Fuencarral - El Pardo,40.489114,-3.708664
3065,Calle del Cerro de la Carrasqueta,Mirasierra,Fuencarral - El Pardo,40.486379,-3.72394
3066,Calle del Cerro de Álamos Blancos,Mirasierra,Fuencarral - El Pardo,40.488717,-3.726844
3067,Calle del Cerro del Castañar,Mirasierra,Fuencarral - El Pardo,40.489986,-3.711564
3068,Calle del Collado Albo,Mirasierra,Fuencarral - El Pardo,40.490096,-3.721785
3069,Calle del Collado de Cerro Malejo,Mirasierra,Fuencarral - El Pardo,40.489164,-3.717453
3070,Calle del Collado de Marichiva,Mirasierra,Fuencarral - El Pardo,40.489953,-3.722253
3071,Calle del Collado de Tirobarra,Mirasierra,Fuencarral - El Pardo,40.494886,-3.716365
3072,Calle del Collado de la Mina,Mirasierra,Fuencarral - El Pardo,40.490118,-3.7182
3073,Calle del Collado del Hornillo,Mirasierra,Fuencarral - El Pardo,40.489542,-3.719074
3074,Calle del Collado del Mostajo,Mirasierra,Fuencarral - El Pardo,40.489425,-3.722289
3075,Calle del Collado del Piornal,Mirasierra,Fuencarral - El Pardo,40.493911,-3.716019
3076,Calle del Collado del Viento,Mirasierra,Fuencarral - El Pardo,40.489976,-3.704076
3077,Calle del Granito de Oro,Mirasierra,Fuencarral - El Pardo,40.502003,-3.732494
3078,Calle del Mirador de la Reina,Mirasierra,Fuencarral - El Pardo,40.489031,-3.725325
3079,Calle del Monasterio de el Paular,Mirasierra,Fuencarral - El Pardo,40.501076,-3.703096
3080,Calle del Monasterio de la Rábida,Mirasierra,Fuencarral - El Pardo,40.501814,-3.704161
3081,Calle del Monasterio de las Huelgas,Mirasierra,Fuencarral - El Pardo,40.503289,-3.707042
3082,Calle del Pan de Azúcar,Mirasierra,Fuencarral - El Pardo,40.492767,-3.708983
3083,Calle del Pico Milano,Mirasierra,Fuencarral - El Pardo,40.486489,-3.712303
3084,Calle del Pico Pasapán,Mirasierra,Fuencarral - El Pardo,40.491794,-3.709017
3085,Calle del Puerto de Bermeo,Mirasierra,Fuencarral - El Pardo,40.491294,-3.71109
3086,Calle del Valle de Enmedio,Mirasierra,Fuencarral - El Pardo,40.488269,-3.721939
3087,Calle del Valle de Laciana,Mirasierra,Fuencarral - El Pardo,40.489531,-3.708244
3088,Calle del Valle de Pinares Llanos,Mirasierra,Fuencarral - El Pardo,40.485715,-3.722268
3089,Calle del Valle de la Fuenfría,Mirasierra,Fuencarral - El Pardo,40.498971,-3.706296
3090,Camino del Monte Carmelo,Mirasierra,Fuencarral - El Pardo,40.503725,-3.732006
3091,Glorieta de la Pradera de Vaquerizas,Mirasierra,Fuencarral - El Pardo,40.490344,-3.722131
3092,Pasaje de los Ancianos,Mirasierra,Fuencarral - El Pardo,40.4933,-3.715778
3093,Pasaje del Saceral,Mirasierra,Fuencarral - El Pardo,40.492722,-3.715578
3094,Plaza del Valle de la Jarosa,Mirasierra,Fuencarral - El Pardo,40.487507,-3.722375
3095,Avenida del Cardenal Herrera Oria,Peñagrande,Fuencarral - El Pardo,40.480108,-3.722778
3096,Calle de Alberto Insúa,Peñagrande,Fuencarral - El Pardo,40.481439,-3.733797
3097,Calle de Alejandro Casona,Peñagrande,Fuencarral - El Pardo,40.481856,-3.730306
3098,Calle de Alfonso Rodríguez Castelao,Peñagrande,Fuencarral - El Pardo,40.482047,-3.734461
3099,Calle de Alicia Baena,Peñagrande,Fuencarral - El Pardo,40.480446,-3.726549
3100,Calle de Amadeo Gómez,Peñagrande,Fuencarral - El Pardo,40.476661,-3.725214
3101,Calle de Angelita Camarero,Peñagrande,Fuencarral - El Pardo,40.481294,-3.726147
3102,Calle de Antonia Baena,Peñagrande,Fuencarral - El Pardo,40.481562,-3.728988
3103,Calle de Barberán,Peñagrande,Fuencarral - El Pardo,40.479221,-3.730464
3104,Calle de Basilio de Prado,Peñagrande,Fuencarral - El Pardo,40.479492,-3.727203
3105,Calle de Buitrago del Lozoya,Peñagrande,Fuencarral - El Pardo,40.471499,-3.717206
3106,Calle de Cabanillas de la Sierra,Peñagrande,Fuencarral - El Pardo,40.471142,-3.716225
3107,Calle de Cadalso de los Vidrios,Peñagrande,Fuencarral - El Pardo,40.480831,-3.722892
3108,Calle de Cuellar,Peñagrande,Fuencarral - El Pardo,40.478664,-3.730454
3109,Calle de Cándido Mateos,Peñagrande,Fuencarral - El Pardo,40.472969,-3.718331
3110,Calle de César Manrique,Peñagrande,Fuencarral - El Pardo,40.472075,-3.720644
3111,Calle de Dalmacio Negro Pavón,Peñagrande,Fuencarral - El Pardo,40.474178,-3.729758
3112,Calle de Dionisio Ridruejo,Peñagrande,Fuencarral - El Pardo,40.481792,-3.735317
3113,Calle de Emilio Domínguez,Peñagrande,Fuencarral - El Pardo,40.482512,-3.721776
3114,Calle de Enrique Leyra,Peñagrande,Fuencarral - El Pardo,40.477789,-3.732575
3115,Calle de Enrique de Aldama,Peñagrande,Fuencarral - El Pardo,40.47451,-3.73621
3116,Calle de Eusebio Isidro,Peñagrande,Fuencarral - El Pardo,40.481556,-3.722683
3117,Calle de Faustina Mena,Peñagrande,Fuencarral - El Pardo,40.485467,-3.728081
3118,Calle de Felisa Pizarro,Peñagrande,Fuencarral - El Pardo,40.475236,-3.729681
3119,Calle de Fernández Cid,Peñagrande,Fuencarral - El Pardo,40.477757,-3.733324
3120,Calle de Francisco Díaz de Madrid,Peñagrande,Fuencarral - El Pardo,40.473886,-3.729767
3121,Calle de Gabriela Mistral,Peñagrande,Fuencarral - El Pardo,40.483797,-3.735232
3122,Calle de Gascones,Peñagrande,Fuencarral - El Pardo,40.476561,-3.738425
3123,Calle de Inocencio Fernández,Peñagrande,Fuencarral - El Pardo,40.475869,-3.731301
3124,Calle de Javier Tusell,Peñagrande,Fuencarral - El Pardo,40.474203,-3.735136
3125,Calle de Jesús de Polanco,Peñagrande,Fuencarral - El Pardo,40.473865,-3.734818
3126,Calle de Joaquín Jorge Alarcón,Peñagrande,Fuencarral - El Pardo,40.476915,-3.725129
3127,Calle de Joaquín Lorenzo,Peñagrande,Fuencarral - El Pardo,40.475031,-3.732058
3128,Calle de Joaquín Pol,Peñagrande,Fuencarral - El Pardo,40.475583,-3.729861
3129,Calle de Juan Peña,Peñagrande,Fuencarral - El Pardo,40.479586,-3.731482
3130,Calle de Juan Sánchez,Peñagrande,Fuencarral - El Pardo,40.474683,-3.719806
3131,Calle de Julio Calvo,Peñagrande,Fuencarral - El Pardo,40.481415,-3.722311
3132,Calle de Lacoma,Peñagrande,Fuencarral - El Pardo,40.481631,-3.721696
3133,Calle de Leopoldo Alas Clarín,Peñagrande,Fuencarral - El Pardo,40.480403,-3.733817
3134,Calle de Manuel Garrido,Peñagrande,Fuencarral - El Pardo,40.474232,-3.731838
3135,Calle de Mario Recuero,Peñagrande,Fuencarral - El Pardo,40.479682,-3.727068
3136,Calle de María Alonso,Peñagrande,Fuencarral - El Pardo,40.478849,-3.723294
3137,Calle de María Isabel Navarro,Peñagrande,Fuencarral - El Pardo,40.485225,-3.728267
3138,Calle de María Isidra,Peñagrande,Fuencarral - El Pardo,40.481928,-3.722572
3139,Calle de Melide,Peñagrande,Fuencarral - El Pardo,40.472139,-3.715689
3140,Calle de Miguel Aracil,Peñagrande,Fuencarral - El Pardo,40.475583,-3.724642
3141,Calle de Miguel Fisac,Peñagrande,Fuencarral - El Pardo,40.473492,-3.734414
3142,Calle de Nicolás María Urgoiti,Peñagrande,Fuencarral - El Pardo,40.477942,-3.734183
3143,Calle de Otero y Delage,Peñagrande,Fuencarral - El Pardo,40.476211,-3.7255
3144,Calle de Pablo Gargallo,Peñagrande,Fuencarral - El Pardo,40.476142,-3.734735
3145,Calle de Ramón Camarero,Peñagrande,Fuencarral - El Pardo,40.482225,-3.729133
3146,Calle de Ramón Gómez de la Serna,Peñagrande,Fuencarral - El Pardo,40.482839,-3.725379
3147,Calle de Ramón Pulido,Peñagrande,Fuencarral - El Pardo,40.475932,-3.735572
3148,Calle de Rosalía de Castro,Peñagrande,Fuencarral - El Pardo,40.481672,-3.734356
3149,Calle de Samperio,Peñagrande,Fuencarral - El Pardo,40.476347,-3.734394
3150,Calle de San Laureano,Peñagrande,Fuencarral - El Pardo,40.479068,-3.731315
3151,Calle de Sandalia Navas,Peñagrande,Fuencarral - El Pardo,40.481175,-3.728619
3152,Calle de Valentín Serrano,Peñagrande,Fuencarral - El Pardo,40.476514,-3.728572
3153,Calle de Vicente Baena,Peñagrande,Fuencarral - El Pardo,40.481044,-3.728483
3154,Calle de Vicente Jimeno,Peñagrande,Fuencarral - El Pardo,40.476297,-3.737642
3155,Calle de Vicente López,Peñagrande,Fuencarral - El Pardo,40.485271,-3.727272
3156,Calle de Víctor Gil,Peñagrande,Fuencarral - El Pardo,40.478851,-3.724669
3157,Calle de el Vellón,Peñagrande,Fuencarral - El Pardo,40.478678,-3.734547
3158,Calle de la Cabrera,Peñagrande,Fuencarral - El Pardo,40.471778,-3.717508
3159,Calle de la Hiruela,Peñagrande,Fuencarral - El Pardo,40.4728,-3.718653
3160,Calle de la Isla Barber,Peñagrande,Fuencarral - El Pardo,40.476703,-3.722912
3161,Calle de la Isla Malaita,Peñagrande,Fuencarral - El Pardo,40.47366,-3.721925
3162,Calle de la Isla de Arosa,Peñagrande,Fuencarral - El Pardo,40.480711,-3.716469
3163,Calle de la Isla de Cerdeña,Peñagrande,Fuencarral - El Pardo,40.474886,-3.725489
3164,Calle de la Isla de Ons,Peñagrande,Fuencarral - El Pardo,40.480064,-3.721883
3165,Calle de la Isla de Saipán,Peñagrande,Fuencarral - El Pardo,40.476839,-3.730131
3166,Calle de la Isla de Tabarca,Peñagrande,Fuencarral - El Pardo,40.478717,-3.722475
3167,Calle de la Isla de Tavira,Peñagrande,Fuencarral - El Pardo,40.481428,-3.718499
3168,Calle de la Isla de Yeso,Peñagrande,Fuencarral - El Pardo,40.477636,-3.724132
3169,Calle de la Isla de Zanzíbar,Peñagrande,Fuencarral - El Pardo,40.476776,-3.723622
3170,Calle de la Isla de los Galápagos,Peñagrande,Fuencarral - El Pardo,40.478036,-3.724903
3171,Calle de la Serna del Monte,Peñagrande,Fuencarral - El Pardo,40.472967,-3.719528
3172,Calle de las Islas Aleutianas,Peñagrande,Fuencarral - El Pardo,40.476158,-3.729157
3173,Calle de las Islas Bahamas,Peñagrande,Fuencarral - El Pardo,40.477199,-3.7225
3174,Calle de las Islas Bikini,Peñagrande,Fuencarral - El Pardo,40.476433,-3.7276
3175,Calle de las Islas Chafarinas,Peñagrande,Fuencarral - El Pardo,40.478419,-3.735247
3176,Calle de las Islas Cíes,Peñagrande,Fuencarral - El Pardo,40.480056,-3.719486
3177,Calle de las Islas Hébridas,Peñagrande,Fuencarral - El Pardo,40.477811,-3.725689
3178,Calle de las Islas Kuriles,Peñagrande,Fuencarral - El Pardo,40.474972,-3.733681
3179,Calle de las Islas Marquésas,Peñagrande,Fuencarral - El Pardo,40.476622,-3.726286
3180,Calle de las Islas Marshall,Peñagrande,Fuencarral - El Pardo,40.476385,-3.728103
3181,Calle de las Islas Mascareñas,Peñagrande,Fuencarral - El Pardo,40.479997,-3.730764
3182,Calle de las Islas de Cabo Verde,Peñagrande,Fuencarral - El Pardo,40.478278,-3.734775
3183,Calle de los Concejales,Peñagrande,Fuencarral - El Pardo,40.485229,-3.72721
3184,Calle de los Panaderos,Peñagrande,Fuencarral - El Pardo,40.480372,-3.729453
3185,Calle de los Riscos de Polanco,Peñagrande,Fuencarral - El Pardo,40.485344,-3.722822
3186,Calle de Álvaro Cunqueiro,Peñagrande,Fuencarral - El Pardo,40.480001,-3.728592
3187,Calle de Ángel Beato,Peñagrande,Fuencarral - El Pardo,40.474806,-3.735428
3188,Calle de Ángel Domínguez,Peñagrande,Fuencarral - El Pardo,40.478283,-3.723519
3189,Calle de Ángeles de las Heras,Peñagrande,Fuencarral - El Pardo,40.481128,-3.729961
3190,Calle de Úbeda,Peñagrande,Fuencarral - El Pardo,40.482714,-3.714436
3191,Calle del Doctor Guíu,Peñagrande,Fuencarral - El Pardo,40.477603,-3.736369
3192,Calle del Doctor Mazuchelli,Peñagrande,Fuencarral - El Pardo,40.480415,-3.726121
3193,Calle del Doctor Ramón Castroviejo,Peñagrande,Fuencarral - El Pardo,40.474094,-3.723278
3194,Calle del Doctor Reinosa,Peñagrande,Fuencarral - El Pardo,40.480492,-3.73056
3195,Calle del Marqués de Villabrágima,Peñagrande,Fuencarral - El Pardo,40.476117,-3.732231
3196,Calle del Pico Balaitus,Peñagrande,Fuencarral - El Pardo,40.482911,-3.720882
3197,Calle del Pico de Majalasna,Peñagrande,Fuencarral - El Pardo,40.483689,-3.721706
3198,Calle del Pico de la Pinareja,Peñagrande,Fuencarral - El Pardo,40.484212,-3.721833
3199,Calle del Risco de los Gavilanes,Peñagrande,Fuencarral - El Pardo,40.485111,-3.720143
3200,Calle del Valle de Mena,Peñagrande,Fuencarral - El Pardo,40.470667,-3.716718
3201,Camino de Fuencarral,Peñagrande,Fuencarral - El Pardo,40.477156,-3.734053
3202,Camino de Ganapanes,Peñagrande,Fuencarral - El Pardo,40.473517,-3.715461
3203,Glorieta de Mariano Salvador Maella,Peñagrande,Fuencarral - El Pardo,40.475696,-3.721446
3204,Plaza de Nuestra Señora del Prado,Peñagrande,Fuencarral - El Pardo,40.482706,-3.713806
3205,Plaza de la Carolina,Peñagrande,Fuencarral - El Pardo,40.481768,-3.715181
3206,Plaza de la Peña Horcajo,Peñagrande,Fuencarral - El Pardo,40.484606,-3.72165
3207,Plaza de la Virgen de la Capilla,Peñagrande,Fuencarral - El Pardo,40.482496,-3.714263
3208,Plaza de la Virgen del Castillo,Peñagrande,Fuencarral - El Pardo,40.481828,-3.716335
3209,Plaza del Doctor Barraquer,Peñagrande,Fuencarral - El Pardo,40.480736,-3.720078
3210,Plaza del Pico Salvaguardia,Peñagrande,Fuencarral - El Pardo,40.482672,-3.720069
3211,Travesía de las Islas de Cabo Verde,Peñagrande,Fuencarral - El Pardo,40.478099,-3.734538
3212,Avenida de Betanzos,Pilar,Fuencarral - El Pardo,40.476453,-3.711983
3213,Avenida de Monforte de Lemos,Pilar,Fuencarral - El Pardo,40.478192,-3.709158
3214,Avenida de el Ferrol,Pilar,Fuencarral - El Pardo,40.474394,-3.705253
3215,Calle de Becerrea,Pilar,Fuencarral - El Pardo,40.471578,-3.713539
3216,Calle de Celanova,Pilar,Fuencarral - El Pardo,40.47205,-3.713747
3217,Calle de Chantada,Pilar,Fuencarral - El Pardo,40.473158,-3.713096
3218,Calle de Ponferrada,Pilar,Fuencarral - El Pardo,40.47536,-3.712644
3219,Calle de Puentedeume,Pilar,Fuencarral - El Pardo,40.472679,-3.713706
3220,Calle de Ribadavia,Pilar,Fuencarral - El Pardo,40.472513,-3.709286
3221,Calle de Sarria,Pilar,Fuencarral - El Pardo,40.474256,-3.714349
3222,Calle de Sinesio Delgado,Pilar,Fuencarral - El Pardo,40.472075,-3.70465
3223,Calle de la Bañeza,Pilar,Fuencarral - El Pardo,40.476192,-3.715274
3224,Calle del Pintor Francisco Llorens,Pilar,Fuencarral - El Pardo,40.482294,-3.708739
3225,Calle del Puerto de Maspalomas,Pilar,Fuencarral - El Pardo,40.478301,-3.713899
3226,Paseo de la Vaguada,Pilar,Fuencarral - El Pardo,40.480403,-3.708414
3227,Plaza de Arteijo,Pilar,Fuencarral - El Pardo,40.47816,-3.7068
3228,Plaza de Carballo,Pilar,Fuencarral - El Pardo,40.477239,-3.704772
3229,Plaza de Cieza,Pilar,Fuencarral - El Pardo,40.481717,-3.712186
3230,Plaza de Corcubión,Pilar,Fuencarral - El Pardo,40.476694,-3.707661
3231,Plaza de Esquivias,Pilar,Fuencarral - El Pardo,40.482967,-3.712713
3232,Plaza de Fonsagrada,Pilar,Fuencarral - El Pardo,40.477656,-3.707944
3233,Plaza de Mondariz,Pilar,Fuencarral - El Pardo,40.478353,-3.705272
3234,Plaza de Padrón,Pilar,Fuencarral - El Pardo,40.476986,-3.706214
3235,Plaza de Puerto de la Cruz,Pilar,Fuencarral - El Pardo,40.478467,-3.715075
3236,Plaza de Redondela,Pilar,Fuencarral - El Pardo,40.476331,-3.709161
3237,Plaza de Ribadeo,Pilar,Fuencarral - El Pardo,40.477194,-3.710861
3238,Plaza de Tuy,Pilar,Fuencarral - El Pardo,40.476139,-3.710389
3239,Plaza de Verín,Pilar,Fuencarral - El Pardo,40.477524,-3.709446
3240,Plaza de Villafranca de los Barros,Pilar,Fuencarral - El Pardo,40.481508,-3.711711
3241,Autovía A-1,Valverde,Fuencarral - El Pardo,40.500039,-3.662242
3242,Autovía M-40,Valverde,Fuencarral - El Pardo,40.42981,-3.666487
3243,Avenida de Salas de los Infantes,Valverde,Fuencarral - El Pardo,40.487519,-3.683925
3244,Avenida de Santo Domingo de la Calzada,Valverde,Fuencarral - El Pardo,40.505217,-3.666722
3245,Avenida de Soto Palacios,Valverde,Fuencarral - El Pardo,40.488403,-3.684106
3246,Avenida del Camino de Santiago,Valverde,Fuencarral - El Pardo,40.505297,-3.673342
3247,Avenida del Campo de Calatrava,Valverde,Fuencarral - El Pardo,40.500729,-3.691308
3248,Avenida del Llano Castellano,Valverde,Fuencarral - El Pardo,40.486431,-3.684675
3249,Calle Azul,Valverde,Fuencarral - El Pardo,40.500876,-3.665737
3250,Calle de Afueras a San Roque,Valverde,Fuencarral - El Pardo,40.495551,-3.685432
3251,Calle de Afueras a Valverde,Valverde,Fuencarral - El Pardo,40.497921,-3.689669
3252,Calle de Agés,Valverde,Fuencarral - El Pardo,40.504886,-3.672414
3253,Calle de Aldonza Lorenzo,Valverde,Fuencarral - El Pardo,40.49875,-3.690214
3254,Calle de Alonso Quijano,Valverde,Fuencarral - El Pardo,40.502306,-3.687875
3255,Calle de Anastasia López,Valverde,Fuencarral - El Pardo,40.495233,-3.691183
3256,Calle de Antonio Molina,Valverde,Fuencarral - El Pardo,40.497465,-3.687447
3257,Calle de Antonio Pérez de Guzmán,Valverde,Fuencarral - El Pardo,40.497999,-3.684688
3258,Calle de Antonio de Cabezón,Valverde,Fuencarral - El Pardo,40.494903,-3.682564
3259,Calle de Antoniorrobles,Valverde,Fuencarral - El Pardo,40.487456,-3.6913
3260,Calle de Aranzo,Valverde,Fuencarral - El Pardo,40.490261,-3.685003
3261,Calle de Aurelio González de Gregorio,Valverde,Fuencarral - El Pardo,40.494433,-3.687051
3262,Calle de Azofra,Valverde,Fuencarral - El Pardo,40.500261,-3.671842
3263,Calle de Badalona,Valverde,Fuencarral - El Pardo,40.493308,-3.692978
3264,Calle de Belorado,Valverde,Fuencarral - El Pardo,40.488065,-3.68461
3265,Calle de Berdún,Valverde,Fuencarral - El Pardo,40.506521,-3.678683
3266,Calle de Boadilla del Camino,Valverde,Fuencarral - El Pardo,40.503983,-3.667806
3267,Calle de Braille,Valverde,Fuencarral - El Pardo,40.495967,-3.694294
3268,Calle de Burguete,Valverde,Fuencarral - El Pardo,40.503565,-3.677426
3269,Calle de Caldas de Estrach,Valverde,Fuencarral - El Pardo,40.494689,-3.6969
3270,Calle de Capiscol,Valverde,Fuencarral - El Pardo,40.507638,-3.674469
3271,Calle de Cardenio,Valverde,Fuencarral - El Pardo,40.498582,-3.68966
3272,Calle de Cardeñuela Ríopico,Valverde,Fuencarral - El Pardo,40.502683,-3.669564
3273,Calle de Carlos Bravo,Valverde,Fuencarral - El Pardo,40.496839,-3.687931
3274,Calle de Casildea de Vandalia,Valverde,Fuencarral - El Pardo,40.499122,-3.68855
3275,Calle de Castiello de Jaca,Valverde,Fuencarral - El Pardo,40.504814,-3.677086
3276,Calle de Cebreiro,Valverde,Fuencarral - El Pardo,40.504711,-3.662539
3277,Calle de Cirauqui,Valverde,Fuencarral - El Pardo,40.499156,-3.673211
3278,Calle de Colindres,Valverde,Fuencarral - El Pardo,40.484064,-3.681439
3279,Calle de Cámaras,Valverde,Fuencarral - El Pardo,40.492888,-3.687883
3280,Calle de Donato Bañares,Valverde,Fuencarral - El Pardo,40.494328,-3.691233
3281,Calle de Estella,Valverde,Fuencarral - El Pardo,40.497086,-3.675303
3282,Calle de Eunate,Valverde,Fuencarral - El Pardo,40.504778,-3.677603
3283,Calle de Federico Mompou,Valverde,Fuencarral - El Pardo,40.511306,-3.679278
3284,Calle de Foronda,Valverde,Fuencarral - El Pardo,40.490153,-3.687825
3285,Calle de Francisco Sancha,Valverde,Fuencarral - El Pardo,40.487739,-3.688639
3286,Calle de Francisco Tárrega,Valverde,Fuencarral - El Pardo,40.512028,-3.675538
3287,Calle de Francisco del Pozo,Valverde,Fuencarral - El Pardo,40.495336,-3.688083
3288,Calle de Frómista,Valverde,Fuencarral - El Pardo,40.510769,-3.674194
3289,Calle de Fuentepelayo,Valverde,Fuencarral - El Pardo,40.491886,-3.688569
3290,Calle de Furelos,Valverde,Fuencarral - El Pardo,40.506386,-3.664925
3291,Calle de Gerardo Baena,Valverde,Fuencarral - El Pardo,40.494174,-3.690974
3292,Calle de Grañón,Valverde,Fuencarral - El Pardo,40.506336,-3.675301
3293,Calle de Hontalbilla,Valverde,Fuencarral - El Pardo,40.492151,-3.690649
3294,Calle de Hontanas,Valverde,Fuencarral - El Pardo,40.504688,-3.67434
3295,Calle de Hospital de Órbigo,Valverde,Fuencarral - El Pardo,40.511956,-3.669258
3296,Calle de Hospitalet de Llobregat,Valverde,Fuencarral - El Pardo,40.494475,-3.694289
3297,Calle de Isabel Colbrand,Valverde,Fuencarral - El Pardo,40.510953,-3.677678
3298,Calle de Isidro Fernández,Valverde,Fuencarral - El Pardo,40.484236,-3.686875
3299,Calle de José Anduiza,Valverde,Fuencarral - El Pardo,40.485358,-3.686864
3300,Calle de Juan Agüí,Valverde,Fuencarral - El Pardo,40.500611,-3.666533
3301,Calle de Juan Lozano,Valverde,Fuencarral - El Pardo,40.483754,-3.683742
3302,Calle de Julio Montero,Valverde,Fuencarral - El Pardo,40.496803,-3.688485
3303,Calle de Labajos,Valverde,Fuencarral - El Pardo,40.491683,-3.688012
3304,Calle de Labastida,Valverde,Fuencarral - El Pardo,40.489719,-3.687403
3305,Calle de Lezama,Valverde,Fuencarral - El Pardo,40.490729,-3.689232
3306,Calle de Ligonde,Valverde,Fuencarral - El Pardo,40.511211,-3.668339
3307,Calle de Llodio,Valverde,Fuencarral - El Pardo,40.490081,-3.690297
3308,Calle de Lourdes,Valverde,Fuencarral - El Pardo,40.500122,-3.684747
3309,Calle de Luscinda,Valverde,Fuencarral - El Pardo,40.498333,-3.690472
3310,Calle de Maderuelo,Valverde,Fuencarral - El Pardo,40.49224,-3.687936
3311,Calle de Mamolar,Valverde,Fuencarral - El Pardo,40.489558,-3.684875
3312,Calle de Manresa,Valverde,Fuencarral - El Pardo,40.491832,-3.69304
3313,Calle de Mansilla,Valverde,Fuencarral - El Pardo,40.489864,-3.684422
3314,Calle de Manuel Tovar,Valverde,Fuencarral - El Pardo,40.488394,-3.688758
3315,Calle de Manuel Villarta,Valverde,Fuencarral - El Pardo,40.4969,-3.686007
3316,Calle de Marcos de Orueta,Valverde,Fuencarral - El Pardo,40.484539,-3.687414
3317,Calle de Mariano Agüí,Valverde,Fuencarral - El Pardo,40.492201,-3.68725
3318,Calle de María Tubau,Valverde,Fuencarral - El Pardo,40.511814,-3.677378
3319,Calle de Mataró,Valverde,Fuencarral - El Pardo,40.492744,-3.694978
3320,Calle de Matilde Téllez,Valverde,Fuencarral - El Pardo,40.498212,-3.686236
3321,Calle de Matías de la Fuente,Valverde,Fuencarral - El Pardo,40.49585,-3.687993
3322,Calle de Mirallos,Valverde,Fuencarral - El Pardo,40.508247,-3.66759
3323,Calle de Molins de Rey,Valverde,Fuencarral - El Pardo,40.494914,-3.693838
3324,Calle de Navarrete,Valverde,Fuencarral - El Pardo,40.499611,-3.672453
3325,Calle de Nuestra Señora de Valverde,Valverde,Fuencarral - El Pardo,40.496767,-3.687032
3326,Calle de Obanos,Valverde,Fuencarral - El Pardo,40.498469,-3.6754
3327,Calle de Olesa de Montserrat,Valverde,Fuencarral - El Pardo,40.491292,-3.692876
3328,Calle de Olombrada,Valverde,Fuencarral - El Pardo,40.49145,-3.687925
3329,Calle de Orduña,Valverde,Fuencarral - El Pardo,40.490331,-3.689099
3330,Calle de Otero de los Herreros,Valverde,Fuencarral - El Pardo,40.491986,-3.687394
3331,Calle de Padornelo,Valverde,Fuencarral - El Pardo,40.507265,-3.666085
3332,Calle de Palas de Rey,Valverde,Fuencarral - El Pardo,40.507867,-3.668097
3333,Calle de Población de Campos,Valverde,Fuencarral - El Pardo,40.503833,-3.671572
3334,Calle de Portomarín,Valverde,Fuencarral - El Pardo,40.509475,-3.664614
3335,Calle de Puente la Reina,Valverde,Fuencarral - El Pardo,40.502167,-3.677019
3336,Calle de Quintanadueñas,Valverde,Fuencarral - El Pardo,40.497264,-3.671694
3337,Calle de Quintanapalla,Valverde,Fuencarral - El Pardo,40.499292,-3.667053
3338,Calle de Quintanavides,Valverde,Fuencarral - El Pardo,40.497697,-3.669203
3339,Calle de Rabanal del Camino,Valverde,Fuencarral - El Pardo,40.508222,-3.673014
3340,Calle de Rabé de las Calzadas,Valverde,Fuencarral - El Pardo,40.506875,-3.670347
3341,Calle de Redecilla del Camino,Valverde,Fuencarral - El Pardo,40.505693,-3.669776
3342,Calle de Regino Sainz de la Maza,Valverde,Fuencarral - El Pardo,40.498965,-3.685483
3343,Calle de Rocinante,Valverde,Fuencarral - El Pardo,40.501256,-3.692671
3344,Calle de Sabadell,Valverde,Fuencarral - El Pardo,40.491703,-3.696924
3345,Calle de Salcedo,Valverde,Fuencarral - El Pardo,40.48921,-3.692238
3346,Calle de Salvatierra,Valverde,Fuencarral - El Pardo,40.490125,-3.691819
3347,Calle de San Cugat del Vallés,Valverde,Fuencarral - El Pardo,40.496897,-3.694206
3348,Calle de San Dacio,Valverde,Fuencarral - El Pardo,40.485444,-3.688247
3349,Calle de San Juan de Ortega,Valverde,Fuencarral - El Pardo,40.505178,-3.674735
3350,Calle de San Julián del Camino,Valverde,Fuencarral - El Pardo,40.510958,-3.671014
3351,Calle de San Miguel del Camino,Valverde,Fuencarral - El Pardo,40.505918,-3.668204
3352,Calle de San Modesto,Valverde,Fuencarral - El Pardo,40.484078,-3.688336
3353,Calle de Sanchonuño,Valverde,Fuencarral - El Pardo,40.491975,-3.689414
3354,Calle de Sandalio López,Valverde,Fuencarral - El Pardo,40.493247,-3.690563
3355,Calle de Santa Ana Alta,Valverde,Fuencarral - El Pardo,40.495925,-3.689417
3356,Calle de Santa Ana Baja,Valverde,Fuencarral - El Pardo,40.49645,-3.689456
3357,Calle de Santiso,Valverde,Fuencarral - El Pardo,40.510271,-3.6669
3358,Calle de Simón Viñals,Valverde,Fuencarral - El Pardo,40.498658,-3.686972
3359,Calle de Sobrado,Valverde,Fuencarral - El Pardo,40.509825,-3.665286
3360,Calle de Soto del Real,Valverde,Fuencarral - El Pardo,40.4971,-3.689363
3361,Calle de Tardajos,Valverde,Fuencarral - El Pardo,40.488967,-3.683783
3362,Calle de Toques,Valverde,Fuencarral - El Pardo,40.508829,-3.668415
3363,Calle de Triacastela,Valverde,Fuencarral - El Pardo,40.509724,-3.669656
3364,Calle de Valcarlos,Valverde,Fuencarral - El Pardo,40.503444,-3.667119
3365,Calle de Valdegovia,Valverde,Fuencarral - El Pardo,40.488772,-3.687312
3366,Calle de Vilar de Donas,Valverde,Fuencarral - El Pardo,40.508864,-3.665383
3367,Calle de Villacastín,Valverde,Fuencarral - El Pardo,40.492369,-3.690531
3368,Calle de Villafruela,Valverde,Fuencarral - El Pardo,40.489262,-3.684922
3369,Calle de Villava,Valverde,Fuencarral - El Pardo,40.499889,-3.675756
3370,Calle de Viloria de la Rioja,Valverde,Fuencarral - El Pardo,40.505062,-3.668925
3371,Calle de Vistas a Moraleja,Valverde,Fuencarral - El Pardo,40.497544,-3.685989
3372,Calle de Xaudaró,Valverde,Fuencarral - El Pardo,40.489514,-3.691383
3373,Calle de Zamarramala,Valverde,Fuencarral - El Pardo,40.492246,-3.68856
3374,Calle de la Bella Altisidora,Valverde,Fuencarral - El Pardo,40.499347,-3.691239
3375,Calle de la Chavasca,Valverde,Fuencarral - El Pardo,40.496731,-3.689217
3376,Calle de la Condesa Trifaldi,Valverde,Fuencarral - El Pardo,40.507414,-3.687222
3377,Calle de la Cueva de Montesinos,Valverde,Fuencarral - El Pardo,40.499567,-3.689912
3378,Calle de la Divina Pastora,Valverde,Fuencarral - El Pardo,40.494303,-3.690415
3379,Calle de la Estrada,Valverde,Fuencarral - El Pardo,40.489125,-3.6938
3380,Calle de la Foresta,Valverde,Fuencarral - El Pardo,40.497217,-3.669717
3381,Calle de la Fuente Chica,Valverde,Fuencarral - El Pardo,40.495458,-3.689269
3382,Calle de la Isla Graciosa,Valverde,Fuencarral - El Pardo,40.493463,-3.685603
3383,Calle de la Isla Paragua,Valverde,Fuencarral - El Pardo,40.493478,-3.686683
3384,Calle de la Isla Sumatra,Valverde,Fuencarral - El Pardo,40.495492,-3.686581
3385,Calle de la Isla Timor,Valverde,Fuencarral - El Pardo,40.495676,-3.686699
3386,Calle de la Isla Trinidad,Valverde,Fuencarral - El Pardo,40.496921,-3.691679
3387,Calle de la Isla de Ceilán,Valverde,Fuencarral - El Pardo,40.483611,-3.680997
3388,Calle de la Isla de Chipre,Valverde,Fuencarral - El Pardo,40.496875,-3.687597
3389,Calle de la Isla de Formosa,Valverde,Fuencarral - El Pardo,40.49794,-3.687475
3390,Calle de la Isla de Jamaica,Valverde,Fuencarral - El Pardo,40.489639,-3.681328
3391,Calle de la Isla de Java,Valverde,Fuencarral - El Pardo,40.489619,-3.683353
3392,Calle de la Isla de Malta,Valverde,Fuencarral - El Pardo,40.483331,-3.683656
3393,Calle de la Isla de Mindanao,Valverde,Fuencarral - El Pardo,40.494914,-3.685253
3394,Calle de la Isla de Rodas,Valverde,Fuencarral - El Pardo,40.496411,-3.691224
3395,Calle de la Isla de Sicilia,Valverde,Fuencarral - El Pardo,40.489744,-3.695003
3396,Calle de la Isla de Sálvora,Valverde,Fuencarral - El Pardo,40.496032,-3.687181
3397,Calle de la Princesa Micomicona,Valverde,Fuencarral - El Pardo,40.503464,-3.688333
3398,Calle de la Puerta de Platerías,Valverde,Fuencarral - El Pardo,40.516046,-3.661196
3399,Calle de la Sardineta,Valverde,Fuencarral - El Pardo,40.493206,-3.689503
3400,Calle de la Sauceda,Valverde,Fuencarral - El Pardo,40.501192,-3.667207
3401,Calle de la Sierra de Atapuerca,Valverde,Fuencarral - El Pardo,40.503839,-3.669469
3402,Calle de la Virgen de Aránzazu,Valverde,Fuencarral - El Pardo,40.486307,-3.689965
3403,Calle de la Ínsula Barataria,Valverde,Fuencarral - El Pardo,40.506197,-3.688599
3404,Calle de las Islas Antípodas,Valverde,Fuencarral - El Pardo,40.493675,-3.690264
3405,Calle de las Islas Bermudas,Valverde,Fuencarral - El Pardo,40.493943,-3.688192
3406,Calle de las Islas Británicas,Valverde,Fuencarral - El Pardo,40.493442,-3.688824
3407,Calle de las Islas Columbretes,Valverde,Fuencarral - El Pardo,40.497825,-3.685919
3408,Calle de las Islas Jarvi,Valverde,Fuencarral - El Pardo,40.492519,-3.688139
3409,Calle de las Islas Luisiadas,Valverde,Fuencarral - El Pardo,40.496528,-3.691504
3410,Calle de las Islas Molucas,Valverde,Fuencarral - El Pardo,40.485131,-3.680442
3411,Calle de las Islas Palaos,Valverde,Fuencarral - El Pardo,40.497075,-3.686372
3412,Calle de las Islas Samoa,Valverde,Fuencarral - El Pardo,40.495025,-3.687339
3413,Calle de las Islas Vírgenes,Valverde,Fuencarral - El Pardo,40.494328,-3.688025
3414,Calle de las Perindolas,Valverde,Fuencarral - El Pardo,40.497128,-3.689914
3415,Calle de los Dos Ríos,Valverde,Fuencarral - El Pardo,40.495625,-3.688558
3416,Calle de los Monteros,Valverde,Fuencarral - El Pardo,40.496735,-3.691162
3417,Calle de Ángel Múgica,Valverde,Fuencarral - El Pardo,40.486133,-3.687325
3418,Calle del Abardero,Valverde,Fuencarral - El Pardo,40.493936,-3.689592
3419,Calle del Abetal,Valverde,Fuencarral - El Pardo,40.501575,-3.663208
3420,Calle del Athletic,Valverde,Fuencarral - El Pardo,40.484771,-3.680828
3421,Calle del Caballero de la Blanca Luna,Valverde,Fuencarral - El Pardo,40.505092,-3.689244
3422,Calle del Caballero de la Triste Figura,Valverde,Fuencarral - El Pardo,40.505246,-3.690662
3423,Calle del Caballero de los Espejos,Valverde,Fuencarral - El Pardo,40.507344,-3.688281
3424,Calle del Caballero de los Leones,Valverde,Fuencarral - El Pardo,40.503738,-3.689418
3425,Calle del Campo de Montiel,Valverde,Fuencarral - El Pardo,40.498336,-3.690778
3426,Calle del Campo de la Estrella,Valverde,Fuencarral - El Pardo,40.504353,-3.672225
3427,Calle del Castillo de Candanchú,Valverde,Fuencarral - El Pardo,40.503444,-3.678261
3428,Calle del Cerrillo,Valverde,Fuencarral - El Pardo,40.496383,-3.690694
3429,Calle del Cristo de la Vera Cruz,Valverde,Fuencarral - El Pardo,40.494728,-3.685014
3430,Calle del Doctor Juan Bravo,Valverde,Fuencarral - El Pardo,40.493144,-3.688083
3431,Calle del Marojal,Valverde,Fuencarral - El Pardo,40.500206,-3.666475
3432,Calle del Puerto de Somport,Valverde,Fuencarral - El Pardo,40.495625,-3.671672
3433,Calle del Pórtico de la Gloria,Valverde,Fuencarral - El Pardo,40.518211,-3.663917
3434,Calle del Reino de Candaya,Valverde,Fuencarral - El Pardo,40.508108,-3.688647
3435,Calle del Retablo de Melisendra,Valverde,Fuencarral - El Pardo,40.502644,-3.694203
3436,Callejón de Dómine,Valverde,Fuencarral - El Pardo,40.494593,-3.685917
3437,Callejón de Vistas a la Moraleja,Valverde,Fuencarral - El Pardo,40.497992,-3.686092
3438,Callejón de la Luz,Valverde,Fuencarral - El Pardo,40.494969,-3.688869
3439,Camino de Alcobendas,Valverde,Fuencarral - El Pardo,40.483937,-3.680032
3440,Camino de San Roque,Valverde,Fuencarral - El Pardo,40.495275,-3.683933
3441,Carretera de Fuencarral a Alcobendas,Valverde,Fuencarral - El Pardo,40.513808,-3.676242
3442,Carretera de Fuencarral a Hortaleza,Valverde,Fuencarral - El Pardo,40.494183,-3.675031
3443,Glorieta de Lalín,Valverde,Fuencarral - El Pardo,40.511269,-3.67095
3444,Glorieta de la Fuente de la Carra,Valverde,Fuencarral - El Pardo,40.498887,-3.686468
3445,Glorieta del Monte del Gozo,Valverde,Fuencarral - El Pardo,40.510225,-3.668274
3446,Paseo de San Millán de la Cogolla,Valverde,Fuencarral - El Pardo,40.504899,-3.670926
3447,Paseo de Tierra de Melide,Valverde,Fuencarral - El Pardo,40.5077,-3.66501
3448,Paseo de las Alamedillas,Valverde,Fuencarral - El Pardo,40.498143,-3.69556
3449,Plaza de Tubilla,Valverde,Fuencarral - El Pardo,40.49059,-3.685304
3450,Plaza de la Isla de Fuerteventura,Valverde,Fuencarral - El Pardo,40.491551,-3.686896
3451,Plaza de la Isla de Lanzarote,Valverde,Fuencarral - El Pardo,40.491807,-3.686897
3452,Plaza de la Madre María Ana Mogas,Valverde,Fuencarral - El Pardo,40.4944,-3.688943
3453,Plaza de la Pradera,Valverde,Fuencarral - El Pardo,40.492446,-3.688788
3454,Plaza de las Islas Azores,Valverde,Fuencarral - El Pardo,40.494825,-3.687975
3455,Plaza de los Mártires,Valverde,Fuencarral - El Pardo,40.494826,-3.686276
3456,Plaza de los Tres Olivos,Valverde,Fuencarral - El Pardo,40.501578,-3.690683
3457,Plaza del Baile,Valverde,Fuencarral - El Pardo,40.495019,-3.688512
3458,Plaza del Doctor Cortés,Valverde,Fuencarral - El Pardo,40.492997,-3.6893
3459,Ronda de la Comunicación,Valverde,Fuencarral - El Pardo,40.514908,-3.663256
3460,Ronda del Caballero de la Mancha,Valverde,Fuencarral - El Pardo,40.500917,-3.690158
3461,Ronda del Ingenioso Hidalgo,Valverde,Fuencarral - El Pardo,40.501708,-3.689997
3462,Travesía de Hospitalet de Llobregat,Valverde,Fuencarral - El Pardo,40.494011,-3.695497
3463,Travesía de Julio Montero,Valverde,Fuencarral - El Pardo,40.496722,-3.688181
3464,Travesía de Vistas a la Moraleja,Valverde,Fuencarral - El Pardo,40.498037,-3.686274
3465,Travesía de la Costa Brava,Valverde,Fuencarral - El Pardo,40.496003,-3.700113
3466,Travesía de la Isla de Formosa,Valverde,Fuencarral - El Pardo,40.498247,-3.687247
3467,Travesía de la Isla de Java,Valverde,Fuencarral - El Pardo,40.488517,-3.680275
3468,Calle de Alicún,Apóstol Santiago,Hortaleza,40.479292,-3.660299
3469,Calle de Alonso Saavedra,Apóstol Santiago,Hortaleza,40.470408,-3.663436
3470,Calle de Bacares,Apóstol Santiago,Hortaleza,40.477436,-3.663349
3471,Calle de Bembibre,Apóstol Santiago,Hortaleza,40.474494,-3.661172
3472,Calle de Berlanga de Duero,Apóstol Santiago,Hortaleza,40.471367,-3.661161
3473,Calle de Burgo de Osma,Apóstol Santiago,Hortaleza,40.470733,-3.663036
3474,Calle de Carrión de los Condes,Apóstol Santiago,Hortaleza,40.475628,-3.658574
3475,Calle de Chirivel,Apóstol Santiago,Hortaleza,40.478803,-3.662561
3476,Calle de Covaleda,Apóstol Santiago,Hortaleza,40.470817,-3.663686
3477,Calle de Doña Guiomar,Apóstol Santiago,Hortaleza,40.477017,-3.655417
3478,Calle de Fondón,Apóstol Santiago,Hortaleza,40.480067,-3.656575
3479,Calle de Mojácar,Apóstol Santiago,Hortaleza,40.479615,-3.658964
3480,Calle de Monóvar,Apóstol Santiago,Hortaleza,40.477497,-3.656581
3481,Calle de Navaleno,Apóstol Santiago,Hortaleza,40.470483,-3.661349
3482,Calle de Purchena,Apóstol Santiago,Hortaleza,40.478415,-3.663269
3483,Calle de Ramonet,Apóstol Santiago,Hortaleza,40.46999,-3.661649
3484,Calle de Roquetas de Mar,Apóstol Santiago,Hortaleza,40.481367,-3.659458
3485,Calle de San Esteban de Gormaz,Apóstol Santiago,Hortaleza,40.470942,-3.66235
3486,Calle de San Pedro de Cardeña,Apóstol Santiago,Hortaleza,40.474186,-3.660671
3487,Calle de Somontín,Apóstol Santiago,Hortaleza,40.4767,-3.660578
3488,Calle de Tijola,Apóstol Santiago,Hortaleza,40.480875,-3.659176
3489,Calle de Vélez Blanco,Apóstol Santiago,Hortaleza,40.478428,-3.661825
3490,Calle de Vélez Rubio,Apóstol Santiago,Hortaleza,40.478103,-3.661419
3491,Calle de las Cuevas de Almanzora,Apóstol Santiago,Hortaleza,40.475742,-3.660997
3492,Calle del Espliego,Apóstol Santiago,Hortaleza,40.475322,-3.664725
3493,Calle del Golfo de Salónica,Apóstol Santiago,Hortaleza,40.479289,-3.663817
3494,Calle del Mastelero,Apóstol Santiago,Hortaleza,40.473222,-3.659826
3495,Calle del Trinquete,Apóstol Santiago,Hortaleza,40.473289,-3.658703
3496,Calle del Velacho Alto,Apóstol Santiago,Hortaleza,40.472049,-3.659079
3497,Calle del Velacho Bajo,Apóstol Santiago,Hortaleza,40.472833,-3.658017
3498,Plaza de Alhama de Almería,Apóstol Santiago,Hortaleza,40.48035,-3.659458
3499,Plaza de Monterrey,Apóstol Santiago,Hortaleza,40.472919,-3.661925
3500,Plaza de Villalcázar de Sirga,Apóstol Santiago,Hortaleza,40.473736,-3.660678
3501,Plaza de la Cruz Latina,Apóstol Santiago,Hortaleza,40.475232,-3.659961
3502,Plaza de los Templarios,Apóstol Santiago,Hortaleza,40.474411,-3.6598
3503,Calle de Aconcagua,Canillas,Hortaleza,40.468544,-3.630521
3504,Calle de Agustín Calvo,Canillas,Hortaleza,40.46421,-3.648537
3505,Calle de Alcorisa,Canillas,Hortaleza,40.463117,-3.640483
3506,Calle de Alejandro Villegas,Canillas,Hortaleza,40.465108,-3.648856
3507,Calle de Andorra,Canillas,Hortaleza,40.460628,-3.644781
3508,Calle de Andrés Obispo,Canillas,Hortaleza,40.464924,-3.648203
3509,Calle de Antonio Cavero,Canillas,Hortaleza,40.460133,-3.655164
3510,Calle de Baltasar,Canillas,Hortaleza,40.466038,-3.653474
3511,Calle de Becerril de la Sierra,Canillas,Hortaleza,40.461075,-3.650656
3512,Calle de Belisana,Canillas,Hortaleza,40.458414,-3.654336
3513,Calle de Benita Ávila,Canillas,Hortaleza,40.465069,-3.650504
3514,Calle de Boecillo,Canillas,Hortaleza,40.462047,-3.648933
3515,Calle de Calanda,Canillas,Hortaleza,40.461515,-3.644219
3516,Calle de Camporredondo,Canillas,Hortaleza,40.4616,-3.648764
3517,Calle de Canet de Mar,Canillas,Hortaleza,40.46246,-3.654129
3518,Calle de Castromonte,Canillas,Hortaleza,40.462262,-3.649665
3519,Calle de Castronuño,Canillas,Hortaleza,40.461928,-3.648638
3520,Calle de Fernández Llamazares,Canillas,Hortaleza,40.465858,-3.652643
3521,Calle de Fompedraza,Canillas,Hortaleza,40.461414,-3.648819
3522,Calle de Gomeznarro,Canillas,Hortaleza,40.460956,-3.647469
3523,Calle de Gómez de Baquero,Canillas,Hortaleza,40.46216,-3.654911
3524,Calle de Haro,Canillas,Hortaleza,40.466151,-3.65104
3525,Calle de Javier del Quinto,Canillas,Hortaleza,40.465939,-3.642222
3526,Calle de Joaquín Fernández Leiva,Canillas,Hortaleza,40.462856,-3.630258
3527,Calle de Josefa Herradón,Canillas,Hortaleza,40.464092,-3.651685
3528,Calle de José Die y Mas,Canillas,Hortaleza,40.465808,-3.634906
3529,Calle de José Domingo Rus,Canillas,Hortaleza,40.463461,-3.633183
3530,Calle de Juan Sánchez Ron,Canillas,Hortaleza,40.462175,-3.659586
3531,Calle de Julián González Segador,Canillas,Hortaleza,40.468125,-3.646039
3532,Calle de Laurín,Canillas,Hortaleza,40.457619,-3.648792
3533,Calle de Leira,Canillas,Hortaleza,40.465771,-3.652206
3534,Calle de Madarcos,Canillas,Hortaleza,40.462144,-3.651572
3535,Calle de Malagón,Canillas,Hortaleza,40.467672,-3.638933
3536,Calle de Matapozuelos,Canillas,Hortaleza,40.462272,-3.651214
3537,Calle de Mayorga,Canillas,Hortaleza,40.461104,-3.65226
3538,Calle de Milán,Canillas,Hortaleza,40.457807,-3.647896
3539,Calle de Minaya,Canillas,Hortaleza,40.468119,-3.636122
3540,Calle de Montalbos,Canillas,Hortaleza,40.464558,-3.638719
3541,Calle de Montearagón,Canillas,Hortaleza,40.463604,-3.658646
3542,Calle de Montemayor de Pililla,Canillas,Hortaleza,40.461508,-3.651725
3543,Calle de Moscatelar,Canillas,Hortaleza,40.457253,-3.649372
3544,Calle de Mota del Cuervo,Canillas,Hortaleza,40.464543,-3.63259
3545,Calle de Motilla del Palancar,Canillas,Hortaleza,40.466079,-3.632261
3546,Calle de Méntrida,Canillas,Hortaleza,40.465064,-3.650026
3547,Calle de Nápoles,Canillas,Hortaleza,40.459779,-3.650532
3548,Calle de Palermo,Canillas,Hortaleza,40.459156,-3.649183
3549,Calle de Pedro Alonso,Canillas,Hortaleza,40.466022,-3.633925
3550,Calle de Pegaso,Canillas,Hortaleza,40.465022,-3.649506
3551,Calle de Pesquera de Duero,Canillas,Hortaleza,40.461176,-3.648869
3552,Calle de Platea,Canillas,Hortaleza,40.4585,-3.644269
3553,Calle de Puerto Real,Canillas,Hortaleza,40.460751,-3.653351
3554,Calle de Puerto de Santa María,Canillas,Hortaleza,40.458397,-3.651494
3555,Calle de Rafael Vega,Canillas,Hortaleza,40.466142,-3.63449
3556,Calle de Ramón Power,Canillas,Hortaleza,40.463453,-3.629117
3557,Calle de Ricardo San Juan,Canillas,Hortaleza,40.465114,-3.653368
3558,Calle de Rosa de Castro,Canillas,Hortaleza,40.46565,-3.634404
3559,Calle de Santa Francisca Javier Cabrini,Canillas,Hortaleza,40.464025,-3.637753
3560,Calle de Santa Natalia,Canillas,Hortaleza,40.460767,-3.656333
3561,Calle de Servator,Canillas,Hortaleza,40.464242,-3.647467
3562,Calle de Somosierra,Canillas,Hortaleza,40.461917,-3.651397
3563,Calle de Sánchez Guerrero,Canillas,Hortaleza,40.466264,-3.652822
3564,Calle de Titania,Canillas,Hortaleza,40.460001,-3.657006
3565,Calle de Tordomar,Canillas,Hortaleza,40.467631,-3.639603
3566,Calle de Torquemada,Canillas,Hortaleza,40.467804,-3.639757
3567,Calle de Torresandino,Canillas,Hortaleza,40.468657,-3.640439
3568,Calle de Trefacio,Canillas,Hortaleza,40.466571,-3.634942
3569,Calle de Tribaldos,Canillas,Hortaleza,40.467464,-3.635056
3570,Calle de Tudela de Duero,Canillas,Hortaleza,40.461322,-3.650869
3571,Calle de Ulises,Canillas,Hortaleza,40.458325,-3.650158
3572,Calle de Utrillas,Canillas,Hortaleza,40.462803,-3.644203
3573,Calle de Valdecaleras,Canillas,Hortaleza,40.464742,-3.646847
3574,Calle de Valdespina,Canillas,Hortaleza,40.466025,-3.641156
3575,Calle de Zacarías Homs,Canillas,Hortaleza,40.462056,-3.656844
3576,Calle de el Pedernoso,Canillas,Hortaleza,40.466924,-3.630182
3577,Calle de el Provencio,Canillas,Hortaleza,40.464006,-3.629564
3578,Calle de la Liebre,Canillas,Hortaleza,40.458082,-3.648668
3579,Calle de la Plaza,Canillas,Hortaleza,40.458243,-3.646631
3580,Calle de la Villa de Churriana,Canillas,Hortaleza,40.464589,-3.646206
3581,Calle de las Pedroñeras,Canillas,Hortaleza,40.46625,-3.630612
3582,Calle de las Sicélidas,Canillas,Hortaleza,40.463625,-3.637067
3583,Calle de los Caminos,Canillas,Hortaleza,40.459778,-3.653958
3584,Calle de los Emigrantes,Canillas,Hortaleza,40.467358,-3.636814
3585,Calle de los Hornillos,Canillas,Hortaleza,40.460908,-3.652079
3586,Calle del Alba,Canillas,Hortaleza,40.459275,-3.653335
3587,Calle del Arroyo del Quinto,Canillas,Hortaleza,40.466965,-3.649901
3588,Calle del Carril del Conde,Canillas,Hortaleza,40.461328,-3.654217
3589,Calle del Cañamar,Canillas,Hortaleza,40.459053,-3.654
3590,Calle del Desagüe del Canal,Canillas,Hortaleza,40.464375,-3.651519
3591,Calle del Estrecho de Torres,Canillas,Hortaleza,40.458106,-3.65195
3592,Calle del Manzanar,Canillas,Hortaleza,40.465336,-3.649785
3593,Calle del Puentecillo,Canillas,Hortaleza,40.458056,-3.645
3594,Calle del Quinto,Canillas,Hortaleza,40.466225,-3.649389
3595,Calle del Retamar,Canillas,Hortaleza,40.457878,-3.645981
3596,Calle del Río Duero,Canillas,Hortaleza,40.460889,-3.648386
3597,Calle del Río Esgueva,Canillas,Hortaleza,40.461644,-3.651117
3598,Calle del Santo Ángel,Canillas,Hortaleza,40.460133,-3.656025
3599,Calle del Tiberíades,Canillas,Hortaleza,40.465822,-3.637072
3600,Carretera de Canillas,Canillas,Hortaleza,40.463392,-3.646175
3601,Glorieta de Francisco Fernández Ordoñez,Canillas,Hortaleza,40.467517,-3.648853
3602,Glorieta de Pilar Miró,Canillas,Hortaleza,40.463122,-3.658389
3603,Pasaje del Santo Ángel,Canillas,Hortaleza,40.461694,-3.655511
3604,Plaza de Andrés Jáuregui,Canillas,Hortaleza,40.463136,-3.628847
3605,Plaza de Nuestra Señora del Tránsito,Canillas,Hortaleza,40.460265,-3.647936
3606,Plaza de Patricio Aguado,Canillas,Hortaleza,40.464139,-3.636819
3607,Avenida de las Azaleas,Palomas,Hortaleza,40.452844,-3.619483
3608,Avenida de los Andes,Palomas,Hortaleza,40.454735,-3.621261
3609,Avenida de los Arces,Palomas,Hortaleza,40.453896,-3.621317
3610,Avenida de los Prunos,Palomas,Hortaleza,40.453072,-3.620653
3611,Avenida del Arroyo del Santo,Palomas,Hortaleza,40.452286,-3.621008
3612,Calle de Academos,Palomas,Hortaleza,40.45084,-3.608868
3613,Calle de Eduardo Mazón,Palomas,Hortaleza,40.452431,-3.613958
3614,Calle de Enrique de Prada,Palomas,Hortaleza,40.454586,-3.613831
3615,Calle de Estanislao Gómez,Palomas,Hortaleza,40.45245,-3.609311
3616,Calle de Francisco José Arroyo,Palomas,Hortaleza,40.453103,-3.614
3617,Calle de Galatea,Palomas,Hortaleza,40.452133,-3.610661
3618,Calle de Guadalajara,Palomas,Hortaleza,40.453758,-3.614919
3619,Calle de Isis,Palomas,Hortaleza,40.450542,-3.613403
3620,Calle de Juan Martínez Arroyo,Palomas,Hortaleza,40.45495,-3.615717
3621,Calle de Luis de la Mata,Palomas,Hortaleza,40.451806,-3.613033
3622,Calle de Santibáñez de Béjar,Palomas,Hortaleza,40.451197,-3.608908
3623,Calle de Villamiel de Cáceres,Palomas,Hortaleza,40.451989,-3.609033
3624,Calle de la Albahaca,Palomas,Hortaleza,40.452464,-3.617488
3625,Calle de la Armonía,Palomas,Hortaleza,40.452264,-3.611236
3626,Calle de la Espirea,Palomas,Hortaleza,40.451692,-3.618686
3627,Calle de la Espuela,Palomas,Hortaleza,40.451497,-3.625114
3628,Calle de la Isla de Cuba,Palomas,Hortaleza,40.450917,-3.611525
3629,Calle de la Maestra Felisa Lozano,Palomas,Hortaleza,40.451901,-3.607812
3630,Calle de las Abelias,Palomas,Hortaleza,40.451546,-3.624072
3631,Calle de las Begonias,Palomas,Hortaleza,40.451778,-3.616997
3632,Calle de las Camelias,Palomas,Hortaleza,40.452415,-3.617222
3633,Calle de las Peonías,Palomas,Hortaleza,40.450704,-3.617512
3634,Calle de las Petunias,Palomas,Hortaleza,40.452181,-3.617828
3635,Calle de los Colios,Palomas,Hortaleza,40.451531,-3.617111
3636,Calle del Añil,Palomas,Hortaleza,40.454808,-3.613076
3637,Calle del Boj,Palomas,Hortaleza,40.455989,-3.618264
3638,Calle del Conde de las Posadas,Palomas,Hortaleza,40.453742,-3.613994
3639,Calle del Pisueña,Palomas,Hortaleza,40.451628,-3.608667
3640,Calle del Sándalo,Palomas,Hortaleza,40.453504,-3.616554
3641,Calle del Vizconde de Uzqueta,Palomas,Hortaleza,40.451701,-3.613511
3642,Glorieta de la Medusa,Palomas,Hortaleza,40.451964,-3.612881
3643,Glorieta del Mar Caribe,Palomas,Hortaleza,40.454114,-3.622364
3644,Glorieta del Yucatán,Palomas,Hortaleza,40.450856,-3.626478
3645,Avenida de Bucaramanga,Pinar del Rey,Hortaleza,40.472189,-3.637425
3646,Avenida de Celio Villalba,Pinar del Rey,Hortaleza,40.474606,-3.638451
3647,Avenida de San Luis,Pinar del Rey,Hortaleza,40.472479,-3.656956
3648,Avenida de la Barranquilla,Pinar del Rey,Hortaleza,40.474672,-3.639736
3649,Avenida de la Gran Vía de Hortaleza,Pinar del Rey,Hortaleza,40.467964,-3.649758
3650,Avenida de la Virgen del Carmen,Pinar del Rey,Hortaleza,40.474743,-3.651769
3651,Calle de Abegondo,Pinar del Rey,Hortaleza,40.476611,-3.649903
3652,Calle de Abertura,Pinar del Rey,Hortaleza,40.476861,-3.64995
3653,Calle de Abizanda,Pinar del Rey,Hortaleza,40.477231,-3.650908
3654,Calle de Abuñol,Pinar del Rey,Hortaleza,40.47624,-3.65199
3655,Calle de Abárzuza,Pinar del Rey,Hortaleza,40.476056,-3.649742
3656,Calle de Acebedo,Pinar del Rey,Hortaleza,40.475644,-3.652058
3657,Calle de Agustín de Iturbide,Pinar del Rey,Hortaleza,40.469067,-3.64675
3658,Calle de Albatana,Pinar del Rey,Hortaleza,40.477792,-3.648733
3659,Calle de Alcaraz,Pinar del Rey,Hortaleza,40.477754,-3.648335
3660,Calle de Alcobendas,Pinar del Rey,Hortaleza,40.475056,-3.642128
3661,Calle de Aldaya,Pinar del Rey,Hortaleza,40.477419,-3.648082
3662,Calle de Alfacar,Pinar del Rey,Hortaleza,40.477411,-3.647842
3663,Calle de Almarza,Pinar del Rey,Hortaleza,40.467642,-3.661206
3664,Calle de Aracataca,Pinar del Rey,Hortaleza,40.473519,-3.638465
3665,Calle de Arequipa,Pinar del Rey,Hortaleza,40.468931,-3.640539
3666,Calle de Arzúa,Pinar del Rey,Hortaleza,40.474206,-3.646374
3667,Calle de Aránzazu,Pinar del Rey,Hortaleza,40.469067,-3.651078
3668,Calle de Ayacucho,Pinar del Rey,Hortaleza,40.469761,-3.639365
3669,Calle de Azagra,Pinar del Rey,Hortaleza,40.475022,-3.646769
3670,Calle de Añastro,Pinar del Rey,Hortaleza,40.468119,-3.662283
3671,Calle de Balaguer,Pinar del Rey,Hortaleza,40.471135,-3.652092
3672,Calle de Baranoa,Pinar del Rey,Hortaleza,40.474325,-3.638414
3673,Calle de Barichara,Pinar del Rey,Hortaleza,40.47605,-3.637683
3674,Calle de Bayunca,Pinar del Rey,Hortaleza,40.475717,-3.637742
3675,Calle de Belianes,Pinar del Rey,Hortaleza,40.470339,-3.645719
3676,Calle de Biosca,Pinar del Rey,Hortaleza,40.4706,-3.649636
3677,Calle de Bochalema,Pinar del Rey,Hortaleza,40.473907,-3.638412
3678,Calle de Borjas Blancas,Pinar del Rey,Hortaleza,40.470933,-3.65165
3679,Calle de Boyacá,Pinar del Rey,Hortaleza,40.472401,-3.637442
3680,Calle de Buriticá,Pinar del Rey,Hortaleza,40.472708,-3.638686
3681,Calle de Cachira,Pinar del Rey,Hortaleza,40.471153,-3.634233
3682,Calle de Calasparra,Pinar del Rey,Hortaleza,40.472388,-3.655276
3683,Calle de Cali,Pinar del Rey,Hortaleza,40.471408,-3.637875
3684,Calle de Calvo Sotelo,Pinar del Rey,Hortaleza,40.475514,-3.64066
3685,Calle de Caqueta,Pinar del Rey,Hortaleza,40.471683,-3.633328
3686,Calle de Caramanta,Pinar del Rey,Hortaleza,40.471858,-3.632917
3687,Calle de Cauca,Pinar del Rey,Hortaleza,40.471433,-3.637144
3688,Calle de Cervera,Pinar del Rey,Hortaleza,40.471764,-3.652338
3689,Calle de Chaparral,Pinar del Rey,Hortaleza,40.470814,-3.634136
3690,Calle de Chima,Pinar del Rey,Hortaleza,40.474325,-3.635169
3691,Calle de Chimichagua,Pinar del Rey,Hortaleza,40.473822,-3.634892
3692,Calle de Chipiona,Pinar del Rey,Hortaleza,40.47554,-3.653904
3693,Calle de Chiquinquira,Pinar del Rey,Hortaleza,40.47144,-3.634917
3694,Calle de Choconta,Pinar del Rey,Hortaleza,40.470282,-3.631474
3695,Calle de Cocuy,Pinar del Rey,Hortaleza,40.471232,-3.636161
3696,Calle de Corozal,Pinar del Rey,Hortaleza,40.475215,-3.637406
3697,Calle de Cumare,Pinar del Rey,Hortaleza,40.470175,-3.634333
3698,Calle de Cundinamarca,Pinar del Rey,Hortaleza,40.470806,-3.631653
3699,Calle de Curiti,Pinar del Rey,Hortaleza,40.472999,-3.635961
3700,Calle de Cutanga,Pinar del Rey,Hortaleza,40.471056,-3.635051
3701,Calle de Dagua,Pinar del Rey,Hortaleza,40.472586,-3.633717
3702,Calle de Estíbaliz,Pinar del Rey,Hortaleza,40.468778,-3.650911
3703,Calle de Federico Núñez,Pinar del Rey,Hortaleza,40.46785,-3.651803
3704,Calle de Felipe Herranz,Pinar del Rey,Hortaleza,40.474324,-3.648258
3705,Calle de Florentino Gascón,Pinar del Rey,Hortaleza,40.46845,-3.650788
3706,Calle de Francisco Palomo,Pinar del Rey,Hortaleza,40.474392,-3.648875
3707,Calle de Fresno de la Vega,Pinar del Rey,Hortaleza,40.468675,-3.650222
3708,Calle de Fuencarral,Pinar del Rey,Hortaleza,40.476378,-3.648053
3709,Calle de Gaira,Pinar del Rey,Hortaleza,40.474886,-3.636061
3710,Calle de Galapa,Pinar del Rey,Hortaleza,40.474108,-3.639056
3711,Calle de Getino,Pinar del Rey,Hortaleza,40.468928,-3.649692
3712,Calle de Guaimaral,Pinar del Rey,Hortaleza,40.474278,-3.637132
3713,Calle de Guajaro,Pinar del Rey,Hortaleza,40.475389,-3.637792
3714,Calle de Guapotá,Pinar del Rey,Hortaleza,40.472983,-3.638639
3715,Calle de Guatavita,Pinar del Rey,Hortaleza,40.471922,-3.635583
3716,Calle de Guisona,Pinar del Rey,Hortaleza,40.468536,-3.654201
3717,Calle de Haití,Pinar del Rey,Hortaleza,40.468881,-3.646822
3718,Calle de Joaquín Cimas,Pinar del Rey,Hortaleza,40.474322,-3.650472
3719,Calle de José María Morelos,Pinar del Rey,Hortaleza,40.469668,-3.649547
3720,Calle de Juan Francisco Pascual,Pinar del Rey,Hortaleza,40.474681,-3.649672
3721,Calle de Lorca,Pinar del Rey,Hortaleza,40.472401,-3.655693
3722,Calle de Luis Buitrago,Pinar del Rey,Hortaleza,40.474,-3.65116
3723,Calle de Luruaco,Pinar del Rey,Hortaleza,40.472721,-3.635136
3724,Calle de Magangue,Pinar del Rey,Hortaleza,40.473867,-3.636178
3725,Calle de Manizales,Pinar del Rey,Hortaleza,40.474675,-3.636589
3726,Calle de Manuel Chaves Nogales,Pinar del Rey,Hortaleza,40.475701,-3.653112
3727,Calle de Manuel Gascón,Pinar del Rey,Hortaleza,40.468164,-3.651256
3728,Calle de Manuel Uribe,Pinar del Rey,Hortaleza,40.464967,-3.662456
3729,Calle de Mesena,Pinar del Rey,Hortaleza,40.465944,-3.662939
3730,Calle de Miguel Hidalgo,Pinar del Rey,Hortaleza,40.468906,-3.651511
3731,Calle de Miranda de Arga,Pinar del Rey,Hortaleza,40.475503,-3.649322
3732,Calle de Moratalla,Pinar del Rey,Hortaleza,40.473064,-3.655356
3733,Calle de Oliana,Pinar del Rey,Hortaleza,40.471156,-3.652633
3734,Calle de Olimpio López,Pinar del Rey,Hortaleza,40.468418,-3.652212
3735,Calle de Olvega,Pinar del Rey,Hortaleza,40.466264,-3.662144
3736,Calle de Opón,Pinar del Rey,Hortaleza,40.473033,-3.640189
3737,Calle de Pablo Serrano,Pinar del Rey,Hortaleza,40.469611,-3.647264
3738,Calle de Padilla de Duero,Pinar del Rey,Hortaleza,40.472025,-3.648731
3739,Calle de Paipa,Pinar del Rey,Hortaleza,40.471744,-3.634344
3740,Calle de Paula de la Vega,Pinar del Rey,Hortaleza,40.471778,-3.643506
3741,Calle de Pivijay,Pinar del Rey,Hortaleza,40.475472,-3.638675
3742,Calle de Pobla de Segur,Pinar del Rey,Hortaleza,40.467722,-3.655297
3743,Calle de Puerto Príncipe,Pinar del Rey,Hortaleza,40.469364,-3.645122
3744,Calle de Quilichao,Pinar del Rey,Hortaleza,40.472293,-3.634486
3745,Calle de Repelón,Pinar del Rey,Hortaleza,40.475811,-3.638615
3746,Calle de Rogelio Muñoz,Pinar del Rey,Hortaleza,40.472303,-3.643682
3747,Calle de Samaca,Pinar del Rey,Hortaleza,40.470529,-3.638054
3748,Calle de Sanlúcar de Barrameda,Pinar del Rey,Hortaleza,40.475162,-3.653838
3749,Calle de Santa Adela,Pinar del Rey,Hortaleza,40.478722,-3.648906
3750,Calle de Santa Susana,Pinar del Rey,Hortaleza,40.477925,-3.646786
3751,Calle de Santa Virgilia,Pinar del Rey,Hortaleza,40.476697,-3.642208
3752,Calle de Seo de Urgel,Pinar del Rey,Hortaleza,40.469247,-3.65295
3753,Calle de Simacota,Pinar del Rey,Hortaleza,40.473775,-3.635269
3754,Calle de Sincelejo,Pinar del Rey,Hortaleza,40.474093,-3.635668
3755,Calle de Solsona,Pinar del Rey,Hortaleza,40.471724,-3.651237
3756,Calle de Sopetrán,Pinar del Rey,Hortaleza,40.472144,-3.632861
3757,Calle de Tamalameque,Pinar del Rey,Hortaleza,40.472728,-3.636006
3758,Calle de Taminaca,Pinar del Rey,Hortaleza,40.474583,-3.636106
3759,Calle de Tolima,Pinar del Rey,Hortaleza,40.471572,-3.632504
3760,Calle de Tolú,Pinar del Rey,Hortaleza,40.473592,-3.636217
3761,Calle de Tomás Aparicio,Pinar del Rey,Hortaleza,40.474794,-3.653117
3762,Calle de Torregrosa,Pinar del Rey,Hortaleza,40.471251,-3.648807
3763,Calle de Totana,Pinar del Rey,Hortaleza,40.472942,-3.653744
3764,Calle de Tucurinca,Pinar del Rey,Hortaleza,40.473258,-3.638608
3765,Calle de Tunaima,Pinar del Rey,Hortaleza,40.470833,-3.63285
3766,Calle de Tunja,Pinar del Rey,Hortaleza,40.470975,-3.6335
3767,Calle de Turbaco,Pinar del Rey,Hortaleza,40.4753,-3.636889
3768,Calle de Ubrique,Pinar del Rey,Hortaleza,40.4737,-3.649914
3769,Calle de Uría,Pinar del Rey,Hortaleza,40.474956,-3.654747
3770,Calle de Usiacuri,Pinar del Rey,Hortaleza,40.4751,-3.638286
3771,Calle de Valdetorres de Jarama,Pinar del Rey,Hortaleza,40.471406,-3.645408
3772,Calle de Vicente de Eusebio,Pinar del Rey,Hortaleza,40.473953,-3.651758
3773,Calle de Yarumal,Pinar del Rey,Hortaleza,40.47431,-3.640237
3774,Calle de Zahara de los Atunes,Pinar del Rey,Hortaleza,40.474799,-3.649151
3775,Calle de Zapatoca,Pinar del Rey,Hortaleza,40.472612,-3.633331
3776,Calle de Zipaquira,Pinar del Rey,Hortaleza,40.473244,-3.63566
3777,Calle de la Bahía de Algeciras,Pinar del Rey,Hortaleza,40.473869,-3.650025
3778,Calle de la Costa del Sol,Pinar del Rey,Hortaleza,40.473292,-3.652465
3779,Calle de la Duquesa de Castrejón,Pinar del Rey,Hortaleza,40.462996,-3.661235
3780,Calle de la Liberación,Pinar del Rey,Hortaleza,40.471357,-3.642792
3781,Calle de la Montería,Pinar del Rey,Hortaleza,40.473358,-3.639969
3782,Calle de la Totuma,Pinar del Rey,Hortaleza,40.475635,-3.63825
3783,Calle de la Villa de Pons,Pinar del Rey,Hortaleza,40.469921,-3.653176
3784,Calle de la Villa de Rota,Pinar del Rey,Hortaleza,40.475958,-3.653483
3785,Calle de las Eras,Pinar del Rey,Hortaleza,40.475144,-3.641429
3786,Calle de los Arcos,Pinar del Rey,Hortaleza,40.478394,-3.644903
3787,Calle de Ágreda,Pinar del Rey,Hortaleza,40.46669,-3.662525
3788,Calle de Ángel Luis de la Herrán,Pinar del Rey,Hortaleza,40.470079,-3.649951
3789,Calle del Arauca,Pinar del Rey,Hortaleza,40.47175,-3.633947
3790,Calle del Canapiare,Pinar del Rey,Hortaleza,40.470275,-3.632964
3791,Calle del Caracolí,Pinar del Rey,Hortaleza,40.474238,-3.635781
3792,Calle del Carare,Pinar del Rey,Hortaleza,40.472589,-3.634406
3793,Calle del Casanare,Pinar del Rey,Hortaleza,40.473689,-3.634383
3794,Calle del Choco,Pinar del Rey,Hortaleza,40.473844,-3.639181
3795,Calle del Chucuri,Pinar del Rey,Hortaleza,40.47346,-3.634864
3796,Calle del Estrecho de Ormuz,Pinar del Rey,Hortaleza,40.470907,-3.643678
3797,Calle del Gualanday,Pinar del Rey,Hortaleza,40.471832,-3.632553
3798,Calle del Guamo,Pinar del Rey,Hortaleza,40.472414,-3.632819
3799,Calle del Guayabal,Pinar del Rey,Hortaleza,40.472453,-3.636053
3800,Calle del Impala,Pinar del Rey,Hortaleza,40.473139,-3.636669
3801,Calle del Macuaje,Pinar del Rey,Hortaleza,40.469967,-3.632292
3802,Calle del Manatí,Pinar del Rey,Hortaleza,40.474972,-3.636947
3803,Calle del Mar Adriático,Pinar del Rey,Hortaleza,40.471597,-3.639425
3804,Calle del Mar Amarillo,Pinar del Rey,Hortaleza,40.474332,-3.641647
3805,Calle del Mar Báltico,Pinar del Rey,Hortaleza,40.47265,-3.642033
3806,Calle del Mar Cantábrico,Pinar del Rey,Hortaleza,40.473464,-3.642447
3807,Calle del Mar Caspio,Pinar del Rey,Hortaleza,40.473558,-3.644389
3808,Calle del Mar Mediterráneo,Pinar del Rey,Hortaleza,40.473722,-3.641481
3809,Calle del Mar Menor,Pinar del Rey,Hortaleza,40.475333,-3.643619
3810,Calle del Mar Negro,Pinar del Rey,Hortaleza,40.473908,-3.64406
3811,Calle del Mar de Aral,Pinar del Rey,Hortaleza,40.474511,-3.643132
3812,Calle del Mar de Bering,Pinar del Rey,Hortaleza,40.472985,-3.641969
3813,Calle del Mar de Kara,Pinar del Rey,Hortaleza,40.472797,-3.643989
3814,Calle del Mar de Omán,Pinar del Rey,Hortaleza,40.473876,-3.640507
3815,Calle del Mar de la Sonda,Pinar del Rey,Hortaleza,40.473254,-3.640921
3816,Calle del Mar del Japón,Pinar del Rey,Hortaleza,40.473626,-3.641199
3817,Calle del Nevado del Cumbal,Pinar del Rey,Hortaleza,40.470028,-3.631143
3818,Calle del Nevado del Ruiz,Pinar del Rey,Hortaleza,40.470336,-3.635289
3819,Calle del Pinar del Rey,Pinar del Rey,Hortaleza,40.469392,-3.65425
3820,Calle del Pintor Brenes,Pinar del Rey,Hortaleza,40.468131,-3.650519
3821,Calle del Popayán,Pinar del Rey,Hortaleza,40.470103,-3.633764
3822,Carretera a la Estación de Hortaleza,Pinar del Rey,Hortaleza,40.474883,-3.655281
3823,Glorieta del Mar de Cristal,Pinar del Rey,Hortaleza,40.469453,-3.638853
3824,Pasaje de Ahillones,Pinar del Rey,Hortaleza,40.475312,-3.651053
3825,Pasaje de Rogelio Muñoz,Pinar del Rey,Hortaleza,40.471561,-3.644749
3826,Plaza de Alcaudete,Pinar del Rey,Hortaleza,40.476397,-3.649689
3827,Plaza de Aratoca,Pinar del Rey,Hortaleza,40.475083,-3.638489
3828,Plaza de Golmayo,Pinar del Rey,Hortaleza,40.466986,-3.661767
3829,Plaza de Mar del Plata,Pinar del Rey,Hortaleza,40.475126,-3.640893
3830,Plaza de la Iglesia,Pinar del Rey,Hortaleza,40.472789,-3.641067
3831,Plaza del Doctor Calvo Pérez,Pinar del Rey,Hortaleza,40.47394,-3.642529
3832,Travesía de Biosca,Pinar del Rey,Hortaleza,40.470804,-3.648581
3833,Travesía de Uría,Pinar del Rey,Hortaleza,40.474278,-3.6552
3834,Avenida de Carondelet,Piovera,Hortaleza,40.450714,-3.644664
3835,Avenida de Champagnat,Piovera,Hortaleza,40.450683,-3.639415
3836,Avenida de Machupichu,Piovera,Hortaleza,40.459536,-3.627211
3837,Avenida de las Piceas,Piovera,Hortaleza,40.454897,-3.623907
3838,Avenida de los Ahones,Piovera,Hortaleza,40.454142,-3.640969
3839,Avenida de los Madroños,Piovera,Hortaleza,40.455983,-3.636453
3840,Avenida del Papa Negro,Piovera,Hortaleza,40.455933,-3.626976
3841,Calle de Antonio Fuentes,Piovera,Hortaleza,40.45695,-3.630292
3842,Calle de Antonio Larrazábal,Piovera,Hortaleza,40.459331,-3.629968
3843,Calle de Bombita,Piovera,Hortaleza,40.451511,-3.646281
3844,Calle de Chicuelo,Piovera,Hortaleza,40.45785,-3.632422
3845,Calle de Costillares,Piovera,Hortaleza,40.451061,-3.642047
3846,Calle de Dionisio Inca Yupanqui,Piovera,Hortaleza,40.461789,-3.629339
3847,Calle de Esteban Palacios,Piovera,Hortaleza,40.458407,-3.62304
3848,Calle de Florencio Castillo,Piovera,Hortaleza,40.460538,-3.62404
3849,Calle de Francisco Morejón,Piovera,Hortaleza,40.459722,-3.62375
3850,Calle de Francisco Mosqueda,Piovera,Hortaleza,40.462336,-3.627993
3851,Calle de Frascuelo,Piovera,Hortaleza,40.456053,-3.640496
3852,Calle de Haendel,Piovera,Hortaleza,40.462607,-3.625539
3853,Calle de Jaenar,Piovera,Hortaleza,40.453969,-3.6498
3854,Calle de Joselito,Piovera,Hortaleza,40.453793,-3.643208
3855,Calle de José Antonio Navarrete,Piovera,Hortaleza,40.460978,-3.635583
3856,Calle de José Ignacio Ávila,Piovera,Hortaleza,40.460017,-3.625375
3857,Calle de José Joaquín Ortiz,Piovera,Hortaleza,40.459667,-3.633731
3858,Calle de José Miguel Guridi,Piovera,Hortaleza,40.459181,-3.632856
3859,Calle de José Álvarez de Toledo,Piovera,Hortaleza,40.462157,-3.629325
3860,Calle de Juan Belmonte,Piovera,Hortaleza,40.454365,-3.639138
3861,Calle de Juan Clemente Núñez,Piovera,Hortaleza,40.462153,-3.626544
3862,Calle de Juan José Gureña,Piovera,Hortaleza,40.456222,-3.626701
3863,Calle de Lagartijo,Piovera,Hortaleza,40.452754,-3.643518
3864,Calle de Machaquito,Piovera,Hortaleza,40.456903,-3.62745
3865,Calle de Manuel Comín,Piovera,Hortaleza,40.453544,-3.650147
3866,Calle de Miguel Riesco,Piovera,Hortaleza,40.462428,-3.631708
3867,Calle de Parma,Piovera,Hortaleza,40.45655,-3.649489
3868,Calle de Pedro Bautista Pino,Piovera,Hortaleza,40.455906,-3.627933
3869,Calle de Pedro Romero,Piovera,Hortaleza,40.453128,-3.641694
3870,Calle de Pepe Hillo,Piovera,Hortaleza,40.451496,-3.640285
3871,Calle de Rafael Zufriátegui,Piovera,Hortaleza,40.459522,-3.631107
3872,Calle de Serramagna,Piovera,Hortaleza,40.457701,-3.635438
3873,Calle de Silvano,Piovera,Hortaleza,40.461819,-3.639349
3874,Calle de Tantalis,Piovera,Hortaleza,40.456719,-3.650733
3875,Calle de Vicente Morales,Piovera,Hortaleza,40.46189,-3.636122
3876,Calle de el Algabeño,Piovera,Hortaleza,40.459667,-3.631203
3877,Calle de el Gallo,Piovera,Hortaleza,40.451364,-3.643708
3878,Calle de el Tato,Piovera,Hortaleza,40.452481,-3.645814
3879,Calle de la Fontanería,Piovera,Hortaleza,40.45675,-3.652356
3880,Calle de la Jarilla,Piovera,Hortaleza,40.453644,-3.626583
3881,Calle de la Mahonia,Piovera,Hortaleza,40.456592,-3.619603
3882,Calle de la Toronga,Piovera,Hortaleza,40.456492,-3.648425
3883,Calle de la Umbría,Piovera,Hortaleza,40.454586,-3.649525
3884,Calle de Ángel Cavero,Piovera,Hortaleza,40.455256,-3.648375
3885,Calle del Andarríos,Piovera,Hortaleza,40.454794,-3.631242
3886,Calle del Barón de la Torre,Piovera,Hortaleza,40.45926,-3.637549
3887,Calle del Cascanueces,Piovera,Hortaleza,40.455562,-3.634662
3888,Calle del Castillo de Aysa,Piovera,Hortaleza,40.458844,-3.635761
3889,Calle del Estrecho de Mesina,Piovera,Hortaleza,40.453008,-3.650072
3890,Calle del Liceo,Piovera,Hortaleza,40.456878,-3.642706
3891,Calle del Lido,Piovera,Hortaleza,40.456339,-3.652161
3892,Calle del Olimpo,Piovera,Hortaleza,40.455892,-3.648097
3893,Calle del Sotillo,Piovera,Hortaleza,40.460054,-3.639072
3894,Plaza de López de la Plata,Piovera,Hortaleza,40.458826,-3.624894
3895,Plaza de Manuel Rodrigo,Piovera,Hortaleza,40.460379,-3.63269
3896,Plaza del Liceo,Piovera,Hortaleza,40.457239,-3.644425
3897,Ronda de Cala Basa,Piovera,Hortaleza,40.460236,-3.638828
3898,Ronda de Manuel Granero,Piovera,Hortaleza,40.458142,-3.629311
3899,Ronda de Sobradiel,Piovera,Hortaleza,40.453028,-3.641465
3900,Ronda de la Abubilla,Piovera,Hortaleza,40.454075,-3.634031
3901,Ronda de la Avutarda,Piovera,Hortaleza,40.453575,-3.635717
3902,Autopista R-2,Valdefuentes,Hortaleza,40.500758,-3.623578
3903,Avenida de Francisco Javier Sáenz de Oiza,Valdefuentes,Hortaleza,40.498339,-3.615456
3904,Avenida de Francisco Pi y Margall,Valdefuentes,Hortaleza,40.486707,-3.650712
3905,Avenida de Isabel de Valois,Valdefuentes,Hortaleza,40.494228,-3.659249
3906,Avenida de José Antonio Corrales,Valdefuentes,Hortaleza,40.485212,-3.614786
3907,Avenida de Juan Antonio Samaranch,Valdefuentes,Hortaleza,40.493599,-3.615149
3908,Avenida de Manoteras,Valdefuentes,Hortaleza,40.487639,-3.667397
3909,Avenida de Manuel Fraga Iribarne,Valdefuentes,Hortaleza,40.490072,-3.608865
3910,Avenida de Maruja Mallo,Valdefuentes,Hortaleza,40.47736,-3.630771
3911,Avenida de Niceto Alcalá Zamora,Valdefuentes,Hortaleza,40.496853,-3.652717
3912,Avenida de Secundino Zuazo,Valdefuentes,Hortaleza,40.495335,-3.615279
3913,Avenida de la Fuente de la Mora,Valdefuentes,Hortaleza,40.486944,-3.662758
3914,Avenida de las Fuerzas Armadas,Valdefuentes,Hortaleza,40.483974,-3.629258
3915,Avenida del Ingeniero Emilio Herrera,Valdefuentes,Hortaleza,40.492419,-3.653069
3916,Calle Provisional Cocheras de Metro de Hortaleza,Valdefuentes,Hortaleza,40.483747,-3.658756
3917,Calle Provisional Solana de Valdebebas Catorce,Valdefuentes,Hortaleza,40.507767,-3.616764
3918,Calle Provisional Solana de Valdebebas Cinco,Valdefuentes,Hortaleza,40.503212,-3.613101
3919,Calle Provisional Solana de Valdebebas Cuatro,Valdefuentes,Hortaleza,40.503532,-3.615531
3920,Calle Provisional Solana de Valdebebas Dieciseis,Valdefuentes,Hortaleza,40.506481,-3.615103
3921,Calle Provisional Solana de Valdebebas Diecisiete,Valdefuentes,Hortaleza,40.505842,-3.611479
3922,Calle Provisional Solana de Valdebebas Diez,Valdefuentes,Hortaleza,40.507431,-3.618146
3923,Calle Provisional Solana de Valdebebas Dos,Valdefuentes,Hortaleza,40.505886,-3.619497
3924,Calle Provisional Solana de Valdebebas Nueve,Valdefuentes,Hortaleza,40.508125,-3.618667
3925,Calle Provisional Solana de Valdebebas Ocho,Valdefuentes,Hortaleza,40.509003,-3.619872
3926,Calle Provisional Solana de Valdebebas Once,Valdefuentes,Hortaleza,40.505531,-3.623806
3927,Calle Provisional Solana de Valdebebas Seis,Valdefuentes,Hortaleza,40.509074,-3.61376
3928,Calle Provisional Solana de Valdebebas Siete,Valdefuentes,Hortaleza,40.505656,-3.622328
3929,Calle Provisional Solana de Valdebebas Trece,Valdefuentes,Hortaleza,40.506676,-3.62135
3930,Calle Provisional Solana de Valdebebas Tres,Valdefuentes,Hortaleza,40.507483,-3.613425
3931,Calle Provisional Solana de Valdebebas Uno,Valdefuentes,Hortaleza,40.509847,-3.620111
3932,Calle Provisional Solana de Valdebebas Veinte,Valdefuentes,Hortaleza,40.505536,-3.620317
3933,Calle Provisional Solana de Valdebebas Veintidós,Valdefuentes,Hortaleza,40.506222,-3.617681
3934,Calle Provisional Solana de Valdebebas Veintiuno,Valdefuentes,Hortaleza,40.505289,-3.617762
3935,Calle Quinta,Valdefuentes,Hortaleza,40.480764,-3.631742
3936,Calle Segunda,Valdefuentes,Hortaleza,40.480539,-3.632071
3937,Calle Vía de los Poblados,Valdefuentes,Hortaleza,40.474972,-3.633817
3938,Calle de Adriano de Utrecht,Valdefuentes,Hortaleza,40.495579,-3.658262
3939,Calle de Agatha Christie,Valdefuentes,Hortaleza,40.506004,-3.634893
3940,Calle de Américo Castro,Valdefuentes,Hortaleza,40.497772,-3.652292
3941,Calle de Ana de Austria,Valdefuentes,Hortaleza,40.496604,-3.655258
3942,Calle de Antonio López Torres,Valdefuentes,Hortaleza,40.477335,-3.627751
3943,Calle de Antonio Miró Valverde,Valdefuentes,Hortaleza,40.498878,-3.610874
3944,Calle de Aretha Franklin,Valdefuentes,Hortaleza,40.484349,-3.636788
3945,Calle de Ariadna,Valdefuentes,Hortaleza,40.478207,-3.643272
3946,Calle de Astorga de las Cárcavas,Valdefuentes,Hortaleza,40.482313,-3.632128
3947,Calle de Asunción Cuestablanca,Valdefuentes,Hortaleza,40.506286,-3.654319
3948,Calle de Asura,Valdefuentes,Hortaleza,40.455738,-3.653128
3949,Calle de Aurora Redondo,Valdefuentes,Hortaleza,40.480964,-3.631575
3950,Calle de Benito Muñoz,Valdefuentes,Hortaleza,40.475433,-3.627721
3951,Calle de Cacabelos,Valdefuentes,Hortaleza,40.483047,-3.634028
3952,Calle de Cambados,Valdefuentes,Hortaleza,40.478639,-3.628933
3953,Calle de Carlos Fernández Casado,Valdefuentes,Hortaleza,40.486642,-3.610106
3954,Calle de Carmen Bravo Villasante,Valdefuentes,Hortaleza,40.480856,-3.633194
3955,Calle de Carmen Rico Godoy,Valdefuentes,Hortaleza,40.483426,-3.635969
3956,Calle de Catalina de Austria,Valdefuentes,Hortaleza,40.498806,-3.659097
3957,Calle de César Cort Botí,Valdefuentes,Hortaleza,40.498181,-3.612624
3958,Calle de Diego Hurtado de Mendoza,Valdefuentes,Hortaleza,40.492201,-3.65534
3959,Calle de Dulce Chacón,Valdefuentes,Hortaleza,40.485656,-3.669669
3960,Calle de Dámaso Alonso,Valdefuentes,Hortaleza,40.506489,-3.635003
3961,Calle de Eduardo Haro Tecglen,Valdefuentes,Hortaleza,40.485511,-3.632169
3962,Calle de Elena Cornaro,Valdefuentes,Hortaleza,40.492544,-3.611679
3963,Calle de Elena Fortún,Valdefuentes,Hortaleza,40.474169,-3.627274
3964,Calle de Emma Penella,Valdefuentes,Hortaleza,40.481142,-3.626961
3965,Calle de Enrique Azcoaga,Valdefuentes,Hortaleza,40.501761,-3.653475
3966,Calle de Enrique Lafuente Ferrari,Valdefuentes,Hortaleza,40.505944,-3.642225
3967,Calle de Estanislao Pérez Pita,Valdefuentes,Hortaleza,40.488649,-3.609565
3968,Calle de Fernando Higueras,Valdefuentes,Hortaleza,40.486449,-3.612124
3969,Calle de Fernando de Rojas,Valdefuentes,Hortaleza,40.492197,-3.649039
3970,Calle de Fina de Calderón,Valdefuentes,Hortaleza,40.495146,-3.617783
3971,Calle de Florentino Rodríguez Alonso,Valdefuentes,Hortaleza,40.476847,-3.626364
3972,Calle de Francisco Umbral,Valdefuentes,Hortaleza,40.480847,-3.626253
3973,Calle de Félix Candela,Valdefuentes,Hortaleza,40.496783,-3.615203
3974,Calle de Gregorio Sánchez Herráez,Valdefuentes,Hortaleza,40.480269,-3.633725
3975,Calle de Gustavo Pérez Puig,Valdefuentes,Hortaleza,40.492118,-3.606825
3976,Calle de Hipólito Aragonés,Valdefuentes,Hortaleza,40.478444,-3.628894
3977,Calle de Ignacio Aldecoa,Valdefuentes,Hortaleza,40.498714,-3.652288
3978,Calle de Isabel Clara Eugenia,Valdefuentes,Hortaleza,40.48894,-3.649403
3979,Calle de Isabel Oyarzábal,Valdefuentes,Hortaleza,40.493092,-3.612611
3980,Calle de Jesús Fernández Santos,Valdefuentes,Hortaleza,40.502174,-3.655181
3981,Calle de Jordi Solé Tura,Valdefuentes,Hortaleza,40.493222,-3.6091
3982,Calle de Jorge Guillén,Valdefuentes,Hortaleza,40.504428,-3.632153
3983,Calle de Jorge Luis Borges,Valdefuentes,Hortaleza,40.503432,-3.633147
3984,Calle de Josefina Aldecoa,Valdefuentes,Hortaleza,40.495786,-3.61395
3985,Calle de Josefina Carabias,Valdefuentes,Hortaleza,40.478475,-3.629968
3986,Calle de José Antonio Coderch,Valdefuentes,Hortaleza,40.494956,-3.621508
3987,Calle de José Antonio Fernández Ordóñez,Valdefuentes,Hortaleza,40.491569,-3.607968
3988,Calle de José Donoso,Valdefuentes,Hortaleza,40.500071,-3.653058
3989,Calle de José Granero,Valdefuentes,Hortaleza,40.482876,-3.627849
3990,Calle de José Luis Coll,Valdefuentes,Hortaleza,40.484288,-3.631756
3991,Calle de José Luis Pécker,Valdefuentes,Hortaleza,40.485544,-3.636089
3992,Calle de Juan Daniel Fullaondo,Valdefuentes,Hortaleza,40.480681,-3.627972
3993,Calle de Juan García Hortelano,Valdefuentes,Hortaleza,40.504242,-3.633121
3994,Calle de Julio Cano Lasso,Valdefuentes,Hortaleza,40.490483,-3.604797
3995,Calle de Julio Caro Baroja,Valdefuentes,Hortaleza,40.507453,-3.646297
3996,Calle de Julio Casares,Valdefuentes,Hortaleza,40.489111,-3.647089
3997,Calle de Leandro Silva,Valdefuentes,Hortaleza,40.498064,-3.609775
3998,Calle de Leonor de Austria,Valdefuentes,Hortaleza,40.495504,-3.662194
3999,Calle de Luis Jiménez de Asúa,Valdefuentes,Hortaleza,40.493028,-3.653133
4000,Calle de Luis Martínez Feduchi,Valdefuentes,Hortaleza,40.500644,-3.641946
4001,Calle de Luis Moya Blanco,Valdefuentes,Hortaleza,40.496131,-3.616422
4002,Calle de Maestra Dolores Marco,Valdefuentes,Hortaleza,40.482383,-3.628325
4003,Calle de Manuel Altolaguirre,Valdefuentes,Hortaleza,40.50524,-3.63289
4004,Calle de Manuel Gutiérrez Mellado,Valdefuentes,Hortaleza,40.495061,-3.6198
4005,Calle de Manuel Pombo Angulo,Valdefuentes,Hortaleza,40.506881,-3.655592
4006,Calle de Margarita Xirgu,Valdefuentes,Hortaleza,40.474012,-3.627762
4007,Calle de Margarita de Parma,Valdefuentes,Hortaleza,40.497903,-3.660164
4008,Calle de María Blanchard,Valdefuentes,Hortaleza,40.476525,-3.629303
4009,Calle de María Moliner,Valdefuentes,Hortaleza,40.476428,-3.630356
4010,Calle de María Reiche,Valdefuentes,Hortaleza,40.487836,-3.6115
4011,Calle de María Tudor,Valdefuentes,Hortaleza,40.494178,-3.660433
4012,Calle de María de Portugal,Valdefuentes,Hortaleza,40.499279,-3.65961
4013,Calle de María de las Mercedes de Borbón,Valdefuentes,Hortaleza,40.493292,-3.617336
4014,Calle de Miguel Angel Asturias,Valdefuentes,Hortaleza,40.487943,-3.647814
4015,Calle de Mombuey,Valdefuentes,Hortaleza,40.482956,-3.635667
4016,Calle de Moreruela,Valdefuentes,Hortaleza,40.484078,-3.633686
4017,Calle de Murias de Paredes,Valdefuentes,Hortaleza,40.48281,-3.633483
4018,Calle de Octavio Paz,Valdefuentes,Hortaleza,40.4934,-3.653753
4019,Calle de Oña,Valdefuentes,Hortaleza,40.488706,-3.663017
4020,Calle de Pedro Sainz Rodríguez,Valdefuentes,Hortaleza,40.502696,-3.633493
4021,Calle de Rafaela Aparicio,Valdefuentes,Hortaleza,40.478875,-3.631492
4022,Calle de Rocío Jurado,Valdefuentes,Hortaleza,40.484418,-3.630903
4023,Calle de San Andrés de Rabanedo,Valdefuentes,Hortaleza,40.481375,-3.634749
4024,Calle de San Enrique de Ossó,Valdefuentes,Hortaleza,40.504853,-3.638712
4025,Calle de Sanchinarro,Valdefuentes,Hortaleza,40.491372,-3.669653
4026,Calle de Tomás Redondo,Valdefuentes,Hortaleza,40.471767,-3.629044
4027,Calle de Toreno,Valdefuentes,Hortaleza,40.481514,-3.634447
4028,Calle de Valentina Morales,Valdefuentes,Hortaleza,40.475662,-3.627512
4029,Calle de Valverde de la Virgen,Valdefuentes,Hortaleza,40.481017,-3.633864
4030,Calle de Vicente Blasco Ibáñez,Valdefuentes,Hortaleza,40.492269,-3.657047
4031,Calle de Vicente Huidobro,Valdefuentes,Hortaleza,40.505653,-3.632146
4032,Calle de Villafranca del Bierzo,Valdefuentes,Hortaleza,40.481551,-3.632353
4033,Calle de Villagarcía de Arosa,Valdefuentes,Hortaleza,40.477564,-3.628414
4034,Calle de Villanueva de Arosa,Valdefuentes,Hortaleza,40.477701,-3.627154
4035,Calle de Viña del Mar,Valdefuentes,Hortaleza,40.504969,-3.632138
4036,Calle de Zenobia Camprubí,Valdefuentes,Hortaleza,40.474106,-3.626175
4037,Calle de la Caléndula,Valdefuentes,Hortaleza,40.481135,-3.631051
4038,Calle de la Deportividad,Valdefuentes,Hortaleza,40.480349,-3.63259
4039,Calle de la Grama,Valdefuentes,Hortaleza,40.477292,-3.628336
4040,Calle de la Infanta Catalina Micaela,Valdefuentes,Hortaleza,40.486132,-3.654736
4041,Calle de la Infanta María,Valdefuentes,Hortaleza,40.491254,-3.66429
4042,Calle de la Lavanda,Valdefuentes,Hortaleza,40.479103,-3.629514
4043,Calle de la Maragatería,Valdefuentes,Hortaleza,40.484656,-3.635325
4044,Calle de la Princesa de Éboli,Valdefuentes,Hortaleza,40.487319,-3.656256
4045,Calle de la Robla,Valdefuentes,Hortaleza,40.483639,-3.634172
4046,Calle de los Hermanos Gascón,Valdefuentes,Hortaleza,40.482685,-3.633044
4047,Calle de los Padres Dominicos,Valdefuentes,Hortaleza,40.503936,-3.656501
4048,Calle del Alcalde Aristizábal Manchón,Valdefuentes,Hortaleza,40.488886,-3.649289
4049,Calle del Alcalde Conde de Mirasol,Valdefuentes,Hortaleza,40.487589,-3.650264
4050,Calle del Alcalde Henche de la Plata,Valdefuentes,Hortaleza,40.489047,-3.649919
4051,Calle del Alcalde Redondo Aceña,Valdefuentes,Hortaleza,40.490083,-3.650631
4052,Calle del Alcalde Álvarez de Villaamil,Valdefuentes,Hortaleza,40.489583,-3.650253
4053,Calle del Archiduque Alberto,Valdefuentes,Hortaleza,40.493394,-3.654531
4054,Calle del Arroyo de Valdebebas,Valdefuentes,Hortaleza,40.492939,-3.667865
4055,Calle del Arroyo de los Pos,Valdefuentes,Hortaleza,40.486578,-3.654189
4056,Calle del Arroyo del Charco del Pescador,Valdefuentes,Hortaleza,40.486108,-3.656364
4057,Calle del Cardenal Tavera,Valdefuentes,Hortaleza,40.494775,-3.65915
4058,Calle del Infante Diego,Valdefuentes,Hortaleza,40.499736,-3.654272
4059,Calle del Infante Fernando,Valdefuentes,Hortaleza,40.49174,-3.664808
4060,Calle del Marqués de Fontalba,Valdefuentes,Hortaleza,40.486406,-3.611849
4061,Calle del Padre Arrupe,Valdefuentes,Hortaleza,40.505297,-3.637303
4062,Calle del Pintor Antonio Saura,Valdefuentes,Hortaleza,40.4844,-3.651964
4063,Calle del Pintor Ignacio de Zuloaga,Valdefuentes,Hortaleza,40.484672,-3.649778
4064,Calle del Pintor Lucio Muñoz,Valdefuentes,Hortaleza,40.484003,-3.652128
4065,Calle del Príncipe Carlos,Valdefuentes,Hortaleza,40.492756,-3.654631
4066,Camino Alto de Hortaleza,Valdefuentes,Hortaleza,40.474912,-3.627114
4067,Camino Viejo de Burgos,Valdefuentes,Hortaleza,40.481814,-3.631386
4068,Camino Viejo del Cura,Valdefuentes,Hortaleza,40.506575,-3.624732
4069,Camino de Montoro,Valdefuentes,Hortaleza,40.481522,-3.629144
4070,Camino de Valdehiguera,Valdefuentes,Hortaleza,40.479453,-3.627742
4071,Camino de la Fuente de la Mora,Valdefuentes,Hortaleza,40.485817,-3.663019
4072,Camino de la Huerta,Valdefuentes,Hortaleza,40.507212,-3.641789
4073,Camino de los Cenagales,Valdefuentes,Hortaleza,40.480403,-3.634756
4074,Camino del Arroyo de Valdebebas,Valdefuentes,Hortaleza,40.503189,-3.651208
4075,Camino del Encinar,Valdefuentes,Hortaleza,40.509008,-3.651406
4076,Camino del Olivar,Valdefuentes,Hortaleza,40.476433,-3.627822
4077,Carretera del Mediodía,Valdefuentes,Hortaleza,40.510999,-3.653015
4078,Glorieta de José Luis Fernández del Amo,Valdefuentes,Hortaleza,40.484236,-3.642667
4079,Glorieta de Juan de Haro,Valdefuentes,Hortaleza,40.497939,-3.62645
4080,Plaza de Francisco de Asís Cabrero,Valdefuentes,Hortaleza,40.492839,-3.612211
4081,Plaza del Alcalde Moreno Torres,Valdefuentes,Hortaleza,40.488819,-3.658003
4082,Travesía de Antonio López Torres,Valdefuentes,Hortaleza,40.475632,-3.628504
4083,Avenida del Padre Piquer,Aluche,Latina,40.392739,-3.767447
4084,Calle de Camarena,Aluche,Latina,40.389011,-3.756311
4085,Calle de Carlos Domingo,Aluche,Latina,40.3911,-3.7447
4086,Calle de Emilio de la Tejera,Aluche,Latina,40.396878,-3.766619
4087,Calle de Escalona,Aluche,Latina,40.3969,-3.762269
4088,Calle de Granja de Torrehermosa,Aluche,Latina,40.3963,-3.767378
4089,Calle de Illescas,Aluche,Latina,40.393861,-3.761936
4090,Calle de Josefa Honrado,Aluche,Latina,40.391781,-3.743081
4091,Calle de José Maurelo,Aluche,Latina,40.391828,-3.745317
4092,Calle de León V de Armenia,Aluche,Latina,40.391847,-3.743836
4093,Calle de Luis Feito,Aluche,Latina,40.391389,-3.744128
4094,Calle de Manuel de Bofarull,Aluche,Latina,40.394586,-3.769236
4095,Calle de Maqueda,Aluche,Latina,40.391061,-3.762972
4096,Calle de Marcelino Castillo,Aluche,Latina,40.392536,-3.743917
4097,Calle de Ocaña,Aluche,Latina,40.386118,-3.75346
4098,Calle de Pilar,Aluche,Latina,40.39331,-3.769888
4099,Calle de Quero,Aluche,Latina,40.390381,-3.760661
4100,Calle de San Manuel,Aluche,Latina,40.402289,-3.760758
4101,Calle de San Marcelino,Aluche,Latina,40.390669,-3.744569
4102,Calle de San Robustiano,Aluche,Latina,40.392771,-3.743119
4103,Calle de Seseña,Aluche,Latina,40.397536,-3.763703
4104,Calle de Tembleque,Aluche,Latina,40.3926,-3.762203
4105,Calle de Valmojado,Aluche,Latina,40.390815,-3.757776
4106,Calle de la Abejuela,Aluche,Latina,40.390897,-3.745357
4107,Calle de la Flor de Pascua,Aluche,Latina,40.393689,-3.770258
4108,Calle de la Flor del Coral,Aluche,Latina,40.392631,-3.768942
4109,Calle de la Picaza,Aluche,Latina,40.391257,-3.745247
4110,Calle de los Arrayanes,Aluche,Latina,40.394096,-3.743556
4111,Calle de los Yébenes,Aluche,Latina,40.39275,-3.751728
4112,Calle del Avestruz,Aluche,Latina,40.390769,-3.743761
4113,Calle del Petirrojo,Aluche,Latina,40.390503,-3.745361
4114,Glorieta de los Cármenes,Aluche,Latina,40.394903,-3.7437
4115,Glorieta del Ejército,Aluche,Latina,40.388003,-3.745508
4116,Plaza de Andrés Soloaga,Aluche,Latina,40.394453,-3.768839
4117,Plaza de Daniel Zuazo,Aluche,Latina,40.393885,-3.768628
4118,Autovía A-5,Campamento,Latina,40.391753,-3.774356
4119,Avenida de los Arqueros,Campamento,Latina,40.379192,-3.795167
4120,Calle Digital,Campamento,Latina,40.396508,-3.778076
4121,Calle Dos,Campamento,Latina,40.394492,-3.775192
4122,Calle de Adanero,Campamento,Latina,40.393969,-3.779964
4123,Calle de Arenas de San Pedro,Campamento,Latina,40.395114,-3.777897
4124,Calle de Ayllón,Campamento,Latina,40.398778,-3.775433
4125,Calle de Carabias,Campamento,Latina,40.397906,-3.767715
4126,Calle de Carazo,Campamento,Latina,40.396522,-3.768994
4127,Calle de Carballino,Campamento,Latina,40.396903,-3.769306
4128,Calle de Cardaño,Campamento,Latina,40.396633,-3.770269
4129,Calle de Cariñena,Campamento,Latina,40.395794,-3.769999
4130,Calle de Carpesa,Campamento,Latina,40.395036,-3.77125
4131,Calle de Carracedo,Campamento,Latina,40.395449,-3.771699
4132,Calle de Cartaya,Campamento,Latina,40.396108,-3.771842
4133,Calle de Cayetano Rodríguez,Campamento,Latina,40.394664,-3.771556
4134,Calle de Ceferino Ávila,Campamento,Latina,40.393106,-3.774378
4135,Calle de Claudio Sánchez Albornoz,Campamento,Latina,40.398106,-3.773161
4136,Calle de Concepción Ávila,Campamento,Latina,40.393265,-3.773897
4137,Calle de Daniel Segovia,Campamento,Latina,40.393878,-3.774239
4138,Calle de Darío Gazapo,Campamento,Latina,40.391092,-3.779283
4139,Calle de Dondiego,Campamento,Latina,40.397214,-3.776808
4140,Calle de Fuentesaúco,Campamento,Latina,40.397985,-3.771604
4141,Calle de Galicia,Campamento,Latina,40.3982,-3.77216
4142,Calle de Hoyo de Pinares,Campamento,Latina,40.394611,-3.777981
4143,Calle de Manuel García,Campamento,Latina,40.394394,-3.774575
4144,Calle de Mingorría,Campamento,Latina,40.393929,-3.780661
4145,Calle de Mirueña,Campamento,Latina,40.393547,-3.781325
4146,Calle de Montehermoso,Campamento,Latina,40.394301,-3.773062
4147,Calle de Prado Alegre,Campamento,Latina,40.39815,-3.773819
4148,Calle de Sanchidrián,Campamento,Latina,40.394797,-3.776292
4149,Calle de Sebastián Álvaro,Campamento,Latina,40.393222,-3.773397
4150,Calle de Sedano,Campamento,Latina,40.397661,-3.773919
4151,Calle de Vainilla,Campamento,Latina,40.395881,-3.778936
4152,Calle de Villacarriedo,Campamento,Latina,40.39734,-3.772028
4153,Calle de Villaviciosa,Campamento,Latina,40.397281,-3.770597
4154,Calle de la Cardencha,Campamento,Latina,40.396694,-3.77769
4155,Calle de la Cerraja,Campamento,Latina,40.397535,-3.776508
4156,Calle de la Mosqueta,Campamento,Latina,40.395639,-3.778724
4157,Calle de la Verdolaga,Campamento,Latina,40.396753,-3.776675
4158,Calle de los Coraceros,Campamento,Latina,40.376817,-3.797533
4159,Calle de los Granaderos,Campamento,Latina,40.381832,-3.790878
4160,Calle del Azor,Campamento,Latina,40.398471,-3.768567
4161,Calle del Calamón,Campamento,Latina,40.398567,-3.772039
4162,Calle del Campo Florido,Campamento,Latina,40.398772,-3.774361
4163,Calle del Cine,Campamento,Latina,40.394167,-3.773772
4164,Calle del Mirlo,Campamento,Latina,40.398572,-3.769989
4165,Carretera de Boadilla del Monte,Campamento,Latina,40.399094,-3.771622
4166,Carretera de Carabanchel a Aravaca,Campamento,Latina,40.395601,-3.773197
4167,Carretera de la Venta de la Rubia,Campamento,Latina,40.378626,-3.819146
4168,Glorieta de la Vellosilla,Campamento,Latina,40.395658,-3.779056
4169,Paseo de los Alabarderos,Campamento,Latina,40.377964,-3.795264
4170,Paseo de los Húsares,Campamento,Latina,40.37985,-3.791371
4171,Paseo de los Lanceros,Campamento,Latina,40.379626,-3.794028
4172,Plaza de Carmona,Campamento,Latina,40.3952,-3.770426
4173,Plaza de Cartaya,Campamento,Latina,40.397576,-3.767631
4174,Plaza de Patricio Martínez,Campamento,Latina,40.396103,-3.770751
4175,Avenida de la Hospitalidad,Cuatro Vientos,Latina,40.362361,-3.772428
4176,Calle Cabo Infantería Idoia Rodríguez Buján,Cuatro Vientos,Latina,40.380233,-3.78815
4177,Calle de la Danza,Cuatro Vientos,Latina,40.372939,-3.773611
4178,Calle de la Sinfonía,Cuatro Vientos,Latina,40.373299,-3.774015
4179,Calle de las Campanas,Cuatro Vientos,Latina,40.372997,-3.769253
4180,Calle de las Flautas,Cuatro Vientos,Latina,40.372962,-3.770724
4181,Calle de las Iglesias Extramuros,Cuatro Vientos,Latina,40.368136,-3.763036
4182,Calle de las Trompas,Cuatro Vientos,Latina,40.371961,-3.763286
4183,Calle de las Trompetas,Cuatro Vientos,Latina,40.370917,-3.763628
4184,Calle de las Tubas,Cuatro Vientos,Latina,40.37124,-3.763746
4185,Calle de las Violas,Cuatro Vientos,Latina,40.367772,-3.763469
4186,Calle de los Clarinetes,Cuatro Vientos,Latina,40.371875,-3.764203
4187,Calle de los Contrabajos,Cuatro Vientos,Latina,40.367233,-3.763535
4188,Calle de los Platillos,Cuatro Vientos,Latina,40.373139,-3.767944
4189,Calle de los Timbales,Cuatro Vientos,Latina,40.372547,-3.767044
4190,Calle de los Trombones,Cuatro Vientos,Latina,40.370456,-3.763989
4191,Calle del Comandante Veterinario José Antonio Fernández,Cuatro Vientos,Latina,40.380397,-3.787042
4192,Calle del Doctor Fidel Pagés Miravé,Cuatro Vientos,Latina,40.379303,-3.788996
4193,Calle del Fagot,Cuatro Vientos,Latina,40.368617,-3.763793
4194,Calle del Pianoforte,Cuatro Vientos,Latina,40.367186,-3.76275
4195,Calle del Poema Sinfónico,Cuatro Vientos,Latina,40.372428,-3.772906
4196,Calle del Teniente General José de Querol Lombardero,Cuatro Vientos,Latina,40.379843,-3.788922
4197,Calle del Valle del Boí,Cuatro Vientos,Latina,40.366833,-3.763542
4198,Calle del Xilófono,Cuatro Vientos,Latina,40.370997,-3.765517
4199,Camino Viejo de Alcorcón,Cuatro Vientos,Latina,40.360208,-3.784564
4200,Camino de la Canaleja,Cuatro Vientos,Latina,40.358967,-3.788361
4201,Carretera del Barrio de la Fortuna,Cuatro Vientos,Latina,40.370681,-3.766694
4202,Avenida de Nuestra Señora de Valvanera,Los Cármenes,Latina,40.3942,-3.741617
4203,Avenida de los Caprichos,Los Cármenes,Latina,40.405258,-3.728917
4204,Avenida de Ángel Sanz Briz,Los Cármenes,Latina,40.399632,-3.735643
4205,Calle de Ariza,Los Cármenes,Latina,40.3973,-3.738658
4206,Calle de Ateca,Los Cármenes,Latina,40.394369,-3.740315
4207,Calle de Borja,Los Cármenes,Latina,40.39526,-3.74076
4208,Calle de Brea de Tajo,Los Cármenes,Latina,40.402208,-3.742306
4209,Calle de Carlos Fuentes,Los Cármenes,Latina,40.402899,-3.742625
4210,Calle de Daimiel,Los Cármenes,Latina,40.408631,-3.723135
4211,Calle de Escalonilla,Los Cármenes,Latina,40.396503,-3.7406
4212,Calle de Faustino Osorio,Los Cármenes,Latina,40.403911,-3.732089
4213,Calle de Francisca Armada,Los Cármenes,Latina,40.403646,-3.74271
4214,Calle de Fuendetodos,Los Cármenes,Latina,40.404119,-3.730772
4215,Calle de Gallur,Los Cármenes,Latina,40.397476,-3.739724
4216,Calle de Gertrudis de la Fuente,Los Cármenes,Latina,40.399222,-3.741656
4217,Calle de Gotarrendura,Los Cármenes,Latina,40.402564,-3.736706
4218,Calle de Hurtumpascual,Los Cármenes,Latina,40.401717,-3.743082
4219,Calle de Josefa Alonso,Los Cármenes,Latina,40.403593,-3.738694
4220,Calle de Luisa Muriel,Los Cármenes,Latina,40.404064,-3.732689
4221,Calle de Magallón,Los Cármenes,Latina,40.394564,-3.7397
4222,Calle de Muñico,Los Cármenes,Latina,40.401783,-3.741081
4223,Calle de Pablo Sarasate,Los Cármenes,Latina,40.404928,-3.731714
4224,Calle de Pastor Muriel,Los Cármenes,Latina,40.404889,-3.732475
4225,Calle de Ramón Azorín,Los Cármenes,Latina,40.403264,-3.742796
4226,Calle de Ricla,Los Cármenes,Latina,40.396031,-3.738533
4227,Calle de Riocabado,Los Cármenes,Latina,40.403214,-3.738697
4228,Calle de San Ambrosio,Los Cármenes,Latina,40.404875,-3.724033
4229,Calle de San Conrado,Los Cármenes,Latina,40.405914,-3.723872
4230,Calle de San Galo,Los Cármenes,Latina,40.408236,-3.723233
4231,Calle de San Rufo,Los Cármenes,Latina,40.407369,-3.723564
4232,Calle de Sepúlveda,Los Cármenes,Latina,40.404467,-3.741025
4233,Calle de Tarazona,Los Cármenes,Latina,40.395489,-3.738942
4234,Calle de Viñegra,Los Cármenes,Latina,40.401828,-3.739167
4235,Calle de los Chisperos,Los Cármenes,Latina,40.404189,-3.731489
4236,Calle del Alcaraván,Los Cármenes,Latina,40.395,-3.740083
4237,Calle del Cerro de la Mica,Los Cármenes,Latina,40.398375,-3.742953
4238,Calle del Concejal Francisco José Jiménez Martín,Los Cármenes,Latina,40.401422,-3.742022
4239,Calle del Ánsar,Los Cármenes,Latina,40.404022,-3.741206
4240,Paseo de la Ermita del Santo,Los Cármenes,Latina,40.407851,-3.72399
4241,Plaza de Gelsa de Ebro,Los Cármenes,Latina,40.394351,-3.739893
4242,Plaza de Magallón,Los Cármenes,Latina,40.394782,-3.739414
4243,Plaza de Ricla,Los Cármenes,Latina,40.396283,-3.738281
4244,Plaza de Tauste,Los Cármenes,Latina,40.395781,-3.738614
4245,Plaza de la Almunia,Los Cármenes,Latina,40.396817,-3.738075
4246,Travesía de Triana,Los Cármenes,Latina,40.404314,-3.742947
4247,Calle de Alejandrina Morán,Lucero,Latina,40.402531,-3.746825
4248,Calle de Almazán,Lucero,Latina,40.405475,-3.744381
4249,Calle de Antonia Calvo,Lucero,Latina,40.401674,-3.745971
4250,Calle de Antonio Mira de Amescua,Lucero,Latina,40.407624,-3.745756
4251,Calle de Berlanas,Lucero,Latina,40.40076,-3.752575
4252,Calle de Bernardina García,Lucero,Latina,40.402806,-3.747361
4253,Calle de Cabezas del Villar,Lucero,Latina,40.401033,-3.755239
4254,Calle de Carboneras,Lucero,Latina,40.400714,-3.750136
4255,Calle de Cascajares,Lucero,Latina,40.403093,-3.748753
4256,Calle de Castroserna,Lucero,Latina,40.401628,-3.749021
4257,Calle de Castuera,Lucero,Latina,40.401314,-3.747638
4258,Calle de Cayetano Pando,Lucero,Latina,40.402707,-3.746339
4259,Calle de Cebreros,Lucero,Latina,40.404844,-3.748181
4260,Calle de Coca,Lucero,Latina,40.402681,-3.748575
4261,Calle de Coria,Lucero,Latina,40.406367,-3.743922
4262,Calle de Cuart de Poblet,Lucero,Latina,40.397233,-3.748353
4263,Calle de Cullera,Lucero,Latina,40.396844,-3.745664
4264,Calle de Dante,Lucero,Latina,40.408715,-3.744467
4265,Calle de Duratón,Lucero,Latina,40.405232,-3.743656
4266,Calle de Enrique Borrás,Lucero,Latina,40.406868,-3.742888
4267,Calle de Faustina Calvo,Lucero,Latina,40.401312,-3.74595
4268,Calle de Gregorio Vacas,Lucero,Latina,40.401068,-3.746293
4269,Calle de Hervás,Lucero,Latina,40.406556,-3.74275
4270,Calle de Hilario Sangrador,Lucero,Latina,40.407547,-3.743647
4271,Calle de Jaraíz de la Vera,Lucero,Latina,40.406546,-3.743289
4272,Calle de Luis Pando,Lucero,Latina,40.403181,-3.746031
4273,Calle de Monsalupe,Lucero,Latina,40.40096,-3.753043
4274,Calle de Pascual Rodríguez,Lucero,Latina,40.405939,-3.743717
4275,Calle de Pradales,Lucero,Latina,40.402919,-3.747967
4276,Calle de Rafael López Pando,Lucero,Latina,40.406733,-3.744539
4277,Calle de Revenga,Lucero,Latina,40.402335,-3.748733
4278,Calle de Ribota,Lucero,Latina,40.403375,-3.748783
4279,Calle de San Eusebio,Lucero,Latina,40.402392,-3.759694
4280,Calle de San Juan de Mata,Lucero,Latina,40.404053,-3.757086
4281,Calle de San León,Lucero,Latina,40.403082,-3.758507
4282,Calle de San Pascual,Lucero,Latina,40.402586,-3.759822
4283,Calle de San Roberto,Lucero,Latina,40.403336,-3.759536
4284,Calle de Sanchorreja,Lucero,Latina,40.402106,-3.756628
4285,Calle de Santa Cecilia,Lucero,Latina,40.408736,-3.74515
4286,Calle de Saturnino Morán,Lucero,Latina,40.404067,-3.744592
4287,Calle de Serafín de Asís,Lucero,Latina,40.405572,-3.7516
4288,Calle de Vicenta Villegas,Lucero,Latina,40.402136,-3.746006
4289,Calle de Villagarcía,Lucero,Latina,40.405143,-3.754836
4290,Calle de Villamanín,Lucero,Latina,40.407664,-3.751092
4291,Calle de Villasandino,Lucero,Latina,40.406649,-3.750575
4292,Calle de Villavaliente,Lucero,Latina,40.407007,-3.749831
4293,Calle de Villavieja,Lucero,Latina,40.407988,-3.747846
4294,Calle de el Greco,Lucero,Latina,40.408153,-3.745383
4295,Calle de la Alhambra,Lucero,Latina,40.401122,-3.744347
4296,Calle de la Alverja,Lucero,Latina,40.403142,-3.754161
4297,Calle de la Carlina,Lucero,Latina,40.404306,-3.751044
4298,Calle de la Duquesa de Parcent,Lucero,Latina,40.395911,-3.748497
4299,Calle de la Huerta de Castañeda,Lucero,Latina,40.406385,-3.741908
4300,Calle de la Latina,Lucero,Latina,40.400858,-3.751172
4301,Calle de la Parodia,Lucero,Latina,40.40619,-3.750522
4302,Calle de la Perdiz,Lucero,Latina,40.408717,-3.745361
4303,Calle de la Rueza,Lucero,Latina,40.403817,-3.752519
4304,Calle de las Higueras,Lucero,Latina,40.405658,-3.745047
4305,Calle del Doctor Blanco Nájera,Lucero,Latina,40.408931,-3.743524
4306,Calle del Lucero,Lucero,Latina,40.402478,-3.747719
4307,Calle del Olivillo,Lucero,Latina,40.406457,-3.745865
4308,Calle del Palmípedo,Lucero,Latina,40.403738,-3.74626
4309,Pasaje del Lucero,Lucero,Latina,40.402886,-3.747769
4310,Plaza de Remondo,Lucero,Latina,40.401631,-3.748506
4311,Plaza de la Achicoria,Lucero,Latina,40.402457,-3.745164
4312,Plaza de los Franciscanos,Lucero,Latina,40.405742,-3.752208
4313,Avenida de Portugal,Puerta del Ángel,Latina,40.413253,-3.732289
4314,Avenida de los Apóstoles,Puerta del Ángel,Latina,40.406225,-3.739647
4315,Calle de Agila,Puerta del Ángel,Latina,40.407761,-3.735539
4316,Calle de Albéniz,Puerta del Ángel,Latina,40.411192,-3.736475
4317,Calle de Alcázar de San Juan,Puerta del Ángel,Latina,40.407094,-3.733769
4318,Calle de Alfonso Cea,Puerta del Ángel,Latina,40.410517,-3.738203
4319,Calle de Alonso Fernández,Puerta del Ángel,Latina,40.414344,-3.725875
4320,Calle de Ampelido,Puerta del Ángel,Latina,40.405964,-3.734139
4321,Calle de Andújar,Puerta del Ángel,Latina,40.409575,-3.729217
4322,Calle de Antillón,Puerta del Ángel,Latina,40.411897,-3.728028
4323,Calle de Antonio Gistáu,Puerta del Ángel,Latina,40.405219,-3.734831
4324,Calle de Antonio Ulloa,Puerta del Ángel,Latina,40.410997,-3.731364
4325,Calle de Antonio Zamora,Puerta del Ángel,Latina,40.41234,-3.730963
4326,Calle de Antonio de Pinedo,Puerta del Ángel,Latina,40.409086,-3.739617
4327,Calle de Aramis,Puerta del Ángel,Latina,40.408267,-3.730215
4328,Calle de Athos,Puerta del Ángel,Latina,40.407758,-3.731433
4329,Calle de Avilés,Puerta del Ángel,Latina,40.410608,-3.729333
4330,Calle de Baena,Puerta del Ángel,Latina,40.411385,-3.726086
4331,Calle de Barrafón,Puerta del Ángel,Latina,40.411217,-3.731836
4332,Calle de Barrionuevo,Puerta del Ángel,Latina,40.406814,-3.741194
4333,Calle de Benicasim,Puerta del Ángel,Latina,40.409146,-3.738511
4334,Calle de Bujalance,Puerta del Ángel,Latina,40.409572,-3.727022
4335,Calle de Cabello Lapiedra,Puerta del Ángel,Latina,40.410231,-3.733314
4336,Calle de Calatayud,Puerta del Ángel,Latina,40.409026,-3.729118
4337,Calle de Caramuel,Puerta del Ángel,Latina,40.410861,-3.727231
4338,Calle de Carballido,Puerta del Ángel,Latina,40.40595,-3.73696
4339,Calle de Carcagente,Puerta del Ángel,Latina,40.40915,-3.737178
4340,Calle de Clemente Fernández,Puerta del Ángel,Latina,40.407728,-3.737144
4341,Calle de Domingo de Silva,Puerta del Ángel,Latina,40.408153,-3.739853
4342,Calle de Domingo de Zaizita,Puerta del Ángel,Latina,40.407932,-3.740354
4343,Calle de Doña Berenguela,Puerta del Ángel,Latina,40.412331,-3.728456
4344,Calle de Doña Mencía,Puerta del Ángel,Latina,40.410456,-3.728811
4345,Calle de Doña Urraca,Puerta del Ángel,Latina,40.412781,-3.727844
4346,Calle de Enrique Granados,Puerta del Ángel,Latina,40.410828,-3.737358
4347,Calle de Federico Mayo,Puerta del Ángel,Latina,40.407331,-3.739444
4348,Calle de Fidias,Puerta del Ángel,Latina,40.407819,-3.730997
4349,Calle de Francisco Brizuela,Puerta del Ángel,Latina,40.408858,-3.739089
4350,Calle de Francisco Ronquillo,Puerta del Ángel,Latina,40.408531,-3.740231
4351,Calle de Francisco de Tejada,Puerta del Ángel,Latina,40.409271,-3.739376
4352,Calle de Fruela,Puerta del Ángel,Latina,40.41335,-3.731236
4353,Calle de Fuenteovejuna,Puerta del Ángel,Latina,40.409569,-3.727625
4354,Calle de Galiana,Puerta del Ángel,Latina,40.408892,-3.732674
4355,Calle de Genserico,Puerta del Ángel,Latina,40.408017,-3.73641
4356,Calle de Gijón,Puerta del Ángel,Latina,40.409853,-3.729242
4357,Calle de Guadarrama,Puerta del Ángel,Latina,40.411236,-3.731169
4358,Calle de Herminio Puertas,Puerta del Ángel,Latina,40.4086,-3.736725
4359,Calle de Jaime Tercero,Puerta del Ángel,Latina,40.408511,-3.73164
4360,Calle de Jaime Vera,Puerta del Ángel,Latina,40.411375,-3.728703
4361,Calle de José Espelius,Puerta del Ángel,Latina,40.410583,-3.735653
4362,Calle de José María del Boto,Puerta del Ángel,Latina,40.405153,-3.73785
4363,Calle de Juan Antón,Puerta del Ángel,Latina,40.409683,-3.736786
4364,Calle de Juan Pascual de Mena,Puerta del Ángel,Latina,40.407661,-3.739811
4365,Calle de Juan Tornero,Puerta del Ángel,Latina,40.411621,-3.727742
4366,Calle de Laín Calvo,Puerta del Ángel,Latina,40.412121,-3.725847
4367,Calle de León Pinelo,Puerta del Ángel,Latina,40.408903,-3.739826
4368,Calle de Lugo,Puerta del Ángel,Latina,40.410411,-3.729306
4369,Calle de Magín Calvo,Puerta del Ángel,Latina,40.407653,-3.734038
4370,Calle de Manuel Muiño Arroyo,Puerta del Ángel,Latina,40.40735,-3.730911
4371,Calle de Mariano Carderera,Puerta del Ángel,Latina,40.410571,-3.73239
4372,Calle de María Isabel,Puerta del Ángel,Latina,40.408475,-3.732303
4373,Calle de María Teresa Acosta,Puerta del Ángel,Latina,40.408458,-3.733164
4374,Calle de María del Carmen,Puerta del Ángel,Latina,40.407469,-3.732314
4375,Calle de Mateo Guill,Puerta del Ángel,Latina,40.408719,-3.740039
4376,Calle de Mauregato,Puerta del Ángel,Latina,40.409232,-3.735312
4377,Calle de Moriles,Puerta del Ángel,Latina,40.409929,-3.726088
4378,Calle de Navas del Rey,Puerta del Ángel,Latina,40.408083,-3.736736
4379,Calle de Pablo Casals,Puerta del Ángel,Latina,40.409626,-3.724978
4380,Calle de Pedro Fernández Labrada,Puerta del Ángel,Latina,40.411172,-3.728911
4381,Calle de Pedro de Répide,Puerta del Ángel,Latina,40.410258,-3.732989
4382,Calle de Pericles,Puerta del Ángel,Latina,40.40906,-3.731535
4383,Calle de Porthos,Puerta del Ángel,Latina,40.408549,-3.730747
4384,Calle de Pozoblanco,Puerta del Ángel,Latina,40.409632,-3.726424
4385,Calle de Priego,Puerta del Ángel,Latina,40.410056,-3.729272
4386,Calle de Ramiro Molina,Puerta del Ángel,Latina,40.409778,-3.736356
4387,Calle de Repullés y Vargas,Puerta del Ángel,Latina,40.410622,-3.734719
4388,Calle de Rogelio Osorio,Puerta del Ángel,Latina,40.405144,-3.734517
4389,Calle de Rute,Puerta del Ángel,Latina,40.411761,-3.725464
4390,Calle de Saavedra Fajardo,Puerta del Ángel,Latina,40.413575,-3.724808
4391,Calle de San Benigno,Puerta del Ángel,Latina,40.404846,-3.735804
4392,Calle de San Canuto,Puerta del Ángel,Latina,40.405254,-3.736947
4393,Calle de San Crispín,Puerta del Ángel,Latina,40.414607,-3.725665
4394,Calle de San Fulgencio,Puerta del Ángel,Latina,40.405444,-3.736911
4395,Calle de San Luis Gonzaga,Puerta del Ángel,Latina,40.406597,-3.737219
4396,Calle de San Timoteo,Puerta del Ángel,Latina,40.404922,-3.735994
4397,Calle de Santa Aurea,Puerta del Ángel,Latina,40.406174,-3.734842
4398,Calle de Santa María del Mar,Puerta del Ángel,Latina,40.408828,-3.738564
4399,Calle de Santa Úrsula,Puerta del Ángel,Latina,40.411744,-3.730469
4400,Calle de Severino Aznar Embid,Puerta del Ángel,Latina,40.407874,-3.737979
4401,Calle de Sisebuto,Puerta del Ángel,Latina,40.412183,-3.733792
4402,Calle de Turismundo,Puerta del Ángel,Latina,40.411583,-3.735175
4403,Calle de Vicente Camarón,Puerta del Ángel,Latina,40.406111,-3.739344
4404,Calle de Vinuesa,Puerta del Ángel,Latina,40.409294,-3.729278
4405,Calle de la Amargura,Puerta del Ángel,Latina,40.409772,-3.736146
4406,Calle de la Fortuna,Puerta del Ángel,Latina,40.408039,-3.734506
4407,Calle de la Genista,Puerta del Ángel,Latina,40.409314,-3.724288
4408,Calle de la Grandeza Española,Puerta del Ángel,Latina,40.411144,-3.73315
4409,Calle de la Industria,Puerta del Ángel,Latina,40.409965,-3.729533
4410,Calle de la Milagrosa,Puerta del Ángel,Latina,40.410118,-3.736078
4411,Calle de la Moscareta,Puerta del Ángel,Latina,40.406739,-3.733775
4412,Calle de la Neguilla,Puerta del Ángel,Latina,40.409778,-3.724489
4413,Calle de la Obertura,Puerta del Ángel,Latina,40.415133,-3.726428
4414,Calle de la Santa Infancia,Puerta del Ángel,Latina,40.408553,-3.738467
4415,Calle de la Solana de Luche,Puerta del Ángel,Latina,40.407082,-3.733126
4416,Calle de los Sagrados Corazones,Puerta del Ángel,Latina,40.406789,-3.739346
4417,Calle de Ángel Fernández Labrada,Puerta del Ángel,Latina,40.411028,-3.729067
4418,Calle de Égica,Puerta del Ángel,Latina,40.408838,-3.734893
4419,Calle del Almirante Requesens,Puerta del Ángel,Latina,40.411367,-3.736922
4420,Calle del Arcángel San Rafael,Puerta del Ángel,Latina,40.407299,-3.738312
4421,Calle del Campillo,Puerta del Ángel,Latina,40.407142,-3.732242
4422,Calle del Cardenal Mendoza,Puerta del Ángel,Latina,40.412043,-3.727899
4423,Calle del Cerro Bermejo,Puerta del Ángel,Latina,40.409753,-3.730675
4424,Calle del Concierto,Puerta del Ángel,Latina,40.415042,-3.726908
4425,Calle del Doctor Larra y Cerezo,Puerta del Ángel,Latina,40.410399,-3.735283
4426,Calle del General Lorenzo,Puerta del Ángel,Latina,40.410553,-3.733275
4427,Calle del General Manso,Puerta del Ángel,Latina,40.411019,-3.736886
4428,Calle del Maestro Navas,Puerta del Ángel,Latina,40.410836,-3.734231
4429,Calle del Preludio,Puerta del Ángel,Latina,40.415069,-3.725986
4430,Calle del Triunfo,Puerta del Ángel,Latina,40.40826,-3.733717
4431,Calle del Turaco,Puerta del Ángel,Latina,40.406231,-3.734028
4432,Calle Única,Puerta del Ángel,Latina,40.408017,-3.734058
4433,Costanilla de los Olivos,Puerta del Ángel,Latina,40.405108,-3.737469
4434,Cuesta de Castro de Vigo,Puerta del Ángel,Latina,40.407169,-3.737022
4435,Glorieta del Puente de Segovia,Puerta del Ángel,Latina,40.414036,-3.72456
4436,Paseo de Extremadura,Puerta del Ángel,Latina,40.409919,-3.739178
4437,Paseo de los Jesuitas,Puerta del Ángel,Latina,40.408817,-3.733975
4438,Paseo de los Olivos,Puerta del Ángel,Latina,40.405656,-3.737117
4439,Paseo de los Perales,Puerta del Ángel,Latina,40.405039,-3.740429
4440,Plaza de Egabro,Puerta del Ángel,Latina,40.410533,-3.726158
4441,Plaza de Huarte de San Juan,Puerta del Ángel,Latina,40.412811,-3.726015
4442,Plaza de Lucena,Puerta del Ángel,Latina,40.411518,-3.725411
4443,Plaza de Mariano Lanuza,Puerta del Ángel,Latina,40.407803,-3.739038
4444,Plaza de Montilla,Puerta del Ángel,Latina,40.411115,-3.725424
4445,Plaza de Ordoño,Puerta del Ángel,Latina,40.408307,-3.73595
4446,Plaza de Puente Genil,Puerta del Ángel,Latina,40.410647,-3.727589
4447,Plaza de Salvador Crespo,Puerta del Ángel,Latina,40.405658,-3.735781
4448,Plaza de Santa Cristina,Puerta del Ángel,Latina,40.414119,-3.72736
4449,Plaza de Santa Teresita,Puerta del Ángel,Latina,40.406181,-3.736846
4450,Plaza de Sisenando,Puerta del Ángel,Latina,40.408507,-3.735508
4451,Plaza de la Puerta del Ángel,Puerta del Ángel,Latina,40.413897,-3.728829
4452,Plaza de la Suite,Puerta del Ángel,Latina,40.415511,-3.725769
4453,Plaza del Patriarca Eijo y Garay,Puerta del Ángel,Latina,40.407306,-3.737414
4454,Avenida de la Aviación,Águilas,Latina,40.374431,-3.772569
4455,Avenida de las Águilas,Águilas,Latina,40.381978,-3.778561
4456,Calle de Acereiro,Águilas,Latina,40.3881,-3.772097
4457,Calle de Adonis,Águilas,Latina,40.38674,-3.773854
4458,Calle de Aldeanueva de la Vera,Águilas,Latina,40.379289,-3.776554
4459,Calle de Anselmo Lorenzo,Águilas,Latina,40.381639,-3.770219
4460,Calle de Bigastro,Águilas,Latina,40.387075,-3.767925
4461,Calle de Blas Cabrera,Águilas,Latina,40.378753,-3.773242
4462,Calle de Carmen Martín Gaite,Águilas,Latina,40.373411,-3.764386
4463,Calle de Cedillo del Condado,Águilas,Latina,40.387515,-3.767303
4464,Calle de Faustino Cordón Bonet,Águilas,Latina,40.384894,-3.781725
4465,Calle de Fray José Cerdeiriña,Águilas,Latina,40.384701,-3.780449
4466,Calle de Gando,Águilas,Latina,40.375733,-3.767232
4467,Calle de Garrovillas,Águilas,Latina,40.380021,-3.77896
4468,Calle de Guareña,Águilas,Latina,40.387794,-3.765793
4469,Calle de Jarandilla,Águilas,Latina,40.376208,-3.779733
4470,Calle de José de Cadalso,Águilas,Latina,40.378988,-3.769756
4471,Calle de Logrosán,Águilas,Latina,40.375807,-3.77929
4472,Calle de Luis Chamizo,Águilas,Latina,40.386811,-3.766231
4473,Calle de Madrigal de la Vera,Águilas,Latina,40.377156,-3.780061
4474,Calle de Manises,Águilas,Latina,40.374486,-3.763789
4475,Calle de Maravilla,Águilas,Latina,40.388122,-3.771864
4476,Calle de Mirabel,Águilas,Latina,40.378119,-3.780925
4477,Calle de Monroy,Águilas,Latina,40.378239,-3.783003
4478,Calle de Montuenga,Águilas,Latina,40.388742,-3.768744
4479,Calle de Muntadas,Águilas,Latina,40.374135,-3.763365
4480,Calle de Muñana,Águilas,Latina,40.389539,-3.767703
4481,Calle de Navacepedilla,Águilas,Latina,40.387933,-3.767781
4482,Calle de Navalmoral de la Mata,Águilas,Latina,40.376508,-3.777111
4483,Calle de Navia,Águilas,Latina,40.386222,-3.768364
4484,Calle de Nuñomoral,Águilas,Latina,40.377347,-3.778725
4485,Calle de Oliva de Plasencia,Águilas,Latina,40.379094,-3.778258
4486,Calle de Onil,Águilas,Latina,40.388978,-3.767756
4487,Calle de Osa de la Vega,Águilas,Latina,40.37511,-3.774267
4488,Calle de Rafael Finat,Águilas,Latina,40.379822,-3.769272
4489,Calle de Rodrigo de Arana,Águilas,Latina,40.380219,-3.764568
4490,Calle de Salorino,Águilas,Latina,40.377972,-3.778164
4491,Calle de San Pablo,Águilas,Latina,40.374632,-3.764457
4492,Calle de Sania Ramel,Águilas,Latina,40.375628,-3.764612
4493,Calle de Serradilla,Águilas,Latina,40.378547,-3.781856
4494,Calle de Sofía Casanova,Águilas,Latina,40.373614,-3.764758
4495,Calle de Soledad Cazorla,Águilas,Latina,40.376207,-3.770529
4496,Calle de Son Bonet,Águilas,Latina,40.375347,-3.763519
4497,Calle de Sondica,Águilas,Latina,40.374967,-3.762736
4498,Calle de Trones,Águilas,Latina,40.387158,-3.766872
4499,Calle de Valle Inclán,Águilas,Latina,40.378029,-3.772949
4500,Calle de la Belladona,Águilas,Latina,40.388994,-3.770707
4501,Calle de la Casuarina,Águilas,Latina,40.380122,-3.765214
4502,Calle de la Coronila,Águilas,Latina,40.387674,-3.772657
4503,Calle de la Fuente de Lima,Águilas,Latina,40.383125,-3.781819
4504,Calle de la Fuente del Tiro,Águilas,Latina,40.383618,-3.7815
4505,Calle de la Isabela,Águilas,Latina,40.380972,-3.764411
4506,Calle de la Milenrama,Águilas,Latina,40.387153,-3.77325
4507,Calle de la Nopalera,Águilas,Latina,40.389444,-3.770217
4508,Calle de la Siempreverde,Águilas,Latina,40.38024,-3.763983
4509,Calle de la Vidauba,Águilas,Latina,40.381589,-3.763364
4510,Calle de la Virgen del Camino,Águilas,Latina,40.375886,-3.762653
4511,Calle de los Rodeos,Águilas,Latina,40.375531,-3.763414
4512,Calle del Aro,Águilas,Latina,40.388486,-3.771383
4513,Calle del Damasquillo,Águilas,Latina,40.382851,-3.764635
4514,Calle del Doctor Blanco Soler,Águilas,Latina,40.382822,-3.7676
4515,Calle del Fuerte de Navidad,Águilas,Latina,40.381394,-3.76605
4516,Calle del Garapalo,Águilas,Latina,40.379317,-3.763936
4517,Calle del General Millán Astray,Águilas,Latina,40.376731,-3.766039
4518,Calle del Gordolobo,Águilas,Latina,40.388262,-3.772572
4519,Calle del Larango,Águilas,Latina,40.37916,-3.762893
4520,Calle del Meliloto,Águilas,Latina,40.388426,-3.770551
4521,Calle del Peñalba,Águilas,Latina,40.388447,-3.768142
4522,Calle del Rompedizo,Águilas,Latina,40.376403,-3.764249
4523,Calle del Sanguiño,Águilas,Latina,40.38215,-3.764189
4524,Calle del Tamarice,Águilas,Latina,40.380239,-3.765193
4525,Calle del Árbol del Cielo,Águilas,Latina,40.380168,-3.763751
4526,Plaza de Armilla,Águilas,Latina,40.374931,-3.763899
4527,Plaza de Cuacos de Yuste,Águilas,Latina,40.378503,-3.780306
4528,Plaza de Matacán,Águilas,Latina,40.375283,-3.762885
4529,Plaza de Rabasa,Águilas,Latina,40.375561,-3.7649
4530,Plaza de Recajo,Águilas,Latina,40.376014,-3.764085
4531,Plaza de Villanubla,Águilas,Latina,40.376088,-3.763225
4532,Plaza de la Virgen de los Llanos,Águilas,Latina,40.377654,-3.779367
4533,Avenida de Europa,Aravaca,Moncloa - Aravaca,40.445686,-3.786121
4534,Avenida de la Galaxia,Aravaca,Moncloa - Aravaca,40.457785,-3.784926
4535,Avenida de la Osa Mayor,Aravaca,Moncloa - Aravaca,40.458854,-3.787975
4536,Avenida del Talgo,Aravaca,Moncloa - Aravaca,40.447656,-3.781946
4537,Calle Baja de la Iglesia,Aravaca,Moncloa - Aravaca,40.457925,-3.782792
4538,Calle Provisional los Caleros,Aravaca,Moncloa - Aravaca,40.458019,-3.795681
4539,Calle de Acamar,Aravaca,Moncloa - Aravaca,40.458736,-3.786908
4540,Calle de Agustín Lara,Aravaca,Moncloa - Aravaca,40.457314,-3.780733
4541,Calle de Aldebarán,Aravaca,Moncloa - Aravaca,40.459025,-3.781011
4542,Calle de Algenib,Aravaca,Moncloa - Aravaca,40.459711,-3.775433
4543,Calle de Alhena,Aravaca,Moncloa - Aravaca,40.45789,-3.77346
4544,Calle de Alsasua,Aravaca,Moncloa - Aravaca,40.464203,-3.799536
4545,Calle de Ana Teresa,Aravaca,Moncloa - Aravaca,40.461557,-3.785218
4546,Calle de Andrómeda,Aravaca,Moncloa - Aravaca,40.454686,-3.783056
4547,Calle de Anita Vindel,Aravaca,Moncloa - Aravaca,40.460935,-3.786607
4548,Calle de Antares,Aravaca,Moncloa - Aravaca,40.462392,-3.789906
4549,Calle de Antonio Aguilar,Aravaca,Moncloa - Aravaca,40.459314,-3.776342
4550,Calle de Antonio Sanfiz,Aravaca,Moncloa - Aravaca,40.460969,-3.787636
4551,Calle de Ara,Aravaca,Moncloa - Aravaca,40.449494,-3.790803
4552,Calle de Arabell,Aravaca,Moncloa - Aravaca,40.459494,-3.791033
4553,Calle de Aracena,Aravaca,Moncloa - Aravaca,40.459725,-3.774711
4554,Calle de Araiz,Aravaca,Moncloa - Aravaca,40.460603,-3.778581
4555,Calle de Aramunt,Aravaca,Moncloa - Aravaca,40.460617,-3.788622
4556,Calle de Arandilla,Aravaca,Moncloa - Aravaca,40.460786,-3.778833
4557,Calle de Aranzueque,Aravaca,Moncloa - Aravaca,40.461019,-3.7893
4558,Calle de Araquil,Aravaca,Moncloa - Aravaca,40.460019,-3.779425
4559,Calle de Arascués,Aravaca,Moncloa - Aravaca,40.458039,-3.791542
4560,Calle de Arcos de la Frontera,Aravaca,Moncloa - Aravaca,40.459653,-3.782458
4561,Calle de Ardales,Aravaca,Moncloa - Aravaca,40.461189,-3.782867
4562,Calle de Arjona,Aravaca,Moncloa - Aravaca,40.460256,-3.782088
4563,Calle de Arándiga,Aravaca,Moncloa - Aravaca,40.458167,-3.790988
4564,Calle de Aulencia,Aravaca,Moncloa - Aravaca,40.456024,-3.794733
4565,Calle de Bellatrix,Aravaca,Moncloa - Aravaca,40.458907,-3.772493
4566,Calle de Berenisa,Aravaca,Moncloa - Aravaca,40.458049,-3.781239
4567,Calle de Bolarque,Aravaca,Moncloa - Aravaca,40.460036,-3.764156
4568,Calle de Caboalles,Aravaca,Moncloa - Aravaca,40.459258,-3.763347
4569,Calle de Camarines,Aravaca,Moncloa - Aravaca,40.459931,-3.768783
4570,Calle de Carlos Gardel,Aravaca,Moncloa - Aravaca,40.459861,-3.793342
4571,Calle de Caroli,Aravaca,Moncloa - Aravaca,40.457797,-3.784108
4572,Calle de Cerezuela,Aravaca,Moncloa - Aravaca,40.459525,-3.785603
4573,Calle de Conil,Aravaca,Moncloa - Aravaca,40.456581,-3.795436
4574,Calle de Covatillas,Aravaca,Moncloa - Aravaca,40.451403,-3.775403
4575,Calle de Eduardo Vela,Aravaca,Moncloa - Aravaca,40.461247,-3.777344
4576,Calle de Erídano,Aravaca,Moncloa - Aravaca,40.457028,-3.785381
4577,Calle de Federico Romero,Aravaca,Moncloa - Aravaca,40.455286,-3.792458
4578,Calle de Fernando Lázaro Carreter,Aravaca,Moncloa - Aravaca,40.458432,-3.796062
4579,Calle de Fernando Vizcaíno Casas,Aravaca,Moncloa - Aravaca,40.461242,-3.795928
4580,Calle de Florencio Rodríguez,Aravaca,Moncloa - Aravaca,40.458375,-3.781375
4581,Calle de Francisco Sanfiz,Aravaca,Moncloa - Aravaca,40.459326,-3.776914
4582,Calle de García Treviño,Aravaca,Moncloa - Aravaca,40.45595,-3.793828
4583,Calle de García de la Parra,Aravaca,Moncloa - Aravaca,40.4597,-3.780119
4584,Calle de Hiendelaencina,Aravaca,Moncloa - Aravaca,40.458647,-3.766742
4585,Calle de Hoces de la Hermida,Aravaca,Moncloa - Aravaca,40.459069,-3.771097
4586,Calle de Horche,Aravaca,Moncloa - Aravaca,40.45906,-3.765756
4587,Calle de Húmera,Aravaca,Moncloa - Aravaca,40.454529,-3.782479
4588,Calle de Libra,Aravaca,Moncloa - Aravaca,40.458643,-3.774474
4589,Calle de Luz Casanova,Aravaca,Moncloa - Aravaca,40.460883,-3.792181
4590,Calle de Malvaloca,Aravaca,Moncloa - Aravaca,40.44985,-3.765128
4591,Calle de Melchor Rodríguez,Aravaca,Moncloa - Aravaca,40.455253,-3.778058
4592,Calle de Mira Ceti,Aravaca,Moncloa - Aravaca,40.459814,-3.776086
4593,Calle de Mizar,Aravaca,Moncloa - Aravaca,40.456619,-3.78519
4594,Calle de Molina de Aragón,Aravaca,Moncloa - Aravaca,40.461975,-3.776921
4595,Calle de Monoceros,Aravaca,Moncloa - Aravaca,40.455858,-3.776822
4596,Calle de Paca Díaz,Aravaca,Moncloa - Aravaca,40.458028,-3.779683
4597,Calle de Polonia,Aravaca,Moncloa - Aravaca,40.444333,-3.788733
4598,Calle de Pérez de Victoria,Aravaca,Moncloa - Aravaca,40.458106,-3.783635
4599,Calle de Riaza,Aravaca,Moncloa - Aravaca,40.456581,-3.782612
4600,Calle de Rigel,Aravaca,Moncloa - Aravaca,40.459332,-3.775778
4601,Calle de Rosa Luxemburgo,Aravaca,Moncloa - Aravaca,40.450608,-3.774754
4602,Calle de Régulo,Aravaca,Moncloa - Aravaca,40.45949,-3.780432
4603,Calle de Santa Balbina,Aravaca,Moncloa - Aravaca,40.456919,-3.784039
4604,Calle de Santa Bernardita,Aravaca,Moncloa - Aravaca,40.45305,-3.771692
4605,Calle de Santa Elvira,Aravaca,Moncloa - Aravaca,40.456803,-3.794636
4606,Calle de Santa Martina,Aravaca,Moncloa - Aravaca,40.457329,-3.784286
4607,Calle de Sigüenza,Aravaca,Moncloa - Aravaca,40.457682,-3.763125
4608,Calle de Sirrach,Aravaca,Moncloa - Aravaca,40.454278,-3.791753
4609,Calle de Tamajón,Aravaca,Moncloa - Aravaca,40.459133,-3.767447
4610,Calle de Teresa Orozco,Aravaca,Moncloa - Aravaca,40.462107,-3.775243
4611,Calle de Valdivieso,Aravaca,Moncloa - Aravaca,40.458453,-3.780946
4612,Calle de Vallter,Aravaca,Moncloa - Aravaca,40.458483,-3.771039
4613,Calle de Valtravieso,Aravaca,Moncloa - Aravaca,40.451283,-3.78554
4614,Calle de Varsovia,Aravaca,Moncloa - Aravaca,40.44465,-3.787961
4615,Calle de Villablino,Aravaca,Moncloa - Aravaca,40.458893,-3.763136
4616,Calle de Villager,Aravaca,Moncloa - Aravaca,40.459278,-3.764456
4617,Calle de el Boyero,Aravaca,Moncloa - Aravaca,40.457669,-3.780962
4618,Calle de la Alcancía,Aravaca,Moncloa - Aravaca,40.449468,-3.772699
4619,Calle de la Alfarería,Aravaca,Moncloa - Aravaca,40.449431,-3.773058
4620,Calle de la Avoceta,Aravaca,Moncloa - Aravaca,40.448847,-3.769422
4621,Calle de la Azurita,Aravaca,Moncloa - Aravaca,40.451886,-3.77644
4622,Calle de la Batalla del Garellano,Aravaca,Moncloa - Aravaca,40.45391,-3.792621
4623,Calle de la Blenda,Aravaca,Moncloa - Aravaca,40.451839,-3.77685
4624,Calle de la Bola del Mundo,Aravaca,Moncloa - Aravaca,40.454986,-3.778967
4625,Calle de la Brújula,Aravaca,Moncloa - Aravaca,40.454808,-3.787753
4626,Calle de la Buenafuente,Aravaca,Moncloa - Aravaca,40.458606,-3.767539
4627,Calle de la Calandria,Aravaca,Moncloa - Aravaca,40.449194,-3.768994
4628,Calle de la Capuchina,Aravaca,Moncloa - Aravaca,40.449982,-3.765686
4629,Calle de la Cerceta,Aravaca,Moncloa - Aravaca,40.44905,-3.768503
4630,Calle de la Corona Austral,Aravaca,Moncloa - Aravaca,40.449779,-3.787146
4631,Calle de la Fluorita,Aravaca,Moncloa - Aravaca,40.451746,-3.778388
4632,Calle de la Focha,Aravaca,Moncloa - Aravaca,40.44935,-3.770408
4633,Calle de la Fucsia,Aravaca,Moncloa - Aravaca,40.449576,-3.765167
4634,Calle de la Fuente de Aravaca,Aravaca,Moncloa - Aravaca,40.457174,-3.782276
4635,Calle de la Fuente de la Cuesta,Aravaca,Moncloa - Aravaca,40.451449,-3.76495
4636,Calle de la Fuente del Carolo,Aravaca,Moncloa - Aravaca,40.451583,-3.765439
4637,Calle de la Fuente del Peral,Aravaca,Moncloa - Aravaca,40.452247,-3.765672
4638,Calle de la Fuente del Rey,Aravaca,Moncloa - Aravaca,40.457086,-3.775881
4639,Calle de la Fuente del Romero,Aravaca,Moncloa - Aravaca,40.451315,-3.765393
4640,Calle de la Garza,Aravaca,Moncloa - Aravaca,40.449482,-3.771385
4641,Calle de la Gazania,Aravaca,Moncloa - Aravaca,40.449151,-3.765957
4642,Calle de la Golondrina,Aravaca,Moncloa - Aravaca,40.450789,-3.784983
4643,Calle de la Hidra,Aravaca,Moncloa - Aravaca,40.456049,-3.773786
4644,Calle de la Malaquita,Aravaca,Moncloa - Aravaca,40.451522,-3.776125
4645,Calle de la Manzanilla,Aravaca,Moncloa - Aravaca,40.451292,-3.774689
4646,Calle de la Menta,Aravaca,Moncloa - Aravaca,40.450844,-3.772631
4647,Calle de la Mimosa,Aravaca,Moncloa - Aravaca,40.448928,-3.766251
4648,Calle de la Orza,Aravaca,Moncloa - Aravaca,40.44959,-3.774667
4649,Calle de la Osa Menor,Aravaca,Moncloa - Aravaca,40.458931,-3.781943
4650,Calle de la Pasionaria,Aravaca,Moncloa - Aravaca,40.451415,-3.775149
4651,Calle de la Pinilla,Aravaca,Moncloa - Aravaca,40.454181,-3.778139
4652,Calle de la Tinaja,Aravaca,Moncloa - Aravaca,40.449535,-3.773194
4653,Calle de la Veleta,Aravaca,Moncloa - Aravaca,40.4547,-3.783569
4654,Calle de la Violeta,Aravaca,Moncloa - Aravaca,40.449717,-3.764272
4655,Calle de la Virgen de los Rosales,Aravaca,Moncloa - Aravaca,40.453717,-3.775956
4656,Calle de la Vía Láctea,Aravaca,Moncloa - Aravaca,40.45036,-3.78411
4657,Calle de la Zarza,Aravaca,Moncloa - Aravaca,40.459047,-3.785903
4658,Calle de las Cinco Lagunas,Aravaca,Moncloa - Aravaca,40.459658,-3.78995
4659,Calle de las Hierbas,Aravaca,Moncloa - Aravaca,40.450972,-3.772526
4660,Calle de las Plantas,Aravaca,Moncloa - Aravaca,40.450965,-3.773422
4661,Calle de las Pléyades,Aravaca,Moncloa - Aravaca,40.460486,-3.784157
4662,Calle de las Rosas de Aravaca,Aravaca,Moncloa - Aravaca,40.450344,-3.779778
4663,Calle de los Diplomáticos,Aravaca,Moncloa - Aravaca,40.455128,-3.77575
4664,Calle de los Espinos,Aravaca,Moncloa - Aravaca,40.462197,-3.77695
4665,Calle de los Minerales,Aravaca,Moncloa - Aravaca,40.45194,-3.778129
4666,Calle de los Árboles,Aravaca,Moncloa - Aravaca,40.451024,-3.768949
4667,Calle del Abejaruco,Aravaca,Moncloa - Aravaca,40.449333,-3.769885
4668,Calle del Acebuche,Aravaca,Moncloa - Aravaca,40.450936,-3.769168
4669,Calle del Ajenjo,Aravaca,Moncloa - Aravaca,40.450744,-3.772286
4670,Calle del Alcornoque,Aravaca,Moncloa - Aravaca,40.451125,-3.768667
4671,Calle del Alfar,Aravaca,Moncloa - Aravaca,40.455472,-3.790019
4672,Calle del Almanzora,Aravaca,Moncloa - Aravaca,40.458228,-3.793256
4673,Calle del Altozano,Aravaca,Moncloa - Aravaca,40.457649,-3.780046
4674,Calle del Anís,Aravaca,Moncloa - Aravaca,40.451056,-3.772317
4675,Calle del Aragonito,Aravaca,Moncloa - Aravaca,40.451747,-3.777892
4676,Calle del Arquitecto Rafael Leoz,Aravaca,Moncloa - Aravaca,40.450361,-3.791292
4677,Calle del Arroyo de Pozuelo,Aravaca,Moncloa - Aravaca,40.451592,-3.775644
4678,Calle del Astrolabio,Aravaca,Moncloa - Aravaca,40.454964,-3.781586
4679,Calle del Autillo,Aravaca,Moncloa - Aravaca,40.449418,-3.770658
4680,Calle del Ave del Paraíso,Aravaca,Moncloa - Aravaca,40.449825,-3.789278
4681,Calle del Azafrán,Aravaca,Moncloa - Aravaca,40.449414,-3.765603
4682,Calle del Bardegueral,Aravaca,Moncloa - Aravaca,40.450054,-3.771812
4683,Calle del Barrial,Aravaca,Moncloa - Aravaca,40.462967,-3.793211
4684,Calle del Botijo,Aravaca,Moncloa - Aravaca,40.449456,-3.773635
4685,Calle del Buho,Aravaca,Moncloa - Aravaca,40.449083,-3.769086
4686,Calle del Carril de los Caleros,Aravaca,Moncloa - Aravaca,40.460847,-3.797317
4687,Calle del Centauro,Aravaca,Moncloa - Aravaca,40.460058,-3.775039
4688,Calle del Cerro de Valdecahonde,Aravaca,Moncloa - Aravaca,40.446535,-3.788181
4689,Calle del Chopo,Aravaca,Moncloa - Aravaca,40.450808,-3.768564
4690,Calle del Cinabrio,Aravaca,Moncloa - Aravaca,40.451839,-3.77745
4691,Calle del Cántaro,Aravaca,Moncloa - Aravaca,40.449585,-3.775192
4692,Calle del Cárabo,Aravaca,Moncloa - Aravaca,40.449489,-3.770856
4693,Calle del Doctor Balmis,Aravaca,Moncloa - Aravaca,40.459306,-3.793528
4694,Calle del Doctor José Eugenio de Olavide,Aravaca,Moncloa - Aravaca,40.459496,-3.794347
4695,Calle del Dragón,Aravaca,Moncloa - Aravaca,40.457761,-3.781536
4696,Calle del Enebro,Aravaca,Moncloa - Aravaca,40.450903,-3.770631
4697,Calle del Escultor Peresejo,Aravaca,Moncloa - Aravaca,40.453986,-3.788467
4698,Calle del Estudio,Aravaca,Moncloa - Aravaca,40.460392,-3.785261
4699,Calle del Fénix,Aravaca,Moncloa - Aravaca,40.454758,-3.772903
4700,Calle del Hinojo,Aravaca,Moncloa - Aravaca,40.451908,-3.775322
4701,Calle del Jarro,Aravaca,Moncloa - Aravaca,40.449431,-3.772164
4702,Calle del Lebrillo,Aravaca,Moncloa - Aravaca,40.449486,-3.774232
4703,Calle del Mortero,Aravaca,Moncloa - Aravaca,40.449592,-3.774682
4704,Calle del Nadir,Aravaca,Moncloa - Aravaca,40.463831,-3.792372
4705,Calle del Olivino,Aravaca,Moncloa - Aravaca,40.451947,-3.775961
4706,Calle del Olivo,Aravaca,Moncloa - Aravaca,40.458819,-3.781272
4707,Calle del Orégano,Aravaca,Moncloa - Aravaca,40.450889,-3.773614
4708,Calle del Palosanto,Aravaca,Moncloa - Aravaca,40.450996,-3.770949
4709,Calle del Pavo Real,Aravaca,Moncloa - Aravaca,40.449718,-3.788803
4710,Calle del Pico Ocejón,Aravaca,Moncloa - Aravaca,40.459503,-3.788306
4711,Calle del Pico de la Miel,Aravaca,Moncloa - Aravaca,40.456353,-3.787203
4712,Calle del Poleo,Aravaca,Moncloa - Aravaca,40.450861,-3.773172
4713,Calle del Risco de los Claveles,Aravaca,Moncloa - Aravaca,40.457892,-3.786417
4714,Calle del Rododendro,Aravaca,Moncloa - Aravaca,40.44966,-3.764674
4715,Calle del Río Adaja,Aravaca,Moncloa - Aravaca,40.450436,-3.784544
4716,Calle del Río Arlanzón,Aravaca,Moncloa - Aravaca,40.449575,-3.784367
4717,Calle del Río Esla,Aravaca,Moncloa - Aravaca,40.450354,-3.785597
4718,Calle del Río Nela,Aravaca,Moncloa - Aravaca,40.451733,-3.781381
4719,Calle del Río Salor,Aravaca,Moncloa - Aravaca,40.455904,-3.779481
4720,Calle del Río Sella,Aravaca,Moncloa - Aravaca,40.449258,-3.7904
4721,Calle del Río Tiétar,Aravaca,Moncloa - Aravaca,40.450186,-3.786282
4722,Calle del Río Águeda,Aravaca,Moncloa - Aravaca,40.44995,-3.78669
4723,Calle del Seis de Diciembre,Aravaca,Moncloa - Aravaca,40.4498,-3.77255
4724,Calle del Serbal,Aravaca,Moncloa - Aravaca,40.450778,-3.771242
4725,Calle del Serrota,Aravaca,Moncloa - Aravaca,40.454778,-3.778194
4726,Calle del Sextante,Aravaca,Moncloa - Aravaca,40.45656,-3.788197
4727,Calle del Tejadillo,Aravaca,Moncloa - Aravaca,40.458161,-3.780158
4728,Calle del Tomillo,Aravaca,Moncloa - Aravaca,40.451229,-3.774215
4729,Calle del Té,Aravaca,Moncloa - Aravaca,40.451186,-3.774522
4730,Calle del Unicornio,Aravaca,Moncloa - Aravaca,40.449915,-3.78966
4731,Calle del Valle de Pas,Aravaca,Moncloa - Aravaca,40.449542,-3.779825
4732,Calle del Yeso,Aravaca,Moncloa - Aravaca,40.451256,-3.7758
4733,Calle del Zenit,Aravaca,Moncloa - Aravaca,40.463117,-3.790375
4734,Calle del Ébano,Aravaca,Moncloa - Aravaca,40.451093,-3.771306
4735,Camino de Pozuelo,Aravaca,Moncloa - Aravaca,40.452919,-3.787904
4736,Camino de la Cruz,Aravaca,Moncloa - Aravaca,40.460164,-3.786042
4737,Camino del Barrial,Aravaca,Moncloa - Aravaca,40.459944,-3.788519
4738,Camino del Cerro del Águila,Aravaca,Moncloa - Aravaca,40.451533,-3.760739
4739,Carretera de Castilla,Aravaca,Moncloa - Aravaca,40.45306,-3.765229
4740,Carretera de Húmera,Aravaca,Moncloa - Aravaca,40.456761,-3.779206
4741,Cuesta del Galbán,Aravaca,Moncloa - Aravaca,40.449468,-3.768246
4742,Glorieta de María Reina,Aravaca,Moncloa - Aravaca,40.459475,-3.787203
4743,Glorieta del Río Záncara,Aravaca,Moncloa - Aravaca,40.452681,-3.779508
4744,Pasaje del Olivino,Aravaca,Moncloa - Aravaca,40.451818,-3.776247
4745,Paseo de Inglaterra,Aravaca,Moncloa - Aravaca,40.443981,-3.788311
4746,Paseo de la Ermita,Aravaca,Moncloa - Aravaca,40.461128,-3.779572
4747,Paseo de la Rinconada,Aravaca,Moncloa - Aravaca,40.456061,-3.762578
4748,Plaza de Dinamarca,Aravaca,Moncloa - Aravaca,40.444906,-3.786883
4749,Plaza de Nuestra Señora del Buen Camino,Aravaca,Moncloa - Aravaca,40.457394,-3.781939
4750,Plaza de San Anacleto,Aravaca,Moncloa - Aravaca,40.458272,-3.782586
4751,Plaza del Marqués de Camarines,Aravaca,Moncloa - Aravaca,40.458518,-3.783389
4752,Plaza del Rollo,Aravaca,Moncloa - Aravaca,40.459451,-3.785024
4753,Ronda de la Buganvilla del Rey,Aravaca,Moncloa - Aravaca,40.455847,-3.766093
4754,Ronda de las Flores,Aravaca,Moncloa - Aravaca,40.449453,-3.765467
4755,Ronda de las Monjas,Aravaca,Moncloa - Aravaca,40.450504,-3.776378
4756,Ronda del Tren,Aravaca,Moncloa - Aravaca,40.449186,-3.773969
4757,Travesía de Caroli,Aravaca,Moncloa - Aravaca,40.458211,-3.784068
4758,Travesía de Pérez de Victoria,Aravaca,Moncloa - Aravaca,40.45775,-3.783769
4759,Travesía de las Pléyades,Aravaca,Moncloa - Aravaca,40.459901,-3.784968
4760,Travesía del Caño,Aravaca,Moncloa - Aravaca,40.458686,-3.786233
4761,Travesía del Sextante,Aravaca,Moncloa - Aravaca,40.457051,-3.787847
4762,Calle de Altamirano,Argüelles,Moncloa - Aravaca,40.430596,-3.719571
4763,Calle de Arriaza,Argüelles,Moncloa - Aravaca,40.421344,-3.715965
4764,Calle de Benito Gutiérrez,Argüelles,Moncloa - Aravaca,40.431444,-3.719515
4765,Calle de Cadarso,Argüelles,Moncloa - Aravaca,40.421903,-3.714947
4766,Calle de Eduardo Benot,Argüelles,Moncloa - Aravaca,40.422158,-3.718225
4767,Calle de Estanislao Figueras,Argüelles,Moncloa - Aravaca,40.421564,-3.717622
4768,Calle de Evaristo San Miguel,Argüelles,Moncloa - Aravaca,40.426568,-3.71566
4769,Calle de Ferraz,Argüelles,Moncloa - Aravaca,40.428592,-3.719675
4770,Calle de Francisco Lozano,Argüelles,Moncloa - Aravaca,40.432226,-3.721644
4771,Calle de Irún,Argüelles,Moncloa - Aravaca,40.422421,-3.716189
4772,Calle de Juan Álvarez Mendizábal,Argüelles,Moncloa - Aravaca,40.42735,-3.717289
4773,Calle de Lisboa,Argüelles,Moncloa - Aravaca,40.43221,-3.723951
4774,Calle de Luisa Fernanda,Argüelles,Moncloa - Aravaca,40.425825,-3.715028
4775,Calle de Martín de los Heros,Argüelles,Moncloa - Aravaca,40.42746,-3.716193
4776,Calle de Quintana,Argüelles,Moncloa - Aravaca,40.427778,-3.717508
4777,Calle de Romero Robledo,Argüelles,Moncloa - Aravaca,40.431856,-3.720875
4778,Calle de Santa María Micaela,Argüelles,Moncloa - Aravaca,40.425408,-3.713242
4779,Calle de Ventura Rodríguez,Argüelles,Moncloa - Aravaca,40.424908,-3.714097
4780,Calle de la Ilustración,Argüelles,Moncloa - Aravaca,40.421153,-3.717067
4781,Calle de la Princesa,Argüelles,Moncloa - Aravaca,40.430075,-3.715944
4782,Calle de Écija,Argüelles,Moncloa - Aravaca,40.431594,-3.723369
4783,Calle del Buen Suceso,Argüelles,Moncloa - Aravaca,40.4287,-3.718094
4784,Calle del Marqués de Urquijo,Argüelles,Moncloa - Aravaca,40.429778,-3.718867
4785,Calle del Rey Francisco,Argüelles,Moncloa - Aravaca,40.427056,-3.716703
4786,Calle del Tutor,Argüelles,Moncloa - Aravaca,40.428979,-3.716278
4787,Cuesta de San Vicente,Argüelles,Moncloa - Aravaca,40.420531,-3.715753
4788,Paseo de Moret,Argüelles,Moncloa - Aravaca,40.43321,-3.723217
4789,Paseo del Pintor Rosales,Argüelles,Moncloa - Aravaca,40.428106,-3.720799
4790,Paseo del Rey,Argüelles,Moncloa - Aravaca,40.422226,-3.718882
4791,Plaza de Argüelles,Argüelles,Moncloa - Aravaca,40.429122,-3.718283
4792,Plaza de España,Argüelles,Moncloa - Aravaca,40.422858,-3.712478
4793,Plaza de José Moreno Villa,Argüelles,Moncloa - Aravaca,40.42445,-3.712862
4794,Plaza de la Moncloa,Argüelles,Moncloa - Aravaca,40.435204,-3.719061
4795,Avenida Principal,Casa de Campo,Moncloa - Aravaca,40.413864,-3.739453
4796,Avenida de Valladolid,Casa de Campo,Moncloa - Aravaca,40.429219,-3.730556
4797,Calle Principal de Provincias,Casa de Campo,Moncloa - Aravaca,40.413956,-3.733753
4798,Calle de Aniceto Marinas,Casa de Campo,Moncloa - Aravaca,40.424472,-3.725506
4799,Calle de Felipe Moratilla,Casa de Campo,Moncloa - Aravaca,40.426994,-3.731778
4800,Calle de Francisco y Jacinto Alcántara,Casa de Campo,Moncloa - Aravaca,40.426958,-3.724356
4801,Calle de Loeches,Casa de Campo,Moncloa - Aravaca,40.431368,-3.732829
4802,Calle de Melchor Cano,Casa de Campo,Moncloa - Aravaca,40.427331,-3.732933
4803,Calle de Mozart,Casa de Campo,Moncloa - Aravaca,40.423942,-3.723042
4804,Calle de San Felices,Casa de Campo,Moncloa - Aravaca,40.427622,-3.733088
4805,Calle de San Pol de Mar,Casa de Campo,Moncloa - Aravaca,40.423831,-3.727272
4806,Calle de Santa Coloma,Casa de Campo,Moncloa - Aravaca,40.428233,-3.732244
4807,Calle de Santa Comba,Casa de Campo,Moncloa - Aravaca,40.428067,-3.733218
4808,Calle de Santa Fe,Casa de Campo,Moncloa - Aravaca,40.430974,-3.736051
4809,Calle de Santa Olalla,Casa de Campo,Moncloa - Aravaca,40.42586,-3.729692
4810,Calle de Santa Pola,Casa de Campo,Moncloa - Aravaca,40.431586,-3.736497
4811,Calle de Santovenia,Casa de Campo,Moncloa - Aravaca,40.426535,-3.730461
4812,Calle de Tomás Sanz,Casa de Campo,Moncloa - Aravaca,40.414625,-3.74365
4813,Calle de la Bahía,Casa de Campo,Moncloa - Aravaca,40.429971,-3.735288
4814,Calle de la Colina,Casa de Campo,Moncloa - Aravaca,40.428439,-3.734928
4815,Calle de la Cordillera,Casa de Campo,Moncloa - Aravaca,40.428883,-3.734453
4816,Calle de la Cuesta Nueva,Casa de Campo,Moncloa - Aravaca,40.412996,-3.741475
4817,Calle de la Ganadería,Casa de Campo,Moncloa - Aravaca,40.415801,-3.730493
4818,Calle de la Herradura,Casa de Campo,Moncloa - Aravaca,40.417336,-3.728681
4819,Calle de la Lanzada,Casa de Campo,Moncloa - Aravaca,40.429642,-3.734153
4820,Calle de la Península,Casa de Campo,Moncloa - Aravaca,40.430172,-3.735194
4821,Calle de la Pista,Casa de Campo,Moncloa - Aravaca,40.415672,-3.727394
4822,Calle de la Ribera del Manzanares,Casa de Campo,Moncloa - Aravaca,40.425211,-3.72855
4823,Calle de la Rosaleda,Casa de Campo,Moncloa - Aravaca,40.424875,-3.721285
4824,Calle de la Senda del Rey,Casa de Campo,Moncloa - Aravaca,40.432774,-3.732119
4825,Calle de la Torre,Casa de Campo,Moncloa - Aravaca,40.416347,-3.729636
4826,Calle de la Vid,Casa de Campo,Moncloa - Aravaca,40.410697,-3.742331
4827,Calle de los Hexágonos,Casa de Campo,Moncloa - Aravaca,40.412787,-3.741475
4828,Calle del Acantilado,Casa de Campo,Moncloa - Aravaca,40.428757,-3.733153
4829,Calle del Archipiélago,Casa de Campo,Moncloa - Aravaca,40.429683,-3.735542
4830,Calle del Arrecife,Casa de Campo,Moncloa - Aravaca,40.428122,-3.734431
4831,Calle del Continente,Casa de Campo,Moncloa - Aravaca,40.429175,-3.734776
4832,Calle del Doctor Casal,Casa de Campo,Moncloa - Aravaca,40.427108,-3.73345
4833,Calle del Ferial,Casa de Campo,Moncloa - Aravaca,40.414925,-3.732828
4834,Calle del Maestro Sorozábal,Casa de Campo,Moncloa - Aravaca,40.422542,-3.721976
4835,Calle del Manantial,Casa de Campo,Moncloa - Aravaca,40.428489,-3.734478
4836,Calle del Profesor Martín Almagro Basch,Casa de Campo,Moncloa - Aravaca,40.423444,-3.717733
4837,Camino del Príncipe,Casa de Campo,Moncloa - Aravaca,40.421469,-3.735744
4838,Camino del Renegado,Casa de Campo,Moncloa - Aravaca,40.409286,-3.745803
4839,Camino del Robledal,Casa de Campo,Moncloa - Aravaca,40.415208,-3.745775
4840,Camino del Zarzón,Casa de Campo,Moncloa - Aravaca,40.405183,-3.766108
4841,Carretera de Rodajos,Casa de Campo,Moncloa - Aravaca,40.411611,-3.778711
4842,Carretera del Albergue Juvenil,Casa de Campo,Moncloa - Aravaca,40.413661,-3.749094
4843,Carretera del Parque de Atracciones,Casa de Campo,Moncloa - Aravaca,40.412976,-3.746357
4844,Carretera del Teleférico,Casa de Campo,Moncloa - Aravaca,40.421089,-3.740872
4845,Carretera del Zarzón,Casa de Campo,Moncloa - Aravaca,40.406947,-3.764267
4846,Carretera del Zoo,Casa de Campo,Moncloa - Aravaca,40.409275,-3.761125
4847,Glorieta de San Antonio de la Florida,Casa de Campo,Moncloa - Aravaca,40.425581,-3.725967
4848,Glorieta de San Vicente,Casa de Campo,Moncloa - Aravaca,40.420614,-3.720908
4849,Paseo Azul,Casa de Campo,Moncloa - Aravaca,40.419853,-3.728681
4850,Paseo Viejo,Casa de Campo,Moncloa - Aravaca,40.416569,-3.725708
4851,Paseo de Camoens y Valero,Casa de Campo,Moncloa - Aravaca,40.430806,-3.727283
4852,Paseo de María Teresa,Casa de Campo,Moncloa - Aravaca,40.419317,-3.734772
4853,Paseo de la Florida,Casa de Campo,Moncloa - Aravaca,40.422947,-3.723244
4854,Paseo de la Puerta del Ángel,Casa de Campo,Moncloa - Aravaca,40.416228,-3.733447
4855,Paseo de la Torrecilla,Casa de Campo,Moncloa - Aravaca,40.420711,-3.7333
4856,Paseo de la Venta,Casa de Campo,Moncloa - Aravaca,40.408714,-3.752717
4857,Paseo del Comandante Fortea,Casa de Campo,Moncloa - Aravaca,40.42665,-3.731619
4858,Paseo del Embarcadero,Casa de Campo,Moncloa - Aravaca,40.417794,-3.730676
4859,Paseo del Marqués de Monistrol,Casa de Campo,Moncloa - Aravaca,40.42836,-3.735225
4860,Paseo del Medianil,Casa de Campo,Moncloa - Aravaca,40.437425,-3.741733
4861,Paseo del Piñonero,Casa de Campo,Moncloa - Aravaca,40.432569,-3.738069
4862,Plaza de Almuñécar,Casa de Campo,Moncloa - Aravaca,40.428242,-3.729772
4863,Plaza de la Cancillería,Casa de Campo,Moncloa - Aravaca,40.430819,-3.732967
4864,Plaza de la Meseta,Casa de Campo,Moncloa - Aravaca,40.430012,-3.735496
4865,Plaza de las Moreras,Casa de Campo,Moncloa - Aravaca,40.425503,-3.733533
4866,Puente de Castilla,Casa de Campo,Moncloa - Aravaca,40.434061,-3.736853
4867,Ronda de las Provincias,Casa de Campo,Moncloa - Aravaca,40.411881,-3.742661
4868,Ronda de los Toros,Casa de Campo,Moncloa - Aravaca,40.414203,-3.742553
4869,Ronda del Lago,Casa de Campo,Moncloa - Aravaca,40.415943,-3.73826
4870,Travesía del Vino,Casa de Campo,Moncloa - Aravaca,40.411225,-3.73985
4871,Autovía M-30,Ciudad Universitaria,Moncloa - Aravaca,40.441536,-3.693869
4872,Autovía M-503,Ciudad Universitaria,Moncloa - Aravaca,40.449808,-3.761443
4873,Avenida Complutense,Ciudad Universitaria,Moncloa - Aravaca,40.450756,-3.727364
4874,Avenida de Fuentelarreyna,Ciudad Universitaria,Moncloa - Aravaca,40.473846,-3.748203
4875,Avenida de Gregorio del Amo,Ciudad Universitaria,Moncloa - Aravaca,40.446214,-3.720489
4876,Avenida de Juan de Herrera,Ciudad Universitaria,Moncloa - Aravaca,40.439329,-3.730524
4877,Avenida de Miraflores,Ciudad Universitaria,Moncloa - Aravaca,40.465903,-3.731156
4878,Avenida de Séneca,Ciudad Universitaria,Moncloa - Aravaca,40.435328,-3.73014
4879,Avenida de Trajano,Ciudad Universitaria,Moncloa - Aravaca,40.462479,-3.720492
4880,Avenida de la Memoria,Ciudad Universitaria,Moncloa - Aravaca,40.438265,-3.724522
4881,Avenida de la Puerta de Hierro,Ciudad Universitaria,Moncloa - Aravaca,40.446878,-3.736531
4882,Avenida de los Mártires Maristas,Ciudad Universitaria,Moncloa - Aravaca,40.461763,-3.721785
4883,Avenida de los Reyes Católicos,Ciudad Universitaria,Moncloa - Aravaca,40.438128,-3.719739
4884,Avenida del Padre Huidobro,Ciudad Universitaria,Moncloa - Aravaca,40.461214,-3.760161
4885,Calle de Ajalvir,Ciudad Universitaria,Moncloa - Aravaca,40.455112,-3.716292
4886,Calle de Aldea Real,Ciudad Universitaria,Moncloa - Aravaca,40.4698,-3.734714
4887,Calle de Alfonso Fernández Clausells,Ciudad Universitaria,Moncloa - Aravaca,40.463233,-3.724451
4888,Calle de Amador y Fernando,Ciudad Universitaria,Moncloa - Aravaca,40.456151,-3.716001
4889,Calle de Antolín Dompablo,Ciudad Universitaria,Moncloa - Aravaca,40.463889,-3.723497
4890,Calle de Antonio Reig,Ciudad Universitaria,Moncloa - Aravaca,40.46625,-3.728069
4891,Calle de Aravaca,Ciudad Universitaria,Moncloa - Aravaca,40.448221,-3.712576
4892,Calle de Arroyofresno,Ciudad Universitaria,Moncloa - Aravaca,40.47175,-3.746906
4893,Calle de Artesa de Segre,Ciudad Universitaria,Moncloa - Aravaca,40.469711,-3.727767
4894,Calle de Beatriz de Bobadilla,Ciudad Universitaria,Moncloa - Aravaca,40.448006,-3.714778
4895,Calle de Bernardo de la Torre Rojas,Ciudad Universitaria,Moncloa - Aravaca,40.451344,-3.719114
4896,Calle de Cabeza de Hierro,Ciudad Universitaria,Moncloa - Aravaca,40.464083,-3.729753
4897,Calle de Candeleda,Ciudad Universitaria,Moncloa - Aravaca,40.464517,-3.728617
4898,Calle de Colmenarejo,Ciudad Universitaria,Moncloa - Aravaca,40.461729,-3.730181
4899,Calle de Don Ramón Menéndez Pidal,Ciudad Universitaria,Moncloa - Aravaca,40.447807,-3.719657
4900,Calle de Eduardo Saavedra,Ciudad Universitaria,Moncloa - Aravaca,40.445731,-3.73135
4901,Calle de Eloísa de la Hera,Ciudad Universitaria,Moncloa - Aravaca,40.464206,-3.72604
4902,Calle de Francisco de Diego,Ciudad Universitaria,Moncloa - Aravaca,40.456482,-3.715543
4903,Calle de Fuensalida,Ciudad Universitaria,Moncloa - Aravaca,40.467692,-3.728439
4904,Calle de Guisando,Ciudad Universitaria,Moncloa - Aravaca,40.469131,-3.729972
4905,Calle de Hoyos del Espino,Ciudad Universitaria,Moncloa - Aravaca,40.470189,-3.733653
4906,Calle de Isidro Dompablo,Ciudad Universitaria,Moncloa - Aravaca,40.464031,-3.723656
4907,Calle de Joaquín Reig,Ciudad Universitaria,Moncloa - Aravaca,40.468506,-3.727819
4908,Calle de José Antonio Novais,Ciudad Universitaria,Moncloa - Aravaca,40.447283,-3.72466
4909,Calle de José Fentanes,Ciudad Universitaria,Moncloa - Aravaca,40.464414,-3.725089
4910,Calle de Juan Montalvo,Ciudad Universitaria,Moncloa - Aravaca,40.447397,-3.711072
4911,Calle de Juan del Rosal,Ciudad Universitaria,Moncloa - Aravaca,40.451664,-3.736396
4912,Calle de Lanzahita,Ciudad Universitaria,Moncloa - Aravaca,40.462319,-3.728217
4913,Calle de Leonardo Prieto Castro,Ciudad Universitaria,Moncloa - Aravaca,40.451411,-3.721011
4914,Calle de López Puigcerver,Ciudad Universitaria,Moncloa - Aravaca,40.46246,-3.726199
4915,Calle de Madrigal,Ciudad Universitaria,Moncloa - Aravaca,40.463264,-3.727213
4916,Calle de Manuel Bartolomé Cossío,Ciudad Universitaria,Moncloa - Aravaca,40.441661,-3.720789
4917,Calle de Manuel Nieto,Ciudad Universitaria,Moncloa - Aravaca,40.467597,-3.725206
4918,Calle de Martín Fierro,Ciudad Universitaria,Moncloa - Aravaca,40.436461,-3.731828
4919,Calle de María Auxiliadora,Ciudad Universitaria,Moncloa - Aravaca,40.457746,-3.714451
4920,Calle de María Blanco,Ciudad Universitaria,Moncloa - Aravaca,40.468239,-3.72785
4921,Calle de Maximino Blázquez,Ciudad Universitaria,Moncloa - Aravaca,40.468764,-3.726342
4922,Calle de Moguer,Ciudad Universitaria,Moncloa - Aravaca,40.456578,-3.712646
4923,Calle de Mombeltrán,Ciudad Universitaria,Moncloa - Aravaca,40.469394,-3.732072
4924,Calle de Navalmanzano,Ciudad Universitaria,Moncloa - Aravaca,40.472714,-3.746971
4925,Calle de Navalperal,Ciudad Universitaria,Moncloa - Aravaca,40.460561,-3.728042
4926,Calle de Nueva Caledonia,Ciudad Universitaria,Moncloa - Aravaca,40.462069,-3.721653
4927,Calle de Paul Guinard,Ciudad Universitaria,Moncloa - Aravaca,40.440203,-3.729978
4928,Calle de Pedro Justo Dorado Dellmans,Ciudad Universitaria,Moncloa - Aravaca,40.448612,-3.712386
4929,Calle de Pedro Pérez Alonso,Ciudad Universitaria,Moncloa - Aravaca,40.469511,-3.726385
4930,Calle de Peguerinos,Ciudad Universitaria,Moncloa - Aravaca,40.469512,-3.735092
4931,Calle de Piedralaves,Ciudad Universitaria,Moncloa - Aravaca,40.463553,-3.728406
4932,Calle de Rafaela Pascual,Ciudad Universitaria,Moncloa - Aravaca,40.463565,-3.723529
4933,Calle de Ramiro de Maeztu,Ciudad Universitaria,Moncloa - Aravaca,40.448986,-3.718922
4934,Calle de Ramón Crespo,Ciudad Universitaria,Moncloa - Aravaca,40.465503,-3.72449
4935,Calle de San Martín de Porres,Ciudad Universitaria,Moncloa - Aravaca,40.469697,-3.728392
4936,Calle de Santiago Rusiñol,Ciudad Universitaria,Moncloa - Aravaca,40.446919,-3.716592
4937,Calle de Sort,Ciudad Universitaria,Moncloa - Aravaca,40.453886,-3.717736
4938,Calle de Tirvia,Ciudad Universitaria,Moncloa - Aravaca,40.454358,-3.717268
4939,Calle de Tremp,Ciudad Universitaria,Moncloa - Aravaca,40.454979,-3.716161
4940,Calle de Turégano,Ciudad Universitaria,Moncloa - Aravaca,40.466133,-3.730081
4941,Calle de Valdepeñas,Ciudad Universitaria,Moncloa - Aravaca,40.455997,-3.715719
4942,Calle de Valderaduey,Ciudad Universitaria,Moncloa - Aravaca,40.471069,-3.728008
4943,Calle de Valls Ferrera,Ciudad Universitaria,Moncloa - Aravaca,40.454744,-3.715506
4944,Calle de Velayos,Ciudad Universitaria,Moncloa - Aravaca,40.466317,-3.725853
4945,Calle de Viella,Ciudad Universitaria,Moncloa - Aravaca,40.45495,-3.716774
4946,Calle de el Tiemblo,Ciudad Universitaria,Moncloa - Aravaca,40.467329,-3.730383
4947,Calle de la Explanada,Ciudad Universitaria,Moncloa - Aravaca,40.447953,-3.711814
4948,Calle de la Isla Soledad,Ciudad Universitaria,Moncloa - Aravaca,40.467183,-3.724756
4949,Calle de la Isla de Alegranza,Ciudad Universitaria,Moncloa - Aravaca,40.462817,-3.723164
4950,Calle de la Isla de Oza,Ciudad Universitaria,Moncloa - Aravaca,40.4646,-3.724103
4951,Calle de la Isla de Tagomago,Ciudad Universitaria,Moncloa - Aravaca,40.463208,-3.723906
4952,Calle de la Olimpiada,Ciudad Universitaria,Moncloa - Aravaca,40.450178,-3.710824
4953,Calle de las Canchas del Manzanares,Ciudad Universitaria,Moncloa - Aravaca,40.463128,-3.72539
4954,Calle de las Islas Marianas,Ciudad Universitaria,Moncloa - Aravaca,40.462169,-3.722353
4955,Calle de los Estudiantes,Ciudad Universitaria,Moncloa - Aravaca,40.446814,-3.712465
4956,Calle de los Pirineos,Ciudad Universitaria,Moncloa - Aravaca,40.456111,-3.716938
4957,Calle de los Vascos,Ciudad Universitaria,Moncloa - Aravaca,40.448119,-3.710986
4958,Calle del Arquitecto López Otero,Ciudad Universitaria,Moncloa - Aravaca,40.443086,-3.730361
4959,Calle del Arquitecto Sánchez Arcas,Ciudad Universitaria,Moncloa - Aravaca,40.453949,-3.715674
4960,Calle del Aviador Franco,Ciudad Universitaria,Moncloa - Aravaca,40.462058,-3.722729
4961,Calle del Conde de la Cimera,Ciudad Universitaria,Moncloa - Aravaca,40.4465,-3.714772
4962,Calle del Doctor Fernando Castro Rodríguez,Ciudad Universitaria,Moncloa - Aravaca,40.446403,-3.72454
4963,Calle del Doctor Juan José López Ibor,Ciudad Universitaria,Moncloa - Aravaca,40.470965,-3.726785
4964,Calle del Doctor Severo Ochoa,Ciudad Universitaria,Moncloa - Aravaca,40.443106,-3.72325
4965,Calle del Doctor Teófilo Hernando Ortega,Ciudad Universitaria,Moncloa - Aravaca,40.446211,-3.714942
4966,Calle del Flamisell,Ciudad Universitaria,Moncloa - Aravaca,40.455382,-3.716194
4967,Calle del General Prim,Ciudad Universitaria,Moncloa - Aravaca,40.463575,-3.722903
4968,Calle del Hortelano,Ciudad Universitaria,Moncloa - Aravaca,40.462797,-3.725733
4969,Calle del Mecánico Rada,Ciudad Universitaria,Moncloa - Aravaca,40.462604,-3.721579
4970,Calle del Ministro Ibáñez Martín,Ciudad Universitaria,Moncloa - Aravaca,40.437103,-3.718556
4971,Calle del Mirador de la Sierra,Ciudad Universitaria,Moncloa - Aravaca,40.463642,-3.722671
4972,Calle del Obispo Trejo,Ciudad Universitaria,Moncloa - Aravaca,40.436233,-3.731685
4973,Calle del Pintor el Greco,Ciudad Universitaria,Moncloa - Aravaca,40.442067,-3.734601
4974,Calle del Profesor Aranguren,Ciudad Universitaria,Moncloa - Aravaca,40.448932,-3.733561
4975,Calle del Profesor José García Santesmases,Ciudad Universitaria,Moncloa - Aravaca,40.453128,-3.734304
4976,Calle del Profesor Martín Lagos,Ciudad Universitaria,Moncloa - Aravaca,40.439617,-3.719108
4977,Calle del Rector Royo-villanova,Ciudad Universitaria,Moncloa - Aravaca,40.451342,-3.716344
4978,Calle del Tranvía,Ciudad Universitaria,Moncloa - Aravaca,40.456418,-3.716557
4979,Calle del Valle de Arán,Ciudad Universitaria,Moncloa - Aravaca,40.453583,-3.718122
4980,Calle del Vivero,Ciudad Universitaria,Moncloa - Aravaca,40.448396,-3.710479
4981,Carretera de el Pardo a la Playa,Ciudad Universitaria,Moncloa - Aravaca,40.462158,-3.748978
4982,Carretera de la Dehesa de la Villa,Ciudad Universitaria,Moncloa - Aravaca,40.455964,-3.729476
4983,Carretera del Hipódromo,Ciudad Universitaria,Moncloa - Aravaca,40.461858,-3.757183
4984,Pasaje de Canto del Tolmo,Ciudad Universitaria,Moncloa - Aravaca,40.463124,-3.727869
4985,Pasaje de Colmenarejo,Ciudad Universitaria,Moncloa - Aravaca,40.462356,-3.730372
4986,Pasaje de Hoyos del Espino,Ciudad Universitaria,Moncloa - Aravaca,40.467964,-3.732631
4987,Paseo de Juan Xxiii,Ciudad Universitaria,Moncloa - Aravaca,40.449597,-3.715756
4988,Paseo de la Senda del Rey,Ciudad Universitaria,Moncloa - Aravaca,40.437783,-3.736172
4989,Plaza de Eugenio María de Hostos,Ciudad Universitaria,Moncloa - Aravaca,40.443442,-3.720281
4990,Plaza de Menéndez Pelayo,Ciudad Universitaria,Moncloa - Aravaca,40.449425,-3.73179
4991,Plaza de Ramón y Cajal,Ciudad Universitaria,Moncloa - Aravaca,40.443889,-3.725942
4992,Plaza de la Ciudad de Viena,Ciudad Universitaria,Moncloa - Aravaca,40.447489,-3.715953
4993,Plaza de las Ciencias,Ciudad Universitaria,Moncloa - Aravaca,40.450075,-3.726015
4994,Plaza del Cardenal Cisneros,Ciudad Universitaria,Moncloa - Aravaca,40.440306,-3.72465
4995,Travesía de Almansa,Ciudad Universitaria,Moncloa - Aravaca,40.450242,-3.710986
4996,Travesía de Antonio Nebrija,Ciudad Universitaria,Moncloa - Aravaca,40.436604,-3.727796
4997,Autovía A-6,El Plantío,Moncloa - Aravaca,40.465089,-3.799164
4998,Avenida de Miravalles,El Plantío,Moncloa - Aravaca,40.469164,-3.801525
4999,Avenida de Nuestra Señora de Begoña,El Plantío,Moncloa - Aravaca,40.468446,-3.810212
5000,Avenida de la Casa Quemada,El Plantío,Moncloa - Aravaca,40.477494,-3.835378
5001,Avenida de la Estación,El Plantío,Moncloa - Aravaca,40.473928,-3.836664
5002,Avenida de la Victoria,El Plantío,Moncloa - Aravaca,40.472358,-3.830503
5003,Avenida de las Vascongadas,El Plantío,Moncloa - Aravaca,40.473918,-3.823275
5004,Calle de Amorebieta,El Plantío,Moncloa - Aravaca,40.468828,-3.807619
5005,Calle de Archanda,El Plantío,Moncloa - Aravaca,40.467143,-3.808204
5006,Calle de Arminza,El Plantío,Moncloa - Aravaca,40.469358,-3.802903
5007,Calle de Aurelio de la Torre,El Plantío,Moncloa - Aravaca,40.473615,-3.829683
5008,Calle de Azpeitia,El Plantío,Moncloa - Aravaca,40.470236,-3.813197
5009,Calle de Barrencalle,El Plantío,Moncloa - Aravaca,40.46879,-3.806404
5010,Calle de Basauri,El Plantío,Moncloa - Aravaca,40.466828,-3.803447
5011,Calle de Berango,El Plantío,Moncloa - Aravaca,40.469883,-3.807593
5012,Calle de Burgohondo,El Plantío,Moncloa - Aravaca,40.473144,-3.833125
5013,Calle de Calvo Sotelo,El Plantío,Moncloa - Aravaca,40.472971,-3.833929
5014,Calle de Cantos Negros,El Plantío,Moncloa - Aravaca,40.475968,-3.833789
5015,Calle de Carlos Dubois,El Plantío,Moncloa - Aravaca,40.471917,-3.825032
5016,Calle de Cimarra,El Plantío,Moncloa - Aravaca,40.472828,-3.827372
5017,Calle de Cuevas del Valle,El Plantío,Moncloa - Aravaca,40.472726,-3.835276
5018,Calle de Deusto,El Plantío,Moncloa - Aravaca,40.470326,-3.806558
5019,Calle de Domingo Garrido,El Plantío,Moncloa - Aravaca,40.469182,-3.819647
5020,Calle de Domingo Álvarez,El Plantío,Moncloa - Aravaca,40.473393,-3.834619
5021,Calle de Durango,El Plantío,Moncloa - Aravaca,40.471213,-3.822451
5022,Calle de Eibar,El Plantío,Moncloa - Aravaca,40.471208,-3.811539
5023,Calle de Elgóibar,El Plantío,Moncloa - Aravaca,40.471525,-3.811446
5024,Calle de Faustino Garijo,El Plantío,Moncloa - Aravaca,40.472274,-3.825449
5025,Calle de Federico Agustí,El Plantío,Moncloa - Aravaca,40.473931,-3.832092
5026,Calle de Federico Oriol,El Plantío,Moncloa - Aravaca,40.473058,-3.8359
5027,Calle de Fernando Oriol,El Plantío,Moncloa - Aravaca,40.473847,-3.835419
5028,Calle de Gerda Taro,El Plantío,Moncloa - Aravaca,40.470122,-3.821958
5029,Calle de Ginés Navarro,El Plantío,Moncloa - Aravaca,40.472978,-3.828874
5030,Calle de Gobelas,El Plantío,Moncloa - Aravaca,40.472622,-3.822564
5031,Calle de Guecho,El Plantío,Moncloa - Aravaca,40.474289,-3.8201
5032,Calle de Guernica,El Plantío,Moncloa - Aravaca,40.472167,-3.811974
5033,Calle de Ibaiondo,El Plantío,Moncloa - Aravaca,40.472006,-3.817236
5034,Calle de Izarra,El Plantío,Moncloa - Aravaca,40.466879,-3.806671
5035,Calle de José Lombana Iglesias,El Plantío,Moncloa - Aravaca,40.471989,-3.826956
5036,Calle de Lamiaco,El Plantío,Moncloa - Aravaca,40.474318,-3.824026
5037,Calle de Lasarte,El Plantío,Moncloa - Aravaca,40.470511,-3.812353
5038,Calle de Lequeitio,El Plantío,Moncloa - Aravaca,40.468865,-3.811918
5039,Calle de Martín Pescador,El Plantío,Moncloa - Aravaca,40.468642,-3.818444
5040,Calle de Mondragón,El Plantío,Moncloa - Aravaca,40.469376,-3.808379
5041,Calle de Montero Calvo,El Plantío,Moncloa - Aravaca,40.472256,-3.826178
5042,Calle de Motrico,El Plantío,Moncloa - Aravaca,40.469271,-3.813703
5043,Calle de Navasecas,El Plantío,Moncloa - Aravaca,40.47651,-3.836638
5044,Calle de Ochandiano,El Plantío,Moncloa - Aravaca,40.468586,-3.817542
5045,Calle de Ondárroa,El Plantío,Moncloa - Aravaca,40.469892,-3.817036
5046,Calle de Peñalara de Aravaca,El Plantío,Moncloa - Aravaca,40.460897,-3.800108
5047,Calle de Pilar Andrade,El Plantío,Moncloa - Aravaca,40.470131,-3.820819
5048,Calle de Portalena,El Plantío,Moncloa - Aravaca,40.468994,-3.802011
5049,Calle de Rafael Botí,El Plantío,Moncloa - Aravaca,40.463072,-3.802906
5050,Calle de Rafael Villa,El Plantío,Moncloa - Aravaca,40.470947,-3.823419
5051,Calle de Rentería,El Plantío,Moncloa - Aravaca,40.468144,-3.808842
5052,Calle de Sagitario,El Plantío,Moncloa - Aravaca,40.464814,-3.801212
5053,Calle de Sainz de la Calleja,El Plantío,Moncloa - Aravaca,40.470797,-3.824086
5054,Calle de Segundo Anca,El Plantío,Moncloa - Aravaca,40.470258,-3.822764
5055,Calle de Sodupe,El Plantío,Moncloa - Aravaca,40.469967,-3.812608
5056,Calle de Somera,El Plantío,Moncloa - Aravaca,40.468192,-3.804114
5057,Calle de Sopelana,El Plantío,Moncloa - Aravaca,40.468144,-3.811967
5058,Calle de Walman,El Plantío,Moncloa - Aravaca,40.471694,-3.824411
5059,Calle de Zarauz,El Plantío,Moncloa - Aravaca,40.470175,-3.814231
5060,Calle de Zugazarte,El Plantío,Moncloa - Aravaca,40.472688,-3.819124
5061,Calle de Zumaya,El Plantío,Moncloa - Aravaca,40.469107,-3.803383
5062,Calle de Zumárraga,El Plantío,Moncloa - Aravaca,40.470672,-3.814872
5063,Calle de el Goloso,El Plantío,Moncloa - Aravaca,40.477031,-3.832814
5064,Calle de la Venta Vieja,El Plantío,Moncloa - Aravaca,40.476156,-3.830567
5065,Calle de la Virgen de los Olmos,El Plantío,Moncloa - Aravaca,40.469468,-3.820589
5066,Calle de los Paradores,El Plantío,Moncloa - Aravaca,40.477331,-3.830881
5067,Calle de Álvaro Caballero,El Plantío,Moncloa - Aravaca,40.473197,-3.834522
5068,Calle del Musgo,El Plantío,Moncloa - Aravaca,40.46714,-3.801546
5069,Carretera Particular de la Escorzonera,El Plantío,Moncloa - Aravaca,40.465986,-3.821947
5070,Carretera de la Estación,El Plantío,Moncloa - Aravaca,40.472089,-3.8307
5071,Carretera del Monte del Pilar,El Plantío,Moncloa - Aravaca,40.467794,-3.830914
5072,Glorieta de Gordejuela,El Plantío,Moncloa - Aravaca,40.46749,-3.806497
5073,Plaza de San Ignacio de Loyola,El Plantío,Moncloa - Aravaca,40.47075,-3.809264
5074,Avenida de Valdemarín,Valdemarín,Moncloa - Aravaca,40.468778,-3.782789
5075,Calle de Aguarón,Valdemarín,Moncloa - Aravaca,40.465494,-3.791628
5076,Calle de Altair,Valdemarín,Moncloa - Aravaca,40.471006,-3.782606
5077,Calle de Alto Campoo,Valdemarín,Moncloa - Aravaca,40.463469,-3.771567
5078,Calle de Amurrio,Valdemarín,Moncloa - Aravaca,40.464704,-3.780057
5079,Calle de Arenas y Navarro,Valdemarín,Moncloa - Aravaca,40.468553,-3.797214
5080,Calle de Argentona,Valdemarín,Moncloa - Aravaca,40.463696,-3.768169
5081,Calle de Arteijo,Valdemarín,Moncloa - Aravaca,40.463594,-3.779475
5082,Calle de Astún,Valdemarín,Moncloa - Aravaca,40.46615,-3.775206
5083,Calle de Bermeo,Valdemarín,Moncloa - Aravaca,40.467861,-3.77745
5084,Calle de Blanca de Castilla,Valdemarín,Moncloa - Aravaca,40.465875,-3.783692
5085,Calle de Cabeza Líjar,Valdemarín,Moncloa - Aravaca,40.469058,-3.779142
5086,Calle de Cabeza de Manzaneda,Valdemarín,Moncloa - Aravaca,40.464168,-3.781951
5087,Calle de Carlos San José,Valdemarín,Moncloa - Aravaca,40.464599,-3.782422
5088,Calle de Casiopea,Valdemarín,Moncloa - Aravaca,40.468975,-3.792486
5089,Calle de Cercis,Valdemarín,Moncloa - Aravaca,40.467547,-3.764403
5090,Calle de Cerler,Valdemarín,Moncloa - Aravaca,40.463154,-3.765522
5091,Calle de Darío Aparicio,Valdemarín,Moncloa - Aravaca,40.467331,-3.766994
5092,Calle de Evangelina Sobredo Galanes,Valdemarín,Moncloa - Aravaca,40.464156,-3.776375
5093,Calle de Formigal,Valdemarín,Moncloa - Aravaca,40.464383,-3.773089
5094,Calle de Ganímedes,Valdemarín,Moncloa - Aravaca,40.46849,-3.779831
5095,Calle de Jimena Menéndez Pidal,Valdemarín,Moncloa - Aravaca,40.470692,-3.765331
5096,Calle de José Bastos,Valdemarín,Moncloa - Aravaca,40.471949,-3.787396
5097,Calle de Leitariegos,Valdemarín,Moncloa - Aravaca,40.463356,-3.767458
5098,Calle de Miguel Gila,Valdemarín,Moncloa - Aravaca,40.466067,-3.790344
5099,Calle de Navas de Oro,Valdemarín,Moncloa - Aravaca,40.47236,-3.773461
5100,Calle de Proción,Valdemarín,Moncloa - Aravaca,40.466628,-3.800189
5101,Calle de Puente Viesgo,Valdemarín,Moncloa - Aravaca,40.468039,-3.793328
5102,Calle de Tapia de Casariego,Valdemarín,Moncloa - Aravaca,40.465706,-3.773522
5103,Calle de Torreadrada,Valdemarín,Moncloa - Aravaca,40.472461,-3.77445
5104,Calle de Valcotos,Valdemarín,Moncloa - Aravaca,40.466853,-3.774919
5105,Calle de Valdelinares,Valdemarín,Moncloa - Aravaca,40.469689,-3.767971
5106,Calle de Valdesquí,Valdemarín,Moncloa - Aravaca,40.464131,-3.772017
5107,Calle de Valdezcaray,Valdemarín,Moncloa - Aravaca,40.469217,-3.772125
5108,Calle de la Cabellera de Berenice,Valdemarín,Moncloa - Aravaca,40.471385,-3.783294
5109,Calle de la Fuente del Molino,Valdemarín,Moncloa - Aravaca,40.472818,-3.772097
5110,Calle de la Laguna de los Pájaros,Valdemarín,Moncloa - Aravaca,40.471489,-3.788661
5111,Calle de la Loma de los Bailanderos,Valdemarín,Moncloa - Aravaca,40.473092,-3.78155
5112,Calle de la Peña del Yelmo,Valdemarín,Moncloa - Aravaca,40.470539,-3.784317
5113,Calle de la Salle,Valdemarín,Moncloa - Aravaca,40.467133,-3.78345
5114,Calle de la Sierra de Pajarejo,Valdemarín,Moncloa - Aravaca,40.466975,-3.797131
5115,Calle de la Sierra de Peña Negra,Valdemarín,Moncloa - Aravaca,40.468082,-3.799206
5116,Calle de la Sierra de Puerto Viejo,Valdemarín,Moncloa - Aravaca,40.46686,-3.799026
5117,Calle de las Viñas de el Pardo,Valdemarín,Moncloa - Aravaca,40.472774,-3.768457
5118,Calle del Abeto,Valdemarín,Moncloa - Aravaca,40.465911,-3.789469
5119,Calle del Auriga,Valdemarín,Moncloa - Aravaca,40.467893,-3.779207
5120,Calle del Cabo Cañaveral,Valdemarín,Moncloa - Aravaca,40.465286,-3.765236
5121,Calle del Cerro San Pedro,Valdemarín,Moncloa - Aravaca,40.472425,-3.776631
5122,Calle del Cisne,Valdemarín,Moncloa - Aravaca,40.468833,-3.778061
5123,Calle del Montón de Trigo,Valdemarín,Moncloa - Aravaca,40.471036,-3.775472
5124,Calle del Níscalo,Valdemarín,Moncloa - Aravaca,40.466642,-3.765081
5125,Calle del Pico Almenara,Valdemarín,Moncloa - Aravaca,40.473069,-3.777608
5126,Calle del Pico de la Golondrina,Valdemarín,Moncloa - Aravaca,40.470758,-3.785172
5127,Calle del Portillo de el Pardo,Valdemarín,Moncloa - Aravaca,40.473694,-3.770914
5128,Calle del Príncipe de Viana,Valdemarín,Moncloa - Aravaca,40.469299,-3.799036
5129,Calle del Puerto de Fuenfría,Valdemarín,Moncloa - Aravaca,40.473408,-3.777647
5130,Calle del Valle de Toranzo,Valdemarín,Moncloa - Aravaca,40.467742,-3.795076
5131,Camino de la Zarzuela,Valdemarín,Moncloa - Aravaca,40.465642,-3.788264
5132,Camino del Lavadero,Valdemarín,Moncloa - Aravaca,40.465233,-3.776603
5133,Travesía de Ganímedes,Valdemarín,Moncloa - Aravaca,40.469272,-3.779817
5134,Avenida de Juan Andrés,Valdezarza,Moncloa - Aravaca,40.469108,-3.722949
5135,Avenida del Santo Ángel de la Guarda,Valdezarza,Moncloa - Aravaca,40.459813,-3.712644
5136,Calle de Adrián Andrés,Valdezarza,Moncloa - Aravaca,40.469781,-3.723831
5137,Calle de Aguilafuente,Valdezarza,Moncloa - Aravaca,40.463322,-3.710232
5138,Calle de Aguilar de Campoo,Valdezarza,Moncloa - Aravaca,40.463314,-3.718762
5139,Calle de Alesanco,Valdezarza,Moncloa - Aravaca,40.4619,-3.709906
5140,Calle de Almorox,Valdezarza,Moncloa - Aravaca,40.463686,-3.711886
5141,Calle de Altea,Valdezarza,Moncloa - Aravaca,40.46366,-3.715664
5142,Calle de Antonio Machado,Valdezarza,Moncloa - Aravaca,40.466275,-3.719726
5143,Calle de Arciniega,Valdezarza,Moncloa - Aravaca,40.464304,-3.715354
5144,Calle de Armenteros,Valdezarza,Moncloa - Aravaca,40.464072,-3.712781
5145,Calle de Artajona,Valdezarza,Moncloa - Aravaca,40.463997,-3.717836
5146,Calle de Azuaga,Valdezarza,Moncloa - Aravaca,40.4631,-3.711178
5147,Calle de Bernardo Bonezzi,Valdezarza,Moncloa - Aravaca,40.460025,-3.710946
5148,Calle de Doroteo Benache,Valdezarza,Moncloa - Aravaca,40.46539,-3.715449
5149,Calle de Emerenciana Zurilla,Valdezarza,Moncloa - Aravaca,40.466803,-3.713917
5150,Calle de Encarnación Andrés,Valdezarza,Moncloa - Aravaca,40.470142,-3.723636
5151,Calle de Federico Carlos Sainz de Robles,Valdezarza,Moncloa - Aravaca,40.465588,-3.721925
5152,Calle de Francisco Andrés,Valdezarza,Moncloa - Aravaca,40.469078,-3.7232
5153,Calle de Gerardo Sainz,Valdezarza,Moncloa - Aravaca,40.469628,-3.723356
5154,Calle de José Romero,Valdezarza,Moncloa - Aravaca,40.459531,-3.710631
5155,Calle de Luis Pernas,Valdezarza,Moncloa - Aravaca,40.468529,-3.714883
5156,Calle de Luisa Andrés,Valdezarza,Moncloa - Aravaca,40.468094,-3.723631
5157,Calle de Magdalena Díaz,Valdezarza,Moncloa - Aravaca,40.471617,-3.723908
5158,Calle de Nueva Zelanda,Valdezarza,Moncloa - Aravaca,40.465929,-3.723889
5159,Calle de Ochagavía,Valdezarza,Moncloa - Aravaca,40.463781,-3.717014
5160,Calle de Ofelia Nieto,Valdezarza,Moncloa - Aravaca,40.460397,-3.709547
5161,Calle de Regina Álvarez,Valdezarza,Moncloa - Aravaca,40.470911,-3.723844
5162,Calle de Ruperto Andrés,Valdezarza,Moncloa - Aravaca,40.467564,-3.723592
5163,Calle de San César,Valdezarza,Moncloa - Aravaca,40.459093,-3.710924
5164,Calle de San Gerardo,Valdezarza,Moncloa - Aravaca,40.468278,-3.722231
5165,Calle de San Restituto,Valdezarza,Moncloa - Aravaca,40.465022,-3.713519
5166,Calle de Serafín Ramírez,Valdezarza,Moncloa - Aravaca,40.466669,-3.713361
5167,Calle de Sánchez Preciado,Valdezarza,Moncloa - Aravaca,40.460367,-3.710996
5168,Calle de Valderrey,Valdezarza,Moncloa - Aravaca,40.467783,-3.720336
5169,Calle de Valderrodrigo,Valdezarza,Moncloa - Aravaca,40.469646,-3.720046
5170,Calle de Valderromán,Valdezarza,Moncloa - Aravaca,40.470664,-3.721842
5171,Calle de Valdesangil,Valdezarza,Moncloa - Aravaca,40.468633,-3.716872
5172,Calle de Valdevarnes,Valdezarza,Moncloa - Aravaca,40.468589,-3.718247
5173,Calle de Valdeverdeja,Valdezarza,Moncloa - Aravaca,40.46729,-3.715904
5174,Calle de Valldemosa,Valdezarza,Moncloa - Aravaca,40.465492,-3.711136
5175,Calle de la Aurora,Valdezarza,Moncloa - Aravaca,40.465458,-3.722617
5176,Calle de la Isla Cristina,Valdezarza,Moncloa - Aravaca,40.470419,-3.725383
5177,Calle de la Isla de Long,Valdezarza,Moncloa - Aravaca,40.463692,-3.716306
5178,Calle de la Isla de Nelson,Valdezarza,Moncloa - Aravaca,40.466011,-3.723183
5179,Calle de las Islas Almirantes,Valdezarza,Moncloa - Aravaca,40.465561,-3.714499
5180,Calle de las Islas Bisagos,Valdezarza,Moncloa - Aravaca,40.467847,-3.715536
5181,Calle del Alcalde Martín de Alzaga,Valdezarza,Moncloa - Aravaca,40.463129,-3.716351
5182,Calle del General Cadenas Campos,Valdezarza,Moncloa - Aravaca,40.461593,-3.713793
5183,Calle del Valle de Ansó,Valdezarza,Moncloa - Aravaca,40.465736,-3.712258
5184,Calle del Valle de Añisclo,Valdezarza,Moncloa - Aravaca,40.468694,-3.715363
5185,Calle del Valle de Belagua,Valdezarza,Moncloa - Aravaca,40.464989,-3.710811
5186,Calle del Valle de Bergantiños,Valdezarza,Moncloa - Aravaca,40.46829,-3.71509
5187,Calle del Valle de Cachemira,Valdezarza,Moncloa - Aravaca,40.466014,-3.71295
5188,Calle del Valle de Cardos,Valdezarza,Moncloa - Aravaca,40.466683,-3.712436
5189,Calle del Valle del Baztán,Valdezarza,Moncloa - Aravaca,40.46641,-3.712972
5190,Calle del Valle del Silencio,Valdezarza,Moncloa - Aravaca,40.468975,-3.714783
5191,Paseo de la Maestra María Sánchez Arbós,Valdezarza,Moncloa - Aravaca,40.459725,-3.714167
5192,Plaza de Alcira,Valdezarza,Moncloa - Aravaca,40.463728,-3.714569
5193,Plaza de los Ángeles Custodios,Valdezarza,Moncloa - Aravaca,40.460936,-3.713958
5194,Travesía de Sánchez Preciado,Valdezarza,Moncloa - Aravaca,40.45975,-3.710883
5195,Calle de Manuel María Arrillaga,Fontarrón,Moratalaz,40.407094,-3.660747
5196,Calle de la Encomienda de Palacios,Fontarrón,Moratalaz,40.399674,-3.641489
5197,Calle de la Hacienda de Pavones,Fontarrón,Moratalaz,40.402808,-3.64194
5198,Calle de la Tacona,Fontarrón,Moratalaz,40.397789,-3.641108
5199,Calle del Arroyo Fontarrón,Fontarrón,Moratalaz,40.3976,-3.6434
5200,Calle del Corregidor Alonso de Tobar,Fontarrón,Moratalaz,40.403622,-3.648586
5201,Calle del Corregidor Juan Francisco de Luján,Fontarrón,Moratalaz,40.402244,-3.647475
5202,Calle de Ankara,Horcajo,Moratalaz,40.409475,-3.627703
5203,Calle de Brujas,Horcajo,Moratalaz,40.404814,-3.626436
5204,Calle de Flandes,Horcajo,Moratalaz,40.408647,-3.628994
5205,Calle de Laponia,Horcajo,Moratalaz,40.405289,-3.626893
5206,Calle de Lyon,Horcajo,Moratalaz,40.40801,-3.628294
5207,Calle de Monfrague,Horcajo,Moratalaz,40.405944,-3.631906
5208,Calle de Montpellier,Horcajo,Moratalaz,40.404911,-3.630953
5209,Calle de Munich,Horcajo,Moratalaz,40.405831,-3.627153
5210,Calle de Rabat,Horcajo,Moratalaz,40.408783,-3.627533
5211,Calle de Timanfaya,Horcajo,Moratalaz,40.408681,-3.629924
5212,Calle de Valonia,Horcajo,Moratalaz,40.404969,-3.630019
5213,Calle de la Ciudad Encantada,Horcajo,Moratalaz,40.407676,-3.626407
5214,Calle de la Costa Blanca,Horcajo,Moratalaz,40.407536,-3.628538
5215,Calle de la Fuente Carrantona,Horcajo,Moratalaz,40.406986,-3.631969
5216,Calle de la Laguna Negra,Horcajo,Moratalaz,40.405003,-3.630018
5217,Calle de la Provenza,Horcajo,Moratalaz,40.405454,-3.630324
5218,Calle de la Riviera,Horcajo,Moratalaz,40.406318,-3.628928
5219,Calle del Cañón del Río Lobos,Horcajo,Moratalaz,40.406461,-3.630764
5220,Avenida del Doctor García Tapia,Marroquina,Moratalaz,40.408854,-3.637093
5221,Calle de Antonio Cumella,Marroquina,Moratalaz,40.41015,-3.636453
5222,Calle de Augusto González Besada,Marroquina,Moratalaz,40.409747,-3.643068
5223,Calle de Florencio Cano Cristóbal,Marroquina,Moratalaz,40.409281,-3.632658
5224,Calle de Fobos,Marroquina,Moratalaz,40.409667,-3.634561
5225,Calle de José Bergamín,Marroquina,Moratalaz,40.411158,-3.636975
5226,Calle de Mario Cabre,Marroquina,Moratalaz,40.406775,-3.635775
5227,Calle de Molina de Segura,Marroquina,Moratalaz,40.406506,-3.637549
5228,Calle de Mérida,Marroquina,Moratalaz,40.40669,-3.63481
5229,Calle de Oberón,Marroquina,Moratalaz,40.405792,-3.635228
5230,Calle de el Paular,Marroquina,Moratalaz,40.409328,-3.631135
5231,Calle de la Ciudad de Águilas,Marroquina,Moratalaz,40.409692,-3.631625
5232,Calle de la Marroquina,Marroquina,Moratalaz,40.40846,-3.647986
5233,Calle del Arroyo Belincoso,Marroquina,Moratalaz,40.409486,-3.652192
5234,Calle del Arroyo de las Pilillas,Marroquina,Moratalaz,40.406958,-3.652106
5235,Calle del Corregidor José de Pasamonte,Marroquina,Moratalaz,40.410742,-3.647674
5236,Calle del Corregidor Señor de la Elipa,Marroquina,Moratalaz,40.410942,-3.650564
5237,Camino Antiguo Viejo de Vicálvaro,Marroquina,Moratalaz,40.413575,-3.649628
5238,Pasaje de Ambite,Marroquina,Moratalaz,40.409075,-3.632561
5239,Pasaje de Anchuelo,Marroquina,Moratalaz,40.406076,-3.637022
5240,Pasaje de Chinchón,Marroquina,Moratalaz,40.406374,-3.63726
5241,Pasaje de Cobeña,Marroquina,Moratalaz,40.406826,-3.632694
5242,Pasaje de Orusco,Marroquina,Moratalaz,40.408844,-3.631411
5243,Pasaje de Tielmes,Marroquina,Moratalaz,40.405443,-3.636658
5244,Pasaje de Valdilecha,Marroquina,Moratalaz,40.405087,-3.63589
5245,Pasaje de Villaconejos,Marroquina,Moratalaz,40.409996,-3.630586
5246,Pasaje de Villalbilla,Marroquina,Moratalaz,40.405408,-3.633989
5247,Pasaje de la Poveda,Marroquina,Moratalaz,40.410339,-3.631604
5248,Acceso al Parque de la Elipa,Media Legua,Moratalaz,40.416438,-3.656322
5249,Calle Entre Arroyos,Media Legua,Moratalaz,40.407775,-3.655056
5250,Calle de Alfredo Brañas,Media Legua,Moratalaz,40.411992,-3.657297
5251,Calle de Carmen Amaya,Media Legua,Moratalaz,40.411986,-3.656161
5252,Calle de Eugenio D'ors,Media Legua,Moratalaz,40.411831,-3.656653
5253,Calle de Félix Rodríguez de la Fuente,Media Legua,Moratalaz,40.415461,-3.657908
5254,Calle de José del Prado y Palacio,Media Legua,Moratalaz,40.409919,-3.6539
5255,Calle de Lituania,Media Legua,Moratalaz,40.409342,-3.661585
5256,Calle de Manuel Machado,Media Legua,Moratalaz,40.413225,-3.659378
5257,Calle de Ramón Areces,Media Legua,Moratalaz,40.409319,-3.662458
5258,Calle de la Primavera de Praga,Media Legua,Moratalaz,40.411403,-3.656194
5259,Calle del Alcalde Garrido Juaristi,Media Legua,Moratalaz,40.413925,-3.655936
5260,Calle del Alcalde Luis Marichalar,Media Legua,Moratalaz,40.411519,-3.658831
5261,Calle del Arroyo de la Media Legua,Media Legua,Moratalaz,40.409647,-3.656519
5262,Calle del Corregidor Diego Cabeza de Vaca,Media Legua,Moratalaz,40.409742,-3.654536
5263,Calle del Corregidor Diego de Valderrábano,Media Legua,Moratalaz,40.411867,-3.659119
5264,Calle del Corregidor Mendo de Zúñiga,Media Legua,Moratalaz,40.409583,-3.657543
5265,Calle del Corregidor Rodrigo Rodríguez,Media Legua,Moratalaz,40.408512,-3.658822
5266,Calle del General Juan Van-halen,Media Legua,Moratalaz,40.411742,-3.656275
5267,Plaza del Corregidor Alonso de Aguilar,Media Legua,Moratalaz,40.407282,-3.657831
5268,Plaza del Corregidor Sancho de Córdoba,Media Legua,Moratalaz,40.407767,-3.652556
5269,Plaza del Encuentro,Media Legua,Moratalaz,40.405836,-3.651589
5270,Calle de Atenas,Pavones,Moratalaz,40.403129,-3.626979
5271,Calle de Damasco,Pavones,Moratalaz,40.401422,-3.627969
5272,Calle de Florencia,Pavones,Moratalaz,40.401821,-3.627682
5273,Calle de Túnez,Pavones,Moratalaz,40.400814,-3.628258
5274,Calle de Valdebernardo,Pavones,Moratalaz,40.402132,-3.631871
5275,Calle de Verona,Pavones,Moratalaz,40.402836,-3.627244
5276,Calle de el Cairo,Pavones,Moratalaz,40.404006,-3.627142
5277,Calle del Templo,Pavones,Moratalaz,40.400821,-3.630618
5278,Avenida de Moratalaz,Vinateros,Moratalaz,40.406946,-3.649233
5279,Calle de Luis de Hoyos Sainz,Vinateros,Moratalaz,40.403322,-3.635749
5280,Calle de la Cañada,Vinateros,Moratalaz,40.404944,-3.644218
5281,Calle del Camino de los Vinateros,Vinateros,Moratalaz,40.408144,-3.646388
5282,Calle del Corregidor Juan de Bobadilla,Vinateros,Moratalaz,40.407856,-3.642543
5283,Calle del Pico de los Artilleros,Vinateros,Moratalaz,40.404893,-3.641278
5284,Avenida Entrevías,Entrevías,Puente de Vallecas,40.379158,-3.665664
5285,Avenida de Joaquín Garrigues Walker,Entrevías,Puente de Vallecas,40.373011,-3.661954
5286,Avenida de Santa Catalina-entrevías,Entrevías,Puente de Vallecas,40.373458,-3.677251
5287,Avenida de la Innovación,Entrevías,Puente de Vallecas,40.365089,-3.667669
5288,Avenida de las Glorietas,Entrevías,Puente de Vallecas,40.373462,-3.660317
5289,Avenida del Conocimiento,Entrevías,Puente de Vallecas,40.366842,-3.665415
5290,Calle Ciento Siete,Entrevías,Puente de Vallecas,40.364506,-3.672142
5291,Calle de Alcores,Entrevías,Puente de Vallecas,40.376536,-3.666628
5292,Calle de Aljarafe,Entrevías,Puente de Vallecas,40.374378,-3.664608
5293,Calle de Almuradiel,Entrevías,Puente de Vallecas,40.379467,-3.673593
5294,Calle de Andévalo,Entrevías,Puente de Vallecas,40.37436,-3.668092
5295,Calle de Avelino Fernández de la Poza,Entrevías,Puente de Vallecas,40.384344,-3.6732
5296,Calle de Benamejí,Entrevías,Puente de Vallecas,40.378628,-3.667589
5297,Calle de Bohonal,Entrevías,Puente de Vallecas,40.380065,-3.676139
5298,Calle de Bolaños,Entrevías,Puente de Vallecas,40.382465,-3.675074
5299,Calle de Buendía,Entrevías,Puente de Vallecas,40.382464,-3.671364
5300,Calle de Bélmez,Entrevías,Puente de Vallecas,40.378169,-3.672472
5301,Calle de Calero Pita,Entrevías,Puente de Vallecas,40.381794,-3.671121
5302,Calle de Campillo de Arenas,Entrevías,Puente de Vallecas,40.375635,-3.666408
5303,Calle de Cardeña,Entrevías,Puente de Vallecas,40.379928,-3.669586
5304,Calle de Cardeñosa,Entrevías,Puente de Vallecas,40.383472,-3.671911
5305,Calle de Cazorla,Entrevías,Puente de Vallecas,40.377174,-3.666396
5306,Calle de Concejo de Teverga,Entrevías,Puente de Vallecas,40.385111,-3.673558
5307,Calle de Esteban Carros,Entrevías,Puente de Vallecas,40.372306,-3.658636
5308,Calle de Guadalcázar,Entrevías,Puente de Vallecas,40.380419,-3.668989
5309,Calle de Guarromán,Entrevías,Puente de Vallecas,40.374681,-3.664961
5310,Calle de Hernández Mas,Entrevías,Puente de Vallecas,40.381467,-3.6699
5311,Calle de Hornachos,Entrevías,Puente de Vallecas,40.3736,-3.668983
5312,Calle de Huesa,Entrevías,Puente de Vallecas,40.375078,-3.667881
5313,Calle de Ibros,Entrevías,Puente de Vallecas,40.375797,-3.665933
5314,Calle de Lele del Pozo,Entrevías,Puente de Vallecas,40.372808,-3.661306
5315,Calle de Martos,Entrevías,Puente de Vallecas,40.375933,-3.662358
5316,Calle de Membezar,Entrevías,Puente de Vallecas,40.377947,-3.671181
5317,Calle de Mestanza,Entrevías,Puente de Vallecas,40.381417,-3.674297
5318,Calle de Miguel de la Roca,Entrevías,Puente de Vallecas,40.382814,-3.671292
5319,Calle de Montiel,Entrevías,Puente de Vallecas,40.380958,-3.673003
5320,Calle de Montánchez,Entrevías,Puente de Vallecas,40.374625,-3.669261
5321,Calle de Mudela,Entrevías,Puente de Vallecas,40.379453,-3.677794
5322,Calle de Peal,Entrevías,Puente de Vallecas,40.377835,-3.664893
5323,Calle de Pedroches,Entrevías,Puente de Vallecas,40.378218,-3.668533
5324,Calle de Peironcely,Entrevías,Puente de Vallecas,40.381403,-3.670689
5325,Calle de Peñarroya,Entrevías,Puente de Vallecas,40.378433,-3.670672
5326,Calle de Pozohalcón,Entrevías,Puente de Vallecas,40.377444,-3.666038
5327,Calle de Rafael Marcote,Entrevías,Puente de Vallecas,40.381253,-3.670369
5328,Calle de Ruidera,Entrevías,Puente de Vallecas,40.380386,-3.674775
5329,Calle de Sabiote,Entrevías,Puente de Vallecas,40.374971,-3.665393
5330,Calle de Santa Rafaela María del Sagrado Corazón,Entrevías,Puente de Vallecas,40.379828,-3.672142
5331,Calle de Timoteo Pérez Rubio,Entrevías,Puente de Vallecas,40.384871,-3.674976
5332,Calle de Tiscar,Entrevías,Puente de Vallecas,40.377883,-3.665586
5333,Calle de Torreperogil,Entrevías,Puente de Vallecas,40.376883,-3.667231
5334,Calle de Vedra,Entrevías,Puente de Vallecas,40.376967,-3.664622
5335,Calle de Vilches,Entrevías,Puente de Vallecas,40.376247,-3.664008
5336,Calle de Villacarrillo,Entrevías,Puente de Vallecas,40.376197,-3.662939
5337,Calle de Villarta,Entrevías,Puente de Vallecas,40.378836,-3.6766
5338,Calle de Villuercas,Entrevías,Puente de Vallecas,40.374842,-3.667189
5339,Calle de Yuste,Entrevías,Puente de Vallecas,40.375972,-3.668757
5340,Calle de la Campiña,Entrevías,Puente de Vallecas,40.377746,-3.668972
5341,Calle de la Cooperativa Eléctrica,Entrevías,Puente de Vallecas,40.374225,-3.658606
5342,Calle de la Lagartera,Entrevías,Puente de Vallecas,40.380839,-3.672429
5343,Calle de la Mancha,Entrevías,Puente de Vallecas,40.381083,-3.669553
5344,Calle de la Mejorana,Entrevías,Puente de Vallecas,40.384054,-3.672818
5345,Calle de la Reguera de Tomateros,Entrevías,Puente de Vallecas,40.371786,-3.657869
5346,Calle de la Santanderina,Entrevías,Puente de Vallecas,40.373906,-3.658817
5347,Calle de la Serena,Entrevías,Puente de Vallecas,40.378193,-3.667318
5348,Calle de la Sierra de Albarracín,Entrevías,Puente de Vallecas,40.385478,-3.671386
5349,Calle de la Sierra de Contraviesa,Entrevías,Puente de Vallecas,40.383122,-3.671414
5350,Calle de los Andaluces del Pozo,Entrevías,Puente de Vallecas,40.37155,-3.659992
5351,Calle de los Barros,Entrevías,Puente de Vallecas,40.376051,-3.667544
5352,Calle de los Vecinos del Pozo,Entrevías,Puente de Vallecas,40.375131,-3.659644
5353,Calle del Cabo Machichaco,Entrevías,Puente de Vallecas,40.372544,-3.660975
5354,Calle del Cabo de Creus,Entrevías,Puente de Vallecas,40.374619,-3.658114
5355,Calle del Cabo de Tarifa,Entrevías,Puente de Vallecas,40.370696,-3.660578
5356,Calle del Carburo,Entrevías,Puente de Vallecas,40.374424,-3.660915
5357,Calle del Cerro de la Alcazaba,Entrevías,Puente de Vallecas,40.383764,-3.672333
5358,Calle del Conde Rodríguez San Pedro,Entrevías,Puente de Vallecas,40.384194,-3.671462
5359,Calle del Depósito del Agua,Entrevías,Puente de Vallecas,40.37536,-3.660339
5360,Calle del Ibor,Entrevías,Puente de Vallecas,40.373525,-3.670083
5361,Calle del Najarra,Entrevías,Puente de Vallecas,40.375117,-3.659058
5362,Calle del Padre Llanos,Entrevías,Puente de Vallecas,40.375036,-3.657735
5363,Plaza de Montiel,Entrevías,Puente de Vallecas,40.380481,-3.672849
5364,Plaza de la Tecnología,Entrevías,Puente de Vallecas,40.363218,-3.670856
5365,Plaza de las Regiones,Entrevías,Puente de Vallecas,40.3797,-3.670589
5366,Plaza del Pozo del Tío Raimundo,Entrevías,Puente de Vallecas,40.372401,-3.659692
5367,Ronda Sur,Entrevías,Puente de Vallecas,40.376576,-3.671203
5368,Avenida de la Albufera,Numancia,Puente de Vallecas,40.3931,-3.659283
5369,Avenida de la Peña Prieta,Numancia,Puente de Vallecas,40.401215,-3.665629
5370,Calle de Alfonso Xiii,Numancia,Puente de Vallecas,40.401504,-3.663383
5371,Calle de Almonacid,Numancia,Puente de Vallecas,40.396238,-3.65959
5372,Calle de Amadeo I,Numancia,Puente de Vallecas,40.403292,-3.657039
5373,Calle de Ascensión Bielsa,Numancia,Puente de Vallecas,40.397783,-3.661703
5374,Calle de Aurora Iglesias,Numancia,Puente de Vallecas,40.399285,-3.665903
5375,Calle de Baltasar Santos,Numancia,Puente de Vallecas,40.402381,-3.657947
5376,Calle de Boada,Numancia,Puente de Vallecas,40.394343,-3.6539
5377,Calle de Brígida Alonso,Numancia,Puente de Vallecas,40.396561,-3.661339
5378,Calle de Bustos,Numancia,Puente de Vallecas,40.397794,-3.666307
5379,Calle de Cantalapiedra,Numancia,Puente de Vallecas,40.392317,-3.655311
5380,Calle de Castalia de Vallecas,Numancia,Puente de Vallecas,40.393472,-3.657594
5381,Calle de Cecilio Perucha,Numancia,Puente de Vallecas,40.397097,-3.664103
5382,Calle de Dolores Folgueras,Numancia,Puente de Vallecas,40.392994,-3.657767
5383,Calle de Emilio Ortuño,Numancia,Puente de Vallecas,40.398622,-3.665881
5384,Calle de Enrique Velasco,Numancia,Puente de Vallecas,40.395742,-3.660528
5385,Calle de Eugenio Zubía,Numancia,Puente de Vallecas,40.40031,-3.665065
5386,Calle de Felipe Fraile,Numancia,Puente de Vallecas,40.397179,-3.665956
5387,Calle de Fernando Giráldez,Numancia,Puente de Vallecas,40.400496,-3.662029
5388,Calle de Fernando Pastor,Numancia,Puente de Vallecas,40.402762,-3.657786
5389,Calle de Francisco Iglesias,Numancia,Puente de Vallecas,40.398654,-3.664788
5390,Calle de Gerardo Rueda,Numancia,Puente de Vallecas,40.399969,-3.665525
5391,Calle de González Soto,Numancia,Puente de Vallecas,40.400464,-3.66334
5392,Calle de Gutiérrez Sañudo,Numancia,Puente de Vallecas,40.402654,-3.656499
5393,Calle de Isabel Méndez,Numancia,Puente de Vallecas,40.397321,-3.662057
5394,Calle de Jesús Carrizo,Numancia,Puente de Vallecas,40.403514,-3.658175
5395,Calle de Josefa Díaz,Numancia,Puente de Vallecas,40.393682,-3.6581
5396,Calle de José Camins,Numancia,Puente de Vallecas,40.398231,-3.666194
5397,Calle de José Paulete,Numancia,Puente de Vallecas,40.394156,-3.656017
5398,Calle de Julio Chellini,Numancia,Puente de Vallecas,40.394644,-3.660561
5399,Calle de Julián del Cerro,Numancia,Puente de Vallecas,40.404192,-3.661769
5400,Calle de Leonor González,Numancia,Puente de Vallecas,40.401006,-3.662721
5401,Calle de López Grass,Numancia,Puente de Vallecas,40.397068,-3.659947
5402,Calle de López Recuero,Numancia,Puente de Vallecas,40.397783,-3.663606
5403,Calle de Manuel Arranz,Numancia,Puente de Vallecas,40.404026,-3.661418
5404,Calle de Manuel Nogueiro,Numancia,Puente de Vallecas,40.39855,-3.66155
5405,Calle de Maruja García Romero,Numancia,Puente de Vallecas,40.401367,-3.655164
5406,Calle de Mendívil,Numancia,Puente de Vallecas,40.399676,-3.664146
5407,Calle de Miguel Palacios,Numancia,Puente de Vallecas,40.401842,-3.66545
5408,Calle de Modesto Alonso,Numancia,Puente de Vallecas,40.396492,-3.661914
5409,Calle de Monleón,Numancia,Puente de Vallecas,40.392378,-3.654831
5410,Calle de Montseny,Numancia,Puente de Vallecas,40.400964,-3.663611
5411,Calle de Nuestra Señora de las Mercedes,Numancia,Puente de Vallecas,40.396692,-3.664547
5412,Calle de Pedro García Méndez,Numancia,Puente de Vallecas,40.397357,-3.661504
5413,Calle de Pilar Nogueiro,Numancia,Puente de Vallecas,40.398714,-3.661353
5414,Calle de Pilar Rueda,Numancia,Puente de Vallecas,40.402528,-3.665158
5415,Calle de Pío Felipe,Numancia,Puente de Vallecas,40.394796,-3.652894
5416,Calle de Ramón Pérez de Ayala,Numancia,Puente de Vallecas,40.399046,-3.652921
5417,Calle de Rogelio Folgueras,Numancia,Puente de Vallecas,40.393783,-3.658861
5418,Calle de Ruzafa,Numancia,Puente de Vallecas,40.403024,-3.658101
5419,Calle de San Florencio,Numancia,Puente de Vallecas,40.404389,-3.660208
5420,Calle de San Valero,Numancia,Puente de Vallecas,40.398567,-3.659708
5421,Calle de San Virgilio,Numancia,Puente de Vallecas,40.395653,-3.662906
5422,Calle de Santa Amalia,Numancia,Puente de Vallecas,40.401939,-3.663567
5423,Calle de Santa Beatriz,Numancia,Puente de Vallecas,40.401914,-3.662936
5424,Calle de Santa Marta,Numancia,Puente de Vallecas,40.402032,-3.661964
5425,Calle de Santa Rosa,Numancia,Puente de Vallecas,40.402147,-3.662786
5426,Calle de Sanz Raso,Numancia,Puente de Vallecas,40.394449,-3.660214
5427,Calle de Sicilia,Numancia,Puente de Vallecas,40.402342,-3.665664
5428,Calle de Venancio Martín,Numancia,Puente de Vallecas,40.397589,-3.660519
5429,Calle de Vicente Bahamonde,Numancia,Puente de Vallecas,40.399292,-3.662542
5430,Calle de el Bosco,Numancia,Puente de Vallecas,40.400172,-3.649936
5431,Calle de la Cerámica,Numancia,Puente de Vallecas,40.404667,-3.656497
5432,Calle de la Filósofa Simone Weil,Numancia,Puente de Vallecas,40.404647,-3.661933
5433,Calle de la Garganta de Aisa,Numancia,Puente de Vallecas,40.403489,-3.658582
5434,Calle de la Peña Labra,Numancia,Puente de Vallecas,40.403875,-3.657381
5435,Calle de la Sierra Elvira,Numancia,Puente de Vallecas,40.404789,-3.661632
5436,Calle de la Sierra Llerena,Numancia,Puente de Vallecas,40.399304,-3.664171
5437,Calle de la Sierra Madrona,Numancia,Puente de Vallecas,40.398342,-3.66166
5438,Calle de la Sierra Toledana,Numancia,Puente de Vallecas,40.402497,-3.660025
5439,Calle de la Sierra de Cazalla,Numancia,Puente de Vallecas,40.394131,-3.660386
5440,Calle de la Sierra de Cuerda Larga,Numancia,Puente de Vallecas,40.400686,-3.657364
5441,Calle de la Sierra de Javalambre,Numancia,Puente de Vallecas,40.398453,-3.667049
5442,Calle de la Sierra de Meira,Numancia,Puente de Vallecas,40.399349,-3.664362
5443,Calle de la Sierra de Segura,Numancia,Puente de Vallecas,40.403454,-3.663696
5444,Calle de la Sierra de los Filabres,Numancia,Puente de Vallecas,40.397392,-3.664015
5445,Calle de las Marismas,Numancia,Puente de Vallecas,40.402369,-3.654011
5446,Calle de las Moreras,Numancia,Puente de Vallecas,40.403197,-3.6641
5447,Calle de los Altos de Cabrejas,Numancia,Puente de Vallecas,40.398761,-3.667611
5448,Calle de los Hermanos Carpi,Numancia,Puente de Vallecas,40.401197,-3.666317
5449,Calle de los Picos de Europa,Numancia,Puente de Vallecas,40.394971,-3.660485
5450,Calle de Ángela González,Numancia,Puente de Vallecas,40.398279,-3.660044
5451,Calle del Alto del León,Numancia,Puente de Vallecas,40.399681,-3.659403
5452,Calle del Crucero Baleares,Numancia,Puente de Vallecas,40.393883,-3.659733
5453,Calle del Doctor Lozano,Numancia,Puente de Vallecas,40.403367,-3.660857
5454,Calle del Doctor Salgado,Numancia,Puente de Vallecas,40.399022,-3.663564
5455,Calle del Dulce Nombre de María,Numancia,Puente de Vallecas,40.403864,-3.662281
5456,Calle del Manco de Lepanto,Numancia,Puente de Vallecas,40.402994,-3.662306
5457,Calle del Monte Oliveti,Numancia,Puente de Vallecas,40.397586,-3.665678
5458,Calle del Monte Urgull,Numancia,Puente de Vallecas,40.398162,-3.665464
5459,Calle del Patio de Don Román,Numancia,Puente de Vallecas,40.402767,-3.658444
5460,Calle del Patio de Santiago,Numancia,Puente de Vallecas,40.404206,-3.658868
5461,Calle del Pico Almanzor,Numancia,Puente de Vallecas,40.402415,-3.662544
5462,Calle del Pico Anayet,Numancia,Puente de Vallecas,40.402547,-3.657604
5463,Calle del Pico Cejo,Numancia,Puente de Vallecas,40.399208,-3.664686
5464,Calle del Pico Clavero,Numancia,Puente de Vallecas,40.402736,-3.665781
5465,Calle del Pico Cuadramón,Numancia,Puente de Vallecas,40.403033,-3.658639
5466,Calle del Pico Moncayo,Numancia,Puente de Vallecas,40.40385,-3.663278
5467,Calle del Pico Veleta,Numancia,Puente de Vallecas,40.403561,-3.657908
5468,Calle del Pico de Mulhacén,Numancia,Puente de Vallecas,40.401092,-3.663953
5469,Calle del Pico de Peña Golosa,Numancia,Puente de Vallecas,40.403196,-3.656864
5470,Calle del Pico de la Maliciosa,Numancia,Puente de Vallecas,40.393811,-3.657258
5471,Calle del Pico del Saltadero,Numancia,Puente de Vallecas,40.404689,-3.659947
5472,Calle del Puerto de Canencia,Numancia,Puente de Vallecas,40.400508,-3.659119
5473,Calle del Puerto de Canfranc,Numancia,Puente de Vallecas,40.397996,-3.662857
5474,Calle del Puerto de Cotos,Numancia,Puente de Vallecas,40.401004,-3.658431
5475,Calle del Puerto de Navacerrada,Numancia,Puente de Vallecas,40.400358,-3.657756
5476,Calle del Puerto de Panticosa,Numancia,Puente de Vallecas,40.393899,-3.655851
5477,Calle del Puerto de Tarancón,Numancia,Puente de Vallecas,40.402188,-3.665215
5478,Calle del Puerto de la Magdalena,Numancia,Puente de Vallecas,40.399819,-3.664725
5479,Calle del Puerto del Rey,Numancia,Puente de Vallecas,40.404014,-3.662847
5480,Calle del Puerto del Suebe,Numancia,Puente de Vallecas,40.39651,-3.664347
5481,Calle del Risco de Peloche,Numancia,Puente de Vallecas,40.393753,-3.656322
5482,Calle del Tejar de la Pastora,Numancia,Puente de Vallecas,40.403328,-3.665736
5483,Callejón del Alguacil,Numancia,Puente de Vallecas,40.395886,-3.663261
5484,Camino de Valderribas,Numancia,Puente de Vallecas,40.399818,-3.662908
5485,Pasaje de Enrique Velasco,Numancia,Puente de Vallecas,40.396719,-3.663008
5486,Plaza de Mariana Pineda,Numancia,Puente de Vallecas,40.392735,-3.656232
5487,Plaza del Cuelgamuros,Numancia,Puente de Vallecas,40.404737,-3.660881
5488,Plaza del Doctor Lozano,Numancia,Puente de Vallecas,40.403914,-3.66054
5489,Travesía de Enrique Velasco,Numancia,Puente de Vallecas,40.396697,-3.662289
5490,Travesía de Pilar Nogueiro,Numancia,Puente de Vallecas,40.3988,-3.661036
5491,Avenida de Buenos Aires,Palomeras Bajas,Puente de Vallecas,40.3864,-3.653174
5492,Avenida de Pablo Neruda,Palomeras Bajas,Puente de Vallecas,40.382035,-3.652542
5493,Avenida de las Palomeras,Palomeras Bajas,Puente de Vallecas,40.387644,-3.656333
5494,Avenida del Parque de Palomeras Bajas,Palomeras Bajas,Puente de Vallecas,40.380011,-3.659906
5495,Calle Comercial,Palomeras Bajas,Puente de Vallecas,40.385268,-3.654107
5496,Calle de Alcalá de Guadaira,Palomeras Bajas,Puente de Vallecas,40.389028,-3.657269
5497,Calle de Antonio Durán Tovar,Palomeras Bajas,Puente de Vallecas,40.391629,-3.662042
5498,Calle de Antonio Folgueras,Palomeras Bajas,Puente de Vallecas,40.390867,-3.661278
5499,Calle de Antonio de Burgos,Palomeras Bajas,Puente de Vallecas,40.385275,-3.654689
5500,Calle de Candilejas,Palomeras Bajas,Puente de Vallecas,40.384186,-3.662525
5501,Calle de Cleopatra,Palomeras Bajas,Puente de Vallecas,40.38225,-3.657917
5502,Calle de Eduardo Rojo,Palomeras Bajas,Puente de Vallecas,40.387426,-3.66249
5503,Calle de Fantasía,Palomeras Bajas,Puente de Vallecas,40.378649,-3.654654
5504,Calle de Felipe de Diego,Palomeras Bajas,Puente de Vallecas,40.379225,-3.662739
5505,Calle de Higinio Rodríguez,Palomeras Bajas,Puente de Vallecas,40.386464,-3.662581
5506,Calle de Historias de la Radio,Palomeras Bajas,Puente de Vallecas,40.380272,-3.656042
5507,Calle de Javier de Miguel,Palomeras Bajas,Puente de Vallecas,40.387208,-3.658519
5508,Calle de Jesús Jiménez,Palomeras Bajas,Puente de Vallecas,40.388342,-3.654944
5509,Calle de Juan Antonio Maroto,Palomeras Bajas,Puente de Vallecas,40.386453,-3.654375
5510,Calle de Juan Limón,Palomeras Bajas,Puente de Vallecas,40.388231,-3.654417
5511,Calle de Juan Mazo,Palomeras Bajas,Puente de Vallecas,40.387876,-3.659464
5512,Calle de Juan Portas,Palomeras Bajas,Puente de Vallecas,40.391525,-3.663339
5513,Calle de Juliana Sancho,Palomeras Bajas,Puente de Vallecas,40.387126,-3.656182
5514,Calle de Luces de Bohemia,Palomeras Bajas,Puente de Vallecas,40.387128,-3.661231
5515,Calle de María Teresa Robledo,Palomeras Bajas,Puente de Vallecas,40.387625,-3.657669
5516,Calle de Miguel San Narciso,Palomeras Bajas,Puente de Vallecas,40.386742,-3.656239
5517,Calle de Mogambo,Palomeras Bajas,Puente de Vallecas,40.379668,-3.653842
5518,Calle de Morena Clara,Palomeras Bajas,Puente de Vallecas,40.384167,-3.662828
5519,Calle de Novecento,Palomeras Bajas,Puente de Vallecas,40.377269,-3.655106
5520,Calle de Nuestra Señora del Perpetuo Socorro,Palomeras Bajas,Puente de Vallecas,40.393875,-3.661912
5521,Calle de Pedro Escudero,Palomeras Bajas,Puente de Vallecas,40.388504,-3.655543
5522,Calle de Rafael San Narciso,Palomeras Bajas,Puente de Vallecas,40.386653,-3.656111
5523,Calle de Rodríguez Espinosa,Palomeras Bajas,Puente de Vallecas,40.390631,-3.663294
5524,Calle de Romeo y Julieta,Palomeras Bajas,Puente de Vallecas,40.380364,-3.661986
5525,Calle de Sabrina,Palomeras Bajas,Puente de Vallecas,40.377503,-3.654728
5526,Calle de San Anselmo,Palomeras Bajas,Puente de Vallecas,40.385811,-3.654928
5527,Calle de Tiempos Modernos,Palomeras Bajas,Puente de Vallecas,40.38504,-3.662296
5528,Calle de Tristana,Palomeras Bajas,Puente de Vallecas,40.378968,-3.654235
5529,Calle de Uceda,Palomeras Bajas,Puente de Vallecas,40.390911,-3.664017
5530,Calle de Valentín San Narciso,Palomeras Bajas,Puente de Vallecas,40.386276,-3.655622
5531,Calle de Viridiana,Palomeras Bajas,Puente de Vallecas,40.37826,-3.655056
5532,Calle de Volver a Empezar,Palomeras Bajas,Puente de Vallecas,40.3817,-3.658742
5533,Calle de el Padrino,Palomeras Bajas,Puente de Vallecas,40.38226,-3.660636
5534,Calle de el Pingarrón,Palomeras Bajas,Puente de Vallecas,40.393322,-3.662785
5535,Calle de la Cenicienta,Palomeras Bajas,Puente de Vallecas,40.38075,-3.657603
5536,Calle de la Concepción,Palomeras Bajas,Puente de Vallecas,40.383604,-3.654883
5537,Calle de la Diligencia,Palomeras Bajas,Puente de Vallecas,40.383006,-3.658997
5538,Calle de la Marañosa,Palomeras Bajas,Puente de Vallecas,40.392742,-3.661233
5539,Calle de la Peña Redonda,Palomeras Bajas,Puente de Vallecas,40.393439,-3.660814
5540,Calle de la Peña Trevinca,Palomeras Bajas,Puente de Vallecas,40.392211,-3.660444
5541,Calle de la Reina de África,Palomeras Bajas,Puente de Vallecas,40.380453,-3.660251
5542,Calle de la Sierra Bermeja,Palomeras Bajas,Puente de Vallecas,40.390858,-3.662711
5543,Calle de la Sierra Menera,Palomeras Bajas,Puente de Vallecas,40.392656,-3.659367
5544,Calle de la Sierra Robledal,Palomeras Bajas,Puente de Vallecas,40.388033,-3.654021
5545,Calle de la Sierra de Almijara,Palomeras Bajas,Puente de Vallecas,40.39195,-3.660901
5546,Calle de la Sierra de Cadí,Palomeras Bajas,Puente de Vallecas,40.392687,-3.660733
5547,Calle de la Sierra de Oncala,Palomeras Bajas,Puente de Vallecas,40.3928,-3.659644
5548,Calle de la Sierra de Pineda,Palomeras Bajas,Puente de Vallecas,40.392946,-3.659922
5549,Calle de la Sierra de la Loba,Palomeras Bajas,Puente de Vallecas,40.392446,-3.659954
5550,Calle de la Sierra de la Sagra,Palomeras Bajas,Puente de Vallecas,40.386221,-3.662496
5551,Calle de la Sierra del Quintanar,Palomeras Bajas,Puente de Vallecas,40.387892,-3.654624
5552,Calle de la Sierra del Valle,Palomeras Bajas,Puente de Vallecas,40.389667,-3.658722
5553,Calle de la Venta de la Higuera,Palomeras Bajas,Puente de Vallecas,40.379628,-3.664061
5554,Calle de la Violetera,Palomeras Bajas,Puente de Vallecas,40.379339,-3.656019
5555,Calle de los Ahijones,Palomeras Bajas,Puente de Vallecas,40.378254,-3.658183
5556,Calle de los Hermanos García,Palomeras Bajas,Puente de Vallecas,40.383842,-3.655849
5557,Calle de los Hermanos Trueba,Palomeras Bajas,Puente de Vallecas,40.386142,-3.6623
5558,Calle de los Montes Pirineos,Palomeras Bajas,Puente de Vallecas,40.387912,-3.663369
5559,Calle de los Santos Inocentes,Palomeras Bajas,Puente de Vallecas,40.381956,-3.659817
5560,Calle del Arroyo del Olivar,Palomeras Bajas,Puente de Vallecas,40.390803,-3.658753
5561,Calle del Cuartel de Simancas,Palomeras Bajas,Puente de Vallecas,40.394176,-3.662256
5562,Calle del Escritor,Palomeras Bajas,Puente de Vallecas,40.390081,-3.653912
5563,Calle del Maño,Palomeras Bajas,Puente de Vallecas,40.388881,-3.655739
5564,Calle del Monte Calobro,Palomeras Bajas,Puente de Vallecas,40.390944,-3.661853
5565,Calle del Monte de San Marcial,Palomeras Bajas,Puente de Vallecas,40.393406,-3.662553
5566,Calle del Payaso Fofó,Palomeras Bajas,Puente de Vallecas,40.386882,-3.660933
5567,Calle del Pico de Alba,Palomeras Bajas,Puente de Vallecas,40.393731,-3.661414
5568,Calle del Puerto de Alsasua,Palomeras Bajas,Puente de Vallecas,40.393161,-3.662929
5569,Calle del Puerto de Baños,Palomeras Bajas,Puente de Vallecas,40.39265,-3.662289
5570,Calle del Puerto de Cardoso,Palomeras Bajas,Puente de Vallecas,40.387681,-3.653714
5571,Calle del Puerto de Corlite,Palomeras Bajas,Puente de Vallecas,40.386378,-3.654083
5572,Calle del Puerto de Costabona,Palomeras Bajas,Puente de Vallecas,40.385353,-3.658489
5573,Calle del Puerto de Sollube,Palomeras Bajas,Puente de Vallecas,40.387644,-3.654764
5574,Calle del Puerto de Velate,Palomeras Bajas,Puente de Vallecas,40.384169,-3.656458
5575,Calle del Puerto de Viñamala,Palomeras Bajas,Puente de Vallecas,40.384903,-3.656992
5576,Calle del Puerto del Milagro,Palomeras Bajas,Puente de Vallecas,40.384736,-3.65814
5577,Calle del Teniente Muñoz Díaz,Palomeras Bajas,Puente de Vallecas,40.391293,-3.657271
5578,Camino de la Venta del Pájaro,Palomeras Bajas,Puente de Vallecas,40.385939,-3.655111
5579,Plaza de Corpus Barga,Palomeras Bajas,Puente de Vallecas,40.393326,-3.66195
5580,Plaza de San Diego,Palomeras Bajas,Puente de Vallecas,40.384464,-3.654558
5581,Plaza de la Peña Gudina,Palomeras Bajas,Puente de Vallecas,40.385869,-3.663675
5582,Plaza de la Sierra Ministra,Palomeras Bajas,Puente de Vallecas,40.393728,-3.662689
5583,Travesía de Felipe de Diego,Palomeras Bajas,Puente de Vallecas,40.378967,-3.659793
5584,Avenida de Miguel Hernández,Palomeras Sureste,Puente de Vallecas,40.381097,-3.645903
5585,Avenida de Rafael Alberti,Palomeras Sureste,Puente de Vallecas,40.386725,-3.640992
5586,Avenida de la Politécnica,Palomeras Sureste,Puente de Vallecas,40.389269,-3.629931
5587,Avenida del Campus Sur,Palomeras Sureste,Puente de Vallecas,40.388847,-3.626938
5588,Calle G,Palomeras Sureste,Puente de Vallecas,40.383829,-3.629606
5589,Calle de Alan Turing,Palomeras Sureste,Puente de Vallecas,40.390049,-3.62694
5590,Calle de Alfarnate,Palomeras Sureste,Puente de Vallecas,40.384331,-3.639462
5591,Calle de Almogía,Palomeras Sureste,Puente de Vallecas,40.384458,-3.639267
5592,Calle de Alora,Palomeras Sureste,Puente de Vallecas,40.385485,-3.640635
5593,Calle de Angelillo,Palomeras Sureste,Puente de Vallecas,40.381694,-3.644882
5594,Calle de Antonio Mairena,Palomeras Sureste,Puente de Vallecas,40.391417,-3.640467
5595,Calle de Benadalid,Palomeras Sureste,Puente de Vallecas,40.386008,-3.638706
5596,Calle de Benalauria,Palomeras Sureste,Puente de Vallecas,40.386017,-3.638378
5597,Calle de Benalmádena,Palomeras Sureste,Puente de Vallecas,40.38531,-3.638406
5598,Calle de Benamargosa,Palomeras Sureste,Puente de Vallecas,40.383697,-3.642286
5599,Calle de Benarraba,Palomeras Sureste,Puente de Vallecas,40.385761,-3.638089
5600,Calle de Bruno Abúndez,Palomeras Sureste,Puente de Vallecas,40.384058,-3.629289
5601,Calle de Cartama,Palomeras Sureste,Puente de Vallecas,40.384651,-3.639079
5602,Calle de Casabermeja,Palomeras Sureste,Puente de Vallecas,40.385415,-3.637579
5603,Calle de Coín,Palomeras Sureste,Puente de Vallecas,40.386336,-3.640047
5604,Calle de Fuengirola,Palomeras Sureste,Puente de Vallecas,40.384589,-3.640328
5605,Calle de Fuente de Piedra,Palomeras Sureste,Puente de Vallecas,40.383382,-3.640767
5606,Calle de Gerardo Diego,Palomeras Sureste,Puente de Vallecas,40.385683,-3.643403
5607,Calle de León Felipe,Palomeras Sureste,Puente de Vallecas,40.387453,-3.637782
5608,Calle de Luis Buñuel,Palomeras Sureste,Puente de Vallecas,40.386433,-3.642489
5609,Calle de Luis Marín,Palomeras Sureste,Puente de Vallecas,40.391668,-3.639675
5610,Calle de Mercator,Palomeras Sureste,Puente de Vallecas,40.389565,-3.6294
5611,Calle de Mijas,Palomeras Sureste,Puente de Vallecas,40.384171,-3.639586
5612,Calle de Rafael Fernández Hijicos,Palomeras Sureste,Puente de Vallecas,40.391069,-3.635517
5613,Calle de San Claudio,Palomeras Sureste,Puente de Vallecas,40.389456,-3.641086
5614,Calle de San Toribio,Palomeras Sureste,Puente de Vallecas,40.380772,-3.635258
5615,Calle de Santa Cruz de Retamar,Palomeras Sureste,Puente de Vallecas,40.381912,-3.6465
5616,Calle de Torremolinos,Palomeras Sureste,Puente de Vallecas,40.38405,-3.640431
5617,Calle de Villalobos,Palomeras Sureste,Puente de Vallecas,40.380897,-3.649279
5618,Calle de Vélez Málaga,Palomeras Sureste,Puente de Vallecas,40.3853,-3.640094
5619,Calle de el Yesero,Palomeras Sureste,Puente de Vallecas,40.380825,-3.632738
5620,Calle de la Arboleda,Palomeras Sureste,Puente de Vallecas,40.386676,-3.625833
5621,Calle de la Maquinilla,Palomeras Sureste,Puente de Vallecas,40.380154,-3.637626
5622,Calle de los Andaluces,Palomeras Sureste,Puente de Vallecas,40.390072,-3.637585
5623,Calle de los Aragoneses,Palomeras Sureste,Puente de Vallecas,40.382181,-3.644064
5624,Calle de los Asturianos,Palomeras Sureste,Puente de Vallecas,40.382658,-3.641986
5625,Calle de los Extremeños,Palomeras Sureste,Puente de Vallecas,40.385311,-3.646156
5626,Calle de los Leoneses,Palomeras Sureste,Puente de Vallecas,40.381625,-3.647057
5627,Calle de los Riojanos,Palomeras Sureste,Puente de Vallecas,40.387633,-3.642481
5628,Calle del Campo de la Paloma,Palomeras Sureste,Puente de Vallecas,40.383142,-3.646653
5629,Calle del Cangrejo,Palomeras Sureste,Puente de Vallecas,40.381531,-3.631004
5630,Calle del Charleroi,Palomeras Sureste,Puente de Vallecas,40.3815,-3.632532
5631,Calle del Cocherón de la Villa,Palomeras Sureste,Puente de Vallecas,40.381856,-3.632175
5632,Calle del Rincón de la Victoria,Palomeras Sureste,Puente de Vallecas,40.384075,-3.641701
5633,Calle del Tranvía Blanco,Palomeras Sureste,Puente de Vallecas,40.380358,-3.636267
5634,Calle del Tranvía de Arganda,Palomeras Sureste,Puente de Vallecas,40.381394,-3.633489
5635,Calle del Trole,Palomeras Sureste,Puente de Vallecas,40.381039,-3.633853
5636,Carretera de Vicálvaro a Vallecas,Palomeras Sureste,Puente de Vallecas,40.383094,-3.627003
5637,Travesía G,Palomeras Sureste,Puente de Vallecas,40.384106,-3.629953
5638,Calle de Adra,Portazgo,Puente de Vallecas,40.390281,-3.649588
5639,Calle de Adrada de Haza,Portazgo,Puente de Vallecas,40.390535,-3.648493
5640,Calle de Arenas de Iguña,Portazgo,Puente de Vallecas,40.391058,-3.644818
5641,Calle de Benjamín Palencia,Portazgo,Puente de Vallecas,40.394436,-3.644006
5642,Calle de Calella,Portazgo,Puente de Vallecas,40.394147,-3.650589
5643,Calle de Carlos Solé,Portazgo,Puente de Vallecas,40.392061,-3.650471
5644,Calle de Diego Manchado,Portazgo,Puente de Vallecas,40.390014,-3.6479
5645,Calle de Figueras,Portazgo,Puente de Vallecas,40.390758,-3.645628
5646,Calle de Guillermo Pingarrón,Portazgo,Puente de Vallecas,40.387258,-3.647531
5647,Calle de Humanes,Portazgo,Puente de Vallecas,40.395233,-3.645193
5648,Calle de Jadraque,Portazgo,Puente de Vallecas,40.396447,-3.648149
5649,Calle de José García Granda,Portazgo,Puente de Vallecas,40.393617,-3.649986
5650,Calle de Llansa,Portazgo,Puente de Vallecas,40.39036,-3.644747
5651,Calle de Luzmela,Portazgo,Puente de Vallecas,40.390936,-3.645712
5652,Calle de Macario Barja,Portazgo,Puente de Vallecas,40.388496,-3.646485
5653,Calle de Malgrat de Mar,Portazgo,Puente de Vallecas,40.393504,-3.642593
5654,Calle de Manuel Badía,Portazgo,Puente de Vallecas,40.385928,-3.651553
5655,Calle de Marchamalo,Portazgo,Puente de Vallecas,40.396694,-3.647322
5656,Calle de Mohernando,Portazgo,Puente de Vallecas,40.396061,-3.649367
5657,Calle de Ontaneda,Portazgo,Puente de Vallecas,40.390547,-3.644664
5658,Calle de Palamós,Portazgo,Puente de Vallecas,40.3913,-3.646944
5659,Calle de Pedreña,Portazgo,Puente de Vallecas,40.392703,-3.644938
5660,Calle de Pedro Callejo,Portazgo,Puente de Vallecas,40.389403,-3.648896
5661,Calle de Pedro Laborde,Portazgo,Puente de Vallecas,40.386936,-3.649172
5662,Calle de Perelada,Portazgo,Puente de Vallecas,40.391244,-3.644212
5663,Calle de Pont de Molins,Portazgo,Puente de Vallecas,40.392267,-3.643581
5664,Calle de Ramírez Tomé,Portazgo,Puente de Vallecas,40.389667,-3.648065
5665,Calle de S'agaró,Portazgo,Puente de Vallecas,40.391103,-3.646767
5666,Calle de San Diego,Portazgo,Puente de Vallecas,40.389815,-3.651904
5667,Calle de San Facundo,Portazgo,Puente de Vallecas,40.38819,-3.645576
5668,Calle de San Feliú de Guixols,Portazgo,Puente de Vallecas,40.391724,-3.646007
5669,Calle de San Miguel,Portazgo,Puente de Vallecas,40.389442,-3.649447
5670,Calle de Santiago Alió,Portazgo,Puente de Vallecas,40.388292,-3.646097
5671,Calle de Santillana del Mar,Portazgo,Puente de Vallecas,40.390531,-3.645601
5672,Calle de Tossa,Portazgo,Puente de Vallecas,40.395156,-3.647147
5673,Calle de Tánger,Portazgo,Puente de Vallecas,40.383936,-3.649344
5674,Calle de la Escala,Portazgo,Puente de Vallecas,40.392044,-3.64441
5675,Calle de la Sierra Faladora,Portazgo,Puente de Vallecas,40.390144,-3.650758
5676,Calle de la Sierra Salvada,Portazgo,Puente de Vallecas,40.389104,-3.650247
5677,Calle de la Sierra de Toloño,Portazgo,Puente de Vallecas,40.390375,-3.652414
5678,Calle de la Tierruca,Portazgo,Puente de Vallecas,40.385228,-3.649817
5679,Calle del Etna,Portazgo,Puente de Vallecas,40.387889,-3.647414
5680,Calle del Golfo de Darién,Portazgo,Puente de Vallecas,40.383256,-3.651519
5681,Calle del Golfo de Guayaquil,Portazgo,Puente de Vallecas,40.384511,-3.649176
5682,Calle del Guadaira,Portazgo,Puente de Vallecas,40.387192,-3.649922
5683,Calle del Guadiato,Portazgo,Puente de Vallecas,40.387785,-3.645875
5684,Calle del Lago Calafate,Portazgo,Puente de Vallecas,40.384267,-3.650042
5685,Calle del Lago Maracaibo,Portazgo,Puente de Vallecas,40.383433,-3.651212
5686,Calle del Lago Mirím,Portazgo,Puente de Vallecas,40.383969,-3.650331
5687,Calle del Lago Nicaragua,Portazgo,Puente de Vallecas,40.383806,-3.651367
5688,Calle del Lago San Martín,Portazgo,Puente de Vallecas,40.383156,-3.650612
5689,Calle del Puerto de Somiedo,Portazgo,Puente de Vallecas,40.389222,-3.648517
5690,Calle del Puerto del Pico,Portazgo,Puente de Vallecas,40.385493,-3.649197
5691,Calle del Río Arauca,Portazgo,Puente de Vallecas,40.387469,-3.650664
5692,Calle del Río Bravo,Portazgo,Puente de Vallecas,40.387339,-3.652103
5693,Calle del Río Chico,Portazgo,Puente de Vallecas,40.385436,-3.649639
5694,Calle del Río Colorado,Portazgo,Puente de Vallecas,40.383164,-3.651036
5695,Calle del Río Corrientes,Portazgo,Puente de Vallecas,40.385447,-3.651644
5696,Calle del Río Esmeralda,Portazgo,Puente de Vallecas,40.382908,-3.652249
5697,Calle del Río Grande,Portazgo,Puente de Vallecas,40.388678,-3.651399
5698,Calle del Río Iguazú,Portazgo,Puente de Vallecas,40.385792,-3.651892
5699,Calle del Río Jacuí,Portazgo,Puente de Vallecas,40.38579,-3.649574
5700,Calle del Río Magdalena,Portazgo,Puente de Vallecas,40.387121,-3.650681
5701,Calle del Río Negro,Portazgo,Puente de Vallecas,40.387519,-3.650353
5702,Calle del Río Orinoco,Portazgo,Puente de Vallecas,40.385661,-3.652483
5703,Calle del Río Paraná,Portazgo,Puente de Vallecas,40.385076,-3.651746
5704,Calle del Río Salado,Portazgo,Puente de Vallecas,40.386014,-3.651008
5705,Calle del Río San Lorenzo,Portazgo,Puente de Vallecas,40.387878,-3.652119
5706,Calle del Río San Pedro,Portazgo,Puente de Vallecas,40.387353,-3.651069
5707,Calle del Río Uruguay,Portazgo,Puente de Vallecas,40.385575,-3.652056
5708,Calle del Río de la Plata,Portazgo,Puente de Vallecas,40.387221,-3.651544
5709,Calle del Vesubio,Portazgo,Puente de Vallecas,40.388238,-3.647396
5710,Pasaje de Adra,Portazgo,Puente de Vallecas,40.390446,-3.649067
5711,Pasaje de la Tierruca,Portazgo,Puente de Vallecas,40.385236,-3.650443
5712,Plaza de José Luis Saura,Portazgo,Puente de Vallecas,40.395572,-3.649697
5713,Plaza de la Peña Morraz,Portazgo,Puente de Vallecas,40.389606,-3.651817
5714,Plaza del Cerro Castelo,Portazgo,Puente de Vallecas,40.390264,-3.651539
5715,Travesía de Humanes,Portazgo,Puente de Vallecas,40.395681,-3.645722
5716,Travesía de Pedro Laborde,Portazgo,Puente de Vallecas,40.388775,-3.647442
5717,Travesía de Santiago Alió,Portazgo,Puente de Vallecas,40.388658,-3.645185
5718,Avenida de San Diego,San Diego,Puente de Vallecas,40.38765,-3.669225
5719,Avenida de la Democracia,San Diego,Puente de Vallecas,40.388378,-3.623553
5720,Avenida del Monte Igueldo,San Diego,Puente de Vallecas,40.393892,-3.669572
5721,Calle de Albalate del Arzobispo,San Diego,Puente de Vallecas,40.387915,-3.666439
5722,Calle de Alfredo Castro Camba,San Diego,Puente de Vallecas,40.386372,-3.669586
5723,Calle de Antonia Calas,San Diego,Puente de Vallecas,40.397306,-3.668571
5724,Calle de Argente,San Diego,Puente de Vallecas,40.394624,-3.66841
5725,Calle de Blanca Luna,San Diego,Puente de Vallecas,40.389086,-3.667742
5726,Calle de Callejo,San Diego,Puente de Vallecas,40.389218,-3.670068
5727,Calle de Carlos Aurioles,San Diego,Puente de Vallecas,40.382714,-3.666411
5728,Calle de Carlos Martín Álvarez,San Diego,Puente de Vallecas,40.387683,-3.664831
5729,Calle de David Lara,San Diego,Puente de Vallecas,40.393686,-3.663862
5730,Calle de Eduardo Requenas,San Diego,Puente de Vallecas,40.389972,-3.666083
5731,Calle de Eduardo Sanz,San Diego,Puente de Vallecas,40.392519,-3.669526
5732,Calle de Emilio Raboso,San Diego,Puente de Vallecas,40.392912,-3.671229
5733,Calle de Encarnación González,San Diego,Puente de Vallecas,40.391174,-3.667462
5734,Calle de Felisa Méndez,San Diego,Puente de Vallecas,40.393656,-3.671164
5735,Calle de Francisco Laguna,San Diego,Puente de Vallecas,40.390839,-3.671083
5736,Calle de García Llamas,San Diego,Puente de Vallecas,40.385978,-3.669271
5737,Calle de García Miranda,San Diego,Puente de Vallecas,40.383231,-3.664039
5738,Calle de Gregorio Navas,San Diego,Puente de Vallecas,40.388736,-3.669419
5739,Calle de Gregorio Sanz,San Diego,Puente de Vallecas,40.392458,-3.66821
5740,Calle de Josué Lillo,San Diego,Puente de Vallecas,40.385314,-3.669189
5741,Calle de José Serrano,San Diego,Puente de Vallecas,40.386644,-3.669797
5742,Calle de Juan Navarro,San Diego,Puente de Vallecas,40.396072,-3.669392
5743,Calle de Juana Elorza,San Diego,Puente de Vallecas,40.392422,-3.666492
5744,Calle de Julia Mediavilla,San Diego,Puente de Vallecas,40.390825,-3.666258
5745,Calle de Lozano,San Diego,Puente de Vallecas,40.395808,-3.669722
5746,Calle de Luis López,San Diego,Puente de Vallecas,40.392606,-3.668336
5747,Calle de Maese Nicolás,San Diego,Puente de Vallecas,40.388264,-3.668319
5748,Calle de Manuel Laguna,San Diego,Puente de Vallecas,40.381603,-3.665606
5749,Calle de Manuel Maroto,San Diego,Puente de Vallecas,40.388006,-3.669321
5750,Calle de Mariano Benlliure,San Diego,Puente de Vallecas,40.386953,-3.669714
5751,Calle de Martell,San Diego,Puente de Vallecas,40.385426,-3.66875
5752,Calle de Martín Mora,San Diego,Puente de Vallecas,40.39356,-3.663979
5753,Calle de Martínez de la Riva,San Diego,Puente de Vallecas,40.391758,-3.665572
5754,Calle de María Bosch,San Diego,Puente de Vallecas,40.397053,-3.668675
5755,Calle de María Encinas,San Diego,Puente de Vallecas,40.390415,-3.671415
5756,Calle de María Paz Unciti,San Diego,Puente de Vallecas,40.394053,-3.663535
5757,Calle de Melquíades Biencinto,San Diego,Puente de Vallecas,40.395414,-3.670397
5758,Calle de Moreno Navarro,San Diego,Puente de Vallecas,40.392581,-3.665492
5759,Calle de Norberto,San Diego,Puente de Vallecas,40.392072,-3.668736
5760,Calle de Pablo Rica,San Diego,Puente de Vallecas,40.389536,-3.669356
5761,Calle de Quijada de Pandiellos,San Diego,Puente de Vallecas,40.390886,-3.669522
5762,Calle de Ramón Calabuig,San Diego,Puente de Vallecas,40.3944,-3.669092
5763,Calle de Salvador Martínez Lozano,San Diego,Puente de Vallecas,40.394696,-3.669935
5764,Calle de San Jorge,San Diego,Puente de Vallecas,40.388143,-3.666772
5765,Calle de San Moisés,San Diego,Puente de Vallecas,40.382489,-3.665233
5766,Calle de Sancho Panza,San Diego,Puente de Vallecas,40.388867,-3.668
5767,Calle de Sansón Carrasco,San Diego,Puente de Vallecas,40.387635,-3.668549
5768,Calle de Santa Alicia,San Diego,Puente de Vallecas,40.387111,-3.666364
5769,Calle de Santa Julia,San Diego,Puente de Vallecas,40.394328,-3.667256
5770,Calle de Tajos Altos,San Diego,Puente de Vallecas,40.395193,-3.6669
5771,Calle de Teresa Maroto,San Diego,Puente de Vallecas,40.392986,-3.669244
5772,Calle de Tomás Esteban,San Diego,Puente de Vallecas,40.391867,-3.666974
5773,Calle de Tomás García,San Diego,Puente de Vallecas,40.39224,-3.664914
5774,Calle de Urbano Martín,San Diego,Puente de Vallecas,40.393826,-3.663735
5775,Calle de la Concordia,San Diego,Puente de Vallecas,40.395568,-3.665449
5776,Calle de la Cordillera de Cuera,San Diego,Puente de Vallecas,40.38825,-3.66825
5777,Calle de la Imagen,San Diego,Puente de Vallecas,40.383908,-3.667369
5778,Calle de la Peña Amaya,San Diego,Puente de Vallecas,40.385031,-3.664897
5779,Calle de la Peña Falconera,San Diego,Puente de Vallecas,40.385447,-3.664744
5780,Calle de la Peña Gorbea,San Diego,Puente de Vallecas,40.395617,-3.667053
5781,Calle de la Peña Rubia,San Diego,Puente de Vallecas,40.396781,-3.667147
5782,Calle de la Peña Ubiña,San Diego,Puente de Vallecas,40.39539,-3.670261
5783,Calle de la Peña de la Atalaya,San Diego,Puente de Vallecas,40.386181,-3.666921
5784,Calle de la Peña de la Miel,San Diego,Puente de Vallecas,40.384289,-3.66645
5785,Calle de la Pintora Ángeles Santos,San Diego,Puente de Vallecas,40.396839,-3.668814
5786,Calle de la Sierra Bascuña,San Diego,Puente de Vallecas,40.388214,-3.670242
5787,Calle de la Sierra Carbonera,San Diego,Puente de Vallecas,40.391639,-3.664386
5788,Calle de la Sierra Madera,San Diego,Puente de Vallecas,40.388378,-3.670807
5789,Calle de la Sierra Molina,San Diego,Puente de Vallecas,40.388028,-3.667689
5790,Calle de la Sierra Nevada,San Diego,Puente de Vallecas,40.382818,-3.66376
5791,Calle de la Sierra de Alcaraz,San Diego,Puente de Vallecas,40.39029,-3.668524
5792,Calle de la Sierra de Alcubierre,San Diego,Puente de Vallecas,40.391689,-3.667894
5793,Calle de la Sierra de Algodonales,San Diego,Puente de Vallecas,40.391685,-3.667422
5794,Calle de la Sierra de Alquife,San Diego,Puente de Vallecas,40.388408,-3.666131
5795,Calle de la Sierra de Antequera,San Diego,Puente de Vallecas,40.385353,-3.664394
5796,Calle de la Sierra de Cameros,San Diego,Puente de Vallecas,40.3954,-3.664933
5797,Calle de la Sierra de Cuenca,San Diego,Puente de Vallecas,40.388193,-3.670474
5798,Calle de la Sierra de Estrella,San Diego,Puente de Vallecas,40.393628,-3.666843
5799,Calle de la Sierra de Lucena,San Diego,Puente de Vallecas,40.385785,-3.66445
5800,Calle de la Sierra de Monchique,San Diego,Puente de Vallecas,40.392842,-3.667681
5801,Calle de la Sierra de Tejeda,San Diego,Puente de Vallecas,40.383711,-3.664275
5802,Calle de la Sierra de Valdemeca,San Diego,Puente de Vallecas,40.388739,-3.671061
5803,Calle de la Sierra de la Solana,San Diego,Puente de Vallecas,40.387964,-3.670644
5804,Calle de la Sierra del Castillo,San Diego,Puente de Vallecas,40.393247,-3.668836
5805,Calle de la Virgen,San Diego,Puente de Vallecas,40.396196,-3.666993
5806,Calle de las Lomas de Horcajo,San Diego,Puente de Vallecas,40.39595,-3.666108
5807,Calle de las Palomeras,San Diego,Puente de Vallecas,40.389656,-3.668314
5808,Calle de los Montes Universales,San Diego,Puente de Vallecas,40.384467,-3.664739
5809,Calle de los Robles,San Diego,Puente de Vallecas,40.396364,-3.669131
5810,Calle del Alcalde Alfonso Vázquez,San Diego,Puente de Vallecas,40.393964,-3.663953
5811,Calle del Cachero,San Diego,Puente de Vallecas,40.392979,-3.666742
5812,Calle del Collado Bajo,San Diego,Puente de Vallecas,40.387836,-3.670331
5813,Calle del Collado de las Vertientes,San Diego,Puente de Vallecas,40.392262,-3.667076
5814,Calle del Convenio,San Diego,Puente de Vallecas,40.390108,-3.6716
5815,Calle del Corral de Cantos,San Diego,Puente de Vallecas,40.390292,-3.669589
5816,Calle del Doctor Bellido,San Diego,Puente de Vallecas,40.384336,-3.667897
5817,Calle del Doctor Fernando Primo de Rivera,San Diego,Puente de Vallecas,40.395858,-3.665678
5818,Calle del Doctor Sánchez,San Diego,Puente de Vallecas,40.382375,-3.665906
5819,Calle del Hachero,San Diego,Puente de Vallecas,40.391122,-3.668807
5820,Calle del Licenciado Vidriera,San Diego,Puente de Vallecas,40.387985,-3.668514
5821,Calle del Monte Naranco,San Diego,Puente de Vallecas,40.39074,-3.667974
5822,Calle del Monte Perdido,San Diego,Puente de Vallecas,40.393142,-3.666972
5823,Calle del Pico Cebollera,San Diego,Puente de Vallecas,40.393332,-3.671314
5824,Calle del Pico Collarada,San Diego,Puente de Vallecas,40.388354,-3.66789
5825,Calle del Pico Javalón,San Diego,Puente de Vallecas,40.392036,-3.671203
5826,Calle del Pico Maupas,San Diego,Puente de Vallecas,40.391864,-3.66895
5827,Calle del Pico Teide,San Diego,Puente de Vallecas,40.384194,-3.664389
5828,Calle del Pico de la Muela,San Diego,Puente de Vallecas,40.392506,-3.664936
5829,Calle del Pintor Sorolla,San Diego,Puente de Vallecas,40.386142,-3.670628
5830,Calle del Puerto Alto,San Diego,Puente de Vallecas,40.393114,-3.668353
5831,Calle del Puerto de Alcolea,San Diego,Puente de Vallecas,40.396251,-3.666411
5832,Calle del Puerto de Almansa,San Diego,Puente de Vallecas,40.392201,-3.670519
5833,Calle del Puerto de Arlabán,San Diego,Puente de Vallecas,40.386222,-3.667636
5834,Calle del Puerto de Balbarán,San Diego,Puente de Vallecas,40.381811,-3.667606
5835,Calle del Puerto de Maderi,San Diego,Puente de Vallecas,40.390983,-3.667275
5836,Calle del Puerto de Pajares,San Diego,Puente de Vallecas,40.395147,-3.664531
5837,Calle del Puerto de Piedrafita,San Diego,Puente de Vallecas,40.395024,-3.670476
5838,Calle del Puerto de Sallent,San Diego,Puente de Vallecas,40.395147,-3.668665
5839,Calle del Puerto de la Bonaigua,San Diego,Puente de Vallecas,40.387001,-3.664662
5840,Calle del Puerto de la Mano de Hierro,San Diego,Puente de Vallecas,40.391597,-3.671283
5841,Calle del Puerto de la Morcuera,San Diego,Puente de Vallecas,40.383361,-3.666553
5842,Calle del Puerto del Monasterio,San Diego,Puente de Vallecas,40.394225,-3.663503
5843,Calle del Párroco Don Emilio Franco,San Diego,Puente de Vallecas,40.391067,-3.6667
5844,Calle del Vizconde de Arlessón,San Diego,Puente de Vallecas,40.383228,-3.666761
5845,Callejón de María Paz Unciti,San Diego,Puente de Vallecas,40.393965,-3.663594
5846,Callejón de los Civiles,San Diego,Puente de Vallecas,40.396736,-3.667811
5847,Callejón de los Milagros,San Diego,Puente de Vallecas,40.396358,-3.666553
5848,Callejón de los Ruices,San Diego,Puente de Vallecas,40.393238,-3.665067
5849,Particular de Carlos Martín Álvarez,San Diego,Puente de Vallecas,40.3872,-3.6657
5850,Plaza de Amaia Imaz,San Diego,Puente de Vallecas,40.394944,-3.663664
5851,Plaza de Martínez de la Riva,San Diego,Puente de Vallecas,40.391728,-3.665153
5852,Plaza de Puerto Rubio,San Diego,Puente de Vallecas,40.396556,-3.667478
5853,Plaza de la Sierra Carbonera,San Diego,Puente de Vallecas,40.391307,-3.665186
5854,Travesía de Puerto Rubio,San Diego,Puente de Vallecas,40.396297,-3.667058
5855,Travesía de Quijada de Pandiellos,San Diego,Puente de Vallecas,40.390625,-3.667994
5856,Travesía de San Diego,San Diego,Puente de Vallecas,40.382494,-3.664953
5857,Travesía de las Palomeras,San Diego,Puente de Vallecas,40.389715,-3.670958
5858,Travesía del Doctor Sánchez,San Diego,Puente de Vallecas,40.382247,-3.666653
5859,Travesía del Puerto de San Glorio,San Diego,Puente de Vallecas,40.394953,-3.668543
5860,Travesía del Suspiro del Moro,San Diego,Puente de Vallecas,40.390775,-3.668325
5861,Calle Nuevo Baztán,Adelfas,Retiro,40.402694,-3.668628
5862,Calle de Agustín Viñamata,Adelfas,Retiro,40.400575,-3.671567
5863,Calle de Andalucía,Adelfas,Retiro,40.401921,-3.673261
5864,Calle de Arregui y Aruej,Adelfas,Retiro,40.400044,-3.668947
5865,Calle de Barrilero,Adelfas,Retiro,40.397506,-3.672511
5866,Calle de Carlos y Guillermo Fernández Shaw,Adelfas,Retiro,40.405276,-3.668539
5867,Calle de Catalina Suárez,Adelfas,Retiro,40.401581,-3.671456
5868,Calle de Federico Moreno Torroba,Adelfas,Retiro,40.405508,-3.667439
5869,Calle de Francisco Abril,Adelfas,Retiro,40.400643,-3.669676
5870,Calle de Gandía,Adelfas,Retiro,40.398229,-3.671326
5871,Calle de Garibay,Adelfas,Retiro,40.40375,-3.670789
5872,Calle de Herberto Gut,Adelfas,Retiro,40.404171,-3.670183
5873,Calle de Juan de Juanes,Adelfas,Retiro,40.402222,-3.668622
5874,Calle de Játiva,Adelfas,Retiro,40.398769,-3.674031
5875,Calle de Luis Mitjans,Adelfas,Retiro,40.401833,-3.670239
5876,Calle de Luis Peidró,Adelfas,Retiro,40.396761,-3.673156
5877,Calle de Martínez Corrochano,Adelfas,Retiro,40.402547,-3.668983
5878,Calle de Santa Sabina,Adelfas,Retiro,40.404792,-3.669869
5879,Calle de Seco,Adelfas,Retiro,40.398665,-3.672192
5880,Calle de Triquet,Adelfas,Retiro,40.39995,-3.669164
5881,Calle de Trueba,Adelfas,Retiro,40.399282,-3.669785
5882,Calle de Valeria,Adelfas,Retiro,40.401153,-3.669733
5883,Calle de las Adelfas,Adelfas,Retiro,40.403094,-3.672058
5884,Calle de los Hermanos Ruiz,Adelfas,Retiro,40.400083,-3.673567
5885,Calle de los Mesejo,Adelfas,Retiro,40.400306,-3.669631
5886,Calle de los Pajaritos,Adelfas,Retiro,40.402778,-3.671571
5887,Calle del Cafeto,Adelfas,Retiro,40.399408,-3.673335
5888,Calle del Cerro Negro,Adelfas,Retiro,40.3971,-3.671304
5889,Calle del Cerro de la Plata,Adelfas,Retiro,40.39979,-3.674875
5890,Calle de Antonio Casero,Estrella,Retiro,40.419847,-3.667053
5891,Calle de José Martínez de Velasco,Estrella,Retiro,40.415474,-3.668083
5892,Calle de Juan Esplandiú,Estrella,Retiro,40.417442,-3.663264
5893,Calle de Leo,Estrella,Retiro,40.407542,-3.667353
5894,Calle de Mateo López,Estrella,Retiro,40.419611,-3.667347
5895,Calle de Perseo,Estrella,Retiro,40.407188,-3.667015
5896,Calle de Piscis,Estrella,Retiro,40.407811,-3.666964
5897,Calle de Rafael Salazar Alonso,Estrella,Retiro,40.415336,-3.667975
5898,Calle de Saliente,Estrella,Retiro,40.419572,-3.666438
5899,Calle de Sirio,Estrella,Retiro,40.411356,-3.66424
5900,Calle de Valores,Estrella,Retiro,40.41395,-3.668556
5901,Calle de Vicente Caballero,Estrella,Retiro,40.419339,-3.668375
5902,Calle de la Calcografía,Estrella,Retiro,40.413567,-3.668943
5903,Calle de la Cruz del Sur,Estrella,Retiro,40.410057,-3.668901
5904,Calle de la Estrella Polar,Estrella,Retiro,40.410581,-3.666644
5905,Calle de la Lira,Estrella,Retiro,40.408317,-3.668144
5906,Calle de la Moneda,Estrella,Retiro,40.414222,-3.668944
5907,Calle de las Vaquerías,Estrella,Retiro,40.418378,-3.666753
5908,Calle de los Astros,Estrella,Retiro,40.411311,-3.668761
5909,Calle del Doctor Esquerdo,Estrella,Retiro,40.413278,-3.669647
5910,Calle del Marqués de Lozoya,Estrella,Retiro,40.418036,-3.663681
5911,Calle del Patio de la Litografía,Estrella,Retiro,40.413867,-3.668936
5912,Calle del Pez Austral,Estrella,Retiro,40.412821,-3.665792
5913,Calle del Pez Volador,Estrella,Retiro,40.413687,-3.667058
5914,Pasaje de Can Mayor,Estrella,Retiro,40.411738,-3.666576
5915,Pasaje de Can Menor,Estrella,Retiro,40.412731,-3.666631
5916,Pasaje de Carena,Estrella,Retiro,40.408833,-3.66735
5917,Pasaje del Dorado,Estrella,Retiro,40.414182,-3.667658
5918,Pasaje del Escudo,Estrella,Retiro,40.409421,-3.667826
5919,Pasaje del Lince,Estrella,Retiro,40.408564,-3.668139
5920,Plaza de Perseo,Estrella,Retiro,40.407875,-3.666226
5921,Plazuela de la Virgen de la Estrella,Estrella,Retiro,40.408839,-3.668214
5922,Travesía de Vicente Caballero,Estrella,Retiro,40.418675,-3.668664
5923,Calle de Antonio Arias,Ibiza,Retiro,40.417072,-3.671603
5924,Calle de Fernán González,Ibiza,Retiro,40.420433,-3.674456
5925,Calle de Ibiza,Ibiza,Retiro,40.418139,-3.674875
5926,Calle de Lope de Rueda,Ibiza,Retiro,40.420599,-3.677585
5927,Calle de Menorca,Ibiza,Retiro,40.41945,-3.676406
5928,Calle de Máiquez,Ibiza,Retiro,40.418594,-3.673074
5929,Calle de Narváez,Ibiza,Retiro,40.419957,-3.676136
5930,Calle de O'donnell,Ibiza,Retiro,40.421436,-3.675419
5931,Calle del Alcalde Sainz de Baranda,Ibiza,Retiro,40.416942,-3.671392
5932,Calle del Doctor Castelo,Ibiza,Retiro,40.420336,-3.675575
5933,Pasaje de San Juan de Dios,Ibiza,Retiro,40.417786,-3.672771
5934,Avenida de Méjico,Los Jerónimos,Retiro,40.418858,-3.687069
5935,Calle de Agustín Querol,Los Jerónimos,Retiro,40.407556,-3.682936
5936,Calle de Alberto Bosch,Los Jerónimos,Retiro,40.413475,-3.689986
5937,Calle de Alfonso Xi,Los Jerónimos,Retiro,40.417714,-3.690381
5938,Calle de Alfonso Xii,Los Jerónimos,Retiro,40.409728,-3.688897
5939,Calle de Antonio Maura,Los Jerónimos,Retiro,40.416411,-3.690557
5940,Calle de Casado del Alisal,Los Jerónimos,Retiro,40.413874,-3.68995
5941,Calle de Claudio Moyano,Los Jerónimos,Retiro,40.409617,-3.689986
5942,Calle de Espalter,Los Jerónimos,Retiro,40.412879,-3.689811
5943,Calle de Felipe Iv,Los Jerónimos,Retiro,40.415119,-3.690419
5944,Calle de José Anselmo Clavé,Los Jerónimos,Retiro,40.406843,-3.685415
5945,Calle de Juan Bautista Sacchetti,Los Jerónimos,Retiro,40.407175,-3.6876
5946,Calle de Juan Valera,Los Jerónimos,Retiro,40.408031,-3.683333
5947,Calle de Juan de Mena,Los Jerónimos,Retiro,40.417392,-3.690844
5948,Calle de Julián Gayarre,Los Jerónimos,Retiro,40.407247,-3.683471
5949,Calle de Luis Camoens,Los Jerónimos,Retiro,40.407856,-3.684351
5950,Calle de Montalbán,Los Jerónimos,Retiro,40.4181,-3.690221
5951,Calle de Moreto,Los Jerónimos,Retiro,40.413733,-3.690264
5952,Calle de Méndez Núñez,Los Jerónimos,Retiro,40.416008,-3.690225
5953,Calle de Ruiz de Alarcón,Los Jerónimos,Retiro,40.415679,-3.69144
5954,Calle de Valenzuela,Los Jerónimos,Retiro,40.418814,-3.689789
5955,Calle de la Academia,Los Jerónimos,Retiro,40.414753,-3.68979
5956,Calle del Doctor Velasco,Los Jerónimos,Retiro,40.4086,-3.689533
5957,Calle del Poeta Esteban de Villegas,Los Jerónimos,Retiro,40.408219,-3.681065
5958,Glorieta del Ángel Caído,Los Jerónimos,Retiro,40.410349,-3.682511
5959,Paseo de Argentina,Los Jerónimos,Retiro,40.41659,-3.686536
5960,Paseo de Colombia,Los Jerónimos,Retiro,40.418689,-3.684253
5961,Paseo de Daoíz,Los Jerónimos,Retiro,40.413522,-3.687228
5962,Paseo de Fernán Núñez,Los Jerónimos,Retiro,40.41285,-3.679751
5963,Paseo de Uruguay,Los Jerónimos,Retiro,40.411461,-3.677736
5964,Paseo de Venezuela,Los Jerónimos,Retiro,40.415747,-3.682025
5965,Paseo de la Infanta Isabel,Los Jerónimos,Retiro,40.406836,-3.687956
5966,Paseo de la República Dominicana,Los Jerónimos,Retiro,40.418251,-3.683164
5967,Paseo de la República de Cuba,Los Jerónimos,Retiro,40.413547,-3.682633
5968,Paseo de la República de Panamá,Los Jerónimos,Retiro,40.418086,-3.680092
5969,Paseo del Marqués de Pontejos,Los Jerónimos,Retiro,40.413981,-3.688222
5970,Plaza de Honduras,Los Jerónimos,Retiro,40.415242,-3.683964
5971,Plaza de Mariano de Cavia,Los Jerónimos,Retiro,40.407739,-3.678846
5972,Plaza de Murillo,Los Jerónimos,Retiro,40.41265,-3.691992
5973,Plaza de Nicaragua,Los Jerónimos,Retiro,40.418511,-3.685453
5974,Plaza de la Lealtad,Los Jerónimos,Retiro,40.416068,-3.692249
5975,Plaza del Maestro Villa,Los Jerónimos,Retiro,40.419417,-3.685008
5976,Avenida de Nazaret,Niño Jesús,Retiro,40.411631,-3.670628
5977,Calle de Amado Nervo,Niño Jesús,Retiro,40.409633,-3.675094
5978,Calle de Antonio Bienvenida,Niño Jesús,Retiro,40.410047,-3.674828
5979,Calle de Antonio Díaz-cañabate,Niño Jesús,Retiro,40.408422,-3.672689
5980,Calle de Arias Montano,Niño Jesús,Retiro,40.409985,-3.672058
5981,Calle de Avendaño,Niño Jesús,Retiro,40.409722,-3.672504
5982,Calle de Averroes,Niño Jesús,Retiro,40.408256,-3.672242
5983,Calle de Francisco Vitoria,Niño Jesús,Retiro,40.407879,-3.673104
5984,Calle de Homero,Niño Jesús,Retiro,40.408122,-3.671808
5985,Calle de Jericó,Niño Jesús,Retiro,40.410836,-3.670511
5986,Calle de Jesús Aprendiz,Niño Jesús,Retiro,40.410692,-3.671083
5987,Calle de Juan de Jáuregui,Niño Jesús,Retiro,40.409383,-3.672689
5988,Calle de Juan de la Cueva,Niño Jesús,Retiro,40.410454,-3.672512
5989,Calle de Julio Rey Pastor,Niño Jesús,Retiro,40.407817,-3.675789
5990,Calle de Martín Sarmiento,Niño Jesús,Retiro,40.410286,-3.672089
5991,Calle de Pilar Millán Astray,Niño Jesús,Retiro,40.416003,-3.670906
5992,Calle de Pío Baroja,Niño Jesús,Retiro,40.413986,-3.674556
5993,Calle de Roncesvalles,Niño Jesús,Retiro,40.408229,-3.677749
5994,Calle de Samaría,Niño Jesús,Retiro,40.412747,-3.6722
5995,Calle de Titulcia,Niño Jesús,Retiro,40.409003,-3.672653
5996,Calle de Viera y Clavijo,Niño Jesús,Retiro,40.408192,-3.672947
5997,Calle de Walia,Niño Jesús,Retiro,40.407932,-3.671457
5998,Calle de la Anunciación,Niño Jesús,Retiro,40.412003,-3.675483
5999,Calle de la Virgen María,Niño Jesús,Retiro,40.411042,-3.672617
6000,Calle de los Reyes Magos,Niño Jesús,Retiro,40.411376,-3.674893
6001,Calle de Ángel Ganivet,Niño Jesús,Retiro,40.408564,-3.672103
6002,Calle del Conde de Cartagena,Niño Jesús,Retiro,40.408092,-3.674481
6003,Calle del Doce de Octubre,Niño Jesús,Retiro,40.415947,-3.674967
6004,Calle del Portal de Belén,Niño Jesús,Retiro,40.412212,-3.674803
6005,Glorieta de Fuentidueñas,Niño Jesús,Retiro,40.4107,-3.672717
6006,Plaza de los Reyes Magos,Niño Jesús,Retiro,40.408583,-3.676378
6007,Plaza del Conde de Casal,Niño Jesús,Retiro,40.406672,-3.67055
6008,Plaza del Doctor Laguna,Niño Jesús,Retiro,40.415242,-3.672558
6009,Plaza del Niño Jesús,Niño Jesús,Retiro,40.410989,-3.67555
6010,Avenida de Menéndez Pelayo,Pacífico,Retiro,40.41095,-3.679214
6011,Avenida de la Ciudad de Barcelona,Pacífico,Retiro,40.402732,-3.677865
6012,Avenida del Mediterráneo,Pacífico,Retiro,40.406962,-3.671781
6013,Calle de Abtao,Pacífico,Retiro,40.404758,-3.675629
6014,Calle de Andrés Torrejón,Pacífico,Retiro,40.406786,-3.682025
6015,Calle de Antonio Nebrija,Pacífico,Retiro,40.404447,-3.6842
6016,Calle de Betania,Pacífico,Retiro,40.405486,-3.675836
6017,Calle de Cavanilles,Pacífico,Retiro,40.405839,-3.675594
6018,Calle de Fuenterrabía,Pacífico,Retiro,40.406325,-3.682171
6019,Calle de Granada,Pacífico,Retiro,40.404064,-3.677165
6020,Calle de Gutenberg,Pacífico,Retiro,40.406222,-3.680636
6021,Calle de Hoyuelo,Pacífico,Retiro,40.401107,-3.676594
6022,Calle de José Sánchez Pescador,Pacífico,Retiro,40.406569,-3.678503
6023,Calle de Juan de Urbieta,Pacífico,Retiro,40.406272,-3.676089
6024,Calle de León Gil de Palacio,Pacífico,Retiro,40.402781,-3.678962
6025,Calle de Narciso Serra,Pacífico,Retiro,40.405507,-3.678431
6026,Calle de Nuestra Señora de la Paz,Pacífico,Retiro,40.405306,-3.675631
6027,Calle de Sánchez Barcáiztegui,Pacífico,Retiro,40.403839,-3.674808
6028,Calle de Téllez,Pacífico,Retiro,40.402874,-3.681131
6029,Calle de Valderribas,Pacífico,Retiro,40.403431,-3.674086
6030,Calle de Vandergoten,Pacífico,Retiro,40.40536,-3.682231
6031,Calle de Vigo,Pacífico,Retiro,40.40295,-3.67665
6032,Calle de la Caridad,Pacífico,Retiro,40.402222,-3.675369
6033,Calle de la Regalada,Pacífico,Retiro,40.40445,-3.674754
6034,Calle de las Cocheras,Pacífico,Retiro,40.400565,-3.677019
6035,Calle del Alberche,Pacífico,Retiro,40.401167,-3.677242
6036,Calle del Comercio,Pacífico,Retiro,40.402956,-3.682803
6037,Calle del General Velarde,Pacífico,Retiro,40.403375,-3.677764
6038,Callejón de Cavanilles,Pacífico,Retiro,40.4049,-3.674675
6039,Particular de Cavanilles,Pacífico,Retiro,40.405639,-3.675789
6040,Pasaje de Cavanilles,Pacífico,Retiro,40.404928,-3.674753
6041,Pasaje de Hoyuelo,Pacífico,Retiro,40.401381,-3.676142
6042,Pasaje de José Sánchez Pescador,Pacífico,Retiro,40.40619,-3.678414
6043,Pasaje del Alberche,Pacífico,Retiro,40.400372,-3.677725
6044,Paseo de la Reina Cristina,Pacífico,Retiro,40.406985,-3.681954
6045,Plaza de Daoíz y Velarde,Pacífico,Retiro,40.401894,-3.677283
6046,Travesía de Téllez,Pacífico,Retiro,40.402362,-3.680862
6047,Calle de Diego de León,Castellana,Salamanca,40.434833,-3.68089
6048,Calle de Maldonado,Castellana,Salamanca,40.433733,-3.68011
6049,Calle de María de Molina,Castellana,Salamanca,40.437633,-3.683864
6050,Calle de Salas,Castellana,Salamanca,40.437715,-3.689518
6051,Calle de los Hermanos Bécquer,Castellana,Salamanca,40.436221,-3.687271
6052,Calle del General Oráa,Castellana,Salamanca,40.435999,-3.681267
6053,Calle del Marqués de Villamejor,Castellana,Salamanca,40.431156,-3.687601
6054,Plaza del Marqués de Salamanca,Castellana,Salamanca,40.429872,-3.679989
6055,Calle de Aizgorri,Fuente del Berro,Salamanca,40.421224,-3.666196
6056,Calle de Alejandro González,Fuente del Berro,Salamanca,40.429882,-3.663493
6057,Calle de Almería,Fuente del Berro,Salamanca,40.430135,-3.662588
6058,Calle de Ambros,Fuente del Berro,Salamanca,40.423878,-3.663333
6059,Calle de Andrés Bello,Fuente del Berro,Salamanca,40.422204,-3.663619
6060,Calle de Antonio Toledano,Fuente del Berro,Salamanca,40.424186,-3.666793
6061,Calle de Aralar,Fuente del Berro,Salamanca,40.421242,-3.666642
6062,Calle de Basilio Paraíso,Fuente del Berro,Salamanca,40.421881,-3.664265
6063,Calle de Begoña,Fuente del Berro,Salamanca,40.421251,-3.665826
6064,Calle de Benito de Castro,Fuente del Berro,Salamanca,40.426047,-3.667742
6065,Calle de Bocángel,Fuente del Berro,Salamanca,40.427433,-3.662965
6066,Calle de Concepción Bahamonde,Fuente del Berro,Salamanca,40.426819,-3.666299
6067,Calle de Daniel Zuloaga,Fuente del Berro,Salamanca,40.421446,-3.663901
6068,Calle de Demetrio Sánchez,Fuente del Berro,Salamanca,40.426292,-3.662281
6069,Calle de Diego Bahamonde,Fuente del Berro,Salamanca,40.425286,-3.664439
6070,Calle de Dolores Romero,Fuente del Berro,Salamanca,40.42486,-3.663206
6071,Calle de Domingo Fontán,Fuente del Berro,Salamanca,40.424511,-3.663964
6072,Calle de Elvira,Fuente del Berro,Salamanca,40.422589,-3.665312
6073,Calle de Enrique D'almonte,Fuente del Berro,Salamanca,40.422203,-3.663128
6074,Calle de Florencio Díaz,Fuente del Berro,Salamanca,40.425925,-3.666064
6075,Calle de Francisco Lastres,Fuente del Berro,Salamanca,40.424319,-3.663656
6076,Calle de Gabriel Abréu,Fuente del Berro,Salamanca,40.424236,-3.661731
6077,Calle de Iturbe,Fuente del Berro,Salamanca,40.421676,-3.667024
6078,Calle de José Celestino Mutis,Fuente del Berro,Salamanca,40.423331,-3.664322
6079,Calle de Lanuza,Fuente del Berro,Salamanca,40.424933,-3.6654
6080,Calle de León Bonnat,Fuente del Berro,Salamanca,40.422397,-3.664686
6081,Calle de Manuela Torregrosa,Fuente del Berro,Salamanca,40.424312,-3.663557
6082,Calle de Mercedes Fórmica,Fuente del Berro,Salamanca,40.421979,-3.664979
6083,Calle de Pedro Heredia,Fuente del Berro,Salamanca,40.429108,-3.664567
6084,Calle de Peyre,Fuente del Berro,Salamanca,40.424381,-3.667858
6085,Calle de Rafael Juan y Seva,Fuente del Berro,Salamanca,40.426531,-3.665853
6086,Calle de Ramón de Aguinaga,Fuente del Berro,Salamanca,40.426733,-3.663375
6087,Calle de Rosario Acuña,Fuente del Berro,Salamanca,40.424328,-3.662129
6088,Calle de Rufino Blanco,Fuente del Berro,Salamanca,40.426783,-3.665606
6089,Calle de Sancho Dávila,Fuente del Berro,Salamanca,40.427117,-3.661889
6090,Calle de Segundo Izpizúa,Fuente del Berro,Salamanca,40.424429,-3.662553
6091,Calle de Vedia,Fuente del Berro,Salamanca,40.422367,-3.666361
6092,Calle de Vicálvaro,Fuente del Berro,Salamanca,40.420919,-3.666431
6093,Calle de los Condes de Torreanaz,Fuente del Berro,Salamanca,40.421683,-3.666494
6094,Calle de los Fundadores,Fuente del Berro,Salamanca,40.424664,-3.666647
6095,Calle de los Peñascales,Fuente del Berro,Salamanca,40.423756,-3.664889
6096,Calle del Azulejo,Fuente del Berro,Salamanca,40.426225,-3.664372
6097,Calle del Coronel Blanco,Fuente del Berro,Salamanca,40.424594,-3.664385
6098,Calle del Doctor Olóriz,Fuente del Berro,Salamanca,40.424869,-3.664703
6099,Calle del Maestro Alonso,Fuente del Berro,Salamanca,40.428761,-3.664222
6100,Calle del Marqués de Mondéjar,Fuente del Berro,Salamanca,40.427764,-3.665275
6101,Calle del Marqués de Vallejo,Fuente del Berro,Salamanca,40.421642,-3.663604
6102,Calle del Marqués de Zafra,Fuente del Berro,Salamanca,40.425661,-3.662424
6103,Calle del Marqués de la Hermida,Fuente del Berro,Salamanca,40.42255,-3.664958
6104,Calle del Pintor Domínguez,Fuente del Berro,Salamanca,40.421889,-3.667431
6105,Calle del Porvenir,Fuente del Berro,Salamanca,40.424628,-3.666129
6106,Calle del Sol,Fuente del Berro,Salamanca,40.425294,-3.662156
6107,Calle del Vizconde de Matamala,Fuente del Berro,Salamanca,40.426119,-3.663297
6108,Glorieta del Marqués de Zafra,Fuente del Berro,Salamanca,40.424842,-3.661703
6109,Pasaje de Bisbal,Fuente del Berro,Salamanca,40.428519,-3.664731
6110,Pasaje del Doctor Esquerdo,Fuente del Berro,Salamanca,40.424933,-3.668206
6111,Paseo del Marqués de Zafra,Fuente del Berro,Salamanca,40.425819,-3.664378
6112,Plaza de América Española,Fuente del Berro,Salamanca,40.429242,-3.662189
6113,Avenida de Felipe Ii,Goya,Salamanca,40.423839,-3.674968
6114,Calle de Antonia Mercé,Goya,Salamanca,40.424228,-3.673419
6115,Calle de Antonio Acuña,Goya,Salamanca,40.422229,-3.678879
6116,Calle de Ayala,Goya,Salamanca,40.427422,-3.677564
6117,Calle de Espartinas,Goya,Salamanca,40.424375,-3.679306
6118,Calle de Francisca Moreno,Goya,Salamanca,40.424379,-3.677917
6119,Calle de Goya,Goya,Salamanca,40.424897,-3.678714
6120,Calle de Hermosilla,Goya,Salamanca,40.426007,-3.677468
6121,Calle de Jorge Juan,Goya,Salamanca,40.423389,-3.676589
6122,Calle de Lombía,Goya,Salamanca,40.425117,-3.672626
6123,Calle de Luis Villa,Goya,Salamanca,40.426031,-3.669311
6124,Calle de Tomás López,Goya,Salamanca,40.426575,-3.66996
6125,Calle de la Fuente del Berro,Goya,Salamanca,40.42586,-3.670871
6126,Calle de la Povedilla,Goya,Salamanca,40.4238,-3.670064
6127,Calle de las Mártires Concepcionistas,Goya,Salamanca,40.428269,-3.670712
6128,Calle de las Naciones,Goya,Salamanca,40.426672,-3.673299
6129,Calle del Duque de Sesto,Goya,Salamanca,40.422465,-3.675903
6130,Calle del Jardín de San Federico,Goya,Salamanca,40.424875,-3.669861
6131,Calle del Maestro Vives,Goya,Salamanca,40.421837,-3.671258
6132,Calle del Príncipe de Asturias,Goya,Salamanca,40.427815,-3.67175
6133,Pasaje de Enrique Ruano,Goya,Salamanca,40.424225,-3.679433
6134,Plaza de Manuel Becerra,Goya,Salamanca,40.427961,-3.669039
6135,Avenida de América,Guindalera,Salamanca,40.441381,-3.668024
6136,Avenida de Baviera,Guindalera,Salamanca,40.442246,-3.66316
6137,Avenida de Bonn,Guindalera,Salamanca,40.439111,-3.663497
6138,Avenida de Brasilia,Guindalera,Salamanca,40.439667,-3.661322
6139,Avenida de Bruselas,Guindalera,Salamanca,40.439744,-3.663449
6140,Avenida de Camilo José Cela,Guindalera,Salamanca,40.437669,-3.667567
6141,Avenida de la Guindalera,Guindalera,Salamanca,40.440961,-3.664278
6142,Avenida de los Toreros,Guindalera,Salamanca,40.432215,-3.668232
6143,Calle de Agustín Durán,Guindalera,Salamanca,40.436031,-3.672944
6144,Calle de Alberto Martín Artajo,Guindalera,Salamanca,40.434825,-3.662372
6145,Calle de Alonso Heredia,Guindalera,Salamanca,40.435583,-3.672864
6146,Calle de Amorós,Guindalera,Salamanca,40.434744,-3.668797
6147,Calle de Andrés Tamayo,Guindalera,Salamanca,40.436632,-3.671914
6148,Calle de Antonia Ruiz Soro,Guindalera,Salamanca,40.4381,-3.666076
6149,Calle de Ardemans,Guindalera,Salamanca,40.435264,-3.673408
6150,Calle de Azcona,Guindalera,Salamanca,40.434164,-3.669583
6151,Calle de Bayona,Guindalera,Salamanca,40.438008,-3.662917
6152,Calle de Berlín,Guindalera,Salamanca,40.441781,-3.662186
6153,Calle de Berna,Guindalera,Salamanca,40.440388,-3.663753
6154,Calle de Biarritz,Guindalera,Salamanca,40.435958,-3.664208
6155,Calle de Bolonia,Guindalera,Salamanca,40.439168,-3.664762
6156,Calle de Boston,Guindalera,Salamanca,40.437569,-3.666653
6157,Calle de Bremen,Guindalera,Salamanca,40.437806,-3.66451
6158,Calle de Brescia,Guindalera,Salamanca,40.436569,-3.662717
6159,Calle de Bristol,Guindalera,Salamanca,40.440042,-3.662143
6160,Calle de Béjar,Guindalera,Salamanca,40.4363,-3.673008
6161,Calle de Cartagena,Guindalera,Salamanca,40.437522,-3.67141
6162,Calle de Castelar,Guindalera,Salamanca,40.430619,-3.666207
6163,Calle de Colomer,Guindalera,Salamanca,40.434544,-3.664897
6164,Calle de Coslada,Guindalera,Salamanca,40.437678,-3.674444
6165,Calle de Eduardo Vicente,Guindalera,Salamanca,40.438522,-3.672297
6166,Calle de Eraso,Guindalera,Salamanca,40.434951,-3.669461
6167,Calle de Ferrer del Río,Guindalera,Salamanca,40.434965,-3.671322
6168,Calle de Florestan Aguilar,Guindalera,Salamanca,40.430743,-3.668837
6169,Calle de Francisco Altimiras,Guindalera,Salamanca,40.434544,-3.663894
6170,Calle de Francisco Navacerrada,Guindalera,Salamanca,40.431156,-3.668222
6171,Calle de Francisco Remiro,Guindalera,Salamanca,40.438454,-3.667108
6172,Calle de Francisco Santos,Guindalera,Salamanca,40.434112,-3.666668
6173,Calle de Francisco Silvela,Guindalera,Salamanca,40.4348,-3.674296
6174,Calle de Francisco Zea,Guindalera,Salamanca,40.434578,-3.671186
6175,Calle de Iriarte,Guindalera,Salamanca,40.437086,-3.6717
6176,Calle de Jesús Méndez,Guindalera,Salamanca,40.432486,-3.667911
6177,Calle de José María Sánchez Silva,Guindalera,Salamanca,40.439171,-3.666501
6178,Calle de José Picón,Guindalera,Salamanca,40.435144,-3.672306
6179,Calle de Juan de la Hoz,Guindalera,Salamanca,40.437526,-3.673828
6180,Calle de Juan de los Ríos,Guindalera,Salamanca,40.434342,-3.662683
6181,Calle de Julio Camba,Guindalera,Salamanca,40.431538,-3.664521
6182,Calle de Londres,Guindalera,Salamanca,40.431561,-3.668136
6183,Calle de Lozoyuela,Guindalera,Salamanca,40.435942,-3.662428
6184,Calle de Luis Adaro,Guindalera,Salamanca,40.433094,-3.667978
6185,Calle de Luis Calvo,Guindalera,Salamanca,40.436331,-3.665283
6186,Calle de Luis Carandell,Guindalera,Salamanca,40.4404,-3.664558
6187,Calle de Luis Díaz Cobeña,Guindalera,Salamanca,40.432856,-3.668183
6188,Calle de Martínez Izquierdo,Guindalera,Salamanca,40.434592,-3.667494
6189,Calle de María Teresa,Guindalera,Salamanca,40.436058,-3.668492
6190,Calle de Méjico,Guindalera,Salamanca,40.437249,-3.673101
6191,Calle de Nuestra Señora de Guadalupe,Guindalera,Salamanca,40.4341,-3.666197
6192,Calle de Oltra,Guindalera,Salamanca,40.438311,-3.665781
6193,Calle de Orcasitas,Guindalera,Salamanca,40.435812,-3.663131
6194,Calle de Otero,Guindalera,Salamanca,40.438,-3.665081
6195,Calle de Rafaela Bonilla,Guindalera,Salamanca,40.433644,-3.667596
6196,Calle de Ricardo de la Vega,Guindalera,Salamanca,40.432599,-3.669315
6197,Calle de Roberto Domingo,Guindalera,Salamanca,40.434122,-3.662247
6198,Calle de Roma,Guindalera,Salamanca,40.431054,-3.665901
6199,Calle de Ruiz Ocaña,Guindalera,Salamanca,40.438185,-3.666835
6200,Calle de Ruiz Perelló,Guindalera,Salamanca,40.430039,-3.666607
6201,Calle de Salvador Granés,Guindalera,Salamanca,40.433069,-3.668556
6202,Calle de San Juan de la Cruz,Guindalera,Salamanca,40.432526,-3.668458
6203,Calle de Villafranca,Guindalera,Salamanca,40.434658,-3.665356
6204,Calle de la Belleza,Guindalera,Salamanca,40.43571,-3.662576
6205,Calle de la Bondad,Guindalera,Salamanca,40.436224,-3.662293
6206,Calle de la Botánica,Guindalera,Salamanca,40.436025,-3.6714
6207,Calle de la Granjilla,Guindalera,Salamanca,40.437756,-3.673083
6208,Calle de la Poveda,Guindalera,Salamanca,40.439025,-3.665856
6209,Calle de las Palmas,Guindalera,Salamanca,40.432511,-3.669731
6210,Calle del Campanar,Guindalera,Salamanca,40.430344,-3.666958
6211,Calle del Canalillo,Guindalera,Salamanca,40.438722,-3.666814
6212,Calle del Cardenal Belluga,Guindalera,Salamanca,40.430856,-3.665351
6213,Calle del Conde de Elda,Guindalera,Salamanca,40.434817,-3.663072
6214,Calle del Conde de Vilches,Guindalera,Salamanca,40.436486,-3.669428
6215,Calle del Doctor Gómez Ulla,Guindalera,Salamanca,40.429864,-3.667722
6216,Calle del Doctor Thebussen,Guindalera,Salamanca,40.435853,-3.662808
6217,Calle del Marqués de Ahumada,Guindalera,Salamanca,40.436546,-3.668475
6218,Calle del Marqués de Monteagudo,Guindalera,Salamanca,40.436721,-3.668439
6219,Calle del Monte de Piedad,Guindalera,Salamanca,40.434517,-3.6627
6220,Calle del Parral,Guindalera,Salamanca,40.438843,-3.666501
6221,Calle del Pilar de Zaragoza,Guindalera,Salamanca,40.435371,-3.670871
6222,Calle del Pintor Moreno Carbonero,Guindalera,Salamanca,40.438158,-3.670369
6223,Camino de Canillas,Guindalera,Salamanca,40.438675,-3.672489
6224,Glorieta de María Pignatelli,Guindalera,Salamanca,40.436575,-3.668369
6225,Glorieta de Navacerrada,Guindalera,Salamanca,40.431454,-3.665565
6226,Glorieta del Campanar,Guindalera,Salamanca,40.431254,-3.667296
6227,Pasaje de la Fundación,Guindalera,Salamanca,40.434453,-3.665939
6228,Plaza de Basilea,Guindalera,Salamanca,40.43806,-3.662261
6229,Plaza de Boston,Guindalera,Salamanca,40.437803,-3.66585
6230,Plaza de Burdeos,Guindalera,Salamanca,40.438601,-3.664504
6231,Plaza de San Cayetano,Guindalera,Salamanca,40.434211,-3.670453
6232,Plaza de Venecia,Guindalera,Salamanca,40.440976,-3.662553
6233,Calle de Agustina de Aragón,Lista,Salamanca,40.431651,-3.672878
6234,Calle de Alcántara,Lista,Salamanca,40.429419,-3.673747
6235,Calle de Don Ramón de la Cruz,Lista,Salamanca,40.428861,-3.677711
6236,Calle de José Ortega y Gasset,Lista,Salamanca,40.429983,-3.677342
6237,Calle de Juan Bravo,Lista,Salamanca,40.432611,-3.678319
6238,Calle de Martí,Lista,Salamanca,40.430458,-3.671568
6239,Calle de Montesa,Lista,Salamanca,40.429039,-3.672258
6240,Calle de Padilla,Lista,Salamanca,40.431303,-3.677764
6241,Calle del Conde de Peñalver,Lista,Salamanca,40.429194,-3.675264
6242,Calle del General Díaz Porlier,Lista,Salamanca,40.429083,-3.676861
6243,Calle del General Pardiñas,Lista,Salamanca,40.429814,-3.678247
6244,Pasaje de Montesa,Lista,Salamanca,40.429067,-3.672778
6245,Calle de Aguirre,Recoletos,Salamanca,40.421807,-3.681368
6246,Calle de Castelló,Recoletos,Salamanca,40.429372,-3.681153
6247,Calle de Claudio Coello,Recoletos,Salamanca,40.428897,-3.686025
6248,Calle de Columela,Recoletos,Salamanca,40.421178,-3.686967
6249,Calle de Gil de Santiváñes,Recoletos,Salamanca,40.422361,-3.689189
6250,Calle de Gurtubay,Recoletos,Salamanca,40.423093,-3.685032
6251,Calle de Lagasca,Recoletos,Salamanca,40.428694,-3.684975
6252,Calle de Núñez de Balboa,Recoletos,Salamanca,40.42929,-3.682436
6253,Calle de Pedro Muñoz Seca,Recoletos,Salamanca,40.420212,-3.690757
6254,Calle de Puigcerdá,Recoletos,Salamanca,40.423412,-3.686332
6255,Calle de Recoletos,Recoletos,Salamanca,40.421792,-3.689922
6256,Calle de Salustiano Olózaga,Recoletos,Salamanca,40.420696,-3.690426
6257,Calle de Velázquez,Recoletos,Salamanca,40.431356,-3.683592
6258,Calle de Villalar,Recoletos,Salamanca,40.421175,-3.689853
6259,Calle de Villanueva,Recoletos,Salamanca,40.422406,-3.685444
6260,Calle de la Armada Española,Recoletos,Salamanca,40.424472,-3.689761
6261,Calle del Cid,Recoletos,Salamanca,40.422199,-3.689856
6262,Calle del Conde de Aranda,Recoletos,Salamanca,40.421736,-3.686512
6263,Calle del Marqués de Villamagna,Recoletos,Salamanca,40.42925,-3.688189
6264,Calle del Marqués de Zurgena,Recoletos,Salamanca,40.426122,-3.68905
6265,Calle del Marqués del Duero,Recoletos,Salamanca,40.420417,-3.691347
6266,Plaza de la Independencia,Recoletos,Salamanca,40.420353,-3.689069
6267,Calle de Ajofrín,Amposta,San Blas - Canillejas,40.424496,-3.624972
6268,Calle de Alberique,Amposta,San Blas - Canillejas,40.428503,-3.620394
6269,Calle de Alcalá,Amposta,San Blas - Canillejas,40.433161,-3.647906
6270,Calle de Amposta,Amposta,San Blas - Canillejas,40.426564,-3.621739
6271,Calle de la Aguja,Amposta,San Blas - Canillejas,40.426611,-3.620814
6272,Calle de la Bisutería,Amposta,San Blas - Canillejas,40.425089,-3.624143
6273,Calle de la Calderería,Amposta,San Blas - Canillejas,40.425628,-3.622853
6274,Calle de la Carpintería,Amposta,San Blas - Canillejas,40.425736,-3.622403
6275,Calle de la Carrocería,Amposta,San Blas - Canillejas,40.425775,-3.623719
6276,Calle de la Cerrajería,Amposta,San Blas - Canillejas,40.426725,-3.622744
6277,Calle de la Chapistería,Amposta,San Blas - Canillejas,40.425614,-3.624158
6278,Calle de la Ebanistería,Amposta,San Blas - Canillejas,40.425072,-3.622039
6279,Calle de la Ferretería,Amposta,San Blas - Canillejas,40.427222,-3.622912
6280,Calle de la Fornitura,Amposta,San Blas - Canillejas,40.424806,-3.623289
6281,Calle de la Fotografía,Amposta,San Blas - Canillejas,40.424383,-3.622867
6282,Calle de la Fumistería,Amposta,San Blas - Canillejas,40.426081,-3.622867
6283,Calle de la Grifería,Amposta,San Blas - Canillejas,40.425979,-3.623299
6284,Calle de la Herrería,Amposta,San Blas - Canillejas,40.425233,-3.623694
6285,Calle de la Hojalatería,Amposta,San Blas - Canillejas,40.426925,-3.62289
6286,Calle de la Joyería,Amposta,San Blas - Canillejas,40.4246,-3.624047
6287,Calle de la Juguetería,Amposta,San Blas - Canillejas,40.424612,-3.622518
6288,Calle de la Maquinaria,Amposta,San Blas - Canillejas,40.42541,-3.623228
6289,Calle de la Minería,Amposta,San Blas - Canillejas,40.42585,-3.623015
6290,Calle de la Música,Amposta,San Blas - Canillejas,40.424192,-3.623294
6291,Calle de la Orfebrería,Amposta,San Blas - Canillejas,40.425131,-3.623999
6292,Calle de la Papelería,Amposta,San Blas - Canillejas,40.424153,-3.622561
6293,Calle de la Pañería,Amposta,San Blas - Canillejas,40.4271,-3.620683
6294,Calle de la Resinería,Amposta,San Blas - Canillejas,40.424796,-3.623103
6295,Calle de la Serrería,Amposta,San Blas - Canillejas,40.426314,-3.622424
6296,Calle de la Siderurgia,Amposta,San Blas - Canillejas,40.425933,-3.624114
6297,Calle de la Sillería,Amposta,San Blas - Canillejas,40.424688,-3.622126
6298,Calle de la Tapicería,Amposta,San Blas - Canillejas,40.424381,-3.622108
6299,Calle de la Tornillería,Amposta,San Blas - Canillejas,40.426478,-3.622047
6300,Calle de la Trefilería,Amposta,San Blas - Canillejas,40.425276,-3.623538
6301,Calle de las Costureras,Amposta,San Blas - Canillejas,40.428042,-3.618732
6302,Calle de las Encajeras,Amposta,San Blas - Canillejas,40.427683,-3.620133
6303,Calle de las Modistas,Amposta,San Blas - Canillejas,40.42786,-3.619686
6304,Calle de los Lenceros,Amposta,San Blas - Canillejas,40.428389,-3.618739
6305,Calle de los Maquileros,Amposta,San Blas - Canillejas,40.423981,-3.622986
6306,Calle de los Sastres,Amposta,San Blas - Canillejas,40.428465,-3.619122
6307,Calle de los Tejedores,Amposta,San Blas - Canillejas,40.428431,-3.620439
6308,Calle de los Telares,Amposta,San Blas - Canillejas,40.427536,-3.621306
6309,Calle del Abanico,Amposta,San Blas - Canillejas,40.427482,-3.62161
6310,Calle del Algodón,Amposta,San Blas - Canillejas,40.427086,-3.620157
6311,Calle del Arrozal,Amposta,San Blas - Canillejas,40.427631,-3.620875
6312,Calle del Brocado,Amposta,San Blas - Canillejas,40.428317,-3.619265
6313,Pasaje de la Rueca,Amposta,San Blas - Canillejas,40.427325,-3.621856
6314,Pasaje de la Seda,Amposta,San Blas - Canillejas,40.426733,-3.621431
6315,Avenida de Guadalajara,Arcos,San Blas - Canillejas,40.421767,-3.614674
6316,Calle de Alcañices,Arcos,San Blas - Canillejas,40.424101,-3.620747
6317,Calle de Aquitania,Arcos,San Blas - Canillejas,40.419686,-3.615314
6318,Calle de Arcos de Jalón,Arcos,San Blas - Canillejas,40.422457,-3.617211
6319,Calle de Argenta,Arcos,San Blas - Canillejas,40.4229,-3.615
6320,Calle de Aspariegos,Arcos,San Blas - Canillejas,40.423944,-3.620635
6321,Calle de Bulgaria,Arcos,San Blas - Canillejas,40.418975,-3.619518
6322,Calle de Capri,Arcos,San Blas - Canillejas,40.418461,-3.620004
6323,Calle de Castroverde,Arcos,San Blas - Canillejas,40.42316,-3.620418
6324,Calle de Cubillos,Arcos,San Blas - Canillejas,40.422817,-3.61976
6325,Calle de Dresde,Arcos,San Blas - Canillejas,40.421719,-3.611961
6326,Calle de Fuentelapeña,Arcos,San Blas - Canillejas,40.422467,-3.620496
6327,Calle de Glasgow,Arcos,San Blas - Canillejas,40.418383,-3.612647
6328,Calle de Mayólica,Arcos,San Blas - Canillejas,40.426919,-3.616822
6329,Calle de Montamarta,Arcos,San Blas - Canillejas,40.423028,-3.621094
6330,Calle de Morales del Rey,Arcos,San Blas - Canillejas,40.422569,-3.620251
6331,Calle de Muelas del Pan,Arcos,San Blas - Canillejas,40.422886,-3.62239
6332,Calle de Nimes,Arcos,San Blas - Canillejas,40.417225,-3.616081
6333,Calle de Nuremberg,Arcos,San Blas - Canillejas,40.418708,-3.616803
6334,Calle de Palanquinos,Arcos,San Blas - Canillejas,40.423481,-3.620569
6335,Calle de Pedralba,Arcos,San Blas - Canillejas,40.423118,-3.622588
6336,Calle de Pego,Arcos,San Blas - Canillejas,40.423274,-3.6227
6337,Calle de Pobladura del Valle,Arcos,San Blas - Canillejas,40.423625,-3.622522
6338,Calle de Ribadelago,Arcos,San Blas - Canillejas,40.422457,-3.62211
6339,Calle de Riga,Arcos,San Blas - Canillejas,40.419558,-3.614614
6340,Calle de Rioconejos,Arcos,San Blas - Canillejas,40.422803,-3.621697
6341,Calle de Rávena,Arcos,San Blas - Canillejas,40.418437,-3.615854
6342,Calle de Rímini,Arcos,San Blas - Canillejas,40.419781,-3.613594
6343,Calle de San Román del Valle,Arcos,San Blas - Canillejas,40.422149,-3.622381
6344,Calle de Sarre,Arcos,San Blas - Canillejas,40.420157,-3.612856
6345,Calle de Sayago,Arcos,San Blas - Canillejas,40.422614,-3.622221
6346,Calle de Tabara,Arcos,San Blas - Canillejas,40.423776,-3.62136
6347,Calle de Tardobispo,Arcos,San Blas - Canillejas,40.423312,-3.620529
6348,Calle de Toscana,Arcos,San Blas - Canillejas,40.418061,-3.615053
6349,Calle de Transmonte,Arcos,San Blas - Canillejas,40.423501,-3.622021
6350,Calle de Versalles,Arcos,San Blas - Canillejas,40.417075,-3.615553
6351,Calle de Villalazán,Arcos,San Blas - Canillejas,40.422671,-3.620008
6352,Calle de la Albañilería,Arcos,San Blas - Canillejas,40.426679,-3.614492
6353,Calle de la Albericia,Arcos,San Blas - Canillejas,40.422849,-3.614193
6354,Calle de la Almazara,Arcos,San Blas - Canillejas,40.423871,-3.618153
6355,Calle de la Alquimia,Arcos,San Blas - Canillejas,40.426567,-3.615011
6356,Calle de la Bujía,Arcos,San Blas - Canillejas,40.423354,-3.618129
6357,Calle de la Carretería,Arcos,San Blas - Canillejas,40.42631,-3.61485
6358,Calle de la Junquera,Arcos,San Blas - Canillejas,40.423744,-3.620493
6359,Calle de la Loza,Arcos,San Blas - Canillejas,40.426075,-3.614747
6360,Calle de la Mampostería,Arcos,San Blas - Canillejas,40.425622,-3.615653
6361,Calle de la Masilla,Arcos,San Blas - Canillejas,40.427164,-3.616178
6362,Calle de la Plomada,Arcos,San Blas - Canillejas,40.425539,-3.616392
6363,Calle de la Porcelana,Arcos,San Blas - Canillejas,40.425833,-3.615419
6364,Calle de la República Checa,Arcos,San Blas - Canillejas,40.419076,-3.616386
6365,Calle de la República Eslovaca,Arcos,San Blas - Canillejas,40.418906,-3.615119
6366,Calle de la Semilla,Arcos,San Blas - Canillejas,40.425957,-3.615188
6367,Calle de la Solería,Arcos,San Blas - Canillejas,40.427433,-3.613147
6368,Calle de la Vidriería,Arcos,San Blas - Canillejas,40.427528,-3.615092
6369,Calle de las Destilerías,Arcos,San Blas - Canillejas,40.423264,-3.61866
6370,Calle de las Letrillas,Arcos,San Blas - Canillejas,40.422237,-3.621536
6371,Calle de los Alfareros,Arcos,San Blas - Canillejas,40.427733,-3.614356
6372,Calle de los Aparejadores,Arcos,San Blas - Canillejas,40.426024,-3.616436
6373,Calle de los Aprendices,Arcos,San Blas - Canillejas,40.42651,-3.616333
6374,Calle de los Artífices,Arcos,San Blas - Canillejas,40.424731,-3.618631
6375,Calle de los Canteros,Arcos,San Blas - Canillejas,40.426757,-3.614672
6376,Calle de los Ceramistas,Arcos,San Blas - Canillejas,40.427114,-3.614121
6377,Calle de los Cinceladores,Arcos,San Blas - Canillejas,40.424711,-3.616836
6378,Calle de los Colorantes,Arcos,San Blas - Canillejas,40.42455,-3.618408
6379,Calle de los Conserveros,Arcos,San Blas - Canillejas,40.425419,-3.618908
6380,Calle de los Delineantes,Arcos,San Blas - Canillejas,40.425433,-3.615889
6381,Calle de los Dibujantes,Arcos,San Blas - Canillejas,40.425247,-3.616125
6382,Calle de los Drogueros,Arcos,San Blas - Canillejas,40.424367,-3.617311
6383,Calle de los Electricistas,Arcos,San Blas - Canillejas,40.427015,-3.613862
6384,Calle de los Escultores,Arcos,San Blas - Canillejas,40.424894,-3.6166
6385,Calle de los Esencieros,Arcos,San Blas - Canillejas,40.424206,-3.618393
6386,Calle de los Grabadores,Arcos,San Blas - Canillejas,40.424244,-3.619551
6387,Calle de los Gremios,Arcos,San Blas - Canillejas,40.42584,-3.61911
6388,Calle de los Herbolarios,Arcos,San Blas - Canillejas,40.424108,-3.617581
6389,Calle de los Marmolistas,Arcos,San Blas - Canillejas,40.427218,-3.613629
6390,Calle de los Molturadores,Arcos,San Blas - Canillejas,40.424032,-3.618378
6391,Calle de los Peones,Arcos,San Blas - Canillejas,40.426539,-3.617167
6392,Calle de los Pintores,Arcos,San Blas - Canillejas,40.427125,-3.615076
6393,Calle de los Químicos,Arcos,San Blas - Canillejas,40.424356,-3.619243
6394,Calle de los Tallistas,Arcos,San Blas - Canillejas,40.425965,-3.615012
6395,Calle de los Vegetales,Arcos,San Blas - Canillejas,40.423526,-3.618135
6396,Calle de los Vidriales,Arcos,San Blas - Canillejas,40.42245,-3.621632
6397,Calle de los Ópticos,Arcos,San Blas - Canillejas,40.424542,-3.617075
6398,Calle del Alambique,Arcos,San Blas - Canillejas,40.424162,-3.619096
6399,Calle del Caucho,Arcos,San Blas - Canillejas,40.424372,-3.618399
6400,Calle del Cerezal,Arcos,San Blas - Canillejas,40.422961,-3.620274
6401,Calle del Laboratorio,Arcos,San Blas - Canillejas,40.423781,-3.618936
6402,Calle del Paramento,Arcos,San Blas - Canillejas,40.427411,-3.613393
6403,Calle del Óleo,Arcos,San Blas - Canillejas,40.423697,-3.618128
6404,Plaza de Alsacia,Arcos,San Blas - Canillejas,40.417906,-3.623556
6405,Plazuela de la Herramienta,Arcos,San Blas - Canillejas,40.426793,-3.616082
6406,Plazuela de la Obra,Arcos,San Blas - Canillejas,40.427035,-3.615428
6407,Plazuela de los Artesanos,Arcos,San Blas - Canillejas,40.426583,-3.616862
6408,Travesía de Aquitania,Arcos,San Blas - Canillejas,40.416526,-3.619861
6409,Travesía de Capri,Arcos,San Blas - Canillejas,40.41685,-3.619725
6410,Avenida de Jaca,Canillejas,San Blas - Canillejas,40.4487,-3.611044
6411,Avenida de San Eloy,Canillejas,San Blas - Canillejas,40.445608,-3.607642
6412,Calle de Aliaga,Canillejas,San Blas - Canillejas,40.4364,-3.611981
6413,Calle de Aquiles,Canillejas,San Blas - Canillejas,40.438618,-3.612733
6414,Calle de Barbastro,Canillejas,San Blas - Canillejas,40.446151,-3.610711
6415,Calle de Boltaña,Canillejas,San Blas - Canillejas,40.446394,-3.611525
6416,Calle de Canal de la Mancha,Canillejas,San Blas - Canillejas,40.440472,-3.612765
6417,Calle de Cartago,Canillejas,San Blas - Canillejas,40.447619,-3.607989
6418,Calle de Caspe,Canillejas,San Blas - Canillejas,40.448246,-3.606231
6419,Calle de Castalia,Canillejas,San Blas - Canillejas,40.449208,-3.606664
6420,Calle de Circe,Canillejas,San Blas - Canillejas,40.4411,-3.613015
6421,Calle de Cástor,Canillejas,San Blas - Canillejas,40.4457,-3.611306
6422,Calle de Diana,Canillejas,San Blas - Canillejas,40.444126,-3.613114
6423,Calle de Diego de Vargas,Canillejas,San Blas - Canillejas,40.448956,-3.61261
6424,Calle de Eduardo Terán,Canillejas,San Blas - Canillejas,40.445756,-3.615556
6425,Calle de Egea,Canillejas,San Blas - Canillejas,40.448353,-3.607592
6426,Calle de Enrique López,Canillejas,San Blas - Canillejas,40.448324,-3.611638
6427,Calle de Esparta,Canillejas,San Blas - Canillejas,40.448078,-3.615378
6428,Calle de Etruria,Canillejas,San Blas - Canillejas,40.436347,-3.610315
6429,Calle de Fenelón,Canillejas,San Blas - Canillejas,40.437811,-3.610247
6430,Calle de Fernando Mijares,Canillejas,San Blas - Canillejas,40.447997,-3.617428
6431,Calle de Fernández de Navarrete,Canillejas,San Blas - Canillejas,40.449144,-3.612428
6432,Calle de Filadelfia,Canillejas,San Blas - Canillejas,40.446622,-3.617736
6433,Calle de Fraga,Canillejas,San Blas - Canillejas,40.445636,-3.610047
6434,Calle de Gonzalo Torrente Ballester,Canillejas,San Blas - Canillejas,40.446554,-3.606882
6435,Calle de Gutiérrez Canales,Canillejas,San Blas - Canillejas,40.447582,-3.613642
6436,Calle de Hilario Peñasco,Canillejas,San Blas - Canillejas,40.448975,-3.614061
6437,Calle de Ignacio García,Canillejas,San Blas - Canillejas,40.445342,-3.610592
6438,Calle de José Cano Heredia,Canillejas,San Blas - Canillejas,40.448244,-3.613694
6439,Calle de Lucano,Canillejas,San Blas - Canillejas,40.438233,-3.610515
6440,Calle de Martín Ferreiro,Canillejas,San Blas - Canillejas,40.449153,-3.614353
6441,Calle de María Tarín,Canillejas,San Blas - Canillejas,40.447653,-3.619451
6442,Calle de Mequinenza,Canillejas,San Blas - Canillejas,40.44776,-3.605656
6443,Calle de Nicolasa Gómez,Canillejas,San Blas - Canillejas,40.440336,-3.612928
6444,Calle de Nuestra Señora de la Blanca,Canillejas,San Blas - Canillejas,40.448178,-3.607217
6445,Calle de Néstor,Canillejas,San Blas - Canillejas,40.447832,-3.608492
6446,Calle de Orfeo,Canillejas,San Blas - Canillejas,40.447294,-3.617386
6447,Calle de Patrocinio Gómez,Canillejas,San Blas - Canillejas,40.447153,-3.615592
6448,Calle de Pitágoras,Canillejas,San Blas - Canillejas,40.436936,-3.607106
6449,Calle de Rafael de la Hoz,Canillejas,San Blas - Canillejas,40.446381,-3.615575
6450,Calle de Ribadumia,Canillejas,San Blas - Canillejas,40.441379,-3.61066
6451,Calle de Rodríguez Ayuso,Canillejas,San Blas - Canillejas,40.447383,-3.618336
6452,Calle de San Faustino,Canillejas,San Blas - Canillejas,40.444921,-3.608749
6453,Calle de San Herculano,Canillejas,San Blas - Canillejas,40.441208,-3.6108
6454,Calle de San Hilario,Canillejas,San Blas - Canillejas,40.4448,-3.608458
6455,Calle de San Mariano,Canillejas,San Blas - Canillejas,40.4419,-3.612153
6456,Calle de San Narciso,Canillejas,San Blas - Canillejas,40.445299,-3.609543
6457,Calle de San Remigio,Canillejas,San Blas - Canillejas,40.445356,-3.608278
6458,Calle de San Rosendo,Canillejas,San Blas - Canillejas,40.43924,-3.613039
6459,Calle de San Valentín,Canillejas,San Blas - Canillejas,40.446714,-3.608189
6460,Calle de San Venancio,Canillejas,San Blas - Canillejas,40.446964,-3.608404
6461,Calle de Santa Tecla,Canillejas,San Blas - Canillejas,40.44329,-3.613349
6462,Calle de Sebastián Francisco,Canillejas,San Blas - Canillejas,40.445167,-3.608656
6463,Calle de Suárez García,Canillejas,San Blas - Canillejas,40.446725,-3.616292
6464,Calle de Talía,Canillejas,San Blas - Canillejas,40.447164,-3.61694
6465,Calle de Torre Arias,Canillejas,San Blas - Canillejas,40.445844,-3.611703
6466,Calle de Troya,Canillejas,San Blas - Canillejas,40.436724,-3.611901
6467,Calle de Valderrobres,Canillejas,San Blas - Canillejas,40.443778,-3.610461
6468,Calle de Vicente Jiménez,Canillejas,San Blas - Canillejas,40.446892,-3.613767
6469,Calle de Víctor González,Canillejas,San Blas - Canillejas,40.447458,-3.608572
6470,Calle de la Esfinge,Canillejas,San Blas - Canillejas,40.443578,-3.609294
6471,Calle de la Ilíada,Canillejas,San Blas - Canillejas,40.435528,-3.609125
6472,Calle de la Raza,Canillejas,San Blas - Canillejas,40.447814,-3.612764
6473,Calle de la Sílfide,Canillejas,San Blas - Canillejas,40.439611,-3.613239
6474,Calle de las Musas,Canillejas,San Blas - Canillejas,40.437039,-3.60809
6475,Calle del Canal del Bósforo,Canillejas,San Blas - Canillejas,40.440247,-3.610592
6476,Calle del Discóbolo,Canillejas,San Blas - Canillejas,40.442565,-3.613293
6477,Calle del Néctar,Canillejas,San Blas - Canillejas,40.441897,-3.613071
6478,Calle del Parador de Santa Lucía,Canillejas,San Blas - Canillejas,40.448558,-3.610022
6479,Calle del Ángel de la Guarda,Canillejas,San Blas - Canillejas,40.445214,-3.615786
6480,Glorieta de Eolo,Canillejas,San Blas - Canillejas,40.448625,-3.614436
6481,Glorieta de la Montaña,Canillejas,San Blas - Canillejas,40.445881,-3.615983
6482,Plaza de Cupido,Canillejas,San Blas - Canillejas,40.445647,-3.610536
6483,Plaza de Céfiro,Canillejas,San Blas - Canillejas,40.448446,-3.607847
6484,Plaza de Eurípides,Canillejas,San Blas - Canillejas,40.448804,-3.607151
6485,Plaza de la Villa de Canillejas,Canillejas,San Blas - Canillejas,40.445154,-3.611082
6486,Plaza del Párroco Luis Calleja,Canillejas,San Blas - Canillejas,40.444937,-3.611807
6487,Avenida del Veinticinco de Septiembre,El Salvador,San Blas - Canillejas,40.444547,-3.625008
6488,Calle de Alegría de Oria,El Salvador,San Blas - Canillejas,40.443356,-3.63265
6489,Calle de Alonso de Contreras,El Salvador,San Blas - Canillejas,40.447181,-3.623383
6490,Calle de Antioquía,El Salvador,San Blas - Canillejas,40.444586,-3.636358
6491,Calle de Arévalo Lara,El Salvador,San Blas - Canillejas,40.442206,-3.632899
6492,Calle de Belice,El Salvador,San Blas - Canillejas,40.446467,-3.63655
6493,Calle de Campeche,El Salvador,San Blas - Canillejas,40.440522,-3.630236
6494,Calle de Conrado del Campo,El Salvador,San Blas - Canillejas,40.442506,-3.636528
6495,Calle de Corumba,El Salvador,San Blas - Canillejas,40.445043,-3.637412
6496,Calle de Doña Juana I de Castilla,El Salvador,San Blas - Canillejas,40.446665,-3.631456
6497,Calle de Iquitos,El Salvador,San Blas - Canillejas,40.44115,-3.631011
6498,Calle de Josefa Valcárcel,El Salvador,San Blas - Canillejas,40.44905,-3.638094
6499,Calle de Juan Ignacio Luca de Tena,El Salvador,San Blas - Canillejas,40.447494,-3.629758
6500,Calle de Juan Rizi,El Salvador,San Blas - Canillejas,40.447811,-3.636617
6501,Calle de López de Aranda,El Salvador,San Blas - Canillejas,40.44284,-3.637958
6502,Calle de Martínez Molina,El Salvador,San Blas - Canillejas,40.441192,-3.636286
6503,Calle de María Lombillo,El Salvador,San Blas - Canillejas,40.443729,-3.637599
6504,Calle de Miami,El Salvador,San Blas - Canillejas,40.441369,-3.630167
6505,Calle de Orizaba,El Salvador,San Blas - Canillejas,40.442221,-3.631489
6506,Calle de Pastrana,El Salvador,San Blas - Canillejas,40.440351,-3.63486
6507,Calle de Puerto Vallarta,El Salvador,San Blas - Canillejas,40.441518,-3.631964
6508,Calle de Puertollano,El Salvador,San Blas - Canillejas,40.442626,-3.622712
6509,Calle de Rafael Caballero,El Salvador,San Blas - Canillejas,40.441675,-3.635253
6510,Calle de Riobamba,El Salvador,San Blas - Canillejas,40.441397,-3.634258
6511,Calle de Siro Muela,El Salvador,San Blas - Canillejas,40.443156,-3.633519
6512,Calle de Tabatinga,El Salvador,San Blas - Canillejas,40.44395,-3.633186
6513,Calle de Tampico,El Salvador,San Blas - Canillejas,40.442644,-3.63405
6514,Calle de Tegucigalpa,El Salvador,San Blas - Canillejas,40.443032,-3.632392
6515,Calle de Telémaco,El Salvador,San Blas - Canillejas,40.447733,-3.643794
6516,Calle de Teseo,El Salvador,San Blas - Canillejas,40.445572,-3.637081
6517,Calle de Tobago,El Salvador,San Blas - Canillejas,40.446028,-3.634578
6518,Calle de Tumaco,El Salvador,San Blas - Canillejas,40.445431,-3.634567
6519,Calle de Venturada,El Salvador,San Blas - Canillejas,40.440117,-3.635479
6520,Calle del Doctor Zamenhof,El Salvador,San Blas - Canillejas,40.446022,-3.627479
6521,Calle del General Aranaz,El Salvador,San Blas - Canillejas,40.444731,-3.639394
6522,Calle del Marquesado de Santa Marta,El Salvador,San Blas - Canillejas,40.447864,-3.622356
6523,Calle del Río Matarraña,El Salvador,San Blas - Canillejas,40.439521,-3.634242
6524,Glorieta de Francisco de las Cabezas,El Salvador,San Blas - Canillejas,40.446788,-3.637307
6525,Glorieta de Ricardo Velázquez Bosco,El Salvador,San Blas - Canillejas,40.447414,-3.626439
6526,Plaza de Ensidesa,El Salvador,San Blas - Canillejas,40.443496,-3.623347
6527,Plaza de Juan Antonio Suanzes,El Salvador,San Blas - Canillejas,40.445331,-3.624558
6528,Plaza de la Virgen del Trabajo,El Salvador,San Blas - Canillejas,40.444625,-3.624199
6529,Plaza de las Olivas,El Salvador,San Blas - Canillejas,40.445794,-3.624557
6530,Travesía de López de Aranda,El Salvador,San Blas - Canillejas,40.442667,-3.636933
6531,Avenida de Hellín,Hellín,San Blas - Canillejas,40.43004,-3.615688
6532,Calle de Albaida,Hellín,San Blas - Canillejas,40.433069,-3.616622
6533,Calle de Alconera,Hellín,San Blas - Canillejas,40.430525,-3.617508
6534,Calle de Consuelo Rubio,Hellín,San Blas - Canillejas,40.430444,-3.615168
6535,Calle de Gregorio López Madera,Hellín,San Blas - Canillejas,40.429292,-3.614019
6536,Calle de Herencia,Hellín,San Blas - Canillejas,40.430594,-3.612325
6537,Calle de Hinojal,Hellín,San Blas - Canillejas,40.43194,-3.613831
6538,Calle de Hinojosa del Duque,Hellín,San Blas - Canillejas,40.430314,-3.613633
6539,Calle de José Ramón Vizcaíno,Hellín,San Blas - Canillejas,40.430933,-3.614644
6540,Calle de Lucas Mallada,Hellín,San Blas - Canillejas,40.429942,-3.614508
6541,Calle de la Avicultura,Hellín,San Blas - Canillejas,40.430131,-3.619575
6542,Calle de la Feria,Hellín,San Blas - Canillejas,40.429599,-3.619817
6543,Calle de la Taquigrafía,Hellín,San Blas - Canillejas,40.431822,-3.619317
6544,Calle de las Medidas,Hellín,San Blas - Canillejas,40.429542,-3.619325
6545,Calle de las Redes,Hellín,San Blas - Canillejas,40.429817,-3.617006
6546,Calle de los Braceros,Hellín,San Blas - Canillejas,40.429601,-3.618778
6547,Calle de los Cereales,Hellín,San Blas - Canillejas,40.432489,-3.617372
6548,Calle de los Cordobanes,Hellín,San Blas - Canillejas,40.432592,-3.618119
6549,Calle de los Decoradores,Hellín,San Blas - Canillejas,40.432388,-3.61894
6550,Calle de los Deportistas,Hellín,San Blas - Canillejas,40.430271,-3.619192
6551,Calle de los Guarnicioneros,Hellín,San Blas - Canillejas,40.432686,-3.617033
6552,Calle de los Hermanos García Noblejas,Hellín,San Blas - Canillejas,40.425021,-3.629297
6553,Calle de los Inventores,Hellín,San Blas - Canillejas,40.432458,-3.618489
6554,Calle de los Labradores,Hellín,San Blas - Canillejas,40.431144,-3.617142
6555,Calle de los Marineros,Hellín,San Blas - Canillejas,40.430908,-3.616781
6556,Calle de los Peleteros,Hellín,San Blas - Canillejas,40.429869,-3.616183
6557,Calle de los Pescadores,Hellín,San Blas - Canillejas,40.431486,-3.616454
6558,Calle del Pan,Hellín,San Blas - Canillejas,40.432617,-3.617681
6559,Calle del Repujado,Hellín,San Blas - Canillejas,40.429853,-3.616586
6560,Plaza de Ignacio Ugalde,Hellín,San Blas - Canillejas,40.430589,-3.614021
6561,Autovía M-21,Rejas,San Blas - Canillejas,40.440358,-3.577386
6562,Avenida Cuarta,Rejas,San Blas - Canillejas,40.449372,-3.595486
6563,Avenida Fin de Semana,Rejas,San Blas - Canillejas,40.447122,-3.564561
6564,Avenida Quinta,Rejas,San Blas - Canillejas,40.445925,-3.596721
6565,Avenida Segunda,Rejas,San Blas - Canillejas,40.445917,-3.594183
6566,Avenida Sexta,Rejas,San Blas - Canillejas,40.449086,-3.596958
6567,Avenida Séptima,Rejas,San Blas - Canillejas,40.447665,-3.599779
6568,Avenida Tercera,Rejas,San Blas - Canillejas,40.449175,-3.594811
6569,Avenida de Alfonso Peña Boeuf,Rejas,San Blas - Canillejas,40.448121,-3.560097
6570,Avenida de Aragón,Rejas,San Blas - Canillejas,40.449356,-3.559981
6571,Avenida de Fermina Sevillano,Rejas,San Blas - Canillejas,40.444903,-3.568581
6572,Avenida de Gumersindo Llorente,Rejas,San Blas - Canillejas,40.445132,-3.565179
6573,Avenida de los Hermanos Granda,Rejas,San Blas - Canillejas,40.445522,-3.559186
6574,Avenida del Ingeniero Conde de Torroja,Rejas,San Blas - Canillejas,40.447257,-3.55945
6575,Avenida del Invierno,Rejas,San Blas - Canillejas,40.442242,-3.573025
6576,Calle Cinco,Rejas,San Blas - Canillejas,40.448601,-3.595208
6577,Calle Cuatro,Rejas,San Blas - Canillejas,40.448786,-3.59425
6578,Calle Dos Ciudad Pegaso,Rejas,San Blas - Canillejas,40.449318,-3.595157
6579,Calle Díez,Rejas,San Blas - Canillejas,40.445606,-3.595567
6580,Calle Nueve,Rejas,San Blas - Canillejas,40.446085,-3.595696
6581,Calle Ocho,Rejas,San Blas - Canillejas,40.446767,-3.595344
6582,Calle Once,Rejas,San Blas - Canillejas,40.444747,-3.595276
6583,Calle Provisional Fin de Semana,Rejas,San Blas - Canillejas,40.446582,-3.571964
6584,Calle Provisional Iveco-pegaso Cinco,Rejas,San Blas - Canillejas,40.444383,-3.546022
6585,Calle Provisional Iveco-pegaso Cuatro,Rejas,San Blas - Canillejas,40.447906,-3.549946
6586,Calle Provisional Iveco-pegaso Dos,Rejas,San Blas - Canillejas,40.445144,-3.546919
6587,Calle Provisional Iveco-pegaso Tres,Rejas,San Blas - Canillejas,40.447358,-3.550425
6588,Calle Provisional Iveco-pegaso Uno,Rejas,San Blas - Canillejas,40.446608,-3.554897
6589,Calle Seis,Rejas,San Blas - Canillejas,40.448075,-3.595211
6590,Calle Tres,Rejas,San Blas - Canillejas,40.449079,-3.595225
6591,Calle Uno,Rejas,San Blas - Canillejas,40.449594,-3.595064
6592,Calle de Abril,Rejas,San Blas - Canillejas,40.445164,-3.566825
6593,Calle de Agosto,Rejas,San Blas - Canillejas,40.441907,-3.5671
6594,Calle de Aguaviva,Rejas,San Blas - Canillejas,40.449025,-3.566589
6595,Calle de Aracne,Rejas,San Blas - Canillejas,40.444657,-3.589379
6596,Calle de Aramayona,Rejas,San Blas - Canillejas,40.443315,-3.578257
6597,Calle de Arcaute,Rejas,San Blas - Canillejas,40.44365,-3.577267
6598,Calle de Arrastaria,Rejas,San Blas - Canillejas,40.445744,-3.586136
6599,Calle de Belfast,Rejas,San Blas - Canillejas,40.447125,-3.577172
6600,Calle de Bernedo,Rejas,San Blas - Canillejas,40.447503,-3.583947
6601,Calle de Campezo,Rejas,San Blas - Canillejas,40.447972,-3.582547
6602,Calle de Carmen Laforet,Rejas,San Blas - Canillejas,40.443892,-3.544075
6603,Calle de Cigoitia,Rejas,San Blas - Canillejas,40.44679,-3.579607
6604,Calle de Deyanira,Rejas,San Blas - Canillejas,40.443485,-3.588514
6605,Calle de Diciembre,Rejas,San Blas - Canillejas,40.444053,-3.569531
6606,Calle de Enero,Rejas,San Blas - Canillejas,40.447739,-3.565778
6607,Calle de Euterpe,Rejas,San Blas - Canillejas,40.44666,-3.592271
6608,Calle de Febrero,Rejas,San Blas - Canillejas,40.446822,-3.569231
6609,Calle de Fuembellida,Rejas,San Blas - Canillejas,40.447286,-3.57326
6610,Calle de Fuencemillán,Rejas,San Blas - Canillejas,40.446714,-3.571539
6611,Calle de Fuensaviñán,Rejas,San Blas - Canillejas,40.448567,-3.570322
6612,Calle de Fuentelahiguera,Rejas,San Blas - Canillejas,40.448239,-3.568992
6613,Calle de Fuentelencina,Rejas,San Blas - Canillejas,40.448872,-3.569636
6614,Calle de Fuentelviejo,Rejas,San Blas - Canillejas,40.448442,-3.570692
6615,Calle de Fuentenovilla,Rejas,San Blas - Canillejas,40.448997,-3.567767
6616,Calle de Gascueña,Rejas,San Blas - Canillejas,40.447953,-3.571689
6617,Calle de Gualda,Rejas,San Blas - Canillejas,40.447472,-3.571939
6618,Calle de Julio,Rejas,San Blas - Canillejas,40.442739,-3.568275
6619,Calle de Junio,Rejas,San Blas - Canillejas,40.443536,-3.567867
6620,Calle de Laguardia,Rejas,San Blas - Canillejas,40.446239,-3.580539
6621,Calle de Lola Flores,Rejas,San Blas - Canillejas,40.445357,-3.542989
6622,Calle de Manuel Vázquez Montalbán,Rejas,San Blas - Canillejas,40.445144,-3.542103
6623,Calle de Mario Roso de Luna,Rejas,San Blas - Canillejas,40.443003,-3.5593
6624,Calle de Marzo,Rejas,San Blas - Canillejas,40.445992,-3.568169
6625,Calle de Mayo,Rejas,San Blas - Canillejas,40.444346,-3.567472
6626,Calle de Mijancas,Rejas,San Blas - Canillejas,40.44786,-3.577654
6627,Calle de Nanclares de Oca,Rejas,San Blas - Canillejas,40.445464,-3.576472
6628,Calle de Navaridas,Rejas,San Blas - Canillejas,40.444679,-3.58045
6629,Calle de Noviembre,Rejas,San Blas - Canillejas,40.444112,-3.568439
6630,Calle de Octubre,Rejas,San Blas - Canillejas,40.44485,-3.567353
6631,Calle de Pasifae,Rejas,San Blas - Canillejas,40.445699,-3.592836
6632,Calle de Pirra,Rejas,San Blas - Canillejas,40.444819,-3.588071
6633,Calle de Samaniego,Rejas,San Blas - Canillejas,40.443031,-3.580733
6634,Calle de Septiembre,Rejas,San Blas - Canillejas,40.444458,-3.566308
6635,Calle de Yocasta,Rejas,San Blas - Canillejas,40.444818,-3.592935
6636,Calle de Yécora,Rejas,San Blas - Canillejas,40.444067,-3.575164
6637,Calle de Zambrana,Rejas,San Blas - Canillejas,40.447614,-3.581072
6638,Calle de las Rejas,Rejas,San Blas - Canillejas,40.444786,-3.539301
6639,Calle del Alcalde Luis Silvela,Rejas,San Blas - Canillejas,40.44935,-3.599074
6640,Calle del Almanaque,Rejas,San Blas - Canillejas,40.441139,-3.567311
6641,Calle del Calendario,Rejas,San Blas - Canillejas,40.444083,-3.563094
6642,Calle del Concejal Ginés Meléndez,Rejas,San Blas - Canillejas,40.441756,-3.5751
6643,Calle del Ingeniero Torres Quevedo,Rejas,San Blas - Canillejas,40.444497,-3.557914
6644,Calle del Otoño,Rejas,San Blas - Canillejas,40.444292,-3.570583
6645,Calle del Padre Poveda,Rejas,San Blas - Canillejas,40.4448,-3.542606
6646,Calle del Viento,Rejas,San Blas - Canillejas,40.442214,-3.571614
6647,Camino de Coslada,Rejas,San Blas - Canillejas,40.444444,-3.564114
6648,Carretera de Acceso a la Estación de O'donnell,Rejas,San Blas - Canillejas,40.442876,-3.591619
6649,Plaza Mayor de Ciudad Pegaso,Rejas,San Blas - Canillejas,40.447154,-3.59566
6650,Plaza de San Cristóbal,Rejas,San Blas - Canillejas,40.449061,-3.595175
6651,Plaza del Verano,Rejas,San Blas - Canillejas,40.442922,-3.571533
6652,Avenida de Arcentales,Rosas,San Blas - Canillejas,40.433183,-3.607932
6653,Avenida de Luis Aragonés,Rosas,San Blas - Canillejas,40.437483,-3.59841
6654,Avenida de Niza,Rosas,San Blas - Canillejas,40.4296,-3.6071
6655,Calle Provisional Atlético de Madrid Dos,Rosas,San Blas - Canillejas,40.442136,-3.598644
6656,Calle Provisional Atlético de Madrid Uno,Rosas,San Blas - Canillejas,40.441397,-3.601756
6657,Calle de Albania,Rosas,San Blas - Canillejas,40.428658,-3.600972
6658,Calle de Austria,Rosas,San Blas - Canillejas,40.424751,-3.607539
6659,Calle de Aínsa,Rosas,San Blas - Canillejas,40.431392,-3.610629
6660,Calle de Borgoña,Rosas,San Blas - Canillejas,40.422008,-3.607614
6661,Calle de Bretaña,Rosas,San Blas - Canillejas,40.427593,-3.603894
6662,Calle de Bucarest,Rosas,San Blas - Canillejas,40.426533,-3.602381
6663,Calle de Budapest,Rosas,San Blas - Canillejas,40.426946,-3.602694
6664,Calle de Bélgica,Rosas,San Blas - Canillejas,40.429169,-3.602275
6665,Calle de Calabria,Rosas,San Blas - Canillejas,40.431169,-3.604882
6666,Calle de Calatañazor,Rosas,San Blas - Canillejas,40.430293,-3.609999
6667,Calle de Calatorao,Rosas,San Blas - Canillejas,40.430744,-3.609831
6668,Calle de Carlos Ii,Rosas,San Blas - Canillejas,40.4282,-3.607792
6669,Calle de Catania,Rosas,San Blas - Canillejas,40.431868,-3.605061
6670,Calle de Cracovia,Rosas,San Blas - Canillejas,40.423694,-3.605871
6671,Calle de Elba,Rosas,San Blas - Canillejas,40.425642,-3.603856
6672,Calle de Estocolmo,Rosas,San Blas - Canillejas,40.427026,-3.600081
6673,Calle de Finlandia,Rosas,San Blas - Canillejas,40.422486,-3.602756
6674,Calle de Francfort,Rosas,San Blas - Canillejas,40.422686,-3.606108
6675,Calle de Helsinki,Rosas,San Blas - Canillejas,40.426694,-3.603653
6676,Calle de Julia García Boután,Rosas,San Blas - Canillejas,40.430433,-3.606711
6677,Calle de Liverpool,Rosas,San Blas - Canillejas,40.431072,-3.603292
6678,Calle de Longares,Rosas,San Blas - Canillejas,40.429318,-3.609385
6679,Calle de Manchester,Rosas,San Blas - Canillejas,40.429375,-3.604503
6680,Calle de Marsella,Rosas,San Blas - Canillejas,40.421028,-3.609764
6681,Calle de María Sevilla Diago,Rosas,San Blas - Canillejas,40.433172,-3.606888
6682,Calle de Moscú,Rosas,San Blas - Canillejas,40.425586,-3.601228
6683,Calle de Mónaco,Rosas,San Blas - Canillejas,40.431425,-3.60449
6684,Calle de Nantes,Rosas,San Blas - Canillejas,40.432656,-3.605144
6685,Calle de Oslo,Rosas,San Blas - Canillejas,40.426158,-3.601778
6686,Calle de Rumanía,Rosas,San Blas - Canillejas,40.422158,-3.6097
6687,Calle de Rusia,Rosas,San Blas - Canillejas,40.424131,-3.6096
6688,Calle de Sajonia,Rosas,San Blas - Canillejas,40.421856,-3.606189
6689,Calle de San Marino,Rosas,San Blas - Canillejas,40.422546,-3.60915
6690,Calle de San Petersburgo,Rosas,San Blas - Canillejas,40.428069,-3.600843
6691,Calle de Siracusa,Rosas,San Blas - Canillejas,40.421431,-3.604349
6692,Calle de Sofía,Rosas,San Blas - Canillejas,40.421901,-3.602204
6693,Calle de Suecia,Rosas,San Blas - Canillejas,40.427328,-3.605747
6694,Calle de Suiza,Rosas,San Blas - Canillejas,40.421149,-3.605883
6695,Calle de Zagreb,Rosas,San Blas - Canillejas,40.420264,-3.607625
6696,Calle de Zurich,Rosas,San Blas - Canillejas,40.421844,-3.607061
6697,Calle de los Alpes,Rosas,San Blas - Canillejas,40.428467,-3.60435
6698,Calle del 26 de Abril,Rosas,San Blas - Canillejas,40.437589,-3.601525
6699,Calle del Butrón,Rosas,San Blas - Canillejas,40.425151,-3.609089
6700,Camino Viejo de Coslada a Barajas,Rosas,San Blas - Canillejas,40.43825,-3.571871
6701,Camino de Ambroz a Coslada,Rosas,San Blas - Canillejas,40.416261,-3.601922
6702,Camino de Pedreros,Rosas,San Blas - Canillejas,40.430503,-3.581969
6703,Paseo de Ginebra,Rosas,San Blas - Canillejas,40.424064,-3.604544
6704,Paseo de los Colchoneros,Rosas,San Blas - Canillejas,40.435812,-3.601332
6705,Plaza de Grecia,Rosas,San Blas - Canillejas,40.435339,-3.607144
6706,Travesía de Carlos Ii,Rosas,San Blas - Canillejas,40.428669,-3.607299
6707,Travesía de Longares,Rosas,San Blas - Canillejas,40.4286,-3.610111
6708,Travesía de Ronda,Rosas,San Blas - Canillejas,40.432112,-3.608608
6709,Avenida de Canillejas a Vicálvaro,Simancas,San Blas - Canillejas,40.435375,-3.612369
6710,Calle de Albadalejo,Simancas,San Blas - Canillejas,40.437786,-3.617486
6711,Calle de Albalá,Simancas,San Blas - Canillejas,40.436372,-3.618006
6712,Calle de Albarracín,Simancas,San Blas - Canillejas,40.437062,-3.633293
6713,Calle de Albasanz,Simancas,San Blas - Canillejas,40.437803,-3.626103
6714,Calle de Alfonso Gómez,Simancas,San Blas - Canillejas,40.436708,-3.627549
6715,Calle de Apolo,Simancas,San Blas - Canillejas,40.437831,-3.636539
6716,Calle de Argos,Simancas,San Blas - Canillejas,40.437283,-3.633706
6717,Calle de Bormonia,Simancas,San Blas - Canillejas,40.437675,-3.637042
6718,Calle de Cangas de Onís,Simancas,San Blas - Canillejas,40.429242,-3.628828
6719,Calle de Cangas del Narcea,Simancas,San Blas - Canillejas,40.42925,-3.630524
6720,Calle de Carlos Iv,Simancas,San Blas - Canillejas,40.435349,-3.618047
6721,Calle de Castropol,Simancas,San Blas - Canillejas,40.429172,-3.630136
6722,Calle de Caunedo,Simancas,San Blas - Canillejas,40.437733,-3.634667
6723,Calle de Cronos,Simancas,San Blas - Canillejas,40.438492,-3.619553
6724,Calle de Dédalo,Simancas,San Blas - Canillejas,40.442296,-3.618071
6725,Calle de Egipto,Simancas,San Blas - Canillejas,40.431364,-3.627017
6726,Calle de Emilio Muñoz,Simancas,San Blas - Canillejas,40.431736,-3.628703
6727,Calle de Esculano,Simancas,San Blas - Canillejas,40.426193,-3.628357
6728,Calle de Fernando Vii,Simancas,San Blas - Canillejas,40.434514,-3.616181
6729,Calle de Infiesto,Simancas,San Blas - Canillejas,40.430175,-3.629892
6730,Calle de Inocenta de Mesa,Simancas,San Blas - Canillejas,40.440651,-3.616854
6731,Calle de Isaac Jiménez,Simancas,San Blas - Canillejas,40.436336,-3.629828
6732,Calle de Isaac Ramos,Simancas,San Blas - Canillejas,40.4356,-3.623539
6733,Calle de Isandro,Simancas,San Blas - Canillejas,40.425732,-3.627599
6734,Calle de Jaime Hermida,Simancas,San Blas - Canillejas,40.438536,-3.6339
6735,"Calle de José Cubero """"yiyo""""",Simancas,San Blas - Canillejas,40.439761,-3.616717
6736,Calle de José de Blas,Simancas,San Blas - Canillejas,40.425881,-3.628106
6737,Calle de Juan de Arespacochaga y Felipe,Simancas,San Blas - Canillejas,40.434758,-3.624561
6738,Calle de Julián Camarillo,Simancas,San Blas - Canillejas,40.436912,-3.621575
6739,Calle de Laviana,Simancas,San Blas - Canillejas,40.429744,-3.630172
6740,Calle de Llanes,Simancas,San Blas - Canillejas,40.428981,-3.630558
6741,Calle de Luis Sánchez Polack Tip,Simancas,San Blas - Canillejas,40.435558,-3.624322
6742,Calle de Luis Sánchez Zorrilla,Simancas,San Blas - Canillejas,40.43955,-3.617347
6743,Calle de Luisa de Carvajal,Simancas,San Blas - Canillejas,40.437481,-3.618467
6744,Calle de Medea,Simancas,San Blas - Canillejas,40.439847,-3.623103
6745,Calle de Mieres,Simancas,San Blas - Canillejas,40.429288,-3.630075
6746,Calle de Miguel Fleta,Simancas,San Blas - Canillejas,40.431808,-3.631467
6747,Calle de Miguel Yuste,Simancas,San Blas - Canillejas,40.437919,-3.624153
6748,Calle de Movinda,Simancas,San Blas - Canillejas,40.437626,-3.636146
6749,Calle de Osiris,Simancas,San Blas - Canillejas,40.441403,-3.617118
6750,Calle de Pandora,Simancas,San Blas - Canillejas,40.440522,-3.616176
6751,Calle de Pravia,Simancas,San Blas - Canillejas,40.430274,-3.629588
6752,Calle de Ribadesella,Simancas,San Blas - Canillejas,40.429022,-3.630994
6753,Calle de Rufino González,Simancas,San Blas - Canillejas,40.437485,-3.626468
6754,Calle de San Romualdo,Simancas,San Blas - Canillejas,40.435536,-3.620556
6755,Calle de San Sotero,Simancas,San Blas - Canillejas,40.437742,-3.622864
6756,Calle de Santa Leonor,Simancas,San Blas - Canillejas,40.436628,-3.630844
6757,Calle de Siero,Simancas,San Blas - Canillejas,40.429624,-3.629721
6758,Calle de Tracia,Simancas,San Blas - Canillejas,40.439194,-3.628622
6759,Calle de Valdecanillas,Simancas,San Blas - Canillejas,40.431442,-3.627639
6760,Calle de Valentín Beato,Simancas,San Blas - Canillejas,40.439101,-3.625911
6761,Calle de Yanguas,Simancas,San Blas - Canillejas,40.429628,-3.62525
6762,Calle de Yecla,Simancas,San Blas - Canillejas,40.429792,-3.624164
6763,Calle de Yuncos,Simancas,San Blas - Canillejas,40.429994,-3.623558
6764,Calle de Zabalza,Simancas,San Blas - Canillejas,40.429289,-3.624194
6765,Calle de Zalamea,Simancas,San Blas - Canillejas,40.42891,-3.624572
6766,Calle de Zaldívar,Simancas,San Blas - Canillejas,40.43026,-3.625343
6767,Calle de Zaratán,Simancas,San Blas - Canillejas,40.428678,-3.625674
6768,Calle de Zayas,Simancas,San Blas - Canillejas,40.428533,-3.62495
6769,Calle de Zubieta,Simancas,San Blas - Canillejas,40.429761,-3.625746
6770,Calle de Zuera,Simancas,San Blas - Canillejas,40.429686,-3.6264
6771,Calle de Zúmel,Simancas,San Blas - Canillejas,40.428856,-3.626317
6772,Calle de la Epifanía,Simancas,San Blas - Canillejas,40.431167,-3.626971
6773,Calle de la Maratón,Simancas,San Blas - Canillejas,40.439914,-3.623667
6774,Calle de la Natividad,Simancas,San Blas - Canillejas,40.43,-3.627669
6775,Calle de la Virgen de la Oliva,Simancas,San Blas - Canillejas,40.430818,-3.625379
6776,Calle de la Zubia,Simancas,San Blas - Canillejas,40.429125,-3.625786
6777,Calle de los Pastores,Simancas,San Blas - Canillejas,40.431135,-3.628064
6778,Calle del Castillo de Arévalo,Simancas,San Blas - Canillejas,40.429674,-3.62845
6779,Calle del Castillo de Coca,Simancas,San Blas - Canillejas,40.429811,-3.627542
6780,Calle del Castillo de Madrigal de las Altas Torres,Simancas,San Blas - Canillejas,40.428764,-3.627994
6781,Calle del Castillo de Manzanares,Simancas,San Blas - Canillejas,40.428082,-3.62665
6782,Calle del Castillo de Oropesa,Simancas,San Blas - Canillejas,40.428133,-3.628493
6783,Calle del Castillo de Peñafiel,Simancas,San Blas - Canillejas,40.429428,-3.627729
6784,Calle del Castillo de Simancas,Simancas,San Blas - Canillejas,40.429525,-3.626811
6785,Calle del Castillo de Uclés,Simancas,San Blas - Canillejas,40.428,-3.625211
6786,Calle del Estigia,Simancas,San Blas - Canillejas,40.439725,-3.628594
6787,Calle del Hogar de Belén,Simancas,San Blas - Canillejas,40.430781,-3.626603
6788,Calle del Nacimiento,Simancas,San Blas - Canillejas,40.430701,-3.62765
6789,Calle del Patriarca San José,Simancas,San Blas - Canillejas,40.430489,-3.627942
6790,Calle del Portal,Simancas,San Blas - Canillejas,40.431111,-3.626781
6791,Pasaje de Paquitín,Simancas,San Blas - Canillejas,40.440739,-3.624978
6792,Plaza de Cronos,Simancas,San Blas - Canillejas,40.439765,-3.619133
6793,Plaza del Castillo de la Mota,Simancas,San Blas - Canillejas,40.427607,-3.628844
6794,Plaza del Mesías,Simancas,San Blas - Canillejas,40.430199,-3.627578
6795,Avenida de Asturias,Almenara,Tetuán,40.469667,-3.695954
6796,Calle Diagonal,Almenara,Tetuán,40.473061,-3.694836
6797,Calle de Albendiego,Almenara,Tetuán,40.467825,-3.696854
6798,Calle de Alcolea,Almenara,Tetuán,40.472739,-3.69055
6799,Calle de Alemania,Almenara,Tetuán,40.470607,-3.689964
6800,Calle de Antonio,Almenara,Tetuán,40.467042,-3.695836
6801,Calle de Antonio González Echarte,Almenara,Tetuán,40.467058,-3.692267
6802,Calle de Báscones,Almenara,Tetuán,40.467582,-3.696378
6803,Calle de Carmen Montoya,Almenara,Tetuán,40.469944,-3.698422
6804,Calle de Emilia,Almenara,Tetuán,40.470419,-3.695696
6805,Calle de Eugenio,Almenara,Tetuán,40.472322,-3.690506
6806,Calle de Francisco Cabo,Almenara,Tetuán,40.466378,-3.695575
6807,Calle de González Solá,Almenara,Tetuán,40.466817,-3.695339
6808,Calle de Joaquín Dicenta,Almenara,Tetuán,40.472253,-3.694028
6809,Calle de José,Almenara,Tetuán,40.467107,-3.696256
6810,Calle de Luis Esteban,Almenara,Tetuán,40.472981,-3.689564
6811,Calle de Manuel Marchamalo,Almenara,Tetuán,40.465962,-3.695624
6812,Calle de Marcelina,Almenara,Tetuán,40.468207,-3.696313
6813,Calle de Martínez Page,Almenara,Tetuán,40.467688,-3.694761
6814,Calle de Matilde Landa,Almenara,Tetuán,40.472581,-3.692542
6815,Calle de Molina,Almenara,Tetuán,40.470224,-3.699586
6816,Calle de Montoya,Almenara,Tetuán,40.468856,-3.698032
6817,Calle de Morando,Almenara,Tetuán,40.468519,-3.697621
6818,Calle de Nador,Almenara,Tetuán,40.472461,-3.695456
6819,Calle de Ordoñez,Almenara,Tetuán,40.472831,-3.691517
6820,Calle de Pinos Alta,Almenara,Tetuán,40.468149,-3.698118
6821,Calle de Rafael Ceballos,Almenara,Tetuán,40.467435,-3.693683
6822,Calle de Rosario Romero,Almenara,Tetuán,40.469419,-3.698133
6823,Calle de San Aquilino,Almenara,Tetuán,40.470425,-3.689514
6824,Calle de San Benito,Almenara,Tetuán,40.469803,-3.694075
6825,Calle de San Leopoldo,Almenara,Tetuán,40.47005,-3.692681
6826,Calle de Simancas,Almenara,Tetuán,40.466128,-3.693425
6827,Calle de Sorolla,Almenara,Tetuán,40.471503,-3.696558
6828,Calle de Vicente Gaceo,Almenara,Tetuán,40.473522,-3.688382
6829,Calle de la Costa Verde,Almenara,Tetuán,40.468796,-3.695943
6830,Calle de la Flor de Lis,Almenara,Tetuán,40.469694,-3.690783
6831,Calle de la Palmera,Almenara,Tetuán,40.472407,-3.693532
6832,Calle de la Vinca,Almenara,Tetuán,40.469761,-3.690335
6833,Calle de la Viña Virgen,Almenara,Tetuán,40.465875,-3.694536
6834,Calle de la Vía Límite,Almenara,Tetuán,40.473392,-3.693319
6835,Calle de las Aguileñas,Almenara,Tetuán,40.466036,-3.693956
6836,Calle de las Magnolias,Almenara,Tetuán,40.47045,-3.691253
6837,Calle de los Cedros,Almenara,Tetuán,40.470374,-3.690654
6838,Calle de los Cuatro Amigos,Almenara,Tetuán,40.466026,-3.691276
6839,Calle de los Geranios,Almenara,Tetuán,40.471483,-3.693808
6840,Calle de los Hermanos de Andrés,Almenara,Tetuán,40.471011,-3.690019
6841,Calle de los Mártires de la Ventilla,Almenara,Tetuán,40.471178,-3.692622
6842,Calle de los Vizcaínos,Almenara,Tetuán,40.468189,-3.697217
6843,Calle de los Yeros,Almenara,Tetuán,40.47125,-3.699342
6844,Calle de Álvarez,Almenara,Tetuán,40.470918,-3.699688
6845,Calle del Ailanto,Almenara,Tetuán,40.469842,-3.693136
6846,Calle del Cañaveral,Almenara,Tetuán,40.469403,-3.692986
6847,Calle del Conde de Serrallo,Almenara,Tetuán,40.466061,-3.692133
6848,Calle del Delfín,Almenara,Tetuán,40.46705,-3.693267
6849,Calle del General Pintos,Almenara,Tetuán,40.471356,-3.692922
6850,Calle del Heliotropo,Almenara,Tetuán,40.472814,-3.690968
6851,Calle del Marqués de Encinares,Almenara,Tetuán,40.472746,-3.689749
6852,Calle del Nardo,Almenara,Tetuán,40.466394,-3.693164
6853,Calle del Padre Rubio,Almenara,Tetuán,40.470918,-3.693546
6854,Escalinata de Matilde Landa,Almenara,Tetuán,40.473065,-3.696268
6855,Plaza de Castilla,Almenara,Tetuán,40.466142,-3.689889
6856,Plaza de Donoso,Almenara,Tetuán,40.469008,-3.697869
6857,Plaza de Joaquín Dicenta,Almenara,Tetuán,40.471761,-3.694531
6858,Plaza del Este,Almenara,Tetuán,40.471436,-3.689658
6859,Plaza del Norte,Almenara,Tetuán,40.473333,-3.694531
6860,Plaza del Oeste,Almenara,Tetuán,40.472628,-3.696369
6861,Travesía del Nardo,Almenara,Tetuán,40.466489,-3.693663
6862,Avenida de Pablo Iglesias,Bellas Vistas,Tetuán,40.449369,-3.709983
6863,Avenida del Doctor Federico Rubio y Galí,Bellas Vistas,Tetuán,40.452306,-3.709847
6864,Calle de Abel,Bellas Vistas,Tetuán,40.450397,-3.708322
6865,Calle de Adela Balboa,Bellas Vistas,Tetuán,40.448296,-3.706689
6866,Calle de Adrián Pulido,Bellas Vistas,Tetuán,40.453694,-3.705969
6867,Calle de Alejandro Rodríguez,Bellas Vistas,Tetuán,40.454247,-3.710388
6868,Calle de Almansa,Bellas Vistas,Tetuán,40.448967,-3.708031
6869,Calle de Alvarado,Bellas Vistas,Tetuán,40.450656,-3.704978
6870,Calle de Antonia Domínguez,Bellas Vistas,Tetuán,40.453844,-3.708539
6871,Calle de Antonio Gómez Galiana,Bellas Vistas,Tetuán,40.452089,-3.710497
6872,Calle de Aranjuez,Bellas Vistas,Tetuán,40.449643,-3.708176
6873,Calle de Avelino Montero Ríos,Bellas Vistas,Tetuán,40.450597,-3.706617
6874,Calle de Beire,Bellas Vistas,Tetuán,40.451136,-3.707929
6875,Calle de Carlos Latorre,Bellas Vistas,Tetuán,40.448542,-3.706756
6876,Calle de Carlos Rubio,Bellas Vistas,Tetuán,40.450028,-3.706489
6877,Calle de Carnicer,Bellas Vistas,Tetuán,40.449522,-3.704825
6878,Calle de Castilla,Bellas Vistas,Tetuán,40.453072,-3.705536
6879,Calle de Castillejos,Bellas Vistas,Tetuán,40.456075,-3.706544
6880,Calle de Castillo Piñeiro,Bellas Vistas,Tetuán,40.4478,-3.707006
6881,Calle de Eduardo Adaro,Bellas Vistas,Tetuán,40.454018,-3.710854
6882,Calle de Enrique I,Bellas Vistas,Tetuán,40.450399,-3.708986
6883,Calle de Enrique Ruiz,Bellas Vistas,Tetuán,40.450333,-3.708786
6884,Calle de Fernando Ossorio,Bellas Vistas,Tetuán,40.454135,-3.704201
6885,Calle de Francisco Balseiro,Bellas Vistas,Tetuán,40.451747,-3.710525
6886,Calle de Francisco Salas,Bellas Vistas,Tetuán,40.452608,-3.705381
6887,Calle de Goiri,Bellas Vistas,Tetuán,40.452907,-3.703878
6888,Calle de Jerónima Llorente,Bellas Vistas,Tetuán,40.454314,-3.707197
6889,Calle de Joaquín Arjona,Bellas Vistas,Tetuán,40.45384,-3.707832
6890,Calle de Juan Pantoja,Bellas Vistas,Tetuán,40.450106,-3.704878
6891,Calle de Juan Pradillo,Bellas Vistas,Tetuán,40.452814,-3.709417
6892,Calle de Juan de la Encina,Bellas Vistas,Tetuán,40.456161,-3.706383
6893,Calle de Julián Zugazagoitia,Bellas Vistas,Tetuán,40.452044,-3.706556
6894,Calle de Lorenza Correa,Bellas Vistas,Tetuán,40.453656,-3.7068
6895,Calle de Marianela,Bellas Vistas,Tetuán,40.451244,-3.707519
6896,Calle de María Ignacia,Bellas Vistas,Tetuán,40.452193,-3.708438
6897,Calle de María Pedraza,Bellas Vistas,Tetuán,40.453131,-3.710228
6898,Calle de Navarra,Bellas Vistas,Tetuán,40.453606,-3.704753
6899,Calle de Numancia,Bellas Vistas,Tetuán,40.455442,-3.711461
6900,Calle de Olite,Bellas Vistas,Tetuán,40.451176,-3.707181
6901,Calle de Otamendi,Bellas Vistas,Tetuán,40.454475,-3.705961
6902,Calle de Oudrid,Bellas Vistas,Tetuán,40.454617,-3.707094
6903,Calle de Pamplona,Bellas Vistas,Tetuán,40.455047,-3.706217
6904,Calle de Paravicino,Bellas Vistas,Tetuán,40.454415,-3.707978
6905,Calle de Pedro Barreda,Bellas Vistas,Tetuán,40.44974,-3.706933
6906,Calle de Pedro Rogel,Bellas Vistas,Tetuán,40.452147,-3.708764
6907,Calle de Rafael Herrero,Bellas Vistas,Tetuán,40.450464,-3.707756
6908,Calle de Sahagún,Bellas Vistas,Tetuán,40.455464,-3.708026
6909,Calle de San Raimundo,Bellas Vistas,Tetuán,40.451765,-3.706617
6910,Calle de San Rogelio,Bellas Vistas,Tetuán,40.451174,-3.70994
6911,Calle de San Valeriano,Bellas Vistas,Tetuán,40.451067,-3.708461
6912,Calle de Santa Juliana,Bellas Vistas,Tetuán,40.452364,-3.705889
6913,Calle de Santa Matilde,Bellas Vistas,Tetuán,40.449937,-3.708094
6914,Calle de Tenerife,Bellas Vistas,Tetuán,40.450853,-3.70605
6915,Calle de Topete,Bellas Vistas,Tetuán,40.450364,-3.704571
6916,Calle de Tudelilla,Bellas Vistas,Tetuán,40.451917,-3.709847
6917,Calle de Wad-rás,Bellas Vistas,Tetuán,40.455324,-3.707414
6918,Calle de Zamora,Bellas Vistas,Tetuán,40.451443,-3.70815
6919,Calle de el Molar,Bellas Vistas,Tetuán,40.45275,-3.7064
6920,Calle de la Rábida,Bellas Vistas,Tetuán,40.453825,-3.711178
6921,Calle de las Carolinas,Bellas Vistas,Tetuán,40.451136,-3.705339
6922,Calle de los Leñeros,Bellas Vistas,Tetuán,40.454042,-3.709178
6923,Calle del Acueducto,Bellas Vistas,Tetuán,40.450943,-3.708861
6924,Calle del Anturio,Bellas Vistas,Tetuán,40.455464,-3.705681
6925,Calle del Doctor Santero,Bellas Vistas,Tetuán,40.447612,-3.705603
6926,Calle del Garellano,Bellas Vistas,Tetuán,40.448686,-3.705944
6927,Glorieta de Miguel Rubiales,Bellas Vistas,Tetuán,40.453203,-3.705911
6928,Pasaje de Bellas Vistas,Bellas Vistas,Tetuán,40.455506,-3.70871
6929,Calle de Alonso Núñez,Berruguete,Tetuán,40.458558,-3.709025
6930,Calle de Ambrosio Vallejo,Berruguete,Tetuán,40.457333,-3.707099
6931,Calle de Bellver,Berruguete,Tetuán,40.462647,-3.704817
6932,Calle de Berruguete,Berruguete,Tetuán,40.458075,-3.704594
6933,Calle de Biota,Berruguete,Tetuán,40.460392,-3.700043
6934,Calle de Burgos,Berruguete,Tetuán,40.458768,-3.705606
6935,Calle de Bustillo del Oro,Berruguete,Tetuán,40.461207,-3.706857
6936,Calle de Campo Real,Berruguete,Tetuán,40.459128,-3.709417
6937,Calle de Carmen Portones,Berruguete,Tetuán,40.463065,-3.705804
6938,Calle de Cenicientos,Berruguete,Tetuán,40.457833,-3.705153
6939,Calle de Dolores,Berruguete,Tetuán,40.458692,-3.703067
6940,Calle de Enrique Aguilar,Berruguete,Tetuán,40.45954,-3.705606
6941,Calle de Francos Rodríguez,Berruguete,Tetuán,40.456686,-3.707036
6942,Calle de Fulgencio de Miguel,Berruguete,Tetuán,40.455211,-3.703264
6943,Calle de Félix Portones,Berruguete,Tetuán,40.460533,-3.708728
6944,Calle de Guadalix,Berruguete,Tetuán,40.457506,-3.709367
6945,Calle de José Calvo,Berruguete,Tetuán,40.457842,-3.708164
6946,Calle de Juan del Risco,Berruguete,Tetuán,40.458594,-3.703757
6947,Calle de Lope de Haro,Berruguete,Tetuán,40.456989,-3.703436
6948,Calle de Lorenzana,Berruguete,Tetuán,40.457469,-3.708733
6949,Calle de Luis Missón,Berruguete,Tetuán,40.459404,-3.705906
6950,Calle de Luis Portones,Berruguete,Tetuán,40.462792,-3.705406
6951,Calle de Mariano Fernández,Berruguete,Tetuán,40.456143,-3.7032
6952,Calle de Martínez,Berruguete,Tetuán,40.459296,-3.703496
6953,Calle de María Juana,Berruguete,Tetuán,40.460776,-3.702153
6954,Calle de María Luisa,Berruguete,Tetuán,40.45956,-3.703612
6955,Calle de María Zayas,Berruguete,Tetuán,40.459514,-3.701511
6956,Calle de Maseda,Berruguete,Tetuán,40.459928,-3.706494
6957,Calle de Nicolás Arocena,Berruguete,Tetuán,40.461156,-3.708469
6958,Calle de Nuestra Señora del Carmen,Berruguete,Tetuán,40.460342,-3.703389
6959,Calle de Palacios,Berruguete,Tetuán,40.458292,-3.704233
6960,Calle de Pedro Tezano,Berruguete,Tetuán,40.459675,-3.708047
6961,Calle de Porfirio,Berruguete,Tetuán,40.462746,-3.704572
6962,Calle de Ricardo Gutiérrez,Berruguete,Tetuán,40.460986,-3.704464
6963,Calle de Rita Luna,Berruguete,Tetuán,40.458008,-3.708522
6964,Calle de Román Alonso,Berruguete,Tetuán,40.459247,-3.70565
6965,Calle de Rosa Menéndez,Berruguete,Tetuán,40.460544,-3.707289
6966,Calle de Ruiz Palacios,Berruguete,Tetuán,40.462308,-3.704053
6967,Calle de Santa Eulalia,Berruguete,Tetuán,40.460872,-3.706288
6968,Calle de Tablada,Berruguete,Tetuán,40.460403,-3.701878
6969,Calle de Villaamil,Berruguete,Tetuán,40.459931,-3.707689
6970,Calle de la Araucaria,Berruguete,Tetuán,40.460239,-3.699928
6971,Calle de la Chumbera,Berruguete,Tetuán,40.460783,-3.706794
6972,Calle de la Gloxinia,Berruguete,Tetuán,40.460253,-3.708154
6973,Calle de la Hierbabuena,Berruguete,Tetuán,40.460911,-3.701153
6974,Calle de la Huerta del Obispo,Berruguete,Tetuán,40.461378,-3.70365
6975,Calle de la Isla de Córcega,Berruguete,Tetuán,40.460167,-3.708972
6976,Calle de la Isla de Gomera,Berruguete,Tetuán,40.461576,-3.707343
6977,Calle de las Islas Gilbert,Berruguete,Tetuán,40.460332,-3.709061
6978,Calle de las Margaritas,Berruguete,Tetuán,40.458489,-3.707694
6979,Calle de las Matas,Berruguete,Tetuán,40.459451,-3.706394
6980,Calle de las Zinias,Berruguete,Tetuán,40.460436,-3.703933
6981,Calle de los Algodonales,Berruguete,Tetuán,40.461061,-3.702314
6982,Calle de los Molinos,Berruguete,Tetuán,40.457964,-3.703189
6983,Calle del Barón del Castillo de Chirel,Berruguete,Tetuán,40.458826,-3.704328
6984,Calle del Doctor Mariani,Berruguete,Tetuán,40.457739,-3.702403
6985,Calle del Gladiolo,Berruguete,Tetuán,40.461733,-3.702606
6986,Calle del Marqués de Viana,Berruguete,Tetuán,40.462624,-3.702121
6987,Calle del Naranjo,Berruguete,Tetuán,40.461144,-3.700775
6988,Calle del Nenúfar,Berruguete,Tetuán,40.462449,-3.703412
6989,Calle del Nogal,Berruguete,Tetuán,40.461878,-3.703231
6990,Calle del Panizo,Berruguete,Tetuán,40.461231,-3.705228
6991,Calle del Saúco,Berruguete,Tetuán,40.460617,-3.705044
6992,Calle del Serrallo,Berruguete,Tetuán,40.459806,-3.704067
6993,Callejón de San Rafael,Berruguete,Tetuán,40.457017,-3.70475
6994,Callejón de Santa Eulalia,Berruguete,Tetuán,40.460874,-3.706551
6995,Paseo de la Dirección,Berruguete,Tetuán,40.462421,-3.706672
6996,Travesía de Bellver,Berruguete,Tetuán,40.462272,-3.705329
6997,Travesía de Berruguete,Berruguete,Tetuán,40.459975,-3.704908
6998,Travesía de María Juana,Berruguete,Tetuán,40.460294,-3.703003
6999,Travesía de María Zayas,Berruguete,Tetuán,40.459335,-3.701483
7000,Travesía de la Huerta del Obispo,Berruguete,Tetuán,40.461999,-3.70359
7001,Travesía del Serrallo,Berruguete,Tetuán,40.459901,-3.70459
7002,Calle de Alonso Castrillo,Castillejos,Tetuán,40.459022,-3.69829
7003,Calle de Amalia,Castillejos,Tetuán,40.463825,-3.694661
7004,Calle de Aníbal,Castillejos,Tetuán,40.46451,-3.69374
7005,Calle de Bustarviejo,Castillejos,Tetuán,40.4624,-3.695231
7006,Calle de Estébanez Calderón,Castillejos,Tetuán,40.463381,-3.690986
7007,Calle de Francisco Gervás,Castillejos,Tetuán,40.460892,-3.693514
7008,Calle de Francisco Medrano,Castillejos,Tetuán,40.458847,-3.699456
7009,Calle de Huesca,Castillejos,Tetuán,40.458044,-3.698897
7010,Calle de José Castán Tobeñas,Castillejos,Tetuán,40.464461,-3.692281
7011,Calle de Lazaga,Castillejos,Tetuán,40.458071,-3.69869
7012,Calle de Oñate,Castillejos,Tetuán,40.463708,-3.695161
7013,Calle de Pedro Moreno,Castillejos,Tetuán,40.464878,-3.692067
7014,Calle de Pedro Villar,Castillejos,Tetuán,40.46235,-3.696381
7015,Calle de Rosa de Silva,Castillejos,Tetuán,40.46315,-3.695328
7016,Calle de Rosario Pino,Castillejos,Tetuán,40.462182,-3.691724
7017,Calle de San Felipe,Castillejos,Tetuán,40.461521,-3.696861
7018,Calle de San Germán,Castillejos,Tetuán,40.456675,-3.696953
7019,Calle de Sor Ángela de la Cruz,Castillejos,Tetuán,40.459733,-3.69565
7020,Calle de Ulpiana Benito,Castillejos,Tetuán,40.464811,-3.692972
7021,Calle de la Infanta Mercedes,Castillejos,Tetuán,40.459357,-3.69689
7022,Calle de la Sófora,Castillejos,Tetuán,40.464133,-3.693622
7023,Calle de las Balsaminas,Castillejos,Tetuán,40.462246,-3.697126
7024,Calle del Azahar,Castillejos,Tetuán,40.464212,-3.694147
7025,Calle del General Margallo,Castillejos,Tetuán,40.460769,-3.696483
7026,Calle del Hermano Gárate,Castillejos,Tetuán,40.458606,-3.696539
7027,Calle del Limonero,Castillejos,Tetuán,40.462457,-3.696069
7028,Calle del Lino,Castillejos,Tetuán,40.459892,-3.697581
7029,Calle del Marqués de Cortina,Castillejos,Tetuán,40.463669,-3.693771
7030,Calle del Marqués de Leis,Castillejos,Tetuán,40.457764,-3.699961
7031,Calle del Pensamiento,Castillejos,Tetuán,40.459394,-3.697611
7032,Calle del Pintor Juan Gris,Castillejos,Tetuán,40.457628,-3.691282
7033,Calle del Poeta Joan Maragall,Castillejos,Tetuán,40.458547,-3.691967
7034,Calle del Roble,Castillejos,Tetuán,40.461699,-3.697038
7035,Plaza de Ángel Carbajo,Castillejos,Tetuán,40.461724,-3.694618
7036,Avenida de Brasil,Cuatro Caminos,Tetuán,40.455767,-3.69326
7037,Avenida del General Perón,Cuatro Caminos,Tetuán,40.452349,-3.695992
7038,Avenida del Presidente Carmona,Cuatro Caminos,Tetuán,40.453883,-3.696974
7039,Calle de Anastasio Herrero,Cuatro Caminos,Tetuán,40.456669,-3.701136
7040,Calle de Aquilino Domínguez,Cuatro Caminos,Tetuán,40.4518,-3.700553
7041,Calle de Asunción Castell,Cuatro Caminos,Tetuán,40.455158,-3.701203
7042,Calle de Bravo Murillo,Cuatro Caminos,Tetuán,40.451692,-3.703272
7043,Calle de Bruno Ayllón,Cuatro Caminos,Tetuán,40.452269,-3.700226
7044,Calle de Cicerón,Cuatro Caminos,Tetuán,40.447761,-3.700867
7045,Calle de Cuenca,Cuatro Caminos,Tetuán,40.447967,-3.70119
7046,Calle de Don Quijote,Cuatro Caminos,Tetuán,40.448981,-3.699142
7047,Calle de Dulcinea,Cuatro Caminos,Tetuán,40.449356,-3.699886
7048,Calle de Edgar Neville,Cuatro Caminos,Tetuán,40.4489,-3.696881
7049,Calle de Fortunata y Jacinta,Cuatro Caminos,Tetuán,40.454028,-3.697644
7050,Calle de Gabriel Díez,Cuatro Caminos,Tetuán,40.452878,-3.700439
7051,Calle de Guipúzcoa,Cuatro Caminos,Tetuán,40.447806,-3.703022
7052,Calle de Hernani,Cuatro Caminos,Tetuán,40.448256,-3.700406
7053,Calle de Istúriz,Cuatro Caminos,Tetuán,40.447825,-3.702228
7054,Calle de Jaén,Cuatro Caminos,Tetuán,40.450347,-3.700592
7055,Calle de José María de Castro,Cuatro Caminos,Tetuán,40.452753,-3.699911
7056,Calle de Juan de Olías,Cuatro Caminos,Tetuán,40.453344,-3.701111
7057,Calle de Julián Besteiro,Cuatro Caminos,Tetuán,40.455481,-3.695472
7058,Calle de Lérida,Cuatro Caminos,Tetuán,40.455978,-3.700117
7059,Calle de Manuel Luna,Cuatro Caminos,Tetuán,40.454717,-3.70065
7060,Calle de Montevideo,Cuatro Caminos,Tetuán,40.451611,-3.695814
7061,Calle de Orense,Cuatro Caminos,Tetuán,40.454553,-3.694836
7062,Calle de Oviedo,Cuatro Caminos,Tetuán,40.448969,-3.700306
7063,Calle de Palencia,Cuatro Caminos,Tetuán,40.449675,-3.700712
7064,Calle de Pedro Teixeira,Cuatro Caminos,Tetuán,40.454986,-3.694061
7065,Calle de Raimundo Fernández Villaverde,Cuatro Caminos,Tetuán,40.446736,-3.699503
7066,Calle de Salamanca,Cuatro Caminos,Tetuán,40.453961,-3.700478
7067,Calle de San Antonio,Cuatro Caminos,Tetuán,40.450188,-3.701918
7068,Calle de San Enrique,Cuatro Caminos,Tetuán,40.456062,-3.700328
7069,Calle de Teresita González Quevedo,Cuatro Caminos,Tetuán,40.45635,-3.696703
7070,Calle de Teruel,Cuatro Caminos,Tetuán,40.451469,-3.701594
7071,Calle de Tiziano,Cuatro Caminos,Tetuán,40.451097,-3.702044
7072,Calle de la Basílica,Cuatro Caminos,Tetuán,40.449694,-3.697111
7073,Calle de la Coruña,Cuatro Caminos,Tetuán,40.455339,-3.700169
7074,Calle de la Orden,Cuatro Caminos,Tetuán,40.448108,-3.701711
7075,Calle de la Reina Mercedes,Cuatro Caminos,Tetuán,40.450972,-3.697811
7076,Calle de las Mercedes,Cuatro Caminos,Tetuán,40.454365,-3.701317
7077,Calle de los Artistas,Cuatro Caminos,Tetuán,40.447396,-3.701167
7078,Calle de los Mártires de Paracuellos,Cuatro Caminos,Tetuán,40.453336,-3.696778
7079,Calle de Ávila,Cuatro Caminos,Tetuán,40.4527,-3.700706
7080,Calle del Aviador Zorita,Cuatro Caminos,Tetuán,40.450631,-3.698447
7081,Calle del General Cabrera,Cuatro Caminos,Tetuán,40.455471,-3.696222
7082,Calle del General Ramírez de Madrid,Cuatro Caminos,Tetuán,40.456003,-3.697678
7083,Glorieta de Cuatro Caminos,Cuatro Caminos,Tetuán,40.447138,-3.703579
7084,Plaza de Carlos Trías Bertrán,Cuatro Caminos,Tetuán,40.451067,-3.694253
7085,Plaza de Manolete,Cuatro Caminos,Tetuán,40.454393,-3.691525
7086,Plaza de Manuel Gómez-moreno,Cuatro Caminos,Tetuán,40.447958,-3.694461
7087,Plaza de Pablo Ruiz Picasso,Cuatro Caminos,Tetuán,40.449493,-3.693208
7088,Plaza de San Amaro,Cuatro Caminos,Tetuán,40.455265,-3.696668
7089,Plaza de la Condesa de Gavia,Cuatro Caminos,Tetuán,40.449003,-3.701958
7090,Travesía de la Infanta Mercedes,Cuatro Caminos,Tetuán,40.455208,-3.698189
7091,Calle de Alberdi,Valdeacederas,Tetuán,40.468129,-3.707124
7092,Calle de Ana María,Valdeacederas,Tetuán,40.463893,-3.701804
7093,Calle de Andrea Puech,Valdeacederas,Tetuán,40.464422,-3.704922
7094,Calle de Antonio Lanzuela,Valdeacederas,Tetuán,40.466986,-3.702472
7095,Calle de Baracaldo,Valdeacederas,Tetuán,40.469883,-3.700314
7096,Calle de Benjamín,Valdeacederas,Tetuán,40.464828,-3.702169
7097,Calle de Ceferino Rodríguez,Valdeacederas,Tetuán,40.466489,-3.69705
7098,Calle de Ceuta,Valdeacederas,Tetuán,40.462294,-3.698682
7099,Calle de Dolores Bejarano,Valdeacederas,Tetuán,40.465378,-3.696781
7100,Calle de Esperanza Sánchez Carrascosa,Valdeacederas,Tetuán,40.468001,-3.702817
7101,Calle de Felipe Mora,Valdeacederas,Tetuán,40.467153,-3.706981
7102,Calle de Fereluz,Valdeacederas,Tetuán,40.463592,-3.701072
7103,Calle de Fermín Izquierdo,Valdeacederas,Tetuán,40.469138,-3.704296
7104,Calle de Francisca Calonge,Valdeacederas,Tetuán,40.46835,-3.703469
7105,Calle de Francisca Conde,Valdeacederas,Tetuán,40.468074,-3.699592
7106,Calle de Fray Junípero Serra,Valdeacederas,Tetuán,40.463814,-3.700428
7107,Calle de Gabriel Portadales,Valdeacederas,Tetuán,40.4678,-3.699336
7108,Calle de Garci-nuño,Valdeacederas,Tetuán,40.466844,-3.700886
7109,Calle de Gonzalo Herrero,Valdeacederas,Tetuán,40.463172,-3.699442
7110,Calle de Gonzalo Sandino,Valdeacederas,Tetuán,40.462918,-3.700144
7111,Calle de Herrera,Valdeacederas,Tetuán,40.467319,-3.698258
7112,Calle de Isabel Serrano,Valdeacederas,Tetuán,40.468828,-3.704667
7113,Calle de José Francisco de Iturzaeta e Izaguirre,Valdeacederas,Tetuán,40.463808,-3.702794
7114,Calle de Magdalena Díez,Valdeacederas,Tetuán,40.464401,-3.696457
7115,Calle de Manuela Mínguez,Valdeacederas,Tetuán,40.469346,-3.703794
7116,Calle de Mariano Serrano,Valdeacederas,Tetuán,40.470362,-3.701564
7117,Calle de Muller,Valdeacederas,Tetuán,40.464924,-3.698532
7118,Calle de Nuestra Señora de los Dolores,Valdeacederas,Tetuán,40.465861,-3.703867
7119,Calle de Pando,Valdeacederas,Tetuán,40.468631,-3.706369
7120,Calle de Pedro Medrano,Valdeacederas,Tetuán,40.467611,-3.704383
7121,Calle de Pinos Baja,Valdeacederas,Tetuán,40.469364,-3.701836
7122,Calle de Reyes Aizquíbel,Valdeacederas,Tetuán,40.469014,-3.707372
7123,Calle de Robledo,Valdeacederas,Tetuán,40.464222,-3.704386
7124,Calle de Rosendo Conde,Valdeacederas,Tetuán,40.468761,-3.699644
7125,Calle de Santa Valentina,Valdeacederas,Tetuán,40.465889,-3.696983
7126,Calle de Santiago Cordero,Valdeacederas,Tetuán,40.46775,-3.700822
7127,Calle de Torres,Valdeacederas,Tetuán,40.466761,-3.705
7128,Calle de Torrijos,Valdeacederas,Tetuán,40.464922,-3.695642
7129,Calle de la Abadesa,Valdeacederas,Tetuán,40.464717,-3.704325
7130,Calle de la Alfalfa,Valdeacederas,Tetuán,40.467792,-3.702311
7131,Calle de la Bardala,Valdeacederas,Tetuán,40.466383,-3.699492
7132,Calle de la Genciana,Valdeacederas,Tetuán,40.464938,-3.703279
7133,Calle de la Guzmania,Valdeacederas,Tetuán,40.465942,-3.702161
7134,Calle de la Jirafa,Valdeacederas,Tetuán,40.468667,-3.702925
7135,Calle de la Ladera,Valdeacederas,Tetuán,40.467849,-3.703679
7136,Calle de la Miosotis,Valdeacederas,Tetuán,40.465014,-3.701536
7137,Calle de la Salvia,Valdeacederas,Tetuán,40.463265,-3.698751
7138,Calle de la Sierra Bullones,Valdeacederas,Tetuán,40.466156,-3.698978
7139,Calle de la Veza,Valdeacederas,Tetuán,40.465838,-3.696962
7140,Calle de las Almortas,Valdeacederas,Tetuán,40.465851,-3.704597
7141,Calle de las Azucenas,Valdeacederas,Tetuán,40.464176,-3.701481
7142,Calle de las Clavelinas,Valdeacederas,Tetuán,40.468406,-3.699842
7143,Calle de las Cuevas,Valdeacederas,Tetuán,40.4625,-3.700731
7144,Calle de las Gardenias,Valdeacederas,Tetuán,40.465308,-3.705678
7145,Calle de las Moquetas,Valdeacederas,Tetuán,40.466665,-3.700281
7146,Calle de las Navas,Valdeacederas,Tetuán,40.462844,-3.697997
7147,Calle de las Orquídeas,Valdeacederas,Tetuán,40.464353,-3.702553
7148,Calle de los Guindos,Valdeacederas,Tetuán,40.467174,-3.700989
7149,Calle de los Jaramagos,Valdeacederas,Tetuán,40.469603,-3.703421
7150,Calle de los Manchegos,Valdeacederas,Tetuán,40.466782,-3.698021
7151,Calle de los Voluntarios Catalanes,Valdeacederas,Tetuán,40.465439,-3.70135
7152,Calle de Ángel Puech,Valdeacederas,Tetuán,40.463722,-3.703238
7153,Calle del Agave,Valdeacederas,Tetuán,40.465578,-3.705642
7154,Calle del Agracejo,Valdeacederas,Tetuán,40.466408,-3.705597
7155,Calle del Aligustre,Valdeacederas,Tetuán,40.465975,-3.705586
7156,Calle del Arroyo,Valdeacederas,Tetuán,40.469308,-3.701569
7157,Calle del Arándano,Valdeacederas,Tetuán,40.469383,-3.702383
7158,Calle del Cactus,Valdeacederas,Tetuán,40.461699,-3.69975
7159,Calle del Cantueso,Valdeacederas,Tetuán,40.467525,-3.705139
7160,Calle del Capitán Blanco Argibay,Valdeacederas,Tetuán,40.466053,-3.701322
7161,Calle del Conde de Vallellano,Valdeacederas,Tetuán,40.462435,-3.698724
7162,Calle del Cosmos,Valdeacederas,Tetuán,40.465894,-3.707342
7163,Calle del Crisantemo,Valdeacederas,Tetuán,40.465339,-3.706256
7164,Calle del Crotón,Valdeacederas,Tetuán,40.468278,-3.707342
7165,Calle del Divino Redentor,Valdeacederas,Tetuán,40.468247,-3.700854
7166,Calle del Escaramujo,Valdeacederas,Tetuán,40.466769,-3.701406
7167,Calle del Loto,Valdeacederas,Tetuán,40.467094,-3.697721
7168,Calle del Matadero,Valdeacederas,Tetuán,40.463647,-3.702597
7169,Calle del Mirto,Valdeacederas,Tetuán,40.465928,-3.698549
7170,Calle del Monasterio de Leyre,Valdeacederas,Tetuán,40.465222,-3.695989
7171,Calle del Mundillo,Valdeacederas,Tetuán,40.465394,-3.696443
7172,Calle del Plátano,Valdeacederas,Tetuán,40.467606,-3.699761
7173,Calle del Sorgo,Valdeacederas,Tetuán,40.467342,-3.706435
7174,Calle del Trébol,Valdeacederas,Tetuán,40.464133,-3.703893
7175,Callejón de García Cea,Valdeacederas,Tetuán,40.461131,-3.698507
7176,Pasaje de la Remonta,Valdeacederas,Tetuán,40.463875,-3.69679
7177,Pasaje de los Maestros Ladrilleros,Valdeacederas,Tetuán,40.464543,-3.698474
7178,Plaza de Guilhou,Valdeacederas,Tetuán,40.465767,-3.704906
7179,Plaza de la Remonta,Valdeacederas,Tetuán,40.464129,-3.697649
7180,Plaza del Calicanto,Valdeacederas,Tetuán,40.468128,-3.704708
7181,Travesía de Herrera,Valdeacederas,Tetuán,40.467481,-3.698828
7182,Travesía de Pando,Valdeacederas,Tetuán,40.467907,-3.705476
7183,Travesía de Pinos Alta,Valdeacederas,Tetuán,40.469122,-3.699544
7184,Travesía de Santiago Cordero,Valdeacederas,Tetuán,40.468281,-3.701103
7185,Travesía de los Nueve,Valdeacederas,Tetuán,40.465871,-3.702635
7186,Travesía del Arroyo,Valdeacederas,Tetuán,40.470022,-3.701797
7187,Avenida de Córdoba,Almendrales,Usera,40.385401,-3.698193
7188,Calle de Antonio López,Almendrales,Usera,40.387233,-3.697964
7189,Calle de Antonio Salvador,Almendrales,Usera,40.385108,-3.702725
7190,Calle de Antonio Velasco Zazo,Almendrales,Usera,40.381058,-3.704797
7191,Calle de Felipe Díaz,Almendrales,Usera,40.387178,-3.700111
7192,Calle de Francisco Ruiz,Almendrales,Usera,40.382144,-3.704303
7193,Calle de Hernández Requena,Almendrales,Usera,40.380124,-3.699915
7194,Calle de Julio Aguirre,Almendrales,Usera,40.386262,-3.69984
7195,Calle de Julio Merino,Almendrales,Usera,40.383061,-3.7039
7196,Calle de Manuel Montero Vallejo,Almendrales,Usera,40.384729,-3.697679
7197,Calle de Manuel Muñoz,Almendrales,Usera,40.385593,-3.70185
7198,Calle de Nicolás Godoy,Almendrales,Usera,40.386494,-3.699756
7199,Calle de Perales de Tajuña,Almendrales,Usera,40.387047,-3.699697
7200,Calle de Piedrabuena,Almendrales,Usera,40.382768,-3.698989
7201,Calle de Porta Coeli,Almendrales,Usera,40.383894,-3.7017
7202,Calle de Ramón Luján,Almendrales,Usera,40.384365,-3.704335
7203,Calle de San Antonio de Padua,Almendrales,Usera,40.386165,-3.701603
7204,Calle de San Froilán,Almendrales,Usera,40.380847,-3.699843
7205,Calle de San Serapio,Almendrales,Usera,40.387717,-3.698178
7206,Calle de Santa Cruz de Mudela,Almendrales,Usera,40.384233,-3.699378
7207,Calle de Sebastián Gómez,Almendrales,Usera,40.386119,-3.697872
7208,Calle de Sequeros,Almendrales,Usera,40.385781,-3.699797
7209,Calle de Socuéllamos,Almendrales,Usera,40.380844,-3.696492
7210,Calle de Tomelloso,Almendrales,Usera,40.380578,-3.698475
7211,Calle de Tomás Leonor,Almendrales,Usera,40.386456,-3.699288
7212,Calle de la Asunción,Almendrales,Usera,40.384011,-3.700453
7213,Calle de la Añafil,Almendrales,Usera,40.382158,-3.694721
7214,Calle de la Madre Cándida María de Jesús,Almendrales,Usera,40.384676,-3.701622
7215,Calle de la Pilarica,Almendrales,Usera,40.384893,-3.703183
7216,Calle de la Remodelación de Almendrales,Almendrales,Usera,40.3834,-3.701822
7217,Calle de la Visitación,Almendrales,Usera,40.382106,-3.701933
7218,Calle de las Hijas de Jesús,Almendrales,Usera,40.385,-3.700385
7219,Calle de los Almendrales,Almendrales,Usera,40.386664,-3.700414
7220,Calle de los Evangelios,Almendrales,Usera,40.383006,-3.700819
7221,Calle de los Ferroviarios,Almendrales,Usera,40.384147,-3.704872
7222,Calle del Amor Hermoso,Almendrales,Usera,40.384594,-3.703744
7223,Calle del Cristo de Lepanto,Almendrales,Usera,40.381239,-3.700186
7224,Calle del Cristo de Limpias,Almendrales,Usera,40.381312,-3.700865
7225,Calle del Cristo de la Fe,Almendrales,Usera,40.381847,-3.69995
7226,Calle del Cristo de la Luz,Almendrales,Usera,40.381547,-3.700381
7227,Calle del Cristo de la Vega,Almendrales,Usera,40.381172,-3.701147
7228,Calle del Olvido,Almendrales,Usera,40.384371,-3.702551
7229,Calle del Santuario,Almendrales,Usera,40.382236,-3.699594
7230,Calle del Vado,Almendrales,Usera,40.385206,-3.695625
7231,Calle del Ángelus,Almendrales,Usera,40.3823,-3.701719
7232,Plaza de Angélica Señora,Almendrales,Usera,40.383325,-3.69855
7233,Plaza del Basalto,Almendrales,Usera,40.382797,-3.701661
7234,Plaza del Campo de Criptana,Almendrales,Usera,40.381978,-3.698992
7235,Travesía del Olvido,Almendrales,Usera,40.385681,-3.702439
7236,Calle de Amparo Usera,Moscardó,Usera,40.387614,-3.702947
7237,Calle de Andrés Arteaga,Moscardó,Usera,40.388268,-3.706769
7238,Calle de Bernardino de Antequera,Moscardó,Usera,40.3894,-3.706772
7239,Calle de Carmen Bruguera,Moscardó,Usera,40.388693,-3.702654
7240,Calle de Dolores Sopeña,Moscardó,Usera,40.389924,-3.708442
7241,Calle de Elisa,Moscardó,Usera,40.386175,-3.709822
7242,Calle de Enrique Fuentes,Moscardó,Usera,40.386201,-3.711196
7243,Calle de Ernestina Manuel de Villena,Moscardó,Usera,40.390358,-3.706069
7244,Calle de Eugenio Caxes,Moscardó,Usera,40.392125,-3.702397
7245,Calle de Fausta Elorz,Moscardó,Usera,40.390789,-3.707361
7246,Calle de Gabino Jimeno,Moscardó,Usera,40.386347,-3.707036
7247,Calle de Goyeneche,Moscardó,Usera,40.38851,-3.709489
7248,Calle de Gumersinda Rosillo,Moscardó,Usera,40.385889,-3.707889
7249,Calle de Gumersindo Azcárate,Moscardó,Usera,40.387594,-3.710308
7250,Calle de Hermenegildo Bielsa,Moscardó,Usera,40.389417,-3.701864
7251,Calle de Isabel Fornieles,Moscardó,Usera,40.386403,-3.709315
7252,Calle de Jerusalén,Moscardó,Usera,40.388572,-3.711408
7253,Calle de Jesús del Gran Poder,Moscardó,Usera,40.387342,-3.702089
7254,Calle de José Anespere,Moscardó,Usera,40.386047,-3.708425
7255,Calle de Juan Español,Moscardó,Usera,40.386539,-3.708636
7256,Calle de Manuel Noya,Moscardó,Usera,40.387057,-3.712428
7257,Calle de Marcelo Usera,Moscardó,Usera,40.38575,-3.706544
7258,Calle de Marcudos,Moscardó,Usera,40.388533,-3.701611
7259,Calle de María Antonia,Moscardó,Usera,40.385712,-3.711535
7260,Calle de Matilde Gayo,Moscardó,Usera,40.389407,-3.703275
7261,Calle de Mercedes Manjón,Moscardó,Usera,40.386075,-3.707619
7262,Calle de Mirasierra,Moscardó,Usera,40.389903,-3.706622
7263,Calle de Ramón de Madariaga,Moscardó,Usera,40.38769,-3.70735
7264,Calle de Salasierra,Moscardó,Usera,40.386954,-3.711475
7265,Calle de San Armengol,Moscardó,Usera,40.389369,-3.700056
7266,Calle de San Casimiro,Moscardó,Usera,40.387614,-3.711939
7267,Calle de San Filiberto,Moscardó,Usera,40.3856,-3.714478
7268,Calle de San Graciano,Moscardó,Usera,40.392725,-3.703051
7269,Calle de San Julián,Moscardó,Usera,40.389017,-3.702975
7270,Calle de San Nicomedes,Moscardó,Usera,40.387026,-3.713358
7271,Calle de San Trifón,Moscardó,Usera,40.386842,-3.711989
7272,Calle de San Zacarías,Moscardó,Usera,40.390067,-3.700492
7273,Calle de Vallandes,Moscardó,Usera,40.391228,-3.704025
7274,Calle de la Cuesta,Moscardó,Usera,40.389492,-3.707432
7275,Calle de la Duquesa de Santoña,Moscardó,Usera,40.390818,-3.706101
7276,Calle de la Esmeralda,Moscardó,Usera,40.386004,-3.710167
7277,Calle de la Mariblanca,Moscardó,Usera,40.391472,-3.706022
7278,Calle de la Marquesa de Silvela,Moscardó,Usera,40.386025,-3.714104
7279,Calle de la Media,Moscardó,Usera,40.386275,-3.708129
7280,Calle de la Nochebuena,Moscardó,Usera,40.388789,-3.711269
7281,Calle de las Calesas,Moscardó,Usera,40.390358,-3.704989
7282,Calle de las Escuelas,Moscardó,Usera,40.38951,-3.708628
7283,Calle de los Monederos,Moscardó,Usera,40.387703,-3.701597
7284,Calle del Botánico Mutis,Moscardó,Usera,40.388217,-3.709317
7285,Calle del Doctor Carmena Ruiz,Moscardó,Usera,40.388982,-3.711449
7286,Calle del Doctor Ferrán,Moscardó,Usera,40.388058,-3.709339
7287,Calle del Doctor Sanchís Banús,Moscardó,Usera,40.3879,-3.709817
7288,Calle del General Marvá,Moscardó,Usera,40.388896,-3.709369
7289,Calle del Quince de Agosto,Moscardó,Usera,40.387053,-3.710436
7290,Calle del Torero,Moscardó,Usera,40.392044,-3.705492
7291,Particular del Olvido,Moscardó,Usera,40.386619,-3.702547
7292,Pasaje de Marcudos,Moscardó,Usera,40.388756,-3.70155
7293,Pasaje de la Canalización,Moscardó,Usera,40.388617,-3.699211
7294,Plaza de Andrés Arteaga,Moscardó,Usera,40.388803,-3.707093
7295,Plaza de Francisco Ruano,Moscardó,Usera,40.387869,-3.708442
7296,Plaza del Pintor Lucas,Moscardó,Usera,40.388453,-3.710361
7297,Avenida de Rafaela Ybarra,Orcasitas,Usera,40.379715,-3.711571
7298,Calle Gran Avenida,Orcasitas,Usera,40.369736,-3.7085
7299,Calle de Alzola,Orcasitas,Usera,40.368251,-3.713678
7300,Calle de Beasain,Orcasitas,Usera,40.366839,-3.716683
7301,Calle de Cestona,Orcasitas,Usera,40.372486,-3.714575
7302,Calle de Deva,Orcasitas,Usera,40.370085,-3.713085
7303,Calle de Gaínza,Orcasitas,Usera,40.369122,-3.718336
7304,Calle de Guetaria,Orcasitas,Usera,40.371344,-3.715783
7305,Calle de Ibarra,Orcasitas,Usera,40.370924,-3.717267
7306,Calle de Ichaso,Orcasitas,Usera,40.370719,-3.717942
7307,Calle de Leiza,Orcasitas,Usera,40.370917,-3.713961
7308,Calle de Lesaca,Orcasitas,Usera,40.371836,-3.714633
7309,Calle de Ordicia,Orcasitas,Usera,40.366556,-3.714486
7310,Calle de Oreja,Orcasitas,Usera,40.369817,-3.717721
7311,Calle de Pradolongo,Orcasitas,Usera,40.368611,-3.709283
7312,Calle de Pradolonguillo,Orcasitas,Usera,40.368103,-3.710286
7313,Calle de Régil,Orcasitas,Usera,40.368897,-3.717894
7314,Calle de Segura,Orcasitas,Usera,40.368025,-3.716839
7315,Calle de Tolosa,Orcasitas,Usera,40.373094,-3.714858
7316,Calle de Villabona,Orcasitas,Usera,40.369128,-3.713236
7317,Calle de la Expropiación,Orcasitas,Usera,40.370167,-3.704689
7318,Calle de la Participación,Orcasitas,Usera,40.370954,-3.709751
7319,Calle de la Remodelación,Orcasitas,Usera,40.371093,-3.707817
7320,Calle de la Unidad,Orcasitas,Usera,40.370049,-3.711297
7321,Calle de los Encierros,Orcasitas,Usera,40.370575,-3.706646
7322,Calle de los Retrasos,Orcasitas,Usera,40.371042,-3.705744
7323,Calle del Camino Viejo de Villaverde,Orcasitas,Usera,40.370708,-3.710918
7324,Calle del Censo,Orcasitas,Usera,40.36855,-3.705131
7325,Calle del Dodge,Orcasitas,Usera,40.365553,-3.709781
7326,Calle del Dos Caballos,Orcasitas,Usera,40.365436,-3.707858
7327,Calle del Empleo Juvenil,Orcasitas,Usera,40.368418,-3.707133
7328,Calle del Horizón,Orcasitas,Usera,40.365546,-3.708258
7329,Calle del Plan Parcial,Orcasitas,Usera,40.371464,-3.709506
7330,Calle del Rancho,Orcasitas,Usera,40.370482,-3.708989
7331,Calle del Simca,Orcasitas,Usera,40.366292,-3.706708
7332,Calle del Solara,Orcasitas,Usera,40.365983,-3.707497
7333,Calle del Talbot,Orcasitas,Usera,40.365325,-3.710711
7334,Calle del Tiburón,Orcasitas,Usera,40.364786,-3.709256
7335,Plaza de Munguía,Orcasitas,Usera,40.37125,-3.712722
7336,Plaza de Oyarzun,Orcasitas,Usera,40.368294,-3.715989
7337,Plaza de Sestao,Orcasitas,Usera,40.370042,-3.716231
7338,Plaza de la Asociación,Orcasitas,Usera,40.369636,-3.708117
7339,Plaza de la Memoria Vinculante,Orcasitas,Usera,40.370511,-3.709772
7340,Plaza de la Solidaridad,Orcasitas,Usera,40.368514,-3.710031
7341,Plaza de las Asambleas,Orcasitas,Usera,40.368278,-3.708125
7342,Plaza de las Promesas,Orcasitas,Usera,40.368476,-3.706192
7343,Plaza de los Mil Delegados,Orcasitas,Usera,40.370557,-3.705917
7344,Plaza del Movimiento Ciudadano,Orcasitas,Usera,40.3708,-3.707806
7345,Ronda de las Cooperativas,Orcasitas,Usera,40.367842,-3.70765
7346,Avenida de Orcasur,Orcasur,Usera,40.369553,-3.700585
7347,Calle de Albaicín,Orcasur,Usera,40.368647,-3.70245
7348,Calle de Albuñuelas,Orcasur,Usera,40.365875,-3.69956
7349,Calle de Aniceto Pérez,Orcasur,Usera,40.381408,-3.694592
7350,Calle de Arenas del Rey,Orcasur,Usera,40.365325,-3.700633
7351,Calle de Campotejar,Orcasur,Usera,40.369358,-3.703274
7352,Calle de Dúrcal,Orcasur,Usera,40.368979,-3.699318
7353,Calle de Eduardo Barreiros,Orcasur,Usera,40.365454,-3.697651
7354,Calle de Fernando Ortiz,Orcasur,Usera,40.367028,-3.702613
7355,Calle de González Feito,Orcasur,Usera,40.380281,-3.693836
7356,Calle de Graena,Orcasur,Usera,40.369422,-3.699218
7357,Calle de Guadix,Orcasur,Usera,40.370029,-3.701892
7358,Calle de Illora,Orcasur,Usera,40.36696,-3.699111
7359,Calle de Indalecio Fernández,Orcasur,Usera,40.380964,-3.694211
7360,Calle de Jayena,Orcasur,Usera,40.370733,-3.701503
7361,Calle de Lanjarón,Orcasur,Usera,40.365771,-3.702864
7362,Calle de Loja,Orcasur,Usera,40.366656,-3.7027
7363,Calle de Maracena,Orcasur,Usera,40.36909,-3.697201
7364,Calle de Montefrío,Orcasur,Usera,40.367033,-3.699694
7365,Calle de Moreja,Orcasur,Usera,40.369804,-3.698826
7366,Calle de Nívar,Orcasur,Usera,40.369167,-3.702286
7367,Calle de Padul,Orcasur,Usera,40.366558,-3.699456
7368,Calle de Salobreña,Orcasur,Usera,40.365396,-3.699249
7369,Calle de Salvador Martínez,Orcasur,Usera,40.367024,-3.698175
7370,Calle de Santa María Reina,Orcasur,Usera,40.370083,-3.697264
7371,Calle de Trevélez,Orcasur,Usera,40.365386,-3.702811
7372,Calle de la Cal,Orcasur,Usera,40.381292,-3.693071
7373,Calle de la Madre Rosa Blanco,Orcasur,Usera,40.372192,-3.701669
7374,Calle de la Pirita,Orcasur,Usera,40.380914,-3.693739
7375,Calle de la Tuya,Orcasur,Usera,40.365775,-3.696164
7376,Calle de la Virgen de la Encina,Orcasur,Usera,40.378304,-3.694031
7377,Calle de las Arizónicas,Orcasur,Usera,40.36561,-3.696965
7378,Calle de las Coníferas,Orcasur,Usera,40.366944,-3.695694
7379,Calle de Órgiva,Orcasur,Usera,40.366215,-3.702807
7380,Calle del Alerce,Orcasur,Usera,40.366081,-3.695419
7381,Calle del Cemento,Orcasur,Usera,40.381656,-3.693575
7382,Calle del Doctor Tolosa Latour,Orcasur,Usera,40.373183,-3.702511
7383,Calle del Dulce,Orcasur,Usera,40.371331,-3.698747
7384,Calle del Fósil,Orcasur,Usera,40.379826,-3.692926
7385,Calle del Ginebro,Orcasur,Usera,40.366061,-3.696488
7386,Calle del Padre José María,Orcasur,Usera,40.366962,-3.69911
7387,Calle del Petróleo,Orcasur,Usera,40.380753,-3.694125
7388,Calle del Pinsapo,Orcasur,Usera,40.368061,-3.695953
7389,Calle del Sacromonte,Orcasur,Usera,40.369608,-3.702164
7390,Calle del Salado,Orcasur,Usera,40.370433,-3.698292
7391,Camino del Río,Orcasur,Usera,40.37165,-3.700108
7392,Glorieta de Málaga,Orcasur,Usera,40.375725,-3.696128
7393,Plaza del Pueblo,Orcasur,Usera,40.366772,-3.701136
7394,Calle de Antonia Usera,Pradolongo,Usera,40.384015,-3.707468
7395,Calle de Carlos Marín,Pradolongo,Usera,40.38419,-3.706315
7396,Calle de Dolores Barranco,Pradolongo,Usera,40.38325,-3.70615
7397,Calle de Elisa Ochoa,Pradolongo,Usera,40.381219,-3.7099
7398,Calle de Felipe Castro,Pradolongo,Usera,40.384296,-3.708575
7399,Calle de Gabriel Ruiz,Pradolongo,Usera,40.384756,-3.707503
7400,Calle de Gabriel Usera,Pradolongo,Usera,40.384496,-3.708621
7401,Calle de González Arias,Pradolongo,Usera,40.380908,-3.708519
7402,Calle de Isabelita Usera,Pradolongo,Usera,40.382533,-3.707667
7403,Calle de Isidra Jiménez,Pradolongo,Usera,40.381342,-3.706114
7404,Calle de Jesús Montoya,Pradolongo,Usera,40.3832,-3.71075
7405,Calle de Joaquín Márquez,Pradolongo,Usera,40.385119,-3.709192
7406,Calle de Josefina Veredas,Pradolongo,Usera,40.381874,-3.706549
7407,Calle de José Bielsa,Pradolongo,Usera,40.383608,-3.706861
7408,Calle de Juan Salas,Pradolongo,Usera,40.38049,-3.707007
7409,Calle de Justa García,Pradolongo,Usera,40.382111,-3.709375
7410,Calle de Luis Usera,Pradolongo,Usera,40.380103,-3.706322
7411,Calle de Luis de la Torre,Pradolongo,Usera,40.382358,-3.708847
7412,Calle de Madridejos,Pradolongo,Usera,40.384692,-3.709975
7413,Calle de Mamerto López,Pradolongo,Usera,40.379994,-3.705158
7414,Calle de Mariano Usera,Pradolongo,Usera,40.382683,-3.706817
7415,Calle de Mariano Vela,Pradolongo,Usera,40.384533,-3.71055
7416,Calle de Miramadrid,Pradolongo,Usera,40.381397,-3.706597
7417,Calle de Máximo Carazo,Pradolongo,Usera,40.383764,-3.710786
7418,Calle de Nicolás Sánchez,Pradolongo,Usera,40.38295,-3.705856
7419,Calle de Nicolás Usera,Pradolongo,Usera,40.383989,-3.705408
7420,Calle de Ortíz Campos,Pradolongo,Usera,40.385181,-3.707079
7421,Calle de Pablo Ortiz,Pradolongo,Usera,40.384318,-3.707058
7422,Calle de Perpetua Díaz,Pradolongo,Usera,40.383994,-3.709128
7423,Calle de Primitiva Gañán,Pradolongo,Usera,40.380768,-3.709185
7424,Calle de Rodrigo Uhagón,Pradolongo,Usera,40.384392,-3.711069
7425,Calle de San Basilio,Pradolongo,Usera,40.380889,-3.707989
7426,Calle de San Francisco el Grande,Pradolongo,Usera,40.384697,-3.709606
7427,Calle de los Carrascales,Pradolongo,Usera,40.381429,-3.708533
7428,Calle de los Cocheros,Pradolongo,Usera,40.383694,-3.709769
7429,Calle del Cristo de la Victoria,Pradolongo,Usera,40.379475,-3.703903
7430,Calle del Jaspe,Pradolongo,Usera,40.381469,-3.706878
7431,Calle del Marqués de San Gregorio,Pradolongo,Usera,40.382278,-3.706714
7432,Calle del Teniente Compaired,Pradolongo,Usera,40.381936,-3.708669
7433,Plaza del Hidrógeno,Pradolongo,Usera,40.383053,-3.707889
7434,Avenida de San Fermín,San Fermín,Usera,40.371392,-3.690312
7435,Avenida de la Perla,San Fermín,Usera,40.371197,-3.694008
7436,Avenida de los Fueros,San Fermín,Usera,40.370376,-3.690269
7437,Calle Popular Madrileña,San Fermín,Usera,40.371003,-3.692983
7438,Calle de Adora,San Fermín,Usera,40.369212,-3.689182
7439,Calle de Alajate,San Fermín,Usera,40.369303,-3.691367
7440,Calle de Alozaina,San Fermín,Usera,40.369986,-3.690419
7441,Calle de Amaya,San Fermín,Usera,40.371703,-3.689736
7442,Calle de Antequera,San Fermín,Usera,40.369299,-3.691831
7443,Calle de Archidona,San Fermín,Usera,40.368517,-3.689803
7444,Calle de Barranca,San Fermín,Usera,40.371372,-3.690933
7445,Calle de Carabelos,San Fermín,Usera,40.375189,-3.690911
7446,Calle de Casarabonela,San Fermín,Usera,40.368629,-3.688951
7447,Calle de Corella,San Fermín,Usera,40.371488,-3.688946
7448,Calle de Cuevas Bajas,San Fermín,Usera,40.369497,-3.69096
7449,Calle de Elizondo,San Fermín,Usera,40.372142,-3.690546
7450,Calle de Fitero,San Fermín,Usera,40.371931,-3.690094
7451,Calle de Lecumberri,San Fermín,Usera,40.371638,-3.690132
7452,Calle de Lodosa,San Fermín,Usera,40.371188,-3.688546
7453,Calle de Magacela,San Fermín,Usera,40.366901,-3.693279
7454,Calle de Montana,San Fermín,Usera,40.369154,-3.687018
7455,Calle de Navascués,San Fermín,Usera,40.37244,-3.690603
7456,Calle de Oteiza,San Fermín,Usera,40.370861,-3.690056
7457,Calle de Peralejo,San Fermín,Usera,40.372972,-3.689697
7458,Calle de Periana,San Fermín,Usera,40.367111,-3.687808
7459,Calle de Rochapea,San Fermín,Usera,40.371346,-3.691319
7460,Calle de San Fortunato,San Fermín,Usera,40.372939,-3.690793
7461,Calle de San Liborio,San Fermín,Usera,40.377436,-3.691461
7462,Calle de San Mario,San Fermín,Usera,40.377208,-3.691564
7463,Calle de San Máximo,San Fermín,Usera,40.377382,-3.692942
7464,Calle de San Ruperto,San Fermín,Usera,40.376394,-3.691322
7465,Calle de San Simplicio,San Fermín,Usera,40.373189,-3.691268
7466,Calle de San Zoilo,San Fermín,Usera,40.378153,-3.690869
7467,Calle de Taconera,San Fermín,Usera,40.372064,-3.691758
7468,Calle de Teba,San Fermín,Usera,40.368125,-3.690944
7469,Calle de Torrox,San Fermín,Usera,40.368124,-3.688626
7470,Calle de Zalacaín,San Fermín,Usera,40.371719,-3.689339
7471,Calle de la Alcazaba,San Fermín,Usera,40.374378,-3.689883
7472,Calle de la Estafeta,San Fermín,Usera,40.372394,-3.692242
7473,Calle de la Giralda,San Fermín,Usera,40.374539,-3.690731
7474,Calle de la Mezquita,San Fermín,Usera,40.37366,-3.690515
7475,Calle de la Silvina,San Fermín,Usera,40.365869,-3.69061
7476,Calle de la Virgen de las Cruces,San Fermín,Usera,40.378386,-3.691833
7477,Calle de Ángel Díaz Zamorano,San Fermín,Usera,40.372739,-3.693667
7478,Calle del Campo,San Fermín,Usera,40.36959,-3.693117
7479,Calle del Corindón,San Fermín,Usera,40.367694,-3.687419
7480,Calle del Generalife,San Fermín,Usera,40.374142,-3.691244
7481,Calle del Oligisto,San Fermín,Usera,40.366324,-3.685932
7482,Calle del Rutilo,San Fermín,Usera,40.366253,-3.686807
7483,Calle del Torcal,San Fermín,Usera,40.368486,-3.690142
7484,Camino de Perales,San Fermín,Usera,40.378758,-3.690692
7485,Glorieta de San Martín de la Vega,San Fermín,Usera,40.367497,-3.692033
7486,Avenida del Cerro de los Ángeles,Zofío,Usera,40.379219,-3.712878
7487,Calle de Antonio Prieto,Zofío,Usera,40.380576,-3.714015
7488,Calle de Cerecinos,Zofío,Usera,40.384714,-3.712458
7489,Calle de Fermín Donaire,Zofío,Usera,40.379658,-3.713685
7490,Calle de Fornillos,Zofío,Usera,40.38261,-3.713346
7491,Calle de Juan Zofío,Zofío,Usera,40.38139,-3.71389
7492,Calle de Marina Usera,Zofío,Usera,40.380932,-3.713933
7493,Calle de Marina Vega,Zofío,Usera,40.380064,-3.713642
7494,Calle de Ricardo Beltrán y Rózpide,Zofío,Usera,40.37789,-3.717214
7495,Calle de San Elías,Zofío,Usera,40.384082,-3.714758
7496,Calle de San Magín,Zofío,Usera,40.383967,-3.715647
7497,Calle de Santoña,Zofío,Usera,40.381825,-3.713261
7498,Calle de Silvio Abad,Zofío,Usera,40.380881,-3.714181
7499,Calle de Tarrasa,Zofío,Usera,40.382397,-3.711963
7500,Calle de la Arenaria,Zofío,Usera,40.376247,-3.717158
7501,Calle de la Avena,Zofío,Usera,40.376965,-3.715931
7502,Calle de la Cereza,Zofío,Usera,40.381881,-3.712203
7503,Calle de la Glyceria,Zofío,Usera,40.379878,-3.714917
7504,Calle de la Verja,Zofío,Usera,40.382261,-3.713233
7505,Calle del Albardín,Zofío,Usera,40.379725,-3.717438
7506,Calle del Centeno,Zofío,Usera,40.379086,-3.714411
7507,Calle del Cerro Blanco,Zofío,Usera,40.381351,-3.71604
7508,Calle del Heno,Zofío,Usera,40.377817,-3.716414
7509,Calle del Maíz,Zofío,Usera,40.377272,-3.717169
7510,Calle del Mijo,Zofío,Usera,40.377112,-3.716922
7511,Calle del Parque de la Paloma,Zofío,Usera,40.378611,-3.714332
7512,Calle del Raigrás,Zofío,Usera,40.379968,-3.714421
7513,Travesía de Marina Vega,Zofío,Usera,40.379886,-3.715431
7514,Travesía de Santoña,Zofío,Usera,40.381531,-3.715006
7515,Travesía de la Verja,Zofío,Usera,40.382043,-3.71474
7516,Autovía M-45,Casco Histórico de Vicálvaro,Vicálvaro,40.370425,-3.601747
7517,Autovía M-50,Casco Histórico de Vicálvaro,Vicálvaro,40.367544,-3.558011
7518,Avenida Real,Casco Histórico de Vicálvaro,Vicálvaro,40.402747,-3.607639
7519,Avenida de Antonio Herrero,Casco Histórico de Vicálvaro,Vicálvaro,40.388015,-3.569708
7520,Avenida de Antonio Palacios,Casco Histórico de Vicálvaro,Vicálvaro,40.379497,-3.569258
7521,Avenida de Concha García Campoy,Casco Histórico de Vicálvaro,Vicálvaro,40.383014,-3.554547
7522,Avenida de Constantino Mediavilla,Casco Histórico de Vicálvaro,Vicálvaro,40.382778,-3.581442
7523,Avenida de David Gistau,Casco Histórico de Vicálvaro,Vicálvaro,40.37495,-3.580739
7524,Avenida de Enrique de Aguinaga,Casco Histórico de Vicálvaro,Vicálvaro,40.380139,-3.565292
7525,Avenida de Jesús Hermida,Casco Histórico de Vicálvaro,Vicálvaro,40.377853,-3.581008
7526,Avenida de Joaquín Prat,Casco Histórico de Vicálvaro,Vicálvaro,40.381492,-3.579114
7527,Avenida de José María Carrascal,Casco Histórico de Vicálvaro,Vicálvaro,40.373436,-3.582811
7528,Avenida de Luis Prados de la Plaza,Casco Histórico de Vicálvaro,Vicálvaro,40.376881,-3.581707
7529,Avenida de Luis Ulpiano Iglesias Sampedro,Casco Histórico de Vicálvaro,Vicálvaro,40.389146,-3.560767
7530,Avenida de Manu Leguineche,Casco Histórico de Vicálvaro,Vicálvaro,40.392181,-3.558961
7531,Avenida de Paloma Gómez Borrero,Casco Histórico de Vicálvaro,Vicálvaro,40.377383,-3.574942
7532,Avenida de los Voluntarios de Samur Protección Civil,Casco Histórico de Vicálvaro,Vicálvaro,40.370647,-3.581717
7533,Avenida de Ángel del Río,Casco Histórico de Vicálvaro,Vicálvaro,40.375122,-3.578842
7534,Avenida del Parque,Casco Histórico de Vicálvaro,Vicálvaro,40.395678,-3.585247
7535,Calle Provisional Ahijones Ciento Veintidós,Casco Histórico de Vicálvaro,Vicálvaro,40.391056,-3.550067
7536,Calle Provisional el Espinillo Dos,Casco Histórico de Vicálvaro,Vicálvaro,40.383924,-3.591549
7537,Calle Provisional el Espinillo Uno,Casco Histórico de Vicálvaro,Vicálvaro,40.384215,-3.592172
7538,Calle de Alberto Sánchez,Casco Histórico de Vicálvaro,Vicálvaro,40.394981,-3.594362
7539,Calle de Alcalde Pedro Escarbassiere,Casco Histórico de Vicálvaro,Vicálvaro,40.398883,-3.595622
7540,Calle de Alcalá de Henares,Casco Histórico de Vicálvaro,Vicálvaro,40.371981,-3.567404
7541,Calle de Alcorcón,Casco Histórico de Vicálvaro,Vicálvaro,40.371619,-3.582754
7542,Calle de Alcácer Tejares,Casco Histórico de Vicálvaro,Vicálvaro,40.402925,-3.608864
7543,Calle de Ambroz,Casco Histórico de Vicálvaro,Vicálvaro,40.405667,-3.605258
7544,Calle de Beatriz Agredano,Casco Histórico de Vicálvaro,Vicálvaro,40.397728,-3.599942
7545,Calle de Bernarda García,Casco Histórico de Vicálvaro,Vicálvaro,40.403631,-3.590831
7546,Calle de Boyer,Casco Histórico de Vicálvaro,Vicálvaro,40.403981,-3.588026
7547,Calle de Calahorra,Casco Histórico de Vicálvaro,Vicálvaro,40.407867,-3.612844
7548,Calle de Carlos Pacheco,Casco Histórico de Vicálvaro,Vicálvaro,40.389772,-3.567461
7549,Calle de Casalarreina,Casco Histórico de Vicálvaro,Vicálvaro,40.408922,-3.613956
7550,Calle de Cervera de Buitrago,Casco Histórico de Vicálvaro,Vicálvaro,40.367919,-3.569342
7551,Calle de Ciempozuelos,Casco Histórico de Vicálvaro,Vicálvaro,40.371592,-3.576592
7552,Calle de Clavijo,Casco Histórico de Vicálvaro,Vicálvaro,40.406572,-3.615003
7553,Calle de Colmenar de Oreja,Casco Histórico de Vicálvaro,Vicálvaro,40.367132,-3.573728
7554,Calle de Colmenar del Arroyo,Casco Histórico de Vicálvaro,Vicálvaro,40.375619,-3.565703
7555,Calle de Columba,Casco Histórico de Vicálvaro,Vicálvaro,40.401094,-3.585589
7556,Calle de Cordovín,Casco Histórico de Vicálvaro,Vicálvaro,40.410156,-3.611772
7557,Calle de Corpa,Casco Histórico de Vicálvaro,Vicálvaro,40.366731,-3.5722
7558,Calle de Cubas de la Sagra,Casco Histórico de Vicálvaro,Vicálvaro,40.379314,-3.581697
7559,Calle de Daganzo de Arriba,Casco Histórico de Vicálvaro,Vicálvaro,40.373762,-3.568117
7560,Calle de Efigenia,Casco Histórico de Vicálvaro,Vicálvaro,40.404092,-3.599203
7561,Calle de Encarna Sánchez,Casco Histórico de Vicálvaro,Vicálvaro,40.387606,-3.556233
7562,Calle de Enciso,Casco Histórico de Vicálvaro,Vicálvaro,40.407214,-3.615272
7563,Calle de Ezcaray,Casco Histórico de Vicálvaro,Vicálvaro,40.410557,-3.612863
7564,Calle de Forges,Casco Histórico de Vicálvaro,Vicálvaro,40.405192,-3.602322
7565,Calle de Francisca de Torres Catalán,Casco Histórico de Vicálvaro,Vicálvaro,40.40655,-3.591669
7566,Calle de Francisco Ibáñez,Casco Histórico de Vicálvaro,Vicálvaro,40.388169,-3.566132
7567,Calle de Fresnedillas de la Oliva,Casco Histórico de Vicálvaro,Vicálvaro,40.373103,-3.56635
7568,Calle de Fresno de Torote,Casco Histórico de Vicálvaro,Vicálvaro,40.367628,-3.570901
7569,Calle de Fuente el Saz de Jarama,Casco Histórico de Vicálvaro,Vicálvaro,40.382399,-3.578356
7570,Calle de Galapagar,Casco Histórico de Vicálvaro,Vicálvaro,40.379542,-3.572733
7571,Calle de Guadalix de la Sierra,Casco Histórico de Vicálvaro,Vicálvaro,40.375633,-3.585026
7572,Calle de Helena de Troya,Casco Histórico de Vicálvaro,Vicálvaro,40.404683,-3.599317
7573,Calle de Herce,Casco Histórico de Vicálvaro,Vicálvaro,40.405411,-3.614325
7574,Calle de Horcajo de la Sierra-aoslos,Casco Histórico de Vicálvaro,Vicálvaro,40.373397,-3.564957
7575,Calle de Horcajuelo de la Sierra,Casco Histórico de Vicálvaro,Vicálvaro,40.372508,-3.570683
7576,Calle de Humanes de Madrid,Casco Histórico de Vicálvaro,Vicálvaro,40.372181,-3.579417
7577,Calle de Lardero,Casco Histórico de Vicálvaro,Vicálvaro,40.410772,-3.610822
7578,Calle de Lumbreras,Casco Histórico de Vicálvaro,Vicálvaro,40.406662,-3.615446
7579,Calle de Maicara,Casco Histórico de Vicálvaro,Vicálvaro,40.405632,-3.584253
7580,Calle de Majadahonda,Casco Histórico de Vicálvaro,Vicálvaro,40.380108,-3.572922
7581,Calle de Manuel Summers,Casco Histórico de Vicálvaro,Vicálvaro,40.388781,-3.572122
7582,Calle de Manzanares el Real,Casco Histórico de Vicálvaro,Vicálvaro,40.368292,-3.5735
7583,Calle de Meco,Casco Histórico de Vicálvaro,Vicálvaro,40.374942,-3.585192
7584,Calle de Miguel de la Quadra-salcedo,Casco Histórico de Vicálvaro,Vicálvaro,40.386124,-3.565436
7585,Calle de Mir,Casco Histórico de Vicálvaro,Vicálvaro,40.39639,-3.580507
7586,Calle de Miraflores de la Sierra,Casco Histórico de Vicálvaro,Vicálvaro,40.381175,-3.580403
7587,Calle de Montejo de la Sierra,Casco Histórico de Vicálvaro,Vicálvaro,40.376583,-3.564962
7588,Calle de Navalagamella,Casco Histórico de Vicálvaro,Vicálvaro,40.370419,-3.574842
7589,Calle de Navarredonda y San Mamés,Casco Histórico de Vicálvaro,Vicálvaro,40.366446,-3.570632
7590,Calle de Olmeda de las Fuentes,Casco Histórico de Vicálvaro,Vicálvaro,40.377988,-3.56626
7591,Calle de Orusco de Tajuña,Casco Histórico de Vicálvaro,Vicálvaro,40.365739,-3.571181
7592,Calle de Paracuellos de Jarama,Casco Histórico de Vicálvaro,Vicálvaro,40.375321,-3.573569
7593,Calle de Parla,Casco Histórico de Vicálvaro,Vicálvaro,40.380675,-3.585778
7594,Calle de Pedro García Ortiz,Casco Histórico de Vicálvaro,Vicálvaro,40.386904,-3.594196
7595,Calle de Pelayos de la Presa,Casco Histórico de Vicálvaro,Vicálvaro,40.370953,-3.577718
7596,Calle de Pezuela de las Torres,Casco Histórico de Vicálvaro,Vicálvaro,40.374372,-3.565865
7597,Calle de Pinto,Casco Histórico de Vicálvaro,Vicálvaro,40.370693,-3.571949
7598,Calle de Pozuelo de Alarcón,Casco Histórico de Vicálvaro,Vicálvaro,40.382847,-3.550594
7599,Calle de Pozuelo del Rey,Casco Histórico de Vicálvaro,Vicálvaro,40.369819,-3.571294
7600,Calle de Puebla de la Sierra,Casco Histórico de Vicálvaro,Vicálvaro,40.368921,-3.570987
7601,Calle de Puentes Viejas,Casco Histórico de Vicálvaro,Vicálvaro,40.378717,-3.592775
7602,Calle de Quique San Francisco,Casco Histórico de Vicálvaro,Vicálvaro,40.393526,-3.565517
7603,Calle de Ribatejada,Casco Histórico de Vicálvaro,Vicálvaro,40.372339,-3.567728
7604,Calle de Ricardo Medina,Casco Histórico de Vicálvaro,Vicálvaro,40.376297,-3.574504
7605,Calle de Rivas,Casco Histórico de Vicálvaro,Vicálvaro,40.39705,-3.587544
7606,Calle de Rivas-vaciamadrid,Casco Histórico de Vicálvaro,Vicálvaro,40.383642,-3.579424
7607,Calle de San Agustín del Guadalix,Casco Histórico de Vicálvaro,Vicálvaro,40.377875,-3.569022
7608,Calle de San Cipriano,Casco Histórico de Vicálvaro,Vicálvaro,40.403856,-3.603378
7609,Calle de San Ciriaco,Casco Histórico de Vicálvaro,Vicálvaro,40.40571,-3.604464
7610,Calle de San Eudaldo,Casco Histórico de Vicálvaro,Vicálvaro,40.405825,-3.602072
7611,Calle de San Fernando,Casco Histórico de Vicálvaro,Vicálvaro,40.404028,-3.586025
7612,Calle de San Fernando de Henares,Casco Histórico de Vicálvaro,Vicálvaro,40.380481,-3.572014
7613,Calle de San Filemón,Casco Histórico de Vicálvaro,Vicálvaro,40.405756,-3.615907
7614,Calle de San Lorenzo de el Escorial,Casco Histórico de Vicálvaro,Vicálvaro,40.370072,-3.571344
7615,Calle de San Sebastián de los Reyes,Casco Histórico de Vicálvaro,Vicálvaro,40.372942,-3.567411
7616,Calle de Sevilla la Nueva,Casco Histórico de Vicálvaro,Vicálvaro,40.386078,-3.572506
7617,Calle de Torre Pedrosa,Casco Histórico de Vicálvaro,Vicálvaro,40.385451,-3.555274
7618,Calle de Torrejón de Ardoz,Casco Histórico de Vicálvaro,Vicálvaro,40.374161,-3.573369
7619,Calle de Torrejón de Velasco,Casco Histórico de Vicálvaro,Vicálvaro,40.373803,-3.586043
7620,Calle de Torremocha de Jarama,Casco Histórico de Vicálvaro,Vicálvaro,40.385292,-3.577364
7621,Calle de Torres de la Alameda,Casco Histórico de Vicálvaro,Vicálvaro,40.382932,-3.577185
7622,Calle de Valdaracete,Casco Histórico de Vicálvaro,Vicálvaro,40.377593,-3.594324
7623,Calle de Valdeavero,Casco Histórico de Vicálvaro,Vicálvaro,40.36995,-3.582544
7624,Calle de Valdemanco,Casco Histórico de Vicálvaro,Vicálvaro,40.376879,-3.566325
7625,Calle de Valdemoro,Casco Histórico de Vicálvaro,Vicálvaro,40.378339,-3.553883
7626,Calle de Valdeolmos-alalpardo,Casco Histórico de Vicálvaro,Vicálvaro,40.372681,-3.588424
7627,Calle de Valdepiélagos,Casco Histórico de Vicálvaro,Vicálvaro,40.386028,-3.575886
7628,Calle de Velilla,Casco Histórico de Vicálvaro,Vicálvaro,40.403489,-3.60765
7629,Calle de Velilla de San Antonio,Casco Histórico de Vicálvaro,Vicálvaro,40.378981,-3.570981
7630,Calle de Vigil,Casco Histórico de Vicálvaro,Vicálvaro,40.403961,-3.585336
7631,Calle de Villablanca,Casco Histórico de Vicálvaro,Vicálvaro,40.407642,-3.604439
7632,Calle de Villacarlos,Casco Histórico de Vicálvaro,Vicálvaro,40.406299,-3.606729
7633,Calle de Villacid de Campos,Casco Histórico de Vicálvaro,Vicálvaro,40.40279,-3.609336
7634,Calle de Villajimena,Casco Histórico de Vicálvaro,Vicálvaro,40.407204,-3.608567
7635,Calle de Villalcampo,Casco Histórico de Vicálvaro,Vicálvaro,40.405622,-3.606128
7636,Calle de Villalmanzo,Casco Histórico de Vicálvaro,Vicálvaro,40.405086,-3.607362
7637,Calle de Villamanrique de Tajo,Casco Histórico de Vicálvaro,Vicálvaro,40.372347,-3.569103
7638,Calle de Villamantilla,Casco Histórico de Vicálvaro,Vicálvaro,40.36881,-3.573703
7639,Calle de Villanueva de Perales,Casco Histórico de Vicálvaro,Vicálvaro,40.374169,-3.56911
7640,Calle de Villanueva de la Cañada,Casco Histórico de Vicálvaro,Vicálvaro,40.370114,-3.577911
7641,Calle de Villanueva del Pardillo,Casco Histórico de Vicálvaro,Vicálvaro,40.375996,-3.586381
7642,Calle de Villardondiego,Casco Histórico de Vicálvaro,Vicálvaro,40.406964,-3.608125
7643,Calle de Villarejo de Salvanés,Casco Histórico de Vicálvaro,Vicálvaro,40.379078,-3.594794
7644,Calle de Villaviciosa de Odón,Casco Histórico de Vicálvaro,Vicálvaro,40.376956,-3.571839
7645,Calle de Villavieja del Lozoya,Casco Histórico de Vicálvaro,Vicálvaro,40.375067,-3.564497
7646,Calle de Zeus,Casco Histórico de Vicálvaro,Vicálvaro,40.404247,-3.599256
7647,Calle de el Angostillo,Casco Histórico de Vicálvaro,Vicálvaro,40.388417,-3.5573
7648,Calle de el Blancal,Casco Histórico de Vicálvaro,Vicálvaro,40.387294,-3.572318
7649,Calle de el Lazarillo de Tormes,Casco Histórico de Vicálvaro,Vicálvaro,40.400761,-3.577658
7650,Calle de la Alameda de la Fuente,Casco Histórico de Vicálvaro,Vicálvaro,40.401433,-3.608981
7651,Calle de la Barca,Casco Histórico de Vicálvaro,Vicálvaro,40.399686,-3.593736
7652,Calle de la Calderera,Casco Histórico de Vicálvaro,Vicálvaro,40.397933,-3.592692
7653,Calle de la Cantera de Vélez,Casco Histórico de Vicálvaro,Vicálvaro,40.389681,-3.570901
7654,Calle de la Castellana,Casco Histórico de Vicálvaro,Vicálvaro,40.404375,-3.614444
7655,Calle de la Charquilla de la Cañada,Casco Histórico de Vicálvaro,Vicálvaro,40.394797,-3.575258
7656,Calle de la Colada de las Carretas,Casco Histórico de Vicálvaro,Vicálvaro,40.393522,-3.56995
7657,Calle de la Condesa Vega del Pozo,Casco Histórico de Vicálvaro,Vicálvaro,40.40331,-3.606644
7658,Calle de la Cruz de la Misa,Casco Histórico de Vicálvaro,Vicálvaro,40.401189,-3.606614
7659,Calle de la Cruz del Calesero,Casco Histórico de Vicálvaro,Vicálvaro,40.390542,-3.572579
7660,Calle de la Cruz del Carnero,Casco Histórico de Vicálvaro,Vicálvaro,40.40115,-3.605189
7661,Calle de la Cueva del Vaquero,Casco Histórico de Vicálvaro,Vicálvaro,40.384133,-3.560022
7662,Calle de la Cuqueña Vieja,Casco Histórico de Vicálvaro,Vicálvaro,40.392761,-3.591914
7663,Calle de la Dehesa Vieja,Casco Histórico de Vicálvaro,Vicálvaro,40.394217,-3.595078
7664,Calle de la Dehesa de la Torre,Casco Histórico de Vicálvaro,Vicálvaro,40.381317,-3.558699
7665,Calle de la Fuente de San Juan,Casco Histórico de Vicálvaro,Vicálvaro,40.401174,-3.60855
7666,Calle de la Fuente de San Pedro,Casco Histórico de Vicálvaro,Vicálvaro,40.403219,-3.603311
7667,Calle de la Fuente de los Cinco Caños,Casco Histórico de Vicálvaro,Vicálvaro,40.401864,-3.609794
7668,Calle de la Hierba Alta,Casco Histórico de Vicálvaro,Vicálvaro,40.387983,-3.557124
7669,Calle de la Huerta de Ambroz,Casco Histórico de Vicálvaro,Vicálvaro,40.407619,-3.601501
7670,Calle de la Huerta de los Rueda,Casco Histórico de Vicálvaro,Vicálvaro,40.391926,-3.587793
7671,Calle de la Huerta del Convento,Casco Histórico de Vicálvaro,Vicálvaro,40.400667,-3.604572
7672,Calle de la Labranza de Santa Clara,Casco Histórico de Vicálvaro,Vicálvaro,40.385131,-3.561979
7673,Calle de la Pirotecnia,Casco Histórico de Vicálvaro,Vicálvaro,40.396322,-3.592253
7674,Calle de la Regenta,Casco Histórico de Vicálvaro,Vicálvaro,40.398617,-3.578169
7675,Calle de la Sepiolita,Casco Histórico de Vicálvaro,Vicálvaro,40.406497,-3.599079
7676,Calle de la Solana de Almodóvar,Casco Histórico de Vicálvaro,Vicálvaro,40.389801,-3.570622
7677,Calle de la Tenería,Casco Histórico de Vicálvaro,Vicálvaro,40.400933,-3.607806
7678,Calle de la Umbría de Almodóvar,Casco Histórico de Vicálvaro,Vicálvaro,40.384667,-3.555464
7679,Calle de la Vereda de las Cabras,Casco Histórico de Vicálvaro,Vicálvaro,40.38415,-3.557131
7680,Calle de la Vereda del Pinar,Casco Histórico de Vicálvaro,Vicálvaro,40.409806,-3.607528
7681,Calle de la Virgen de la Antigua,Casco Histórico de Vicálvaro,Vicálvaro,40.401751,-3.605543
7682,Calle de la Yesería de la Estrella,Casco Histórico de Vicálvaro,Vicálvaro,40.392619,-3.575251
7683,Calle de la Yesería de la Fortuna,Casco Histórico de Vicálvaro,Vicálvaro,40.387561,-3.55985
7684,Calle de las Canteras de Tilly,Casco Histórico de Vicálvaro,Vicálvaro,40.402464,-3.603714
7685,Calle de las Canteras de la Invencible,Casco Histórico de Vicálvaro,Vicálvaro,40.391026,-3.559529
7686,Calle de las Estevillas,Casco Histórico de Vicálvaro,Vicálvaro,40.387936,-3.572217
7687,Calle de las Forjas,Casco Histórico de Vicálvaro,Vicálvaro,40.399046,-3.587228
7688,Calle de las Fuentes de San Jorge,Casco Histórico de Vicálvaro,Vicálvaro,40.401311,-3.605914
7689,Calle de las Fundiciones,Casco Histórico de Vicálvaro,Vicálvaro,40.396564,-3.582894
7690,Calle de las Hontanillas,Casco Histórico de Vicálvaro,Vicálvaro,40.393211,-3.570576
7691,Calle de las Hormazas de las Viñas,Casco Histórico de Vicálvaro,Vicálvaro,40.389235,-3.563408
7692,Calle de las Lavanderas,Casco Histórico de Vicálvaro,Vicálvaro,40.402978,-3.612051
7693,Calle de las Piedras,Casco Histórico de Vicálvaro,Vicálvaro,40.402631,-3.585525
7694,Calle de las Rozas de Madrid,Casco Histórico de Vicálvaro,Vicálvaro,40.382811,-3.578903
7695,Calle de las Santeras,Casco Histórico de Vicálvaro,Vicálvaro,40.391286,-3.590701
7696,Calle de los Ahumaos,Casco Histórico de Vicálvaro,Vicálvaro,40.395642,-3.597308
7697,Calle de los Cavilas,Casco Histórico de Vicálvaro,Vicálvaro,40.400728,-3.589444
7698,Calle de los Caños de San Pedro,Casco Histórico de Vicálvaro,Vicálvaro,40.403357,-3.602188
7699,Calle de los Engañaquinteros,Casco Histórico de Vicálvaro,Vicálvaro,40.389158,-3.564144
7700,Calle de los Galeote,Casco Histórico de Vicálvaro,Vicálvaro,40.402807,-3.60611
7701,Calle de los Gallegos,Casco Histórico de Vicálvaro,Vicálvaro,40.402436,-3.610247
7702,Calle de los Huertos de la Torre,Casco Histórico de Vicálvaro,Vicálvaro,40.391651,-3.559826
7703,Calle de los Manantiales,Casco Histórico de Vicálvaro,Vicálvaro,40.409054,-3.606196
7704,Calle de los Navajos,Casco Histórico de Vicálvaro,Vicálvaro,40.386768,-3.553983
7705,Calle de los Sondeos,Casco Histórico de Vicálvaro,Vicálvaro,40.397122,-3.590203
7706,Calle de los Viñedos,Casco Histórico de Vicálvaro,Vicálvaro,40.407328,-3.600403
7707,Calle del Abad Juan Catalán,Casco Histórico de Vicálvaro,Vicálvaro,40.405903,-3.592429
7708,Calle del Alcalde Juan de Mata Sevillano,Casco Histórico de Vicálvaro,Vicálvaro,40.399476,-3.583917
7709,Calle del Anillo Verde,Casco Histórico de Vicálvaro,Vicálvaro,40.408683,-3.6056
7710,Calle del Apeadero,Casco Histórico de Vicálvaro,Vicálvaro,40.400656,-3.607444
7711,Calle del Arroyo de Junco Redondo,Casco Histórico de Vicálvaro,Vicálvaro,40.383828,-3.563543
7712,Calle del Arroyo de la Marañosa,Casco Histórico de Vicálvaro,Vicálvaro,40.393353,-3.574456
7713,Calle del Arroyo de los Ahijones,Casco Histórico de Vicálvaro,Vicálvaro,40.394494,-3.5666
7714,Calle del Arroyo de los Chorrillos,Casco Histórico de Vicálvaro,Vicálvaro,40.392417,-3.571086
7715,Calle del Arroyo de los Prados del Henar,Casco Histórico de Vicálvaro,Vicálvaro,40.389772,-3.5685
7716,Calle del Arroyo del Hoyo,Casco Histórico de Vicálvaro,Vicálvaro,40.408708,-3.605211
7717,Calle del Arroyo del Juncal,Casco Histórico de Vicálvaro,Vicálvaro,40.409618,-3.606456
7718,Calle del Camino de los Berrocales,Casco Histórico de Vicálvaro,Vicálvaro,40.391186,-3.578032
7719,Calle del Casco Antiguo,Casco Histórico de Vicálvaro,Vicálvaro,40.402869,-3.60724
7720,Calle del Caserío de la Fortuna,Casco Histórico de Vicálvaro,Vicálvaro,40.382261,-3.562139
7721,Calle del Casón de Comedias,Casco Histórico de Vicálvaro,Vicálvaro,40.401939,-3.604622
7722,Calle del Cerro de la Báscula,Casco Histórico de Vicálvaro,Vicálvaro,40.389422,-3.555426
7723,Calle del Cerro de los Castillejos,Casco Histórico de Vicálvaro,Vicálvaro,40.393722,-3.567653
7724,Calle del Conde de Tilly,Casco Histórico de Vicálvaro,Vicálvaro,40.382715,-3.561699
7725,Calle del Convento de Santa Clara,Casco Histórico de Vicálvaro,Vicálvaro,40.386807,-3.56159
7726,Calle del Convento de la Merced,Casco Histórico de Vicálvaro,Vicálvaro,40.394417,-3.565431
7727,Calle del Cristo de Rivas,Casco Histórico de Vicálvaro,Vicálvaro,40.383935,-3.555387
7728,Calle del Cristo de la Guía,Casco Histórico de Vicálvaro,Vicálvaro,40.403829,-3.611512
7729,Calle del Duque del Sevillano,Casco Histórico de Vicálvaro,Vicálvaro,40.402958,-3.606808
7730,Calle del Ejido de la Torre,Casco Histórico de Vicálvaro,Vicálvaro,40.390328,-3.560761
7731,Calle del Ferrocarril del Tajuña,Casco Histórico de Vicálvaro,Vicálvaro,40.399446,-3.596458
7732,Calle del Gallo,Casco Histórico de Vicálvaro,Vicálvaro,40.405319,-3.613903
7733,Calle del Hondo de las Estevillas,Casco Histórico de Vicálvaro,Vicálvaro,40.389358,-3.567153
7734,Calle del Hondón de los Huertos,Casco Histórico de Vicálvaro,Vicálvaro,40.394093,-3.564565
7735,Calle del Horno de Labradores,Casco Histórico de Vicálvaro,Vicálvaro,40.401553,-3.604381
7736,Calle del Jardín de la Duquesa,Casco Histórico de Vicálvaro,Vicálvaro,40.404428,-3.603786
7737,Calle del Juego de Bolos,Casco Histórico de Vicálvaro,Vicálvaro,40.402262,-3.603378
7738,Calle del Lago Balatón,Casco Histórico de Vicálvaro,Vicálvaro,40.401153,-3.603261
7739,Calle del Lago Como,Casco Histórico de Vicálvaro,Vicálvaro,40.401603,-3.606903
7740,Calle del Lago Enara,Casco Histórico de Vicálvaro,Vicálvaro,40.402088,-3.603671
7741,Calle del Lago Erie,Casco Histórico de Vicálvaro,Vicálvaro,40.404753,-3.606971
7742,Calle del Lago Iseo,Casco Histórico de Vicálvaro,Vicálvaro,40.402028,-3.603133
7743,Calle del Lago Lemán,Casco Histórico de Vicálvaro,Vicálvaro,40.403681,-3.605258
7744,Calle del Lago Sanabria,Casco Histórico de Vicálvaro,Vicálvaro,40.403553,-3.608619
7745,Calle del Lago Titicaca,Casco Histórico de Vicálvaro,Vicálvaro,40.402386,-3.608314
7746,Calle del Lago Van,Casco Histórico de Vicálvaro,Vicálvaro,40.404718,-3.606485
7747,Calle del Lavadero Viejo,Casco Histórico de Vicálvaro,Vicálvaro,40.402285,-3.61051
7748,Calle del Matadero Viejo,Casco Histórico de Vicálvaro,Vicálvaro,40.401781,-3.606506
7749,Calle del Mercurio,Casco Histórico de Vicálvaro,Vicálvaro,40.405296,-3.605062
7750,Calle del Niño,Casco Histórico de Vicálvaro,Vicálvaro,40.401842,-3.603961
7751,Calle del Parador del Manchego,Casco Histórico de Vicálvaro,Vicálvaro,40.387896,-3.574832
7752,Calle del Paraíso,Casco Histórico de Vicálvaro,Vicálvaro,40.403997,-3.613685
7753,Calle del Parque Biológico,Casco Histórico de Vicálvaro,Vicálvaro,40.403408,-3.613594
7754,Calle del Pedernal,Casco Histórico de Vicálvaro,Vicálvaro,40.405739,-3.598621
7755,Calle del Prat,Casco Histórico de Vicálvaro,Vicálvaro,40.403567,-3.614
7756,Calle del Rastro,Casco Histórico de Vicálvaro,Vicálvaro,40.401557,-3.606115
7757,Calle del Rincón de la Solana,Casco Histórico de Vicálvaro,Vicálvaro,40.402081,-3.607903
7758,Calle del Sacrificio,Casco Histórico de Vicálvaro,Vicálvaro,40.406194,-3.604097
7759,Calle del Socorro,Casco Histórico de Vicálvaro,Vicálvaro,40.401857,-3.607156
7760,Calle del Vivero de la Pilarica,Casco Histórico de Vicálvaro,Vicálvaro,40.407694,-3.602393
7761,"Callejón de Eduardo García """"el Chata""""",Casco Histórico de Vicálvaro,Vicálvaro,40.403008,-3.604415
7762,Camino Viejo de Vicálvaro,Casco Histórico de Vicálvaro,Vicálvaro,40.404667,-3.613606
7763,Camino de Vicálvaro a San Fernando de Henares,Casco Histórico de Vicálvaro,Vicálvaro,40.410097,-3.582958
7764,Camino de la Barca O de la Casa de Tilly,Casco Histórico de Vicálvaro,Vicálvaro,40.395439,-3.577778
7765,Camino de la Fortuna,Casco Histórico de Vicálvaro,Vicálvaro,40.374292,-3.557828
7766,Camino de la Fuente de Arriba,Casco Histórico de Vicálvaro,Vicálvaro,40.403082,-3.61
7767,Camino del Espinillo,Casco Histórico de Vicálvaro,Vicálvaro,40.372828,-3.592264
7768,Camino del Santísimo,Casco Histórico de Vicálvaro,Vicálvaro,40.370494,-3.559006
7769,Carretera M-203,Casco Histórico de Vicálvaro,Vicálvaro,40.382953,-3.590722
7770,Carretera de Madrid a Rivas del Jarama,Casco Histórico de Vicálvaro,Vicálvaro,40.3801,-3.597383
7771,Carretera de Vicálvaro a Coslada,Casco Histórico de Vicálvaro,Vicálvaro,40.414936,-3.57999
7772,Carretera de Vicálvaro a la Estación de O'donnell,Casco Histórico de Vicálvaro,Vicálvaro,40.406656,-3.590069
7773,Glorieta Provisional el Espinillo Tres,Casco Histórico de Vicálvaro,Vicálvaro,40.383542,-3.590661
7774,Paseo de los Artilleros,Casco Histórico de Vicálvaro,Vicálvaro,40.407506,-3.609121
7775,Paseo del Polideportivo,Casco Histórico de Vicálvaro,Vicálvaro,40.409147,-3.603704
7776,Plaza de Alosno,Casco Histórico de Vicálvaro,Vicálvaro,40.405776,-3.616374
7777,Plaza de Ceres,Casco Histórico de Vicálvaro,Vicálvaro,40.407588,-3.601172
7778,Plaza de Don Antonio de Andrés,Casco Histórico de Vicálvaro,Vicálvaro,40.402261,-3.605585
7779,Plaza de Munilla,Casco Histórico de Vicálvaro,Vicálvaro,40.406908,-3.614458
7780,Plaza de la Juventud,Casco Histórico de Vicálvaro,Vicálvaro,40.409381,-3.605931
7781,Plaza de la Vicálvarada,Casco Histórico de Vicálvaro,Vicálvaro,40.409858,-3.610164
7782,Travesía de Ambroz,Casco Histórico de Vicálvaro,Vicálvaro,40.406683,-3.604472
7783,Travesía del Sacrificio,Casco Histórico de Vicálvaro,Vicálvaro,40.406565,-3.604081
7784,Avenida Provisional Gran Vía de Vicálvaro,El Cañaveral,Vicálvaro,40.396665,-3.556324
7785,Avenida de Blas de Lezo,El Cañaveral,Vicálvaro,40.407022,-3.552367
7786,Avenida de Miguel Delibes,El Cañaveral,Vicálvaro,40.405653,-3.561372
7787,Calle Provisional Cerro de la Herradura Dos,El Cañaveral,Vicálvaro,40.411312,-3.534746
7788,Calle Provisional Cerro de la Herradura Seis,El Cañaveral,Vicálvaro,40.410843,-3.529599
7789,Calle Provisional Cerro de la Herradura Siete,El Cañaveral,Vicálvaro,40.411914,-3.530792
7790,Calle Provisional Cerro de la Herradura Tres,El Cañaveral,Vicálvaro,40.410469,-3.530069
7791,Calle Provisional los Cerros Catorce,El Cañaveral,Vicálvaro,40.4006,-3.537447
7792,Calle Provisional los Cerros Cinco,El Cañaveral,Vicálvaro,40.397539,-3.535119
7793,Calle Provisional los Cerros Cuatro,El Cañaveral,Vicálvaro,40.401062,-3.539915
7794,Calle Provisional los Cerros Diecinueve,El Cañaveral,Vicálvaro,40.397864,-3.539656
7795,Calle Provisional los Cerros Dieciocho,El Cañaveral,Vicálvaro,40.403711,-3.531436
7796,Calle Provisional los Cerros Dieciséis,El Cañaveral,Vicálvaro,40.400633,-3.534711
7797,Calle Provisional los Cerros Diez,El Cañaveral,Vicálvaro,40.405196,-3.539343
7798,Calle Provisional los Cerros Doce,El Cañaveral,Vicálvaro,40.398756,-3.540814
7799,Calle Provisional los Cerros Dos,El Cañaveral,Vicálvaro,40.406828,-3.542711
7800,Calle Provisional los Cerros Nueve,El Cañaveral,Vicálvaro,40.404828,-3.541225
7801,Calle Provisional los Cerros Ocho,El Cañaveral,Vicálvaro,40.405396,-3.535614
7802,Calle Provisional los Cerros Once,El Cañaveral,Vicálvaro,40.403418,-3.537099
7803,Calle Provisional los Cerros Quince,El Cañaveral,Vicálvaro,40.3997,-3.533678
7804,Calle Provisional los Cerros Seis,El Cañaveral,Vicálvaro,40.402912,-3.535947
7805,Calle Provisional los Cerros Siete,El Cañaveral,Vicálvaro,40.400093,-3.537557
7806,Calle Provisional los Cerros Trece,El Cañaveral,Vicálvaro,40.398428,-3.539442
7807,Calle Provisional los Cerros Tres,El Cañaveral,Vicálvaro,40.404208,-3.539706
7808,Calle de Anna Frank,El Cañaveral,Vicálvaro,40.397878,-3.553503
7809,Calle de Antonio Maeso Joana,El Cañaveral,Vicálvaro,40.39766,-3.558942
7810,Calle de Bobby Deglané,El Cañaveral,Vicálvaro,40.399162,-3.562106
7811,Calle de Cerceda,El Cañaveral,Vicálvaro,40.410244,-3.579358
7812,Calle de Coco Chanel,El Cañaveral,Vicálvaro,40.398396,-3.560428
7813,Calle de Conchita Montenegro,El Cañaveral,Vicálvaro,40.399976,-3.563583
7814,Calle de Enrique Urquijo,El Cañaveral,Vicálvaro,40.400414,-3.559761
7815,Calle de Ferenc Puskás,El Cañaveral,Vicálvaro,40.398711,-3.546858
7816,Calle de Francisco Grande Covián,El Cañaveral,Vicálvaro,40.402238,-3.563101
7817,Calle de Gales,El Cañaveral,Vicálvaro,40.397067,-3.552678
7818,Calle de Imperio Argentina,El Cañaveral,Vicálvaro,40.404425,-3.562076
7819,Calle de José Escobar y Saliente,El Cañaveral,Vicálvaro,40.404264,-3.563786
7820,Calle de Juan Carreño de Miranda,El Cañaveral,Vicálvaro,40.397364,-3.558269
7821,Calle de Luis Ocaña,El Cañaveral,Vicálvaro,40.395714,-3.550242
7822,"Calle de Mario Moreno """"cantinflas""""",El Cañaveral,Vicálvaro,40.402911,-3.56165
7823,Calle de María Pita,El Cañaveral,Vicálvaro,40.397425,-3.554247
7824,Calle de Pilar Bellosillo,El Cañaveral,Vicálvaro,40.397944,-3.551956
7825,Calle de Pío del Río Hortega,El Cañaveral,Vicálvaro,40.39956,-3.556868
7826,Calle de Teodoro de Anasagasti y Algán,El Cañaveral,Vicálvaro,40.399878,-3.555764
7827,Calle de Torrejón de la Calzada,El Cañaveral,Vicálvaro,40.41036,-3.574596
7828,Calle de Uncastillo,El Cañaveral,Vicálvaro,40.406839,-3.571039
7829,Calle de Victoria Kent,El Cañaveral,Vicálvaro,40.398847,-3.559032
7830,Calle de Villa de Milagros,El Cañaveral,Vicálvaro,40.405726,-3.573886
7831,Calle de Villagonzalo Pedernales,El Cañaveral,Vicálvaro,40.405678,-3.576025
7832,Calle de la Armónica,El Cañaveral,Vicálvaro,40.395061,-3.550669
7833,Calle de la Batalla de Salamina,El Cañaveral,Vicálvaro,40.408711,-3.574219
7834,Calle de la Batalla de Tesalia,El Cañaveral,Vicálvaro,40.408801,-3.577385
7835,Calle de la Batalla de las Termópilas,El Cañaveral,Vicálvaro,40.406858,-3.576719
7836,Calle de la Casa de Tilly,El Cañaveral,Vicálvaro,40.401572,-3.545956
7837,Calle de la Cañada de Vicálvaro a San Fernando,El Cañaveral,Vicálvaro,40.408658,-3.555472
7838,Calle de la Charquilla,El Cañaveral,Vicálvaro,40.40035,-3.545822
7839,Calle de la Cuesta del Villorio,El Cañaveral,Vicálvaro,40.402803,-3.546006
7840,Calle de la Humildad,El Cañaveral,Vicálvaro,40.406083,-3.559329
7841,Calle de la Igualdad,El Cañaveral,Vicálvaro,40.407442,-3.555906
7842,Calle de la Ilusión,El Cañaveral,Vicálvaro,40.405053,-3.555461
7843,Calle de la Simpatía,El Cañaveral,Vicálvaro,40.403799,-3.554456
7844,Calle de la Tolerancia,El Cañaveral,Vicálvaro,40.406592,-3.55945
7845,Calle de la Vereda de la Cebolla,El Cañaveral,Vicálvaro,40.399622,-3.545874
7846,Calle de las Canteras de las Peñuelas,El Cañaveral,Vicálvaro,40.396672,-3.54755
7847,Calle de las Suertes de la Villa,El Cañaveral,Vicálvaro,40.405112,-3.548514
7848,Calle de los Canarios,El Cañaveral,Vicálvaro,40.407897,-3.557158
7849,Calle de los Milanos,El Cañaveral,Vicálvaro,40.408197,-3.558386
7850,Calle de los Tres Cantos,El Cañaveral,Vicálvaro,40.398931,-3.545803
7851,Calle de Ángel Martín Rodríguez,El Cañaveral,Vicálvaro,40.396221,-3.55556
7852,Calle del Alcalde Andrés Madrid Dávila,El Cañaveral,Vicálvaro,40.396586,-3.548467
7853,Calle del Alcalde Pedro Gutiérrez,El Cañaveral,Vicálvaro,40.399497,-3.545011
7854,Calle del Alto del Esparragal,El Cañaveral,Vicálvaro,40.39914,-3.563522
7855,Calle del Arpa,El Cañaveral,Vicálvaro,40.395011,-3.552278
7856,Calle del Arroyo del Cañaveral,El Cañaveral,Vicálvaro,40.398308,-3.559394
7857,Calle del Cerro de los Hombres,El Cañaveral,Vicálvaro,40.4085,-3.549672
7858,Calle del Cerro del Campo,El Cañaveral,Vicálvaro,40.405414,-3.549733
7859,Calle del Cerro del Monte,El Cañaveral,Vicálvaro,40.407008,-3.55006
7860,Calle del Cerro del Tesoro,El Cañaveral,Vicálvaro,40.406308,-3.548064
7861,Calle del Charco Alto,El Cañaveral,Vicálvaro,40.401992,-3.545029
7862,Calle del Charco Hondo,El Cañaveral,Vicálvaro,40.402117,-3.545897
7863,Calle del Cilantro,El Cañaveral,Vicálvaro,40.411393,-3.560797
7864,Calle del Concejal Victorino Granizo,El Cañaveral,Vicálvaro,40.401311,-3.562217
7865,Calle del Cortijillo,El Cañaveral,Vicálvaro,40.404733,-3.547629
7866,Calle del Diálogo,El Cañaveral,Vicálvaro,40.405922,-3.557353
7867,Calle del Erial de la Abuela,El Cañaveral,Vicálvaro,40.407989,-3.550517
7868,Calle del Jengibre,El Cañaveral,Vicálvaro,40.408376,-3.556371
7869,Calle del Marqués de Casa Tilly,El Cañaveral,Vicálvaro,40.404186,-3.547897
7870,Calle del Mayorazgo de Duarte,El Cañaveral,Vicálvaro,40.404989,-3.546908
7871,Calle del Padre Gregorio de Céspedes,El Cañaveral,Vicálvaro,40.398903,-3.556588
7872,Calle del Piano,El Cañaveral,Vicálvaro,40.395017,-3.551472
7873,Calle del Saxofón,El Cañaveral,Vicálvaro,40.395072,-3.549531
7874,Calle del Teleférico de las Canteras,El Cañaveral,Vicálvaro,40.396764,-3.545488
7875,Calle del Áloe Vera,El Cañaveral,Vicálvaro,40.408281,-3.554928
7876,Plaza de Vicus Alvar,El Cañaveral,Vicálvaro,40.40155,-3.552968
7877,Avenida de las Comunidades,Valdebernardo,Vicálvaro,40.39239,-3.613326
7878,Bulevar de Indalecio Prieto,Valdebernardo,Vicálvaro,40.399544,-3.622208
7879,Bulevar de José Prat,Valdebernardo,Vicálvaro,40.397583,-3.621936
7880,Calle de Ana Mariscal,Valdebernardo,Vicálvaro,40.394844,-3.622956
7881,Calle de Arquímedes,Valdebernardo,Vicálvaro,40.3961,-3.624275
7882,Calle de Copérnico,Valdebernardo,Vicálvaro,40.395415,-3.624136
7883,Calle de Cordel de Pavones,Valdebernardo,Vicálvaro,40.39955,-3.619333
7884,Calle de Estrellita Castro,Valdebernardo,Vicálvaro,40.3951,-3.624135
7885,Calle de la Bicicleta,Valdebernardo,Vicálvaro,40.403318,-3.621467
7886,Calle de la Isla de Hierro,Valdebernardo,Vicálvaro,40.395575,-3.622172
7887,Calle de la Ladera de los Almendros,Valdebernardo,Vicálvaro,40.401106,-3.623961
7888,Calle de la Raya,Valdebernardo,Vicálvaro,40.400961,-3.621717
7889,Calle de las Alpujarras,Valdebernardo,Vicálvaro,40.396471,-3.621782
7890,Calle de las Moras,Valdebernardo,Vicálvaro,40.397289,-3.624225
7891,Calle de los Faisanes,Valdebernardo,Vicálvaro,40.403169,-3.619132
7892,Calle de los Juglares,Valdebernardo,Vicálvaro,40.402611,-3.620964
7893,Calle de los Mocetes,Valdebernardo,Vicálvaro,40.397815,-3.620557
7894,Calle de los Peruchos,Valdebernardo,Vicálvaro,40.398543,-3.623585
7895,Calle de los Pinillas,Valdebernardo,Vicálvaro,40.398576,-3.621369
7896,Calle de los Poetas,Valdebernardo,Vicálvaro,40.396353,-3.622926
7897,Calle del Pergamino,Valdebernardo,Vicálvaro,40.394431,-3.623503
7898,Calle del Péndulo,Valdebernardo,Vicálvaro,40.394236,-3.624847
7899,Calle del Tren de Arganda,Valdebernardo,Vicálvaro,40.403429,-3.619831
7900,Plaza de Juan Benet,Valdebernardo,Vicálvaro,40.400364,-3.623424
7901,Plaza de Juan Carlos Onetti,Valdebernardo,Vicálvaro,40.401519,-3.618981
7902,Plaza de Juan Rof Carballo,Valdebernardo,Vicálvaro,40.399508,-3.619814
7903,Plaza de Rosa Chacel,Valdebernardo,Vicálvaro,40.402297,-3.622644
7904,Avenida de la Aurora Boreal,Valderrivas,Vicálvaro,40.399097,-3.602961
7905,Avenida de la Gran Vía del Este,Valderrivas,Vicálvaro,40.400864,-3.598364
7906,Calle de Minerva,Valderrivas,Vicálvaro,40.396711,-3.605579
7907,Calle de Omega,Valderrivas,Vicálvaro,40.400164,-3.601425
7908,Calle de Ynzengas,Valderrivas,Vicálvaro,40.398225,-3.603092
7909,Calle de la Caliza,Valderrivas,Vicálvaro,40.398136,-3.604314
7910,Calle de la Chimenea,Valderrivas,Vicálvaro,40.399758,-3.6033
7911,Calle de la Dehesa de Vicálvaro,Valderrivas,Vicálvaro,40.398597,-3.606926
7912,Calle de la Estación de la Ristra,Valderrivas,Vicálvaro,40.399958,-3.604692
7913,Calle de la Marmolina,Valderrivas,Vicálvaro,40.397422,-3.608353
7914,Calle de los Asteroides,Valderrivas,Vicálvaro,40.401853,-3.599072
7915,Calle del Campo de la Torre,Valderrivas,Vicálvaro,40.397186,-3.605408
7916,Calle del Molino Viejo,Valderrivas,Vicálvaro,40.396053,-3.607401
7917,Calle del Titanio,Valderrivas,Vicálvaro,40.401997,-3.601047
7918,Camino de los Cabestros,Valderrivas,Vicálvaro,40.402515,-3.601728
7919,Autovía A-3,Casco Histórico de Vallecas,Villa de Vallecas,40.371904,-3.593671
7920,Avenida Eje Central,Casco Histórico de Vallecas,Villa de Vallecas,40.365056,-3.653925
7921,Avenida de Arganzuela Mercamadrid,Casco Histórico de Vallecas,Villa de Vallecas,40.358019,-3.668358
7922,Avenida de Cartagena de Indias,Casco Histórico de Vallecas,Villa de Vallecas,40.365553,-3.641151
7923,Avenida de Legazpi Mercamadrid,Casco Histórico de Vallecas,Villa de Vallecas,40.361528,-3.659539
7924,Avenida de Madrid Mercamadrid,Casco Histórico de Vallecas,Villa de Vallecas,40.359022,-3.661569
7925,Avenida de Moratilla de los Meleros,Casco Histórico de Vallecas,Villa de Vallecas,40.369083,-3.638672
7926,Avenida de la Puerta de Toledo Mercamadrid,Casco Histórico de Vallecas,Villa de Vallecas,40.358271,-3.664506
7927,Avenida de la Villa de Vallecas,Casco Histórico de Vallecas,Villa de Vallecas,40.369694,-3.618369
7928,Avenida de la Villa de Vallecas Mercamadrid,Casco Histórico de Vallecas,Villa de Vallecas,40.365989,-3.658267
7929,Avenida del Mayorazgo,Casco Histórico de Vallecas,Villa de Vallecas,40.369796,-3.632126
7930,Calle Cinco Mercamadrid,Casco Histórico de Vallecas,Villa de Vallecas,40.358228,-3.671512
7931,Calle Cincuenta Mercamadrid,Casco Histórico de Vallecas,Villa de Vallecas,40.362247,-3.656183
7932,Calle Cincuenta y Dos Mercamadrid,Casco Histórico de Vallecas,Villa de Vallecas,40.363438,-3.656669
7933,Calle Cuarenta Mercamadrid,Casco Histórico de Vallecas,Villa de Vallecas,40.359939,-3.661125
7934,Calle Cuarenta y Cinco Mercamadrid,Casco Histórico de Vallecas,Villa de Vallecas,40.360328,-3.656875
7935,Calle Cuarenta y Cuatro Mercamadrid,Casco Histórico de Vallecas,Villa de Vallecas,40.362517,-3.660867
7936,Calle Cuarenta y Dos Mercamadrid,Casco Histórico de Vallecas,Villa de Vallecas,40.360971,-3.660612
7937,Calle Cuarenta y Nueve Mercamadrid,Casco Histórico de Vallecas,Villa de Vallecas,40.359176,-3.656338
7938,Calle Cuarenta y Ocho Mercamadrid,Casco Histórico de Vallecas,Villa de Vallecas,40.362542,-3.658011
7939,Calle Cuarenta y Seis Mercamadrid,Casco Histórico de Vallecas,Villa de Vallecas,40.362025,-3.658857
7940,Calle Cuarenta y Siete Mercamadrid,Casco Histórico de Vallecas,Villa de Vallecas,40.359344,-3.656858
7941,Calle Cuarenta y Tres Mercamadrid,Casco Histórico de Vallecas,Villa de Vallecas,40.363294,-3.660861
7942,Calle Cuarenta y Uno Mercamadrid,Casco Histórico de Vallecas,Villa de Vallecas,40.363461,-3.662656
7943,Calle Cuatro Mercamadrid,Casco Histórico de Vallecas,Villa de Vallecas,40.357947,-3.671183
7944,Calle Diez Mercamadrid,Casco Histórico de Vallecas,Villa de Vallecas,40.355653,-3.666294
7945,Calle Dos Mercamadrid,Casco Histórico de Vallecas,Villa de Vallecas,40.357207,-3.672237
7946,Calle Eje 1,Casco Histórico de Vallecas,Villa de Vallecas,40.366378,-3.65325
7947,Calle Eje 2,Casco Histórico de Vallecas,Villa de Vallecas,40.364171,-3.652986
7948,Calle Eje 5,Casco Histórico de Vallecas,Villa de Vallecas,40.362281,-3.653921
7949,Calle Eje 6,Casco Histórico de Vallecas,Villa de Vallecas,40.362803,-3.652894
7950,Calle Eje 7,Casco Histórico de Vallecas,Villa de Vallecas,40.364214,-3.652621
7951,Calle Eje 8,Casco Histórico de Vallecas,Villa de Vallecas,40.363461,-3.651217
7952,Calle Eje 9,Casco Histórico de Vallecas,Villa de Vallecas,40.364897,-3.650936
7953,Calle Nueve Mercamadrid,Casco Histórico de Vallecas,Villa de Vallecas,40.356874,-3.669383
7954,Calle Ocho Mercamadrid,Casco Histórico de Vallecas,Villa de Vallecas,40.355478,-3.667578
7955,Calle Once Mercamadrid,Casco Histórico de Vallecas,Villa de Vallecas,40.355711,-3.669111
7956,Calle Real de Arganda,Casco Histórico de Vallecas,Villa de Vallecas,40.379496,-3.618004
7957,Calle Seis Mercamadrid,Casco Histórico de Vallecas,Villa de Vallecas,40.356322,-3.669897
7958,Calle Siete Mercamadrid,Casco Histórico de Vallecas,Villa de Vallecas,40.357783,-3.671321
7959,Calle Trece Mercamadrid,Casco Histórico de Vallecas,Villa de Vallecas,40.3551,-3.666667
7960,Calle Tres Mercamadrid,Casco Histórico de Vallecas,Villa de Vallecas,40.358889,-3.671444
7961,Calle Uno Mercamadrid,Casco Histórico de Vallecas,Villa de Vallecas,40.360382,-3.671333
7962,Calle Veinte Mercamadrid,Casco Histórico de Vallecas,Villa de Vallecas,40.356988,-3.665346
7963,Calle Veinticinco Mercamadrid,Casco Histórico de Vallecas,Villa de Vallecas,40.359557,-3.665054
7964,Calle Veinticuatro Mercamadrid,Casco Histórico de Vallecas,Villa de Vallecas,40.359212,-3.664678
7965,Calle Veintidós Mercamadrid,Casco Histórico de Vallecas,Villa de Vallecas,40.358339,-3.666067
7966,Calle Veintinueve Mercamadrid,Casco Histórico de Vallecas,Villa de Vallecas,40.355722,-3.664442
7967,Calle Veintisiete Mercamadrid,Casco Histórico de Vallecas,Villa de Vallecas,40.357403,-3.662443
7968,Calle Veintitrés Mercamadrid,Casco Histórico de Vallecas,Villa de Vallecas,40.360894,-3.664806
7969,Calle Veintiuno Mercamadrid,Casco Histórico de Vallecas,Villa de Vallecas,40.361431,-3.666522
7970,Calle de Alberto Marcos,Casco Histórico de Vallecas,Villa de Vallecas,40.374842,-3.621861
7971,Calle de Amalia Marcos,Casco Histórico de Vallecas,Villa de Vallecas,40.375072,-3.621211
7972,Calle de Arturo Marcos,Casco Histórico de Vallecas,Villa de Vallecas,40.375024,-3.621601
7973,Calle de Babilafuente,Casco Histórico de Vallecas,Villa de Vallecas,40.372169,-3.623606
7974,Calle de Bubierca,Casco Histórico de Vallecas,Villa de Vallecas,40.375064,-3.618989
7975,Calle de Caranavajos,Casco Histórico de Vallecas,Villa de Vallecas,40.371692,-3.623286
7976,Calle de Casas de Miravete,Casco Histórico de Vallecas,Villa de Vallecas,40.374153,-3.642531
7977,Calle de Castejón de Henares,Casco Histórico de Vallecas,Villa de Vallecas,40.373431,-3.632725
7978,Calle de Colmenar Viejo,Casco Histórico de Vallecas,Villa de Vallecas,40.375546,-3.622312
7979,Calle de Culla,Casco Histórico de Vallecas,Villa de Vallecas,40.369844,-3.619072
7980,Calle de Esperanza García,Casco Histórico de Vallecas,Villa de Vallecas,40.373289,-3.620192
7981,Calle de Eulogio Pedrero,Casco Histórico de Vallecas,Villa de Vallecas,40.372617,-3.620503
7982,Calle de Felipe Álvarez,Casco Histórico de Vallecas,Villa de Vallecas,40.382131,-3.622961
7983,Calle de Francisco Fatou,Casco Histórico de Vallecas,Villa de Vallecas,40.381464,-3.621033
7984,Calle de Francisco de la Fuente,Casco Histórico de Vallecas,Villa de Vallecas,40.37505,-3.622636
7985,Calle de Francisco Álvarez,Casco Histórico de Vallecas,Villa de Vallecas,40.351839,-3.571661
7986,Calle de Fuentidueña,Casco Histórico de Vallecas,Villa de Vallecas,40.372808,-3.622243
7987,Calle de González Dávila,Casco Histórico de Vallecas,Villa de Vallecas,40.376133,-3.638932
7988,Calle de Guadalcanal,Casco Histórico de Vallecas,Villa de Vallecas,40.369617,-3.643081
7989,Calle de Gutiérrez y Michel,Casco Histórico de Vallecas,Villa de Vallecas,40.379081,-3.629147
7990,Calle de Javier de Burgos,Casco Histórico de Vallecas,Villa de Vallecas,40.380633,-3.622261
7991,Calle de Jesús del Pino,Casco Histórico de Vallecas,Villa de Vallecas,40.381086,-3.622358
7992,Calle de Josefina García,Casco Histórico de Vallecas,Villa de Vallecas,40.375411,-3.6226
7993,Calle de Juan de la Fuente,Casco Histórico de Vallecas,Villa de Vallecas,40.375117,-3.620767
7994,Calle de Justina de la Fuente,Casco Histórico de Vallecas,Villa de Vallecas,40.375415,-3.621114
7995,Calle de Luis I,Casco Histórico de Vallecas,Villa de Vallecas,40.375197,-3.648856
7996,Calle de Luis de la Fuente,Casco Histórico de Vallecas,Villa de Vallecas,40.375181,-3.622411
7997,Calle de Lumbrales,Casco Histórico de Vallecas,Villa de Vallecas,40.3692,-3.623032
7998,Calle de Malpica de Tajo,Casco Histórico de Vallecas,Villa de Vallecas,40.371094,-3.622414
7999,Calle de Manuel Cano,Casco Histórico de Vallecas,Villa de Vallecas,40.380292,-3.623933
8000,Calle de Manuel Pavía,Casco Histórico de Vallecas,Villa de Vallecas,40.381518,-3.622383
8001,Calle de Manuel Vélez,Casco Histórico de Vallecas,Villa de Vallecas,40.379576,-3.622944
8002,Calle de María Pérez Medel,Casco Histórico de Vallecas,Villa de Vallecas,40.379006,-3.615597
8003,Calle de Matillas,Casco Histórico de Vallecas,Villa de Vallecas,40.370828,-3.623879
8004,Calle de Milmarcos,Casco Histórico de Vallecas,Villa de Vallecas,40.375486,-3.619564
8005,Calle de Moraleja de Coca,Casco Histórico de Vallecas,Villa de Vallecas,40.371606,-3.623492
8006,Calle de Morata de Tajuña,Casco Histórico de Vallecas,Villa de Vallecas,40.367064,-3.638786
8007,Calle de Muiños,Casco Histórico de Vallecas,Villa de Vallecas,40.368858,-3.642475
8008,Calle de Nuestra Señora de la Torre,Casco Histórico de Vallecas,Villa de Vallecas,40.380176,-3.62446
8009,Calle de Palazuelos,Casco Histórico de Vallecas,Villa de Vallecas,40.370703,-3.623217
8010,Calle de Palestina,Casco Histórico de Vallecas,Villa de Vallecas,40.380614,-3.628494
8011,Calle de Pedrafita Do Cebreiro,Casco Histórico de Vallecas,Villa de Vallecas,40.366631,-3.637779
8012,Calle de Pedrosa del Príncipe,Casco Histórico de Vallecas,Villa de Vallecas,40.370065,-3.618574
8013,Calle de Perales del Río,Casco Histórico de Vallecas,Villa de Vallecas,40.365682,-3.636342
8014,Calle de San Jaime,Casco Histórico de Vallecas,Villa de Vallecas,40.379061,-3.627978
8015,Calle de San Juan de la Peña,Casco Histórico de Vallecas,Villa de Vallecas,40.381654,-3.621933
8016,Calle de Santa María Salomé,Casco Histórico de Vallecas,Villa de Vallecas,40.379808,-3.625597
8017,Calle de Soutelo de Montes,Casco Histórico de Vallecas,Villa de Vallecas,40.364775,-3.635158
8018,Calle de Tiedra,Casco Histórico de Vallecas,Villa de Vallecas,40.376086,-3.623594
8019,Calle de Timoteo Martín,Casco Histórico de Vallecas,Villa de Vallecas,40.375585,-3.62089
8020,Calle de Torre de Don Miguel,Casco Histórico de Vallecas,Villa de Vallecas,40.373172,-3.645269
8021,Calle de Torre de Juan Abad,Casco Histórico de Vallecas,Villa de Vallecas,40.37055,-3.61685
8022,Calle de Valdesaz,Casco Histórico de Vallecas,Villa de Vallecas,40.370367,-3.622849
8023,Calle de Villacampa,Casco Histórico de Vallecas,Villa de Vallecas,40.379828,-3.62324
8024,Calle de Villacañas,Casco Histórico de Vallecas,Villa de Vallecas,40.370088,-3.6197
8025,Calle de Villalba de la Sierra,Casco Histórico de Vallecas,Villa de Vallecas,40.370854,-3.616036
8026,Calle de Villalcón,Casco Histórico de Vallecas,Villa de Vallecas,40.370062,-3.636061
8027,Calle de Villar del Pozo,Casco Histórico de Vallecas,Villa de Vallecas,40.371003,-3.61695
8028,Calle de Villarino de los Aires,Casco Histórico de Vallecas,Villa de Vallecas,40.375408,-3.624456
8029,Calle de el Real de San Vicente,Casco Histórico de Vallecas,Villa de Vallecas,40.371346,-3.637011
8030,Calle de el Sitio de Baler,Casco Histórico de Vallecas,Villa de Vallecas,40.373594,-3.634465
8031,Calle de la Cabaña,Casco Histórico de Vallecas,Villa de Vallecas,40.369382,-3.622354
8032,Calle de la Carrasca,Casco Histórico de Vallecas,Villa de Vallecas,40.36975,-3.622794
8033,Calle de la Gavia Seca,Casco Histórico de Vallecas,Villa de Vallecas,40.379369,-3.619467
8034,Calle de la Huelga,Casco Histórico de Vallecas,Villa de Vallecas,40.37006,-3.622799
8035,Calle de la Isla de Guam,Casco Histórico de Vallecas,Villa de Vallecas,40.368432,-3.636872
8036,Calle de la Isla de Luzón,Casco Histórico de Vallecas,Villa de Vallecas,40.369131,-3.640794
8037,Calle de la Mata del Agua,Casco Histórico de Vallecas,Villa de Vallecas,40.369692,-3.622586
8038,Calle de la Muela de San Juan,Casco Histórico de Vallecas,Villa de Vallecas,40.37425,-3.618228
8039,Calle de la Peña Ambote,Casco Histórico de Vallecas,Villa de Vallecas,40.375939,-3.622367
8040,Calle de la Peña Cavero,Casco Histórico de Vallecas,Villa de Vallecas,40.373283,-3.621889
8041,Calle de la Peña Cerredo,Casco Histórico de Vallecas,Villa de Vallecas,40.376889,-3.623062
8042,Calle de la Peña Cervera,Casco Histórico de Vallecas,Villa de Vallecas,40.370456,-3.619343
8043,Calle de la Peña Nevada,Casco Histórico de Vallecas,Villa de Vallecas,40.370724,-3.621083
8044,Calle de la Peña Nueva,Casco Histórico de Vallecas,Villa de Vallecas,40.372728,-3.620683
8045,Calle de la Peña Oville,Casco Histórico de Vallecas,Villa de Vallecas,40.374114,-3.620478
8046,Calle de la Peña Rivera,Casco Histórico de Vallecas,Villa de Vallecas,40.373725,-3.621344
8047,Calle de la Peña Sorrapia,Casco Histórico de Vallecas,Villa de Vallecas,40.372218,-3.621181
8048,Calle de la Peña Veiga,Casco Histórico de Vallecas,Villa de Vallecas,40.377314,-3.623135
8049,Calle de la Peña de Oroel,Casco Histórico de Vallecas,Villa de Vallecas,40.376978,-3.622278
8050,Calle de la Peña de Vargas,Casco Histórico de Vallecas,Villa de Vallecas,40.374325,-3.621621
8051,Calle de la Revoltosa,Casco Histórico de Vallecas,Villa de Vallecas,40.375222,-3.621097
8052,Calle de la Serranía de Ronda,Casco Histórico de Vallecas,Villa de Vallecas,40.379997,-3.620306
8053,Calle de la Sierra Aitana,Casco Histórico de Vallecas,Villa de Vallecas,40.374393,-3.619331
8054,Calle de la Sierra Alta,Casco Histórico de Vallecas,Villa de Vallecas,40.380792,-3.623508
8055,Calle de la Sierra Engarcerán,Casco Histórico de Vallecas,Villa de Vallecas,40.376258,-3.624017
8056,Calle de la Sierra Espuña,Casco Histórico de Vallecas,Villa de Vallecas,40.375936,-3.622358
8057,Calle de la Sierra Gorda,Casco Histórico de Vallecas,Villa de Vallecas,40.380456,-3.618939
8058,Calle de la Sierra Gádor,Casco Histórico de Vallecas,Villa de Vallecas,40.380656,-3.624114
8059,Calle de la Sierra Montilla,Casco Histórico de Vallecas,Villa de Vallecas,40.373003,-3.620203
8060,Calle de la Sierra Morena,Casco Histórico de Vallecas,Villa de Vallecas,40.3793,-3.624658
8061,Calle de la Sierra Vieja,Casco Histórico de Vallecas,Villa de Vallecas,40.378156,-3.624542
8062,Calle de la Sierra de Arla,Casco Histórico de Vallecas,Villa de Vallecas,40.370989,-3.619544
8063,Calle de la Sierra de Bobia,Casco Histórico de Vallecas,Villa de Vallecas,40.371431,-3.622622
8064,Calle de la Sierra de Encinares,Casco Histórico de Vallecas,Villa de Vallecas,40.381178,-3.620506
8065,Calle de la Sierra de Gor,Casco Histórico de Vallecas,Villa de Vallecas,40.379008,-3.617811
8066,Calle de la Sierra de Gredos,Casco Histórico de Vallecas,Villa de Vallecas,40.379433,-3.626022
8067,Calle de la Sierra de Guadalupe,Casco Histórico de Vallecas,Villa de Vallecas,40.381156,-3.623219
8068,Calle de la Sierra de Mira,Casco Histórico de Vallecas,Villa de Vallecas,40.373211,-3.618856
8069,Calle de la Sierra de Palomeras,Casco Histórico de Vallecas,Villa de Vallecas,40.376583,-3.62434
8070,Calle de la Sierra de Queija,Casco Histórico de Vallecas,Villa de Vallecas,40.376642,-3.622367
8071,Calle de la Sierra de Sabiñar,Casco Histórico de Vallecas,Villa de Vallecas,40.373675,-3.618736
8072,Calle de la Sierra de Tornavacas,Casco Histórico de Vallecas,Villa de Vallecas,40.378039,-3.62765
8073,Calle de la Sierra de Tortejada,Casco Histórico de Vallecas,Villa de Vallecas,40.371814,-3.617683
8074,Calle de la Sierra de la Demanda,Casco Histórico de Vallecas,Villa de Vallecas,40.367392,-3.639383
8075,Calle de la Sierra de los Santos,Casco Histórico de Vallecas,Villa de Vallecas,40.373593,-3.620521
8076,Calle de la Sierra del Brezo,Casco Histórico de Vallecas,Villa de Vallecas,40.372036,-3.620231
8077,Calle de la Sierra del Torcal,Casco Histórico de Vallecas,Villa de Vallecas,40.379268,-3.617371
8078,Calle de la Virgen de los Remedios,Casco Histórico de Vallecas,Villa de Vallecas,40.374972,-3.622861
8079,Calle de las Eras Altas,Casco Histórico de Vallecas,Villa de Vallecas,40.381056,-3.621289
8080,Calle de las Islas Visayas,Casco Histórico de Vallecas,Villa de Vallecas,40.367156,-3.643017
8081,Calle de las Peñas Largas,Casco Histórico de Vallecas,Villa de Vallecas,40.3734,-3.621301
8082,Calle de las Peñas del Castillo,Casco Histórico de Vallecas,Villa de Vallecas,40.374282,-3.622647
8083,Calle de las Víctimas del Terrorismo,Casco Histórico de Vallecas,Villa de Vallecas,40.381092,-3.628007
8084,Calle de los Altos de Lillo,Casco Histórico de Vallecas,Villa de Vallecas,40.374451,-3.61866
8085,Calle de los Altos de Saceruela,Casco Histórico de Vallecas,Villa de Vallecas,40.378953,-3.623372
8086,Calle de los Montes Alberes,Casco Histórico de Vallecas,Villa de Vallecas,40.373985,-3.619021
8087,Calle de los Montes de Barbanza,Casco Histórico de Vallecas,Villa de Vallecas,40.377279,-3.619162
8088,Calle de los Montes de Toledo,Casco Histórico de Vallecas,Villa de Vallecas,40.378854,-3.620235
8089,Calle de los Picos de Urbión,Casco Histórico de Vallecas,Villa de Vallecas,40.381065,-3.624128
8090,Calle del Archivo,Casco Histórico de Vallecas,Villa de Vallecas,40.380964,-3.619994
8091,Calle del Cerro del Carrasco,Casco Histórico de Vallecas,Villa de Vallecas,40.377883,-3.621561
8092,Calle del Congosto,Casco Histórico de Vallecas,Villa de Vallecas,40.372675,-3.61915
8093,Calle del Gamonal,Casco Histórico de Vallecas,Villa de Vallecas,40.373607,-3.641246
8094,Calle del Monte Aya,Casco Histórico de Vallecas,Villa de Vallecas,40.377444,-3.622064
8095,Calle del Monte Santo,Casco Histórico de Vallecas,Villa de Vallecas,40.376758,-3.623669
8096,Calle del Muelle,Casco Histórico de Vallecas,Villa de Vallecas,40.379947,-3.630146
8097,Calle del Paso de Villamanrique,Casco Histórico de Vallecas,Villa de Vallecas,40.377764,-3.622992
8098,Calle del Pico Beriaín,Casco Histórico de Vallecas,Villa de Vallecas,40.37924,-3.625128
8099,Calle del Pico Chilegua,Casco Histórico de Vallecas,Villa de Vallecas,40.372986,-3.618458
8100,Calle del Pico Espigüete,Casco Histórico de Vallecas,Villa de Vallecas,40.380783,-3.622612
8101,Calle del Pico Mampodre,Casco Histórico de Vallecas,Villa de Vallecas,40.377449,-3.621275
8102,Calle del Pico de Montánchez,Casco Histórico de Vallecas,Villa de Vallecas,40.378225,-3.620414
8103,Calle del Pico de la Brújula,Casco Histórico de Vallecas,Villa de Vallecas,40.376567,-3.622067
8104,Calle del Pico de la Cierva,Casco Histórico de Vallecas,Villa de Vallecas,40.378989,-3.618522
8105,Calle del Puerto de Alazores,Casco Histórico de Vallecas,Villa de Vallecas,40.378753,-3.625782
8106,Calle del Puerto de Benasque,Casco Histórico de Vallecas,Villa de Vallecas,40.377621,-3.623307
8107,Calle del Puerto de Galapagar,Casco Histórico de Vallecas,Villa de Vallecas,40.372586,-3.618267
8108,Calle del Puerto de Idiazábal,Casco Histórico de Vallecas,Villa de Vallecas,40.381957,-3.622562
8109,Calle del Puerto de Lumbreras,Casco Histórico de Vallecas,Villa de Vallecas,40.381492,-3.619778
8110,Calle del Puerto de Porzuna,Casco Histórico de Vallecas,Villa de Vallecas,40.375028,-3.622092
8111,Calle del Puerto de Pozazal,Casco Histórico de Vallecas,Villa de Vallecas,40.379458,-3.631028
8112,Calle del Puerto de Reinosa,Casco Histórico de Vallecas,Villa de Vallecas,40.378699,-3.616562
8113,Calle del Puerto de Somosierra,Casco Histórico de Vallecas,Villa de Vallecas,40.378365,-3.62234
8114,Calle del Puerto de Used,Casco Histórico de Vallecas,Villa de Vallecas,40.378854,-3.630093
8115,Calle del Puerto de las Pilas,Casco Histórico de Vallecas,Villa de Vallecas,40.378489,-3.626197
8116,Calle del Puerto del Bruch,Casco Histórico de Vallecas,Villa de Vallecas,40.381917,-3.618364
8117,Calle del Puerto del Escudo,Casco Histórico de Vallecas,Villa de Vallecas,40.380114,-3.623953
8118,Calle del Rio Cuervo,Casco Histórico de Vallecas,Villa de Vallecas,40.363447,-3.641188
8119,Calle del Tranvía a las Canteras de Monte Viejo,Casco Histórico de Vallecas,Villa de Vallecas,40.377911,-3.636933
8120,Camino Viejo a la Cantera de la Inmaculada,Casco Histórico de Vallecas,Villa de Vallecas,40.360767,-3.576661
8121,Camino Viejo de Vallecas a Vaciamadrid,Casco Histórico de Vallecas,Villa de Vallecas,40.356589,-3.577319
8122,Camino Viejo de la Casa de Eulogio,Casco Histórico de Vallecas,Villa de Vallecas,40.342381,-3.577569
8123,Camino a la Yesería la Valenciana,Casco Histórico de Vallecas,Villa de Vallecas,40.350694,-3.566867
8124,Camino de Salmedina,Casco Histórico de Vallecas,Villa de Vallecas,40.337082,-3.605046
8125,Camino de Santa María,Casco Histórico de Vallecas,Villa de Vallecas,40.355246,-3.644696
8126,Camino de Valdecarros,Casco Histórico de Vallecas,Villa de Vallecas,40.348638,-3.621779
8127,Camino de Vallecas a Perales del Río,Casco Histórico de Vallecas,Villa de Vallecas,40.347875,-3.636183
8128,Camino de la Cañada de las Canteras,Casco Histórico de Vallecas,Villa de Vallecas,40.350889,-3.577231
8129,Camino de la China a Vallecas,Casco Histórico de Vallecas,Villa de Vallecas,40.364428,-3.647664
8130,Camino de la Leña,Casco Histórico de Vallecas,Villa de Vallecas,40.353319,-3.569593
8131,Camino de la Magdalena,Casco Histórico de Vallecas,Villa de Vallecas,40.352389,-3.653274
8132,Camino de la Ribera,Casco Histórico de Vallecas,Villa de Vallecas,40.355644,-3.623836
8133,Camino de la Suerte,Casco Histórico de Vallecas,Villa de Vallecas,40.375899,-3.61855
8134,Camino de la Torrecilla,Casco Histórico de Vallecas,Villa de Vallecas,40.328444,-3.615506
8135,Camino de las Dehesas,Casco Histórico de Vallecas,Villa de Vallecas,40.333031,-3.596758
8136,Camino de las Hormigueras,Casco Histórico de Vallecas,Villa de Vallecas,40.375922,-3.638183
8137,Camino de los Aceiteros,Casco Histórico de Vallecas,Villa de Vallecas,40.320442,-3.619465
8138,Camino de los Pilones,Casco Histórico de Vallecas,Villa de Vallecas,40.344036,-3.614453
8139,Camino de los Talleres,Casco Histórico de Vallecas,Villa de Vallecas,40.380539,-3.627114
8140,Camino de los Tomateros,Casco Histórico de Vallecas,Villa de Vallecas,40.348824,-3.661807
8141,Camino de los Yeseros,Casco Histórico de Vallecas,Villa de Vallecas,40.357744,-3.648022
8142,Camino del Charco del Sombrero,Casco Histórico de Vallecas,Villa de Vallecas,40.339436,-3.625628
8143,Camino del Congosto,Casco Histórico de Vallecas,Villa de Vallecas,40.338147,-3.592785
8144,Camino del Malecón,Casco Histórico de Vallecas,Villa de Vallecas,40.351368,-3.668625
8145,Camino del Pozo del Tío Raimundo,Casco Histórico de Vallecas,Villa de Vallecas,40.371964,-3.648274
8146,Camino del Vertedero de la China,Casco Histórico de Vallecas,Villa de Vallecas,40.351911,-3.664928
8147,Carretera M-31,Casco Histórico de Vallecas,Villa de Vallecas,40.368911,-3.650283
8148,Carretera de Valdemingómez,Casco Histórico de Vallecas,Villa de Vallecas,40.339103,-3.579761
8149,Carretera de Villaverde a Vallecas,Casco Histórico de Vallecas,Villa de Vallecas,40.369075,-3.648333
8150,Pasaje del Congosto,Casco Histórico de Vallecas,Villa de Vallecas,40.372278,-3.617851
8151,Paseo de Federico García Lorca,Casco Histórico de Vallecas,Villa de Vallecas,40.378119,-3.621211
8152,Plaza de Juan de Malasaña,Casco Histórico de Vallecas,Villa de Vallecas,40.380228,-3.621211
8153,Plaza de San Jaime,Casco Histórico de Vallecas,Villa de Vallecas,40.380814,-3.625381
8154,Plaza de la Sierra Ayllón,Casco Histórico de Vallecas,Villa de Vallecas,40.378456,-3.623219
8155,Plaza de la Sierra Gistral,Casco Histórico de Vallecas,Villa de Vallecas,40.376686,-3.621857
8156,Plaza de la Sierra de Caurel,Casco Histórico de Vallecas,Villa de Vallecas,40.376225,-3.621297
8157,Plaza de la Sierra de Grazalema,Casco Histórico de Vallecas,Villa de Vallecas,40.373396,-3.618392
8158,Plaza de la Sierra de Mágina,Casco Histórico de Vallecas,Villa de Vallecas,40.376247,-3.622439
8159,Plaza del Puerto de Ibañeta,Casco Histórico de Vallecas,Villa de Vallecas,40.375872,-3.621764
8160,Travesía de Amalia Marcos,Casco Histórico de Vallecas,Villa de Vallecas,40.375568,-3.622104
8161,Travesía de la Gavia,Casco Histórico de Vallecas,Villa de Vallecas,40.381372,-3.622558
8162,Travesía de la Gavia Seca,Casco Histórico de Vallecas,Villa de Vallecas,40.378261,-3.619247
8163,Travesía de la Sierra de Guadalupe,Casco Histórico de Vallecas,Villa de Vallecas,40.381571,-3.625571
8164,Travesía del Puerto de Reinosa,Casco Histórico de Vallecas,Villa de Vallecas,40.378825,-3.615528
8165,Travesía del Puerto de las Pilas,Casco Histórico de Vallecas,Villa de Vallecas,40.378118,-3.626108
8166,Avenida de Salmedina,Ensanche de Vallecas,Villa de Vallecas,40.360394,-3.601403
8167,Avenida de Valdeculebras,Ensanche de Vallecas,Villa de Vallecas,40.357794,-3.586367
8168,Avenida de la Gavia,Ensanche de Vallecas,Villa de Vallecas,40.370053,-3.613711
8169,Avenida de la Gran Vía del Sureste,Ensanche de Vallecas,Villa de Vallecas,40.360867,-3.591678
8170,Avenida de las Suertes,Ensanche de Vallecas,Villa de Vallecas,40.366667,-3.597731
8171,Avenida del Cerro Milano,Ensanche de Vallecas,Villa de Vallecas,40.359314,-3.587162
8172,Avenida del Ensanche de Vallecas,Ensanche de Vallecas,Villa de Vallecas,40.364147,-3.601206
8173,Bulevar de la Naturaleza,Ensanche de Vallecas,Villa de Vallecas,40.372331,-3.629867
8174,Calle de Adolfo Bioy Casares,Ensanche de Vallecas,Villa de Vallecas,40.367372,-3.597232
8175,Calle de Adolfo Marsillach,Ensanche de Vallecas,Villa de Vallecas,40.36241,-3.592447
8176,Calle de Alameda del Valle,Ensanche de Vallecas,Villa de Vallecas,40.365606,-3.619856
8177,Calle de Alejandro Humbolt,Ensanche de Vallecas,Villa de Vallecas,40.362658,-3.5939
8178,Calle de Almonte,Ensanche de Vallecas,Villa de Vallecas,40.37301,-3.629478
8179,Calle de Antonio Gades,Ensanche de Vallecas,Villa de Vallecas,40.359157,-3.598992
8180,Calle de Batres,Ensanche de Vallecas,Villa de Vallecas,40.367061,-3.6214
8181,Calle de Baños de Valdearados,Ensanche de Vallecas,Villa de Vallecas,40.368107,-3.610954
8182,Calle de Bernardino de Pantorba,Ensanche de Vallecas,Villa de Vallecas,40.365343,-3.600375
8183,Calle de Cabeza Mesada,Ensanche de Vallecas,Villa de Vallecas,40.375311,-3.627611
8184,Calle de Canencia de la Sierra,Ensanche de Vallecas,Villa de Vallecas,40.366836,-3.619017
8185,Calle de Cincovillas,Ensanche de Vallecas,Villa de Vallecas,40.368233,-3.624294
8186,Calle de Corral de Almaguer,Ensanche de Vallecas,Villa de Vallecas,40.37214,-3.608432
8187,Calle de Eduardo Chillida,Ensanche de Vallecas,Villa de Vallecas,40.358789,-3.5869
8188,Calle de Entrepeñas,Ensanche de Vallecas,Villa de Vallecas,40.369974,-3.608097
8189,Calle de Estremera,Ensanche de Vallecas,Villa de Vallecas,40.366683,-3.617778
8190,Calle de Fernando Chueca Goitia,Ensanche de Vallecas,Villa de Vallecas,40.3647,-3.591322
8191,Calle de Fresno de Cantespino,Ensanche de Vallecas,Villa de Vallecas,40.374889,-3.606478
8192,Calle de Frida Kahlo,Ensanche de Vallecas,Villa de Vallecas,40.365839,-3.591453
8193,Calle de Honrubia,Ensanche de Vallecas,Villa de Vallecas,40.370917,-3.630811
8194,Calle de José Antonio Rebolledo y Palma,Ensanche de Vallecas,Villa de Vallecas,40.366194,-3.5888
8195,Calle de José Gutiérrez Maroto,Ensanche de Vallecas,Villa de Vallecas,40.36495,-3.603722
8196,Calle de José Tamayo,Ensanche de Vallecas,Villa de Vallecas,40.366642,-3.600539
8197,Calle de Juan Antonio Bardem,Ensanche de Vallecas,Villa de Vallecas,40.367901,-3.594726
8198,Calle de Martín Muñoz de las Posadas,Ensanche de Vallecas,Villa de Vallecas,40.375489,-3.626264
8199,Calle de María Teresa León,Ensanche de Vallecas,Villa de Vallecas,40.363253,-3.595883
8200,Calle de Mazaterón,Ensanche de Vallecas,Villa de Vallecas,40.376964,-3.609069
8201,Calle de Moratilla de Henares,Ensanche de Vallecas,Villa de Vallecas,40.372922,-3.606786
8202,Calle de Navamures,Ensanche de Vallecas,Villa de Vallecas,40.372853,-3.626228
8203,Calle de Peñaranda de Bracamonte,Ensanche de Vallecas,Villa de Vallecas,40.371189,-3.608131
8204,Calle de Pilar de Madariaga Rojo,Ensanche de Vallecas,Villa de Vallecas,40.365125,-3.589381
8205,Calle de Puentedey,Ensanche de Vallecas,Villa de Vallecas,40.367908,-3.612547
8206,Calle de Quijorna,Ensanche de Vallecas,Villa de Vallecas,40.367429,-3.623629
8207,Calle de Rafael de León,Ensanche de Vallecas,Villa de Vallecas,40.36599,-3.600313
8208,Calle de Rozas de Puerto Real,Ensanche de Vallecas,Villa de Vallecas,40.376375,-3.627617
8209,Calle de Saucejo,Ensanche de Vallecas,Villa de Vallecas,40.373231,-3.626253
8210,Calle de Serranillos del Valle,Ensanche de Vallecas,Villa de Vallecas,40.36385,-3.61801
8211,Calle de Silvina Ocampo,Ensanche de Vallecas,Villa de Vallecas,40.363289,-3.596521
8212,Calle de Talamanca del Jarama,Ensanche de Vallecas,Villa de Vallecas,40.366456,-3.620153
8213,Calle de Tineo,Ensanche de Vallecas,Villa de Vallecas,40.374522,-3.628776
8214,Calle de Torredonjimeno,Ensanche de Vallecas,Villa de Vallecas,40.370835,-3.615507
8215,Calle de Valderrebollo,Ensanche de Vallecas,Villa de Vallecas,40.372626,-3.627954
8216,Calle de Villaluenga de la Sagra,Ensanche de Vallecas,Villa de Vallecas,40.371419,-3.611194
8217,Calle de Villamanta,Ensanche de Vallecas,Villa de Vallecas,40.366803,-3.622992
8218,Calle de Villamayor de Santiago,Ensanche de Vallecas,Villa de Vallecas,40.375042,-3.608119
8219,Calle de Villar del Olmo,Ensanche de Vallecas,Villa de Vallecas,40.376417,-3.626242
8220,Calle de Zorita de la Frontera,Ensanche de Vallecas,Villa de Vallecas,40.365986,-3.611122
8221,Calle de el Barraco,Ensanche de Vallecas,Villa de Vallecas,40.374983,-3.611022
8222,Calle de el Boalo,Ensanche de Vallecas,Villa de Vallecas,40.365553,-3.616288
8223,Calle de la Adrada,Ensanche de Vallecas,Villa de Vallecas,40.370872,-3.611153
8224,Calle de la Cañada del Santísimo,Ensanche de Vallecas,Villa de Vallecas,40.366721,-3.596892
8225,Calle de la Escuela de Vallecas,Ensanche de Vallecas,Villa de Vallecas,40.357883,-3.590619
8226,Calle de la Granja de San Ildefonso,Ensanche de Vallecas,Villa de Vallecas,40.365608,-3.617492
8227,Calle de la Princesa de Kapurtala,Ensanche de Vallecas,Villa de Vallecas,40.365483,-3.589669
8228,Calle de la Pueblanueva,Ensanche de Vallecas,Villa de Vallecas,40.371656,-3.609747
8229,Calle del Alto de la Sartenilla,Ensanche de Vallecas,Villa de Vallecas,40.367844,-3.613508
8230,Calle del Alto del Retiro,Ensanche de Vallecas,Villa de Vallecas,40.36876,-3.592476
8231,Calle del Arte Abstracto,Ensanche de Vallecas,Villa de Vallecas,40.365417,-3.583603
8232,Calle del Arte Conceptual,Ensanche de Vallecas,Villa de Vallecas,40.362328,-3.5872
8233,Calle del Arte Expresionista,Ensanche de Vallecas,Villa de Vallecas,40.36189,-3.588567
8234,Calle del Arte Figurativo,Ensanche de Vallecas,Villa de Vallecas,40.360483,-3.588894
8235,Calle del Arte Hiperrealista,Ensanche de Vallecas,Villa de Vallecas,40.357467,-3.587172
8236,Calle del Arte Minimal,Ensanche de Vallecas,Villa de Vallecas,40.355647,-3.589142
8237,Calle del Arte Pop,Ensanche de Vallecas,Villa de Vallecas,40.363128,-3.586869
8238,Calle del Barranco del Novillo,Ensanche de Vallecas,Villa de Vallecas,40.371394,-3.60984
8239,Calle del Cardenal Vicente Enrique y Tarancón,Ensanche de Vallecas,Villa de Vallecas,40.365089,-3.591331
8240,Calle del Cerro del Murmullo,Ensanche de Vallecas,Villa de Vallecas,40.364917,-3.581878
8241,Calle del Embalse de Manzanares,Ensanche de Vallecas,Villa de Vallecas,40.358931,-3.598338
8242,Calle del Embalse de Navacerrada,Ensanche de Vallecas,Villa de Vallecas,40.362472,-3.602136
8243,Calle del Embalse de Picadas,Ensanche de Vallecas,Villa de Vallecas,40.364028,-3.603333
8244,Calle del Embalse de Pinilla,Ensanche de Vallecas,Villa de Vallecas,40.358604,-3.596271
8245,Calle del Embalse de San Juan,Ensanche de Vallecas,Villa de Vallecas,40.362139,-3.598256
8246,Calle del Embalse de Valmayor,Ensanche de Vallecas,Villa de Vallecas,40.36375,-3.602564
8247,Calle del Embalse de el Vellón,Ensanche de Vallecas,Villa de Vallecas,40.361633,-3.598633
8248,Calle del Embalse de la Jarosa,Ensanche de Vallecas,Villa de Vallecas,40.363444,-3.602719
8249,Calle del Maestro García Navarro,Ensanche de Vallecas,Villa de Vallecas,40.364797,-3.592142
8250,Calle del Puente del Arzobispo,Ensanche de Vallecas,Villa de Vallecas,40.375229,-3.611569
8251,Calle del Rayo Vallecano de Madrid,Ensanche de Vallecas,Villa de Vallecas,40.375589,-3.612236
8252,Avenida de Santa Eugenia,Santa Eugenia,Villa de Vallecas,40.384469,-3.610383
8253,Calle Provisional Subestación de Vallecas Uno,Santa Eugenia,Villa de Vallecas,40.389206,-3.621175
8254,Calle de Agustín García Malla,Santa Eugenia,Villa de Vallecas,40.382219,-3.616544
8255,Calle de Castrillo de Aza,Santa Eugenia,Villa de Vallecas,40.384794,-3.608989
8256,Calle de Cirilo Martínez Novillo,Santa Eugenia,Villa de Vallecas,40.37704,-3.603587
8257,Calle de Claudio Ferrero Ferrero,Santa Eugenia,Villa de Vallecas,40.382675,-3.616033
8258,Calle de César Pastor Llopis,Santa Eugenia,Villa de Vallecas,40.383161,-3.616219
8259,Calle de Diego Olivera Victorio,Santa Eugenia,Villa de Vallecas,40.383297,-3.614051
8260,Calle de Enrique García Álvarez,Santa Eugenia,Villa de Vallecas,40.381422,-3.614331
8261,Calle de Fuentespina,Santa Eugenia,Villa de Vallecas,40.379569,-3.606119
8262,Calle de Poza de la Sal,Santa Eugenia,Villa de Vallecas,40.378425,-3.604814
8263,Calle de Puentelarra,Santa Eugenia,Villa de Vallecas,40.381525,-3.610425
8264,Calle de Sabino Fernández Campo,Santa Eugenia,Villa de Vallecas,40.388372,-3.621244
8265,Calle de Zazuar,Santa Eugenia,Villa de Vallecas,40.382225,-3.606383
8266,Calle de la Virgen de las Viñas,Santa Eugenia,Villa de Vallecas,40.381139,-3.605769
8267,Calle del Cerro de Almodóvar,Santa Eugenia,Villa de Vallecas,40.384332,-3.60305
8268,Calle del Monte de Montjuich,Santa Eugenia,Villa de Vallecas,40.380172,-3.616464
8269,Camino de Vasares,Santa Eugenia,Villa de Vallecas,40.383569,-3.616401
8270,Plaza de Antonio María Segovia,Santa Eugenia,Villa de Vallecas,40.381288,-3.613425
8271,Plaza de Enrique de Mesa,Santa Eugenia,Villa de Vallecas,40.382012,-3.613599
8272,Plaza de Martínez Olmedilla,Santa Eugenia,Villa de Vallecas,40.380414,-3.612783
8273,Plaza de la Convivencia,Santa Eugenia,Villa de Vallecas,40.382872,-3.613744
8274,Autovía A-4,Butarque,Villaverde,40.345111,-3.681079
8275,Avenida de los Rosales,Butarque,Villaverde,40.345814,-3.672153
8276,Calle de Auñón,Butarque,Villaverde,40.350557,-3.677722
8277,Calle de Casablanca,Butarque,Villaverde,40.339267,-3.681692
8278,Calle de Cogolludo,Butarque,Villaverde,40.350975,-3.678617
8279,Calle de Concepción de la Oliva,Butarque,Villaverde,40.353975,-3.681792
8280,Calle de Eduardo Maristany,Butarque,Villaverde,40.352072,-3.683092
8281,Calle de Euskalduna,Butarque,Villaverde,40.356021,-3.682094
8282,Calle de Julia Solá,Butarque,Villaverde,40.353585,-3.682353
8283,Calle de Mariano Matesanz,Butarque,Villaverde,40.353292,-3.682792
8284,Calle de Maricara,Butarque,Villaverde,40.339303,-3.678839
8285,Calle de Miguel Solas,Butarque,Villaverde,40.351981,-3.681047
8286,Calle de San Gervasio,Butarque,Villaverde,40.355558,-3.682339
8287,Calle de Trillo,Butarque,Villaverde,40.349847,-3.677511
8288,Calle de Vicente Carballal,Butarque,Villaverde,40.353292,-3.681808
8289,Calle de Villaverde a Perales del Río,Butarque,Villaverde,40.338714,-3.677431
8290,Calle de la Acantita,Butarque,Villaverde,40.345153,-3.675686
8291,Calle de la Esmaltina,Butarque,Villaverde,40.342739,-3.675608
8292,Calle de la Estefanita,Butarque,Villaverde,40.345419,-3.675233
8293,Calle de la Fábrica de Mosaicos,Butarque,Villaverde,40.339797,-3.675549
8294,Calle de la Hulla,Butarque,Villaverde,40.340403,-3.677885
8295,Calle de la Limonita,Butarque,Villaverde,40.344214,-3.675432
8296,Calle de la Mica,Butarque,Villaverde,40.352136,-3.679664
8297,Calle de la Potasa,Butarque,Villaverde,40.352278,-3.68084
8298,Calle de la Silvinita,Butarque,Villaverde,40.343283,-3.676475
8299,Calle de las Camas,Butarque,Villaverde,40.340846,-3.677342
8300,Calle de las Huertas del Río,Butarque,Villaverde,40.338872,-3.678312
8301,Calle de las Mercancías,Butarque,Villaverde,40.34125,-3.677815
8302,Calle de las Viñas del Río,Butarque,Villaverde,40.339372,-3.67785
8303,Calle de los Ganados del Salobral,Butarque,Villaverde,40.338331,-3.676953
8304,Calle de los Llanos,Butarque,Villaverde,40.339533,-3.679003
8305,Calle del Aluminio,Butarque,Villaverde,40.352689,-3.679411
8306,Calle del Americio,Butarque,Villaverde,40.355565,-3.682799
8307,Calle del Arroyo de la Bulera,Butarque,Villaverde,40.338708,-3.679564
8308,Calle del Arroyo de la Gavia,Butarque,Villaverde,40.339206,-3.6764
8309,Calle del Bario,Butarque,Villaverde,40.34795,-3.677967
8310,Calle del Berrocal,Butarque,Villaverde,40.343518,-3.676376
8311,Calle del Caballero Andante,Butarque,Villaverde,40.331799,-3.691812
8312,Calle del Caballero del Bosque,Butarque,Villaverde,40.330592,-3.690258
8313,Calle del Caballero del Verde Gabán,Butarque,Villaverde,40.331656,-3.6905
8314,Calle del Calcio,Butarque,Villaverde,40.3502,-3.678406
8315,Calle del Canchal,Butarque,Villaverde,40.346244,-3.676437
8316,Calle del Iridio,Butarque,Villaverde,40.344814,-3.677533
8317,Calle del Kriptón,Butarque,Villaverde,40.355057,-3.682162
8318,Calle del Matachel,Butarque,Villaverde,40.353144,-3.681097
8319,Calle del Nobelio,Butarque,Villaverde,40.356267,-3.682211
8320,Calle del Níquel,Butarque,Villaverde,40.352419,-3.680372
8321,Calle del Oro,Butarque,Villaverde,40.350332,-3.678597
8322,Calle del Prado Zurita,Butarque,Villaverde,40.337639,-3.676397
8323,Calle del Tántalo,Butarque,Villaverde,40.352743,-3.680819
8324,Calle del Uranio,Butarque,Villaverde,40.354599,-3.682217
8325,Calle del Zafiro,Butarque,Villaverde,40.348974,-3.677079
8326,Camino Bajo de los Llanos,Butarque,Villaverde,40.322258,-3.688461
8327,Camino de los Pelendengues,Butarque,Villaverde,40.326286,-3.679797
8328,Carretera M-301,Butarque,Villaverde,40.333964,-3.665669
8329,Carretera de la Estación de Contenedores,Butarque,Villaverde,40.333969,-3.681808
8330,Plaza de los Metales,Butarque,Villaverde,40.340725,-3.675214
8331,Avenida Orovilla,Los Rosales,Villaverde,40.361961,-3.690011
8332,Avenida de la Felicidad,Los Rosales,Villaverde,40.359099,-3.688118
8333,Calle de Andrea Jordán,Los Rosales,Villaverde,40.351608,-3.685692
8334,Calle de Augustobriga,Los Rosales,Villaverde,40.356354,-3.684328
8335,Calle de Benita López,Los Rosales,Villaverde,40.349611,-3.68935
8336,Calle de Campos Ibáñez,Los Rosales,Villaverde,40.352903,-3.685486
8337,Calle de Carmen de Burgos,Los Rosales,Villaverde,40.357338,-3.684767
8338,Calle de Clara Schumann,Los Rosales,Villaverde,40.354736,-3.68585
8339,Calle de Delmira Agustini,Los Rosales,Villaverde,40.354167,-3.686804
8340,Calle de Eduardo Minguito,Los Rosales,Villaverde,40.348567,-3.688814
8341,Calle de Elche,Los Rosales,Villaverde,40.352961,-3.688367
8342,Calle de Elda,Los Rosales,Villaverde,40.352558,-3.688161
8343,Calle de Encarnación Oviol,Los Rosales,Villaverde,40.350435,-3.688365
8344,Calle de Esperanza Macarena,Los Rosales,Villaverde,40.34979,-3.690349
8345,Calle de Flora Tristán,Los Rosales,Villaverde,40.356712,-3.685283
8346,Calle de Francisco del Pino,Los Rosales,Villaverde,40.349899,-3.689554
8347,Calle de Grazia Deledda,Los Rosales,Villaverde,40.358303,-3.683703
8348,Calle de Ignacio Santos Viñuelas,Los Rosales,Villaverde,40.34955,-3.688425
8349,Calle de José del Pino,Los Rosales,Villaverde,40.350839,-3.689461
8350,Calle de Juan José Martínez Seco,Los Rosales,Villaverde,40.351833,-3.687694
8351,Calle de Leonor Góngora,Los Rosales,Villaverde,40.350306,-3.687103
8352,Calle de Manuel Laborda,Los Rosales,Villaverde,40.351578,-3.685164
8353,Calle de Martínez Oviol,Los Rosales,Villaverde,40.350719,-3.688421
8354,Calle de María Barrientos,Los Rosales,Villaverde,40.354458,-3.686508
8355,Calle de María Callas,Los Rosales,Villaverde,40.35416,-3.6874
8356,Calle de María Martínez Oviol,Los Rosales,Villaverde,40.35045,-3.691382
8357,Calle de María Orúe,Los Rosales,Villaverde,40.353117,-3.685326
8358,Calle de María de Echarri,Los Rosales,Villaverde,40.358893,-3.683018
8359,Calle de Nelly Sachs,Los Rosales,Villaverde,40.355639,-3.684761
8360,Calle de Pilar Lorengar,Los Rosales,Villaverde,40.353581,-3.686972
8361,Calle de San Agapito,Los Rosales,Villaverde,40.352179,-3.688828
8362,Calle de San Macario,Los Rosales,Villaverde,40.352533,-3.690093
8363,Calle de Santa Eva,Los Rosales,Villaverde,40.352369,-3.689815
8364,Calle de Santa Florencia,Los Rosales,Villaverde,40.348567,-3.690844
8365,Calle de Santa Petronila,Los Rosales,Villaverde,40.350156,-3.692094
8366,Calle de Selma Lagerloff,Los Rosales,Villaverde,40.354124,-3.688012
8367,Calle de Torrevieja,Los Rosales,Villaverde,40.353369,-3.689231
8368,Calle de Villafuerte,Los Rosales,Villaverde,40.35526,-3.689658
8369,Calle de Villajoyosa,Los Rosales,Villaverde,40.355106,-3.690985
8370,Calle de Villapalacios,Los Rosales,Villaverde,40.351356,-3.690086
8371,Calle de Villarramiel,Los Rosales,Villaverde,40.352608,-3.685406
8372,Calle de Villarrosa,Los Rosales,Villaverde,40.354072,-3.690621
8373,Calle de Villena,Los Rosales,Villaverde,40.353106,-3.688864
8374,Calle de la Alianza,Los Rosales,Villaverde,40.357658,-3.688906
8375,Calle de la Ciudadanía,Los Rosales,Villaverde,40.356404,-3.691517
8376,Calle de la Coalición,Los Rosales,Villaverde,40.35835,-3.688001
8377,Calle de la Conciliación,Los Rosales,Villaverde,40.360481,-3.688561
8378,Calle de la Conformidad,Los Rosales,Villaverde,40.357042,-3.68875
8379,Calle de la Dulzura,Los Rosales,Villaverde,40.358369,-3.690513
8380,Calle de la Fuente de la Capona,Los Rosales,Villaverde,40.353411,-3.685192
8381,Calle de la Generosidad,Los Rosales,Villaverde,40.359814,-3.690325
8382,Calle de la Tertulia,Los Rosales,Villaverde,40.359967,-3.692672
8383,Calle de la Turba,Los Rosales,Villaverde,40.348843,-3.685638
8384,Calle de la Turquesa,Los Rosales,Villaverde,40.350178,-3.686478
8385,Calle de la Unanimidad,Los Rosales,Villaverde,40.360806,-3.685869
8386,Calle de los Carmelitas,Los Rosales,Villaverde,40.351797,-3.684635
8387,Calle del Afecto,Los Rosales,Villaverde,40.360199,-3.690986
8388,Calle del Azufre,Los Rosales,Villaverde,40.349172,-3.685769
8389,Calle del Carbono,Los Rosales,Villaverde,40.350794,-3.687842
8390,Calle del Cerro de los Ángeles,Los Rosales,Villaverde,40.350672,-3.68455
8391,Calle del Consenso,Los Rosales,Villaverde,40.360167,-3.686318
8392,Calle del Círculo,Los Rosales,Villaverde,40.362064,-3.690717
8393,Calle del Diamante,Los Rosales,Villaverde,40.35095,-3.686279
8394,Calle del Estroncio,Los Rosales,Villaverde,40.347704,-3.690021
8395,Calle del Manganeso,Los Rosales,Villaverde,40.351767,-3.684235
8396,Calle del Metal,Los Rosales,Villaverde,40.349892,-3.685469
8397,Calle del Platino,Los Rosales,Villaverde,40.349019,-3.688644
8398,Calle del Sáhara,Los Rosales,Villaverde,40.355007,-3.692163
8399,Calle del Topacio,Los Rosales,Villaverde,40.349942,-3.685636
8400,Calle del Ámbar,Los Rosales,Villaverde,40.350044,-3.684947
8401,Pasaje de la Avenencia,Los Rosales,Villaverde,40.358242,-3.687111
8402,Paseo de la Estación,Los Rosales,Villaverde,40.352956,-3.684722
8403,Plaza de Chozas de Canales,Los Rosales,Villaverde,40.352121,-3.690747
8404,Travesía de la Cascada,Los Rosales,Villaverde,40.351906,-3.689528
8405,Travesía del Desfiladero,Los Rosales,Villaverde,40.351892,-3.690278
8406,Avenida de Andalucía,San Cristóbal,Villaverde,40.344608,-3.693854
8407,Calle de Beniferri,San Cristóbal,Villaverde,40.344499,-3.690744
8408,Calle de Benimamet,San Cristóbal,Villaverde,40.343888,-3.685819
8409,Calle de Burjasot,San Cristóbal,Villaverde,40.344931,-3.68805
8410,Calle de Godella,San Cristóbal,Villaverde,40.341865,-3.688357
8411,Calle de Moncada,San Cristóbal,Villaverde,40.34056,-3.691578
8412,Calle de Paterna,San Cristóbal,Villaverde,40.341167,-3.684517
8413,Calle de Rocafort,San Cristóbal,Villaverde,40.342068,-3.686338
8414,Paseo de María Droc,San Cristóbal,Villaverde,40.343585,-3.692119
8415,Plaza de la Paloma de la Paz,San Cristóbal,Villaverde,40.34255,-3.687672
8416,Plaza de los Pinazo,San Cristóbal,Villaverde,40.343047,-3.691592
8417,Plazuela del Cura Tomás Rubio,San Cristóbal,Villaverde,40.342733,-3.687233
8418,Acceso a la Colonia Marconi,Villaverde Alto - Casco Histórico de Villaverde,Villaverde,40.334756,-3.700592
8419,Autovía A-42,Villaverde Alto - Casco Histórico de Villaverde,Villaverde,40.349461,-3.721806
8420,Avenida Laboral,Villaverde Alto - Casco Histórico de Villaverde,Villaverde,40.344761,-3.695386
8421,Avenida Real de Pinto,Villaverde Alto - Casco Histórico de Villaverde,Villaverde,40.343542,-3.706997
8422,Avenida de Marconi,Villaverde Alto - Casco Histórico de Villaverde,Villaverde,40.333931,-3.6949
8423,Avenida de la Espinela,Villaverde Alto - Casco Histórico de Villaverde,Villaverde,40.343614,-3.709925
8424,Avenida de la Gran Vía de Villaverde,Villaverde Alto - Casco Histórico de Villaverde,Villaverde,40.342011,-3.701986
8425,Avenida de la Princesa Juana de Austria,Villaverde Alto - Casco Histórico de Villaverde,Villaverde,40.353893,-3.72209
8426,Calle Angosta,Villaverde Alto - Casco Histórico de Villaverde,Villaverde,40.344261,-3.712044
8427,Calle Chiquita,Villaverde Alto - Casco Histórico de Villaverde,Villaverde,40.345719,-3.702789
8428,Calle Intermedia Sur,Villaverde Alto - Casco Histórico de Villaverde,Villaverde,40.333172,-3.697986
8429,Calle Principal,Villaverde Alto - Casco Histórico de Villaverde,Villaverde,40.334135,-3.699947
8430,Calle Provisional Ferroviarios Uno,Villaverde Alto - Casco Histórico de Villaverde,Villaverde,40.345553,-3.719433
8431,Calle Transversal Segunda,Villaverde Alto - Casco Histórico de Villaverde,Villaverde,40.3347,-3.695797
8432,Calle Transversal Sexta,Villaverde Alto - Casco Histórico de Villaverde,Villaverde,40.334989,-3.699656
8433,Calle Transversal Tercera,Villaverde Alto - Casco Histórico de Villaverde,Villaverde,40.334661,-3.696728
8434,Calle Vieja de Pinto,Villaverde Alto - Casco Histórico de Villaverde,Villaverde,40.347986,-3.708944
8435,Calle de Abay,Villaverde Alto - Casco Histórico de Villaverde,Villaverde,40.343381,-3.708424
8436,Calle de Acebes,Villaverde Alto - Casco Histórico de Villaverde,Villaverde,40.347665,-3.705042
8437,Calle de Alberto Palacios,Villaverde Alto - Casco Histórico de Villaverde,Villaverde,40.3436,-3.712569
8438,Calle de Albino Hernández Lázaro,Villaverde Alto - Casco Histórico de Villaverde,Villaverde,40.346864,-3.707508
8439,Calle de Amadeo Fernández,Villaverde Alto - Casco Histórico de Villaverde,Villaverde,40.344371,-3.705088
8440,Calle de Astillero,Villaverde Alto - Casco Histórico de Villaverde,Villaverde,40.343518,-3.71401
8441,Calle de Bascuñuelos,Villaverde Alto - Casco Histórico de Villaverde,Villaverde,40.337597,-3.713067
8442,Calle de Berzosa de Lozoya,Villaverde Alto - Casco Histórico de Villaverde,Villaverde,40.334483,-3.718339
8443,Calle de Calamocha,Villaverde Alto - Casco Histórico de Villaverde,Villaverde,40.344383,-3.710322
8444,Calle de Camborio,Villaverde Alto - Casco Histórico de Villaverde,Villaverde,40.353419,-3.715422
8445,Calle de Carmen Bordiú,Villaverde Alto - Casco Histórico de Villaverde,Villaverde,40.342344,-3.710303
8446,Calle de Cella,Villaverde Alto - Casco Histórico de Villaverde,Villaverde,40.343967,-3.710497
8447,Calle de Ciudad de Frías,Villaverde Alto - Casco Histórico de Villaverde,Villaverde,40.336378,-3.714022
8448,Calle de Domingo Párraga,Villaverde Alto - Casco Histórico de Villaverde,Villaverde,40.34205,-3.710321
8449,Calle de Doroteo Laborda,Villaverde Alto - Casco Histórico de Villaverde,Villaverde,40.343225,-3.714825
8450,Calle de Emilia Ballester,Villaverde Alto - Casco Histórico de Villaverde,Villaverde,40.345781,-3.713158
8451,Calle de Encarnación del Pino,Villaverde Alto - Casco Histórico de Villaverde,Villaverde,40.346256,-3.713936
8452,Calle de Felipe Pingarrón,Villaverde Alto - Casco Histórico de Villaverde,Villaverde,40.348283,-3.710761
8453,Calle de Francisco Ordóñez,Villaverde Alto - Casco Histórico de Villaverde,Villaverde,40.346508,-3.704475
8454,Calle de Getafe,Villaverde Alto - Casco Histórico de Villaverde,Villaverde,40.343894,-3.707653
8455,Calle de Gilena,Villaverde Alto - Casco Histórico de Villaverde,Villaverde,40.343439,-3.708779
8456,Calle de Gregorio Ortiz,Villaverde Alto - Casco Histórico de Villaverde,Villaverde,40.3443,-3.708189
8457,Calle de Gómez Acebo,Villaverde Alto - Casco Histórico de Villaverde,Villaverde,40.342914,-3.708961
8458,Calle de Horcajo,Villaverde Alto - Casco Histórico de Villaverde,Villaverde,40.343844,-3.716133
8459,Calle de José Ortuño Ponce,Villaverde Alto - Casco Histórico de Villaverde,Villaverde,40.345814,-3.70545
8460,Calle de José del Pino Jiménez,Villaverde Alto - Casco Histórico de Villaverde,Villaverde,40.345522,-3.714767
8461,Calle de Juan Peñalver,Villaverde Alto - Casco Histórico de Villaverde,Villaverde,40.346328,-3.713611
8462,Calle de Julia Moreno,Villaverde Alto - Casco Histórico de Villaverde,Villaverde,40.347019,-3.703521
8463,Calle de Laguna Dalga,Villaverde Alto - Casco Histórico de Villaverde,Villaverde,40.332093,-3.706272
8464,Calle de Laguna Rodrigo,Villaverde Alto - Casco Histórico de Villaverde,Villaverde,40.351619,-3.706375
8465,Calle de Laguna de Cameros,Villaverde Alto - Casco Histórico de Villaverde,Villaverde,40.332631,-3.711219
8466,Calle de Laguna del Marquesado,Villaverde Alto - Casco Histórico de Villaverde,Villaverde,40.333881,-3.709364
8467,Calle de Litago,Villaverde Alto - Casco Histórico de Villaverde,Villaverde,40.347078,-3.705004
8468,Calle de Lubián,Villaverde Alto - Casco Histórico de Villaverde,Villaverde,40.344686,-3.705153
8469,Calle de Manola y Rosario,Villaverde Alto - Casco Histórico de Villaverde,Villaverde,40.343044,-3.713344
8470,Calle de Martínez Seco,Villaverde Alto - Casco Histórico de Villaverde,Villaverde,40.346104,-3.712806
8471,Calle de María Joséfa,Villaverde Alto - Casco Histórico de Villaverde,Villaverde,40.347911,-3.709142
8472,Calle de Montejo,Villaverde Alto - Casco Histórico de Villaverde,Villaverde,40.335703,-3.713569
8473,Calle de Monterde,Villaverde Alto - Casco Histórico de Villaverde,Villaverde,40.345139,-3.710256
8474,Calle de Neguri,Villaverde Alto - Casco Histórico de Villaverde,Villaverde,40.343964,-3.711708
8475,Calle de Nuestra Señora de Begoña,Villaverde Alto - Casco Histórico de Villaverde,Villaverde,40.344653,-3.711933
8476,Calle de Nuño Gómez,Villaverde Alto - Casco Histórico de Villaverde,Villaverde,40.343957,-3.716128
8477,Calle de Palomares,Villaverde Alto - Casco Histórico de Villaverde,Villaverde,40.347461,-3.712072
8478,Calle de Parvillas Altas,Villaverde Alto - Casco Histórico de Villaverde,Villaverde,40.344858,-3.707969
8479,Calle de Parvillas Bajas,Villaverde Alto - Casco Histórico de Villaverde,Villaverde,40.345439,-3.708636
8480,Calle de Pedro Jiménez,Villaverde Alto - Casco Histórico de Villaverde,Villaverde,40.343783,-3.708685
8481,Calle de Piñuecar,Villaverde Alto - Casco Histórico de Villaverde,Villaverde,40.333161,-3.717761
8482,Calle de Potes,Villaverde Alto - Casco Histórico de Villaverde,Villaverde,40.350581,-3.710053
8483,Calle de Protogina,Villaverde Alto - Casco Histórico de Villaverde,Villaverde,40.345133,-3.703642
8484,Calle de Puebla de Sanabria,Villaverde Alto - Casco Histórico de Villaverde,Villaverde,40.351086,-3.707769
8485,Calle de Puerto Lápice,Villaverde Alto - Casco Histórico de Villaverde,Villaverde,40.347896,-3.714833
8486,Calle de Relampaguito,Villaverde Alto - Casco Histórico de Villaverde,Villaverde,40.350047,-3.708468
8487,Calle de Salsipuedes,Villaverde Alto - Casco Histórico de Villaverde,Villaverde,40.344962,-3.705446
8488,Calle de San Adrián,Villaverde Alto - Casco Histórico de Villaverde,Villaverde,40.346558,-3.703836
8489,Calle de San Aureliano,Villaverde Alto - Casco Histórico de Villaverde,Villaverde,40.342738,-3.715578
8490,Calle de San Bonifacio,Villaverde Alto - Casco Histórico de Villaverde,Villaverde,40.339186,-3.707047
8491,Calle de San Cesáreo,Villaverde Alto - Casco Histórico de Villaverde,Villaverde,40.337478,-3.707206
8492,Calle de San Dalmacio,Villaverde Alto - Casco Histórico de Villaverde,Villaverde,40.343056,-3.6959
8493,Calle de San Erasmo,Villaverde Alto - Casco Histórico de Villaverde,Villaverde,40.334778,-3.706556
8494,Calle de San Eustaquio,Villaverde Alto - Casco Histórico de Villaverde,Villaverde,40.334475,-3.701586
8495,Calle de San Ezequiel,Villaverde Alto - Casco Histórico de Villaverde,Villaverde,40.333556,-3.716236
8496,Calle de San Jenaro,Villaverde Alto - Casco Histórico de Villaverde,Villaverde,40.348228,-3.703357
8497,Calle de San Mamés,Villaverde Alto - Casco Histórico de Villaverde,Villaverde,40.333064,-3.716739
8498,Calle de San Neviano,Villaverde Alto - Casco Histórico de Villaverde,Villaverde,40.346506,-3.704165
8499,Calle de San Norberto,Villaverde Alto - Casco Histórico de Villaverde,Villaverde,40.340049,-3.698265
8500,Calle de San Tarsicio,Villaverde Alto - Casco Histórico de Villaverde,Villaverde,40.339011,-3.704319
8501,Calle de San Teófilo,Villaverde Alto - Casco Histórico de Villaverde,Villaverde,40.346583,-3.703442
8502,Calle de Santa Cristina,Villaverde Alto - Casco Histórico de Villaverde,Villaverde,40.346665,-3.709963
8503,Calle de Santa Joaquína de Vedruna,Villaverde Alto - Casco Histórico de Villaverde,Villaverde,40.342512,-3.715019
8504,Calle de Taivilla,Villaverde Alto - Casco Histórico de Villaverde,Villaverde,40.345122,-3.703101
8505,Calle de Terriente,Villaverde Alto - Casco Histórico de Villaverde,Villaverde,40.344942,-3.710536
8506,Calle de Tordegrillos,Villaverde Alto - Casco Histórico de Villaverde,Villaverde,40.344642,-3.716328
8507,Calle de Tortajada,Villaverde Alto - Casco Histórico de Villaverde,Villaverde,40.344562,-3.710742
8508,Calle de Tren Obrero,Villaverde Alto - Casco Histórico de Villaverde,Villaverde,40.344543,-3.6986
8509,Calle de Valle de Tobalina,Villaverde Alto - Casco Histórico de Villaverde,Villaverde,40.338381,-3.715186
8510,Calle de Vargas Heredia,Villaverde Alto - Casco Histórico de Villaverde,Villaverde,40.353979,-3.714586
8511,Calle de Verde Viento,Villaverde Alto - Casco Histórico de Villaverde,Villaverde,40.353075,-3.717483
8512,Calle de Victorino Bayo,Villaverde Alto - Casco Histórico de Villaverde,Villaverde,40.342669,-3.711675
8513,Calle de Villalonso,Villaverde Alto - Casco Histórico de Villaverde,Villaverde,40.349394,-3.709147
8514,Calle de Villastar,Villaverde Alto - Casco Histórico de Villaverde,Villaverde,40.342947,-3.711436
8515,Calle de Villavendimio,Villaverde Alto - Casco Histórico de Villaverde,Villaverde,40.348585,-3.714293
8516,Calle de Villaveza,Villaverde Alto - Casco Histórico de Villaverde,Villaverde,40.348746,-3.713907
8517,Calle de el Berrueco,Villaverde Alto - Casco Histórico de Villaverde,Villaverde,40.336175,-3.716164
8518,Calle de la Acebeda,Villaverde Alto - Casco Histórico de Villaverde,Villaverde,40.33121,-3.7178
8519,Calle de la Aladierna,Villaverde Alto - Casco Histórico de Villaverde,Villaverde,40.346246,-3.711368
8520,Calle de la Arcilla,Villaverde Alto - Casco Histórico de Villaverde,Villaverde,40.345769,-3.708106
8521,Calle de la Artesanía,Villaverde Alto - Casco Histórico de Villaverde,Villaverde,40.347072,-3.710167
8522,Calle de la Bajamar,Villaverde Alto - Casco Histórico de Villaverde,Villaverde,40.353033,-3.716757
8523,Calle de la Calamina,Villaverde Alto - Casco Histórico de Villaverde,Villaverde,40.346542,-3.711914
8524,Calle de la Fuente,Villaverde Alto - Casco Histórico de Villaverde,Villaverde,40.345854,-3.708478
8525,Calle de la Geología,Villaverde Alto - Casco Histórico de Villaverde,Villaverde,40.343372,-3.712332
8526,Calle de la Huerta de Villaverde,Villaverde Alto - Casco Histórico de Villaverde,Villaverde,40.348228,-3.710683
8527,Calle de la Magnesia,Villaverde Alto - Casco Histórico de Villaverde,Villaverde,40.343839,-3.704628
8528,Calle de la Navegación,Villaverde Alto - Casco Histórico de Villaverde,Villaverde,40.35269,-3.717162
8529,Calle de la Plata,Villaverde Alto - Casco Histórico de Villaverde,Villaverde,40.348386,-3.706808
8530,Calle de la Pleamar,Villaverde Alto - Casco Histórico de Villaverde,Villaverde,40.349689,-3.716567
8531,Calle de la Resina,Villaverde Alto - Casco Histórico de Villaverde,Villaverde,40.335281,-3.707607
8532,Calle de las Arenas,Villaverde Alto - Casco Histórico de Villaverde,Villaverde,40.345119,-3.711794
8533,Calle de las Covachuelas,Villaverde Alto - Casco Histórico de Villaverde,Villaverde,40.348372,-3.708556
8534,Calle de las Islas,Villaverde Alto - Casco Histórico de Villaverde,Villaverde,40.351611,-3.715697
8535,Calle de las Lagunas de Neila,Villaverde Alto - Casco Histórico de Villaverde,Villaverde,40.352117,-3.707311
8536,Calle de las Lenguas,Villaverde Alto - Casco Histórico de Villaverde,Villaverde,40.342842,-3.704611
8537,Calle de las Mareas,Villaverde Alto - Casco Histórico de Villaverde,Villaverde,40.351321,-3.713953
8538,Calle de las Navas de Buitrago,Villaverde Alto - Casco Histórico de Villaverde,Villaverde,40.332642,-3.71895
8539,Calle de las Olas,Villaverde Alto - Casco Histórico de Villaverde,Villaverde,40.351838,-3.714338
8540,Calle de los Afluentes,Villaverde Alto - Casco Histórico de Villaverde,Villaverde,40.350528,-3.715279
8541,Calle de los Cacereños,Villaverde Alto - Casco Histórico de Villaverde,Villaverde,40.345799,-3.714293
8542,Calle de los Escribanos,Villaverde Alto - Casco Histórico de Villaverde,Villaverde,40.342964,-3.712175
8543,Calle de los Hidratos,Villaverde Alto - Casco Histórico de Villaverde,Villaverde,40.336783,-3.694708
8544,Calle de Ágata,Villaverde Alto - Casco Histórico de Villaverde,Villaverde,40.346742,-3.705586
8545,Calle del Antimonio,Villaverde Alto - Casco Histórico de Villaverde,Villaverde,40.347139,-3.707956
8546,Calle del Arroyo Bueno,Villaverde Alto - Casco Histórico de Villaverde,Villaverde,40.348864,-3.707026
8547,Calle del Asfalto,Villaverde Alto - Casco Histórico de Villaverde,Villaverde,40.347531,-3.706978
8548,Calle del Bismuto,Villaverde Alto - Casco Histórico de Villaverde,Villaverde,40.343213,-3.705981
8549,Calle del Caballero de la Cruz,Villaverde Alto - Casco Histórico de Villaverde,Villaverde,40.328272,-3.697606
8550,Calle del Cobalto,Villaverde Alto - Casco Histórico de Villaverde,Villaverde,40.344692,-3.704222
8551,Calle del Cortijo,Villaverde Alto - Casco Histórico de Villaverde,Villaverde,40.337453,-3.695564
8552,Calle del Doctor Criado,Villaverde Alto - Casco Histórico de Villaverde,Villaverde,40.347936,-3.704842
8553,Calle del Doctor Iglesias Fernández,Villaverde Alto - Casco Histórico de Villaverde,Villaverde,40.346506,-3.706956
8554,Calle del Doctor Martín Arévalo,Villaverde Alto - Casco Histórico de Villaverde,Villaverde,40.346122,-3.705911
8555,Calle del Doctor Pérez Domínguez,Villaverde Alto - Casco Histórico de Villaverde,Villaverde,40.346796,-3.707576
8556,Calle del Escandón,Villaverde Alto - Casco Histórico de Villaverde,Villaverde,40.345236,-3.710106
8557,Calle del Estaño,Villaverde Alto - Casco Histórico de Villaverde,Villaverde,40.344382,-3.702642
8558,Calle del Grafito,Villaverde Alto - Casco Histórico de Villaverde,Villaverde,40.345253,-3.715593
8559,Calle del Guadalaviar,Villaverde Alto - Casco Histórico de Villaverde,Villaverde,40.34406,-3.710764
8560,Calle del Heliófilo,Villaverde Alto - Casco Histórico de Villaverde,Villaverde,40.345197,-3.713353
8561,Calle del Iceberg,Villaverde Alto - Casco Histórico de Villaverde,Villaverde,40.352653,-3.714378
8562,Calle del Junco,Villaverde Alto - Casco Histórico de Villaverde,Villaverde,40.348285,-3.704686
8563,Calle del Lignito,Villaverde Alto - Casco Histórico de Villaverde,Villaverde,40.337333,-3.694093
8564,Calle del Mariscal Gutiérrez de Otero,Villaverde Alto - Casco Histórico de Villaverde,Villaverde,40.345313,-3.704449
8565,Calle del Oasis,Villaverde Alto - Casco Histórico de Villaverde,Villaverde,40.345486,-3.711708
8566,Calle del Oxígeno,Villaverde Alto - Casco Histórico de Villaverde,Villaverde,40.346832,-3.704574
8567,Calle del Puente de Vizcaya,Villaverde Alto - Casco Histórico de Villaverde,Villaverde,40.345981,-3.709597
8568,Calle del Romancero Gitano,Villaverde Alto - Casco Histórico de Villaverde,Villaverde,40.353972,-3.714693
8569,Calle del Rubí,Villaverde Alto - Casco Histórico de Villaverde,Villaverde,40.347058,-3.704044
8570,Calle del Sargento Barriga,Villaverde Alto - Casco Histórico de Villaverde,Villaverde,40.343331,-3.70445
8571,Calle del Sulfato,Villaverde Alto - Casco Histórico de Villaverde,Villaverde,40.347264,-3.714881
8572,Calle del Talco,Villaverde Alto - Casco Histórico de Villaverde,Villaverde,40.345919,-3.71485
8573,Calle del Vado de Santiago,Villaverde Alto - Casco Histórico de Villaverde,Villaverde,40.348808,-3.711778
8574,Calle del Ópalo,Villaverde Alto - Casco Histórico de Villaverde,Villaverde,40.347065,-3.703658
8575,Callejón de Gómez Acebo,Villaverde Alto - Casco Histórico de Villaverde,Villaverde,40.342711,-3.708003
8576,Callejón de Parvillas Altas,Villaverde Alto - Casco Histórico de Villaverde,Villaverde,40.344683,-3.708942
8577,Camino de Leganés,Villaverde Alto - Casco Histórico de Villaverde,Villaverde,40.343689,-3.711742
8578,Camino de la Rabia,Villaverde Alto - Casco Histórico de Villaverde,Villaverde,40.324576,-3.7064
8579,Camino de los Molinos,Villaverde Alto - Casco Histórico de Villaverde,Villaverde,40.323826,-3.69569
8580,Camino del Puente,Villaverde Alto - Casco Histórico de Villaverde,Villaverde,40.326661,-3.702208
8581,Carretera de Carabanchel a Villaverde,Villaverde Alto - Casco Histórico de Villaverde,Villaverde,40.352972,-3.708651
8582,Glorieta de Butarque,Villaverde Alto - Casco Histórico de Villaverde,Villaverde,40.354435,-3.712758
8583,Glorieta del Mirador del Sur,Villaverde Alto - Casco Histórico de Villaverde,Villaverde,40.349383,-3.715258
8584,Paseo Plata y Castañar,Villaverde Alto - Casco Histórico de Villaverde,Villaverde,40.349351,-3.717471
8585,Paseo de Alberto Palacios,Villaverde Alto - Casco Histórico de Villaverde,Villaverde,40.344804,-3.712992
8586,Paseo de las Moreras,Villaverde Alto - Casco Histórico de Villaverde,Villaverde,40.346582,-3.710614
8587,Paseo de los Ferroviarios,Villaverde Alto - Casco Histórico de Villaverde,Villaverde,40.345265,-3.716479
8588,Paseo de los Talleres,Villaverde Alto - Casco Histórico de Villaverde,Villaverde,40.347399,-3.703843
8589,Plaza Mayor de Villaverde,Villaverde Alto - Casco Histórico de Villaverde,Villaverde,40.347289,-3.707424
8590,Plaza de Gómez Acebo,Villaverde Alto - Casco Histórico de Villaverde,Villaverde,40.342147,-3.709217
8591,Plaza de Parvillas,Villaverde Alto - Casco Histórico de Villaverde,Villaverde,40.345194,-3.708106
8592,Plaza de la Madre Isabel Larrañaga,Villaverde Alto - Casco Histórico de Villaverde,Villaverde,40.344815,-3.70696
8593,Plaza de Ágata,Villaverde Alto - Casco Histórico de Villaverde,Villaverde,40.346918,-3.708565
8594,Travesía de Juan Peñalver,Villaverde Alto - Casco Histórico de Villaverde,Villaverde,40.344431,-3.714286
8595,Travesía de Leganés,Villaverde Alto - Casco Histórico de Villaverde,Villaverde,40.34309,-3.713701
8596,Travesía de Palomares,Villaverde Alto - Casco Histórico de Villaverde,Villaverde,40.347112,-3.709197
8597,Travesía de Santa Cristina,Villaverde Alto - Casco Histórico de Villaverde,Villaverde,40.346519,-3.710069
8598,Travesía de Tordegrillos,Villaverde Alto - Casco Histórico de Villaverde,Villaverde,40.343664,-3.717153
8599,Travesía de la Plata,Villaverde Alto - Casco Histórico de Villaverde,Villaverde,40.348254,-3.705596
8600,Travesía de los Cacereños,Villaverde Alto - Casco Histórico de Villaverde,Villaverde,40.344217,-3.714219
8601,Travesía del Oxígeno,Villaverde Alto - Casco Histórico de Villaverde,Villaverde,40.346517,-3.706622
8602,Avenida de la Verbena de la Paloma,Ángeles,Villaverde,40.358533,-3.69575
8603,Calle de Alcocer,Ángeles,Villaverde,40.350025,-3.700086
8604,Calle de Ampuero,Ángeles,Villaverde,40.349533,-3.696039
8605,Calle de Anoeta,Ángeles,Villaverde,40.352472,-3.699811
8606,Calle de Arama,Ángeles,Villaverde,40.351843,-3.698035
8607,Calle de Arechavaleta,Ángeles,Villaverde,40.351703,-3.696364
8608,Calle de Boetticher y Navarro,Ángeles,Villaverde,40.345992,-3.6961
8609,Calle de Bohemios,Ángeles,Villaverde,40.356556,-3.695244
8610,Calle de Cifuentes,Ángeles,Villaverde,40.348569,-3.696367
8611,Calle de Doña Francisquita,Ángeles,Villaverde,40.355589,-3.698821
8612,Calle de Escoriaza,Ángeles,Villaverde,40.351689,-3.694919
8613,Calle de José María Lozano Sainz,Ángeles,Villaverde,40.346629,-3.695424
8614,Calle de José Pérez,Ángeles,Villaverde,40.354089,-3.706489
8615,Calle de Laguna de Santiago,Ángeles,Villaverde,40.353606,-3.706431
8616,Calle de Lazcano,Ángeles,Villaverde,40.352017,-3.694428
8617,Calle de Lezo,Ángeles,Villaverde,40.352042,-3.693836
8618,Calle de Lillo,Ángeles,Villaverde,40.362142,-3.696564
8619,Calle de Litos,Ángeles,Villaverde,40.349167,-3.70085
8620,Calle de Menasalbas,Ángeles,Villaverde,40.362932,-3.696426
8621,Calle de Noez,Ángeles,Villaverde,40.351529,-3.697765
8622,Calle de Orio,Ángeles,Villaverde,40.351981,-3.695553
8623,Calle de Pan y Toros,Ángeles,Villaverde,40.358806,-3.69475
8624,Calle de Sacedón,Ángeles,Villaverde,40.349533,-3.697835
8625,Calle de San Luciano,Ángeles,Villaverde,40.363303,-3.698208
8626,Calle de Santa Escolástica,Ángeles,Villaverde,40.362567,-3.698689
8627,Calle de Santiago Amón,Ángeles,Villaverde,40.349753,-3.693679
8628,Calle de Totanes,Ángeles,Villaverde,40.351072,-3.698307
8629,Calle de el Asombro de Damasco,Ángeles,Villaverde,40.357289,-3.702153
8630,Calle de el Caserío,Ángeles,Villaverde,40.355403,-3.703076
8631,Calle de el Huésped del Sevillano,Ángeles,Villaverde,40.356622,-3.698817
8632,Calle de el Lucero del Alba,Ángeles,Villaverde,40.35875,-3.701536
8633,Calle de el Santo de la Isidra,Ángeles,Villaverde,40.354408,-3.703614
8634,Calle de la Alcarria,Ángeles,Villaverde,40.348981,-3.694239
8635,Calle de la Alegría de la Huerta,Ángeles,Villaverde,40.355031,-3.695208
8636,Calle de la Calesera,Ángeles,Villaverde,40.352226,-3.702725
8637,Calle de la Canción del Olvido,Ángeles,Villaverde,40.360096,-3.699554
8638,Calle de la Canela,Ángeles,Villaverde,40.349183,-3.697311
8639,Calle de la Chulapona,Ángeles,Villaverde,40.360296,-3.696746
8640,Calle de la Corte de Faraón,Ángeles,Villaverde,40.361496,-3.698615
8641,Calle de la Dolorosa,Ángeles,Villaverde,40.354749,-3.694385
8642,Calle de la Hermandad de Donantes de Sangre,Ángeles,Villaverde,40.353371,-3.701178
8643,Calle de la Pimienta,Ángeles,Villaverde,40.349311,-3.69584
8644,Calle de la Pícara Molinera,Ángeles,Villaverde,40.356136,-3.702539
8645,Calle de la Rosa del Azafrán,Ángeles,Villaverde,40.35451,-3.694829
8646,Calle de la Tabernera del Puerto,Ángeles,Villaverde,40.356747,-3.703044
8647,Calle de la Virgen de los Desamparados,Ángeles,Villaverde,40.350561,-3.699554
8648,Calle de la del Manojo de Rosas,Ángeles,Villaverde,40.356271,-3.69779
8649,Calle de la del Soto del Parral,Ángeles,Villaverde,40.357556,-3.697956
8650,Calle de las Violetas,Ángeles,Villaverde,40.349654,-3.695179
8651,Calle del Perejil,Ángeles,Villaverde,40.349613,-3.696451
8652,Calle del Romeral,Ángeles,Villaverde,40.349336,-3.697122
8653,Paseo de Gigantes y Cabezudos,Ángeles,Villaverde,40.357053,-3.693892
8654,Plaza del Ahorro,Ángeles,Villaverde,40.361708,-3.696075
8655,Travesía de Arechavaleta,Ángeles,Villaverde,40.350897,-3.698
