driver_id,home_district,activity_class,tenure_start,tenure_end,active_days,n_rides,driver_rating
1,Moncloa - Aravaca,part_time,2024-02-15,2024-04-27,32,283,4.2
2,Latina,casual,2024-07-09,2024-09-30,20,101,4.6
3,Chamberí,full_time,2024-03-02,2024-06-08,79,1645,4.8
4,Carabanchel,part_time,2024-04-25,2024-12-31,124,1113,3.9
5,Chamartín,casual,2024-07-04,2024-09-17,22,125,5.0
6,Fuencarral - El Pardo,full_time,2024-12-30,2024-12-31,2,37,4.2
7,Carabanchel,part_time,2024-03-01,2024-05-17,35,303,4.3
8,Ciudad Lineal,part_time,2024-01-01,2024-09-06,109,990,4.8
9,Puente de Vallecas,casual,2024-01-06,2024-03-30,21,107,4.1
10,Villaverde,casual,2024-05-10,2024-07-22,12,41,4.6
11,Centro,casual,2024-10-18,2024-12-31,14,81,4.4
12,Moncloa - Aravaca,full_time,2024-01-10,2024-04-05,72,1462,3.7
13,Tetuán,part_time,2024-12-03,2024-12-31,15,115,3.5
14,Vicálvaro,part_time,2024-01-01,2024-01-07,3,31,4.9
15,Arganzuela,casual,2024-10-06,2024-12-25,23,99,4.8
16,Vicálvaro,casual,2024-05-20,2024-12-31,47,230,5.0
17,Carabanchel,part_time,2024-11-18,2024-12-31,16,141,4.5
18,Usera,casual,2024-01-20,2024-12-31,93,446,4.5
19,Chamartín,part_time,2024-08-03,2024-11-17,33,310,3.8
20,Carabanchel,part_time,2024-01-01,2024-01-24,10,87,4.5
21,Villa de Vallecas,part_time,2024-01-01,2024-10-15,133,1209,4.2
22,Villaverde,casual,2024-07-17,2024-12-31,40,224,4.1
23,Moratalaz,full_time,2024-01-01,2024-02-29,45,853,4.5
24,San Blas - Canillejas,full_time,2024-09-04,2024-12-31,106,2176,3.6
25,Villaverde,part_time,2024-01-01,2024-08-13,103,888,4.3
26,Tetuán,casual,2024-01-05,2024-07-16,47,217,4.6
27,San Blas - Canillejas,casual,2024-07-31,2024-10-08,22,116,4.7
28,Fuencarral - El Pardo,casual,2024-01-01,2024-02-04,7,35,4.2
29,San Blas - Canillejas,casual,2024-06-10,2024-12-05,35,188,4.0
30,Moncloa - Aravaca,part_time,2024-11-14,2024-12-31,18,156,4.4
31,Centro,part_time,2024-01-01,2024-03-08,37,320,3.7
32,Barajas,full_time,2024-01-24,2024-04-26,75,1536,3.6
33,Hortaleza,casual,2024-01-01,2024-01-06,1,5,4.7
34,Villa de Vallecas,casual,2024-05-31,2024-08-18,17,88,3.7
35,Carabanchel,casual,2024-06-18,2024-12-31,42,229,4.1
36,San Blas - Canillejas,casual,2024-11-29,2024-12-31,9,51,4.1
37,Tetuán,casual,2024-01-01,2024-09-26,51,255,5.0
38,Usera,casual,2024-01-01,2024-03-08,17,97,4.6
39,Carabanchel,casual,2024-01-01,2024-01-14,1,4,4.6
40,Villa de Vallecas,part_time,2024-01-01,2024-08-25,97,888,4.5
41,Barajas,casual,2024-05-20,2024-08-25,20,105,3.9
42,Moncloa - Aravaca,part_time,2024-10-20,2024-12-31,38,311,4.0
43,Carabanchel,part_time,2024-01-05,2024-04-10,51,508,3.8
44,Fuencarral - El Pardo,casual,2024-09-26,2024-12-12,20,96,4.3
45,Hortaleza,part_time,2024-03-19,2024-09-22,83,750,3.6
46,Fuencarral - El Pardo,part_time,2024-09-27,2024-12-31,43,437,4.9
47,Chamartín,casual,2024-11-02,2024-12-31,12,69,3.8
48,Hortaleza,casual,2024-10-25,2024-12-31,22,102,3.8
49,Tetuán,part_time,2024-02-17,2024-08-01,74,618,4.2
50,Latina,casual,2024-01-01,2024-09-04,70,339,4.0
51,San Blas - Canillejas,casual,2024-01-01,2024-05-29,39,170,3.7
52,Barajas,casual,2024-01-01,2024-06-15,44,189,5.0
53,Chamartín,part_time,2024-07-04,2024-10-16,44,395,3.9
54,Hortaleza,part_time,2024-12-10,2024-12-31,8,62,4.6
55,Moncloa - Aravaca,part_time,2024-03-24,2024-12-31,143,1304,4.6
56,Latina,part_time,2024-01-01,2024-10-28,137,1229,3.9
57,Villaverde,casual,2024-01-01,2024-06-26,40,206,3.9
58,Vicálvaro,part_time,2024-04-24,2024-12-31,98,915,4.3
59,Villa de Vallecas,casual,2024-01-01,2024-06-01,31,162,4.8
60,Villaverde,casual,2024-01-01,2024-02-13,15,75,4.6
61,Latina,part_time,2024-01-01,2024-02-11,24,221,4.0
62,Hortaleza,casual,2024-09-13,2024-12-31,29,151,3.6
63,Villa de Vallecas,part_time,2024-03-26,2024-06-22,38,332,4.4
64,San Blas - Canillejas,part_time,2024-12-04,2024-12-31,16,128,4.2
65,Moncloa - Aravaca,part_time,2024-05-19,2024-08-11,37,350,4.0
66,Barajas,part_time,2024-07-14,2024-12-31,88,794,4.5
67,Fuencarral - El Pardo,part_time,2024-08-27,2024-12-31,48,413,4.9
68,Fuencarral - El Pardo,casual,2024-10-01,2024-12-31,19,93,4.9
69,Fuencarral - El Pardo,casual,2024-01-01,2024-03-13,18,83,4.5
70,Fuencarral - El Pardo,casual,2024-01-23,2024-04-04,24,127,4.9
71,Hortaleza,casual,2024-01-01,2024-03-11,16,92,4.1
72,Chamartín,casual,2024-01-01,2024-11-21,70,357,3.7
73,Fuencarral - El Pardo,full_time,2024-01-01,2024-03-12,63,1267,4.2
74,Usera,casual,2024-07-01,2024-12-07,37,195,4.5
75,Puente de Vallecas,casual,2024-01-09,2024-07-22,48,236,4.7
76,San Blas - Canillejas,casual,2024-12-12,2024-12-31,6,26,4.9
77,Vicálvaro,casual,2024-09-25,2024-12-31,20,91,4.3
78,Carabanchel,part_time,2024-08-05,2024-12-31,70,616,4.1
79,Centro,part_time,2024-07-09,2024-12-31,80,694,3.9
80,Vicálvaro,part_time,2024-01-01,2024-01-19,8,74,4.4
81,Puente de Vallecas,part_time,2024-01-01,2024-02-08,16,139,4.5
82,Moncloa - Aravaca,casual,2024-04-11,2024-07-19,18,93,4.4
83,San Blas - Canillejas,part_time,2024-11-21,2024-12-31,14,105,3.8
84,Fuencarral - El Pardo,casual,2024-01-01,2024-02-21,16,86,4.2
85,Barajas,casual,2024-04-16,2024-07-06,21,101,3.6
86,Moncloa - Aravaca,casual,2024-08-06,2024-12-31,42,194,4.3
87,Carabanchel,part_time,2024-03-07,2024-05-20,34,322,3.8
88,Chamartín,casual,2024-11-24,2024-12-31,8,42,4.8
89,Fuencarral - El Pardo,casual,2024-12-01,2024-12-31,8,33,4.7
90,Usera,casual,2024-01-01,2024-01-25,4,12,4.6
91,Fuencarral - El Pardo,casual,2024-07-16,2024-09-28,14,74,3.7
92,San Blas - Canillejas,part_time,2024-01-01,2024-03-23,40,403,4.2
93,Villaverde,casual,2024-04-23,2024-07-17,20,83,3.8
94,Carabanchel,casual,2024-11-07,2024-12-31,9,41,3.6
95,Moratalaz,casual,2024-01-01,2024-02-11,7,42,4.1
96,Villaverde,part_time,2024-11-16,2024-12-31,22,205,4.0
97,Centro,casual,2024-12-28,2024-12-31,1,5,4.9
98,San Blas - Canillejas,casual,2024-07-10,2024-12-20,39,200,4.9
99,Moncloa - Aravaca,casual,2024-01-01,2024-09-17,54,260,4.9
100,Puente de Vallecas,full_time,2024-01-14,2024-04-27,82,1681,3.5
101,Centro,full_time,2024-02-15,2024-08-31,169,3370,4.3
102,Centro,part_time,2024-01-01,2024-03-23,33,283,3.5
103,Villaverde,casual,2024-01-01,2024-01-12,4,26,4.4
104,Villa de Vallecas,full_time,2024-01-01,2024-01-30,27,559,4.3
105,Centro,part_time,2024-08-05,2024-10-19,41,376,4.1
106,Moncloa - Aravaca,part_time,2024-01-01,2024-01-12,2,13,3.6
107,Carabanchel,casual,2024-02-13,2024-05-19,27,142,3.7
108,Retiro,casual,2024-08-03,2024-11-11,24,117,4.0
109,Moncloa - Aravaca,casual,2024-01-01,2024-03-20,16,76,3.9
110,Vicálvaro,full_time,2024-01-01,2024-08-30,194,3940,3.8
111,Moncloa - Aravaca,casual,2024-01-01,2024-01-15,3,21,4.8
112,Villa de Vallecas,casual,2024-01-01,2024-02-20,10,47,3.5
113,Centro,casual,2024-01-01,2024-06-13,36,190,3.8
114,Centro,part_time,2024-01-01,2024-04-02,40,380,4.9
115,Carabanchel,casual,2024-04-28,2024-08-09,35,173,4.8
116,Retiro,full_time,2024-01-01,2024-02-28,54,1082,4.0
117,San Blas - Canillejas,part_time,2024-02-24,2024-05-16,37,328,4.7
118,Moncloa - Aravaca,part_time,2024-06-16,2024-12-31,88,828,3.7
119,Moncloa - Aravaca,casual,2024-07-30,2024-10-18,19,90,4.5
120,Vicálvaro,part_time,2024-03-31,2024-06-20,38,315,4.8
121,Fuencarral - El Pardo,part_time,2024-11-29,2024-12-31,11,99,4.2
122,San Blas - Canillejas,part_time,2024-09-06,2024-12-31,61,560,3.8
123,Fuencarral - El Pardo,casual,2024-07-07,2024-09-30,19,92,4.4
124,Puente de Vallecas,casual,2024-02-20,2024-09-02,42,226,4.6
125,Villaverde,casual,2024-01-01,2024-01-28,5,22,4.8
126,Carabanchel,casual,2024-02-08,2024-08-17,42,232,4.1
127,Fuencarral - El Pardo,casual,2024-02-03,2024-12-31,79,376,3.9
128,Arganzuela,casual,2024-12-27,2024-12-31,1,10,4.5
129,Vicálvaro,casual,2024-12-09,2024-12-31,6,41,3.9
130,Barajas,part_time,2024-01-01,2024-02-21,23,215,3.9
131,Carabanchel,casual,2024-12-20,2024-12-31,5,26,3.8
132,Barajas,full_time,2024-09-16,2024-11-24,59,1139,4.1
133,Villaverde,part_time,2024-07-14,2024-12-31,71,611,4.2
134,Moncloa - Aravaca,casual,2024-11-18,2024-12-31,6,36,4.6
135,San Blas - Canillejas,part_time,2024-01-01,2024-06-28,82,757,3.7
136,Puente de Vallecas,casual,2024-01-31,2024-08-11,39,192,4.1
137,Usera,full_time,2024-11-05,2024-12-31,49,972,4.5
138,Vicálvaro,casual,2024-01-01,2024-02-15,9,45,4.3
139,Tetuán,part_time,2024-07-24,2024-12-31,77,685,4.7
140,Arganzuela,casual,2024-10-07,2024-12-29,25,127,4.8
141,Centro,casual,2024-10-29,2024-12-31,14,67,3.8
142,Carabanchel,casual,2024-01-01,2024-06-04,34,164,4.9
143,Puente de Vallecas,full_time,2024-08-07,2024-11-05,75,1475,4.8
144,Salamanca,part_time,2024-01-01,2024-02-07,18,161,4.0
145,Vicálvaro,casual,2024-10-27,2024-12-31,16,71,4.7
146,Carabanchel,casual,2024-05-17,2024-07-30,14,62,4.3
147,Chamberí,casual,2024-04-06,2024-12-31,71,384,4.7
148,Latina,casual,2024-09-16,2024-12-31,26,128,4.6
149,Puente de Vallecas,casual,2024-05-26,2024-08-12,19,113,4.9
150,San Blas - Canillejas,casual,2024-01-07,2024-12-31,90,459,3.8
151,Latina,part_time,2024-04-29,2024-08-01,46,411,4.6
152,Arganzuela,full_time,2024-03-15,2024-12-31,249,5016,3.5
153,Centro,casual,2024-06-08,2024-12-31,50,260,4.9
154,Vicálvaro,part_time,2024-10-07,2024-12-18,24,205,3.8
155,Moncloa - Aravaca,casual,2024-01-01,2024-01-17,6,28,4.1
156,Puente de Vallecas,part_time,2024-01-01,2024-07-13,69,647,4.8
157,Salamanca,casual,2024-04-25,2024-07-09,19,106,4.2
158,Villaverde,part_time,2024-01-01,2024-02-15,19,172,4.5
159,Salamanca,part_time,2024-08-19,2024-12-31,70,652,4.0
160,Moncloa - Aravaca,part_time,2024-06-04,2024-08-18,27,266,4.3
161,San Blas - Canillejas,casual,2024-01-01,2024-01-01,1,5,4.8
162,Latina,full_time,2024-07-20,2024-10-08,62,1278,4.8
163,Moncloa - Aravaca,casual,2024-01-19,2024-06-26,38,182,4.2
164,Latina,casual,2024-09-02,2024-11-17,13,63,4.6
165,Puente de Vallecas,part_time,2024-01-01,2024-03-23,26,225,4.2
166,Carabanchel,casual,2024-01-01,2024-01-01,1,1,4.9
167,Moncloa - Aravaca,part_time,2024-01-01,2024-02-09,13,121,4.6
168,San Blas - Canillejas,part_time,2024-02-25,2024-08-31,86,769,4.1
169,Moncloa - Aravaca,casual,2024-09-12,2024-11-23,13,52,4.2
170,Puente de Vallecas,full_time,2024-06-02,2024-11-20,150,3092,3.8
171,Chamberí,casual,2024-01-01,2024-01-07,3,19,4.9
172,San Blas - Canillejas,casual,2024-05-30,2024-11-07,29,151,3.9
173,Chamartín,casual,2024-05-08,2024-08-08,23,106,3.8
174,Puente de Vallecas,full_time,2024-08-08,2024-12-31,122,2527,4.2
175,Moncloa - Aravaca,casual,2024-01-31,2024-04-26,20,113,4.6
176,Villa de Vallecas,casual,2024-06-09,2024-12-31,46,228,4.5
177,Tetuán,casual,2024-07-10,2024-10-27,27,171,3.9
178,San Blas - Canillejas,full_time,2024-07-19,2024-09-29,55,1183,3.9
179,Fuencarral - El Pardo,full_time,2024-02-10,2024-08-09,155,3043,3.9
180,Tetuán,part_time,2024-01-01,2024-01-06,2,12,4.4
181,Centro,full_time,2024-01-11,2024-03-22,63,1280,4.9
182,San Blas - Canillejas,full_time,2024-09-09,2024-12-31,88,1743,4.8
183,Hortaleza,casual,2024-06-12,2024-11-21,26,126,4.3
184,Puente de Vallecas,casual,2024-05-12,2024-11-15,40,201,4.1
185,Arganzuela,part_time,2024-01-25,2024-12-31,152,1396,4.1
186,Hortaleza,part_time,2024-01-01,2024-02-03,15,135,4.7
187,Puente de Vallecas,casual,2024-03-21,2024-05-31,5,28,4.5
188,Latina,casual,2024-03-29,2024-12-31,68,340,3.6
189,Hortaleza,part_time,2024-01-01,2024-02-25,26,238,3.6
190,Retiro,casual,2024-11-26,2024-12-31,9,44,4.2
191,Moncloa - Aravaca,full_time,2024-01-01,2024-02-04,29,560,4.3
192,Moncloa - Aravaca,casual,2024-08-03,2024-11-14,21,103,4.9
193,Ciudad Lineal,casual,2024-02-11,2024-05-20,18,97,3.7
194,Ciudad Lineal,part_time,2024-10-31,2024-12-31,27,238,4.7
195,Hortaleza,casual,2024-10-01,2024-12-31,15,96,4.8
196,Carabanchel,casual,2024-01-06,2024-06-29,47,238,4.1
197,Moncloa - Aravaca,part_time,2024-01-01,2024-11-24,156,1388,3.7
198,Fuencarral - El Pardo,full_time,2024-12-14,2024-12-31,16,310,3.9
199,Puente de Vallecas,casual,2024-07-09,2024-09-28,16,76,4.5
200,Chamartín,casual,2024-01-01,2024-01-04,1,1,3.6
201,Ciudad Lineal,part_time,2024-09-18,2024-12-28,47,387,4.8
202,Vicálvaro,full_time,2024-03-13,2024-06-15,80,1584,4.6
203,Carabanchel,casual,2024-01-01,2024-05-27,34,202,4.7
204,Latina,casual,2024-09-30,2024-12-31,19,97,4.6
205,Carabanchel,casual,2024-12-16,2024-12-31,3,24,3.7
206,Vicálvaro,casual,2024-01-01,2024-02-04,7,39,4.6
207,Centro,casual,2024-01-28,2024-08-05,36,164,4.4
208,Ciudad Lineal,part_time,2024-01-01,2024-07-23,93,823,3.6
209,San Blas - Canillejas,casual,2024-11-14,2024-12-31,16,81,3.9
210,Villa de Vallecas,casual,2024-10-18,2024-12-31,20,100,4.1
211,Moncloa - Aravaca,part_time,2024-11-08,2024-12-31,25,235,4.3
212,Latina,part_time,2024-01-01,2024-01-20,6,49,3.8
213,Centro,casual,2024-01-01,2024-01-27,7,44,4.3
214,Carabanchel,part_time,2024-05-07,2024-10-20,71,692,4.9
215,Latina,part_time,2024-01-01,2024-03-17,38,318,4.0
216,Villaverde,part_time,2024-01-01,2024-02-23,23,196,3.7
217,Ciudad Lineal,casual,2024-02-07,2024-04-25,23,101,4.2
218,Carabanchel,casual,2024-07-24,2024-12-31,29,162,4.2
219,Ciudad Lineal,full_time,2024-08-10,2024-10-21,62,1226,4.9
220,Tetuán,casual,2024-09-21,2024-12-31,29,158,4.2
221,Carabanchel,casual,2024-01-01,2024-01-29,8,33,3.9
222,Puente de Vallecas,casual,2024-08-26,2024-12-31,20,111,3.8
223,Hortaleza,part_time,2024-04-01,2024-09-21,81,779,3.6
224,Villaverde,full_time,2024-02-10,2024-05-28,95,1875,4.6
225,Centro,casual,2024-07-08,2024-10-02,20,93,3.9
226,Fuencarral - El Pardo,full_time,2024-10-04,2024-12-17,60,1111,4.7
227,Latina,casual,2024-01-01,2024-02-17,8,38,4.3
228,Villaverde,part_time,2024-09-17,2024-12-31,43,407,4.6
229,Puente de Vallecas,part_time,2024-06-14,2024-09-21,53,443,3.8
230,Arganzuela,casual,2024-06-07,2024-12-03,38,214,3.7
231,Ciudad Lineal,casual,2024-10-28,2024-12-31,23,119,4.1
232,Moncloa - Aravaca,casual,2024-06-08,2024-12-31,41,214,4.0
233,Chamberí,full_time,2024-06-17,2024-10-04,95,1882,4.3
234,Tetuán,part_time,2024-03-13,2024-05-28,44,388,4.6
235,Hortaleza,full_time,2024-05-26,2024-08-17,69,1400,4.9
236,Centro,part_time,2024-09-05,2024-12-31,54,466,4.4
237,San Blas - Canillejas,casual,2024-12-29,2024-12-31,1,1,3.8
238,Carabanchel,part_time,2024-08-25,2024-12-31,54,497,3.9
239,Barajas,casual,2024-09-10,2024-12-31,31,154,4.9
240,Carabanchel,casual,2024-08-11,2024-11-26,26,145,3.8
241,Fuencarral - El Pardo,part_time,2024-08-29,2024-12-31,55,525,3.6
242,Latina,part_time,2024-01-01,2024-06-26,97,890,4.9
243,Villa de Vallecas,casual,2024-04-10,2024-07-13,21,103,3.5
244,Salamanca,casual,2024-02-11,2024-12-31,76,362,4.6
245,Moncloa - Aravaca,part_time,2024-02-06,2024-12-31,159,1526,3.7
246,Carabanchel,full_time,2024-03-12,2024-12-31,237,4809,4.5
247,Tetuán,part_time,2024-12-12,2024-12-31,8,80,3.8
248,Hortaleza,casual,2024-10-25,2024-12-31,13,62,4.8
249,Moncloa - Aravaca,casual,2024-10-02,2024-12-31,20,111,3.6
250,Carabanchel,casual,2024-10-12,2024-12-31,21,110,4.0
251,Retiro,part_time,2024-09-14,2024-12-31,55,526,4.7
252,Tetuán,full_time,2024-08-11,2024-10-27,66,1313,4.4
253,Centro,casual,2024-01-01,2024-07-06,43,215,4.1
254,Chamartín,casual,2024-10-28,2024-12-31,16,85,4.2
255,Barajas,casual,2024-02-21,2024-05-01,16,73,4.3
256,Arganzuela,part_time,2024-08-24,2024-12-06,43,410,5.0
257,Latina,part_time,2024-01-01,2024-03-01,23,204,4.5
258,Salamanca,casual,2024-06-09,2024-09-05,22,103,4.2
259,Villaverde,casual,2024-03-02,2024-05-22,14,66,4.0
260,Latina,part_time,2024-08-16,2024-11-22,49,452,4.3
261,Puente de Vallecas,casual,2024-10-28,2024-12-31,14,57,4.9
262,Salamanca,part_time,2024-01-01,2024-01-12,3,17,3.8
263,Fuencarral - El Pardo,casual,2024-01-01,2024-02-20,11,52,4.0
264,Latina,casual,2024-11-28,2024-12-31,10,37,3.6
265,Moncloa - Aravaca,full_time,2024-02-04,2024-04-14,54,1041,4.4
266,Moncloa - Aravaca,casual,2024-09-02,2024-11-21,15,74,4.7
267,Carabanchel,casual,2024-10-08,2024-12-31,18,93,4.4
268,Centro,casual,2024-09-02,2024-12-10,29,140,4.7
269,Villa de Vallecas,casual,2024-01-01,2024-01-16,3,19,4.7
270,Fuencarral - El Pardo,casual,2024-09-02,2024-12-01,29,132,5.0
271,Usera,casual,2024-12-13,2024-12-31,5,27,4.2
272,Moratalaz,casual,2024-01-26,2024-07-17,48,252,3.6
273,Latina,casual,2024-08-22,2024-11-19,23,109,4.3
274,Villa de Vallecas,part_time,2024-01-01,2024-06-01,79,673,4.7
275,Vicálvaro,part_time,2024-12-30,2024-12-31,1,7,4.1
276,San Blas - Canillejas,casual,2024-01-01,2024-05-31,34,174,4.2
277,Hortaleza,casual,2024-02-08,2024-05-23,26,128,4.6
278,Vicálvaro,casual,2024-01-01,2024-04-01,18,90,3.5
279,Hortaleza,full_time,2024-11-29,2024-12-31,30,639,4.5
280,Centro,full_time,2024-02-22,2024-12-31,260,5085,4.6
281,Moncloa - Aravaca,casual,2024-01-01,2024-06-26,35,169,5.0
282,Chamartín,casual,2024-01-01,2024-03-01,14,71,4.6
283,Fuencarral - El Pardo,casual,2024-10-02,2024-12-31,20,91,3.7
284,Villa de Vallecas,casual,2024-01-01,2024-02-15,13,77,4.2
285,San Blas - Canillejas,part_time,2024-07-25,2024-10-15,37,349,4.1
286,Tetuán,casual,2024-07-07,2024-10-03,23,118,4.1
287,San Blas - Canillejas,casual,2024-07-18,2024-12-31,40,214,4.7
288,Villaverde,casual,2024-08-03,2024-11-19,21,90,4.4
289,Barajas,casual,2024-10-03,2024-12-31,16,67,4.6
290,San Blas - Canillejas,casual,2024-01-01,2024-01-18,8,33,4.6
291,Puente de Vallecas,part_time,2024-03-05,2024-08-15,66,549,4.5
292,Tetuán,casual,2024-01-01,2024-02-08,9,56,4.6
293,Retiro,full_time,2024-02-18,2024-08-03,138,2661,3.8
294,Fuencarral - El Pardo,casual,2024-06-10,2024-09-18,16,81,3.6
295,Villaverde,part_time,2024-03-10,2024-12-31,136,1269,3.7
296,Carabanchel,full_time,2024-11-27,2024-12-31,30,571,4.7
297,Chamberí,full_time,2024-11-27,2024-12-31,32,637,4.9
298,Villa de Vallecas,part_time,2024-02-21,2024-05-21,47,435,4.9
299,Salamanca,part_time,2024-08-22,2024-11-02,28,232,3.5
300,Moncloa - Aravaca,part_time,2024-06-04,2024-12-31,99,876,5.0
301,Carabanchel,part_time,2024-12-12,2024-12-31,10,81,4.8
302,San Blas - Canillejas,casual,2024-01-01,2024-02-07,11,51,3.8
303,Carabanchel,casual,2024-03-27,2024-12-31,66,306,4.3
304,Carabanchel,casual,2024-04-13,2024-06-29,12,60,5.0
305,Moncloa - Aravaca,full_time,2024-03-21,2024-06-01,60,1118,4.2
306,Carabanchel,casual,2024-06-13,2024-11-20,35,174,4.9
307,Moncloa - Aravaca,casual,2024-02-13,2024-05-05,24,132,4.3
308,Centro,part_time,2024-01-01,2024-01-27,14,134,4.0
309,Latina,casual,2024-09-01,2024-12-31,24,131,3.7
310,Moncloa - Aravaca,casual,2024-01-01,2024-02-08,15,75,3.7
311,Ciudad Lineal,casual,2024-01-02,2024-06-27,46,248,4.6
312,Ciudad Lineal,casual,2024-03-10,2024-12-31,66,330,4.0
313,Hortaleza,casual,2024-07-17,2024-10-03,15,71,4.1
314,Centro,casual,2024-07-08,2024-12-19,36,189,4.9
315,Chamberí,casual,2024-12-29,2024-12-31,1,5,3.8
316,Hortaleza,casual,2024-04-14,2024-06-24,19,97,4.1
317,Arganzuela,casual,2024-01-01,2024-03-14,17,92,4.9
318,Fuencarral - El Pardo,part_time,2024-01-01,2024-03-03,32,287,4.9
319,Fuencarral - El Pardo,casual,2024-05-17,2024-08-26,26,145,4.7
320,Usera,full_time,2024-03-17,2024-06-29,88,1852,4.1
321,Ciudad Lineal,full_time,2024-11-14,2024-12-31,44,866,3.7
322,Villaverde,casual,2024-04-12,2024-10-02,35,188,4.7
323,Chamartín,casual,2024-04-16,2024-08-01,23,124,4.8
324,Chamberí,casual,2024-10-28,2024-12-31,17,77,4.6
325,Carabanchel,part_time,2024-08-06,2024-12-31,66,603,4.0
326,Moncloa - Aravaca,part_time,2024-08-29,2024-11-06,33,309,4.5
327,Moncloa - Aravaca,part_time,2024-06-01,2024-08-26,40,364,4.6
328,Vicálvaro,casual,2024-01-19,2024-04-16,25,148,4.8
329,Centro,part_time,2024-05-07,2024-11-09,89,798,3.7
330,Villaverde,casual,2024-01-01,2024-02-21,16,85,3.9
331,Moncloa - Aravaca,part_time,2024-01-28,2024-12-31,152,1319,4.1
332,Hortaleza,casual,2024-10-13,2024-12-31,19,86,4.7
333,Carabanchel,part_time,2024-05-25,2024-08-22,44,401,4.8
334,Moratalaz,full_time,2024-01-01,2024-02-05,26,554,3.9
335,Tetuán,casual,2024-01-01,2024-01-15,3,16,4.3
336,Moncloa - Aravaca,part_time,2024-11-01,2024-12-31,26,247,4.4
337,Ciudad Lineal,casual,2024-01-01,2024-05-05,25,114,3.7
338,San Blas - Canillejas,part_time,2024-05-25,2024-08-31,52,438,4.7
339,Arganzuela,casual,2024-07-21,2024-12-31,35,167,4.2
340,Moncloa - Aravaca,full_time,2024-01-01,2024-05-19,113,2275,4.8
341,Carabanchel,casual,2024-08-29,2024-12-16,17,88,4.3
342,Moncloa - Aravaca,full_time,2024-01-01,2024-02-24,45,871,4.7
343,Salamanca,part_time,2024-09-13,2024-11-21,36,308,3.6
344,Salamanca,part_time,2024-01-01,2024-01-31,14,104,4.2
345,Carabanchel,part_time,2024-02-02,2024-05-08,48,441,4.1
346,Latina,part_time,2024-01-01,2024-07-06,95,801,3.8
347,Vicálvaro,full_time,2024-11-13,2024-12-31,45,863,4.3
348,Carabanchel,casual,2024-06-06,2024-08-27,16,71,4.6
349,Carabanchel,part_time,2024-10-20,2024-12-31,29,308,4.2
350,Carabanchel,casual,2024-06-26,2024-09-19,14,79,4.7
351,Tetuán,part_time,2024-10-08,2024-12-19,36,298,3.9
352,Salamanca,casual,2024-05-05,2024-10-22,38,188,3.9
353,Carabanchel,part_time,2024-01-01,2024-11-22,140,1204,3.8
354,Moncloa - Aravaca,part_time,2024-06-23,2024-12-31,83,695,4.7
355,San Blas - Canillejas,casual,2024-02-15,2024-05-08,18,83,3.7
356,San Blas - Canillejas,casual,2024-11-25,2024-12-31,10,37,3.7
357,Fuencarral - El Pardo,part_time,2024-11-19,2024-12-31,20,183,3.5
358,Fuencarral - El Pardo,part_time,2024-01-01,2024-02-02,13,114,4.1
359,Moncloa - Aravaca,casual,2024-11-16,2024-12-31,8,41,4.2
360,Hortaleza,part_time,2024-01-04,2024-03-21,37,349,4.2
361,Usera,full_time,2024-05-13,2024-12-31,200,4007,4.6
362,San Blas - Canillejas,casual,2024-10-13,2024-12-31,27,144,4.1
363,Arganzuela,casual,2024-01-01,2024-05-09,31,159,3.5
364,Usera,casual,2024-01-01,2024-03-22,9,53,4.4
365,Latina,part_time,2024-08-22,2024-12-31,66,590,3.8
366,Villa de Vallecas,casual,2024-01-01,2024-11-19,84,404,3.5
367,Fuencarral - El Pardo,part_time,2024-01-01,2024-12-21,155,1352,4.7
368,Ciudad Lineal,part_time,2024-08-19,2024-12-31,62,501,3.9
369,Salamanca,casual,2024-01-15,2024-04-29,21,81,4.6
370,Ciudad Lineal,full_time,2024-01-01,2024-02-13,39,813,4.5
371,San Blas - Canillejas,part_time,2024-12-01,2024-12-31,11,88,4.8
372,Vicálvaro,casual,2024-08-19,2024-11-09,20,95,4.0
373,Moncloa - Aravaca,casual,2024-04-21,2024-12-31,69,304,4.5
374,Hortaleza,casual,2024-03-16,2024-05-24,17,89,4.4
375,Hortaleza,casual,2024-12-29,2024-12-31,1,7,4.7
376,Moncloa - Aravaca,casual,2024-01-17,2024-04-10,16,81,4.0
377,Tetuán,full_time,2024-01-01,2024-05-10,113,2301,4.4
378,Ciudad Lineal,casual,2024-02-21,2024-05-27,15,92,4.3
379,Barajas,casual,2024-09-05,2024-11-28,13,67,3.6
380,Tetuán,part_time,2024-01-01,2024-06-22,75,637,3.6
381,Villa de Vallecas,part_time,2024-03-01,2024-05-19,37,384,4.9
382,Moncloa - Aravaca,full_time,2024-05-27,2024-09-03,89,1769,4.5
383,Carabanchel,part_time,2024-04-20,2024-12-31,120,1052,4.4
384,Puente de Vallecas,casual,2024-01-01,2024-04-16,32,161,4.6
385,Moncloa - Aravaca,casual,2024-07-21,2024-11-04,27,150,3.5
386,Villaverde,full_time,2024-01-19,2024-08-01,166,3189,3.8
387,Puente de Vallecas,part_time,2024-03-12,2024-06-04,43,387,4.5
388,Salamanca,full_time,2024-01-01,2024-02-07,32,657,4.6
389,Moncloa - Aravaca,casual,2024-12-18,2024-12-31,6,36,4.4
390,Salamanca,full_time,2024-08-18,2024-11-02,64,1295,4.1
391,Tetuán,part_time,2024-01-01,2024-02-16,18,183,4.4
392,Villa de Vallecas,casual,2024-03-07,2024-06-22,30,162,4.5
393,San Blas - Canillejas,part_time,2024-01-01,2024-02-27,28,271,4.1
394,Centro,part_time,2024-04-22,2024-10-27,78,685,4.3
395,Tetuán,casual,2024-08-22,2024-11-03,16,80,3.6
396,Chamberí,casual,2024-01-01,2024-02-11,13,71,3.8
397,Carabanchel,part_time,2024-11-05,2024-12-31,22,188,4.7
398,Chamartín,casual,2024-03-23,2024-06-18,21,98,4.1
399,Hortaleza,casual,2024-01-01,2024-06-16,31,169,4.7
400,Puente de Vallecas,casual,2024-01-01,2024-02-27,15,67,4.5
401,Chamartín,casual,2024-01-01,2024-03-07,14,69,4.0
402,Fuencarral - El Pardo,full_time,2024-10-22,2024-12-31,54,1094,4.7
403,Carabanchel,part_time,2024-05-08,2024-08-06,33,285,3.7
404,Carabanchel,casual,2024-09-13,2024-12-31,32,158,3.7
405,Carabanchel,full_time,2024-01-01,2024-05-04,104,2013,4.1
406,Carabanchel,full_time,2024-01-01,2024-08-20,190,3868,4.5
407,Fuencarral - El Pardo,casual,2024-04-01,2024-07-11,24,109,3.9
408,San Blas - Canillejas,part_time,2024-05-05,2024-07-19,34,302,4.0
409,San Blas - Canillejas,casual,2024-01-01,2024-02-13,9,38,4.8
410,Carabanchel,full_time,2024-01-01,2024-01-21,18,381,4.8
411,Carabanchel,part_time,2024-12-29,2024-12-31,1,11,4.9
412,Hortaleza,part_time,2024-06-29,2024-12-31,86,768,3.5
413,Carabanchel,casual,2024-01-01,2024-01-31,6,30,4.7
414,Fuencarral - El Pardo,full_time,2024-08-29,2024-12-31,104,2033,4.6
415,Carabanchel,casual,2024-03-06,2024-06-19,18,89,3.9
416,Moncloa - Aravaca,casual,2024-10-01,2024-12-26,20,93,3.8
417,Vicálvaro,casual,2024-12-08,2024-12-31,1,4,3.6
418,Moncloa - Aravaca,part_time,2024-01-01,2024-01-20,8,90,4.7
419,San Blas - Canillejas,casual,2024-12-16,2024-12-31,5,20,4.4
420,Villa de Vallecas,full_time,2024-01-01,2024-03-18,60,1223,3.5
421,Carabanchel,part_time,2024-01-01,2024-06-11,72,663,3.8
422,Hortaleza,casual,2024-07-14,2024-10-14,25,146,4.7
423,Ciudad Lineal,casual,2024-08-27,2024-11-14,22,103,4.4
424,Fuencarral - El Pardo,casual,2024-01-01,2024-03-17,17,81,4.8
425,Latina,part_time,2024-01-01,2024-03-05,27,249,3.7
426,Vicálvaro,part_time,2024-02-07,2024-05-11,56,506,4.9
427,Retiro,casual,2024-01-01,2024-08-21,52,295,3.8
428,Chamberí,part_time,2024-01-01,2024-06-23,83,731,4.0
429,Fuencarral - El Pardo,casual,2024-01-01,2024-03-19,19,74,4.9
430,Barajas,part_time,2024-12-15,2024-12-31,8,58,4.0
431,Carabanchel,full_time,2024-09-10,2024-12-31,94,1886,4.4
432,San Blas - Canillejas,part_time,2024-12-20,2024-12-31,5,36,4.0
433,San Blas - Canillejas,part_time,2024-01-01,2024-03-14,34,307,4.6
434,Moncloa - Aravaca,part_time,2024-01-01,2024-02-25,30,289,4.0
435,Centro,casual,2024-06-09,2024-08-25,19,72,4.2
436,Villaverde,casual,2024-07-17,2024-09-24,19,88,3.6
437,Fuencarral - El Pardo,casual,2024-07-12,2024-10-26,30,155,4.9
438,Ciudad Lineal,casual,2024-01-01,2024-02-11,12,68,4.9
439,Retiro,part_time,2024-09-10,2024-12-31,47,417,4.7
440,Carabanchel,part_time,2024-04-01,2024-09-20,82,723,4.8
441,Carabanchel,full_time,2024-03-20,2024-06-16,78,1548,4.4
442,Hortaleza,casual,2024-01-04,2024-12-31,71,335,3.6
443,Moncloa - Aravaca,part_time,2024-01-01,2024-01-22,9,83,3.6
444,Moncloa - Aravaca,casual,2024-01-01,2024-04-10,21,97,4.7
445,Puente de Vallecas,casual,2024-12-30,2024-12-31,1,1,4.3
446,Vicálvaro,part_time,2024-06-02,2024-09-18,45,385,3.9
447,Tetuán,full_time,2024-01-01,2024-02-06,31,614,3.6
448,Moncloa - Aravaca,part_time,2024-02-11,2024-05-14,37,323,5.0
449,Chamartín,casual,2024-01-01,2024-05-11,38,184,3.6
450,Tetuán,part_time,2024-11-27,2024-12-31,17,150,4.0
451,Ciudad Lineal,casual,2024-10-03,2024-12-31,23,109,4.5
452,San Blas - Canillejas,full_time,2024-04-26,2024-10-27,152,2945,4.4
453,San Blas - Canillejas,part_time,2024-11-27,2024-12-31,16,126,3.7
454,Villaverde,casual,2024-03-23,2024-06-17,22,107,4.4
455,Hortaleza,casual,2024-10-31,2024-12-31,17,70,4.0
456,Fuencarral - El Pardo,casual,2024-01-01,2024-12-07,72,382,3.8
457,Carabanchel,full_time,2024-10-11,2024-12-31,66,1316,4.4
458,Puente de Vallecas,casual,2024-11-17,2024-12-31,16,77,4.9
459,Vicálvaro,part_time,2024-04-22,2024-08-06,44,379,4.6
460,Latina,part_time,2024-01-01,2024-03-21,41,360,3.7
461,Moncloa - Aravaca,part_time,2024-01-01,2024-04-15,45,419,3.8
462,Moratalaz,casual,2024-01-01,2024-06-11,35,160,4.2
463,Puente de Vallecas,full_time,2024-01-01,2024-05-05,111,2212,3.5
464,Carabanchel,casual,2024-03-26,2024-06-26,23,125,3.5
465,Ciudad Lineal,part_time,2024-01-11,2024-12-31,157,1419,3.9
466,Carabanchel,part_time,2024-01-01,2024-02-08,13,124,3.7
467,Arganzuela,part_time,2024-10-26,2024-12-31,33,300,4.3
468,Ciudad Lineal,full_time,2024-01-01,2024-01-02,1,17,3.6
469,Centro,casual,2024-01-01,2024-03-04,14,65,3.9
470,Centro,casual,2024-01-01,2024-01-04,1,1,3.6
471,Moncloa - Aravaca,casual,2024-12-25,2024-12-31,3,18,4.3
472,Puente de Vallecas,casual,2024-04-17,2024-06-29,15,73,4.0
473,Latina,casual,2024-01-01,2024-04-18,27,121,3.6
474,Moncloa - Aravaca,casual,2024-01-01,2024-03-27,18,92,4.0
475,Vicálvaro,casual,2024-03-29,2024-06-12,14,63,3.5
476,Centro,casual,2024-12-20,2024-12-31,4,21,4.7
477,Carabanchel,casual,2024-06-08,2024-09-07,16,103,4.0
478,Hortaleza,part_time,2024-01-01,2024-09-15,130,1103,4.5
479,Carabanchel,part_time,2024-03-05,2024-06-21,42,372,4.6
480,Arganzuela,casual,2024-01-01,2024-02-22,14,80,4.3
481,San Blas - Canillejas,casual,2024-05-21,2024-08-28,16,95,4.4
482,Retiro,casual,2024-04-25,2024-07-03,16,77,4.1
483,Ciudad Lineal,part_time,2024-08-04,2024-12-31,68,607,4.1
484,Carabanchel,casual,2024-01-15,2024-03-24,14,80,4.0
485,Fuencarral - El Pardo,casual,2024-01-01,2024-02-29,10,54,3.6
486,Latina,casual,2024-03-03,2024-12-31,71,372,4.0
487,Carabanchel,casual,2024-09-06,2024-11-29,19,91,4.2
488,Ciudad Lineal,casual,2024-03-27,2024-10-04,50,264,3.7
489,Barajas,part_time,2024-09-24,2024-12-31,42,367,4.9
490,Centro,part_time,2024-09-06,2024-12-31,55,499,3.5
491,Usera,part_time,2024-11-16,2024-12-31,17,146,3.8
492,Salamanca,part_time,2024-04-01,2024-06-15,39,361,4.5
493,Hortaleza,part_time,2024-10-23,2024-12-31,27,246,4.7
494,San Blas - Canillejas,casual,2024-08-21,2024-11-17,22,122,4.2
495,Centro,part_time,2024-07-13,2024-10-11,41,370,4.4
496,Hortaleza,casual,2024-05-02,2024-10-28,45,227,3.9
497,Carabanchel,casual,2024-01-01,2024-01-12,2,12,4.9
498,Hortaleza,part_time,2024-06-17,2024-09-09,35,339,4.5
499,Villa de Vallecas,casual,2024-09-18,2024-12-31,30,163,3.7
500,Arganzuela,casual,2024-12-26,2024-12-31,2,9,4.6
501,Hortaleza,part_time,2024-02-22,2024-08-27,88,744,3.7
502,Carabanchel,full_time,2024-12-24,2024-12-31,7,137,4.1
503,Villaverde,full_time,2024-01-01,2024-03-21,64,1284,4.2
504,Tetuán,casual,2024-12-01,2024-12-31,7,20,4.6
505,Hortaleza,casual,2024-07-03,2024-09-18,23,103,5.0
506,Villa de Vallecas,part_time,2024-07-06,2024-12-17,73,619,4.1
507,Villaverde,casual,2024-02-26,2024-12-31,77,383,4.5
508,Moncloa - Aravaca,part_time,2024-12-22,2024-12-31,7,70,4.5
509,San Blas - Canillejas,casual,2024-01-01,2024-01-21,5,23,3.8
510,Fuencarral - El Pardo,casual,2024-04-18,2024-06-27,15,66,4.5
511,Fuencarral - El Pardo,casual,2024-11-05,2024-12-31,12,66,4.8
512,Puente de Vallecas,part_time,2024-01-01,2024-04-04,37,316,4.3
513,Fuencarral - El Pardo,casual,2024-02-21,2024-12-31,84,418,4.2
514,Usera,casual,2024-05-20,2024-09-04,19,98,4.5
515,San Blas - Canillejas,casual,2024-10-01,2024-12-31,17,73,4.7
516,Barajas,casual,2024-11-26,2024-12-31,9,61,3.8
517,Latina,casual,2024-01-01,2024-05-22,31,138,3.7
518,Ciudad Lineal,part_time,2024-07-17,2024-12-31,75,657,4.5
519,Chamartín,casual,2024-06-09,2024-09-05,25,145,3.6
520,Fuencarral - El Pardo,part_time,2024-06-27,2024-12-31,87,789,4.7
521,Moncloa - Aravaca,full_time,2024-01-01,2024-04-04,78,1616,4.0
522,Hortaleza,casual,2024-01-01,2024-05-28,38,194,3.7
523,Vicálvaro,casual,2024-06-07,2024-09-10,15,69,4.6
524,Usera,part_time,2024-01-01,2024-01-02,2,18,3.8
525,Moncloa - Aravaca,casual,2024-07-28,2024-12-31,33,167,4.1
526,Moncloa - Aravaca,casual,2024-01-01,2024-04-01,18,88,4.1
527,Usera,full_time,2024-11-29,2024-12-31,28,561,4.7
528,Centro,full_time,2024-10-18,2024-12-31,63,1236,3.9
529,Hortaleza,part_time,2024-07-07,2024-10-19,36,322,4.4
530,Carabanchel,casual,2024-11-12,2024-12-31,9,43,5.0
531,Fuencarral - El Pardo,part_time,2024-12-22,2024-12-31,6,44,4.4
532,Carabanchel,part_time,2024-07-24,2024-12-31,81,766,3.7
533,Vicálvaro,casual,2024-07-15,2024-10-10,30,151,3.9
534,Carabanchel,part_time,2024-01-01,2024-11-20,158,1371,4.3
535,Villaverde,casual,2024-09-24,2024-12-31,20,93,4.0
536,Vicálvaro,casual,2024-08-15,2024-11-26,16,98,4.3
537,Carabanchel,casual,2024-05-13,2024-07-26,10,50,4.3
538,Moratalaz,casual,2024-05-14,2024-08-20,28,149,4.6
539,Chamberí,casual,2024-01-01,2024-05-07,30,138,4.4
540,Salamanca,part_time,2024-07-30,2024-12-31,63,541,4.5
541,Hortaleza,full_time,2024-11-04,2024-12-31,48,952,3.8
542,Vicálvaro,part_time,2024-01-01,2024-01-08,5,43,4.1
543,San Blas - Canillejas,part_time,2024-01-01,2024-02-18,18,169,4.7
544,Centro,full_time,2024-12-27,2024-12-31,3,56,4.6
545,Puente de Vallecas,casual,2024-01-01,2024-05-07,20,104,3.8
546,Vicálvaro,casual,2024-09-05,2024-11-25,18,88,3.6
547,Moncloa - Aravaca,casual,2024-03-19,2024-09-22,53,258,4.5
548,San Blas - Canillejas,casual,2024-05-27,2024-08-25,17,72,4.2
549,Salamanca,part_time,2024-01-01,2024-02-27,25,227,4.1
550,Ciudad Lineal,casual,2024-01-01,2024-03-14,19,89,3.5
551,Arganzuela,casual,2024-05-10,2024-11-19,47,228,4.1
552,Carabanchel,casual,2024-03-23,2024-06-21,14,67,3.8
553,Chamartín,casual,2024-09-09,2024-12-31,33,148,3.6
554,Vicálvaro,full_time,2024-12-16,2024-12-31,15,326,4.1
555,Centro,casual,2024-09-19,2024-12-31,27,127,4.7
556,Moncloa - Aravaca,casual,2024-02-16,2024-08-06,39,202,4.8
557,Moncloa - Aravaca,casual,2024-01-01,2024-12-09,86,442,3.9
558,Latina,casual,2024-01-01,2024-03-12,16,65,3.9
559,Fuencarral - El Pardo,part_time,2024-08-12,2024-11-18,39,327,3.6
560,Carabanchel,casual,2024-01-01,2024-11-21,84,412,4.9
561,Usera,casual,2024-10-25,2024-12-31,17,76,3.6
562,Villa de Vallecas,casual,2024-04-21,2024-12-31,66,342,4.9
563,Villaverde,part_time,2024-01-01,2024-04-02,44,371,4.5
564,Latina,part_time,2024-01-01,2024-10-27,148,1333,4.7
565,Latina,part_time,2024-07-12,2024-12-27,78,741,3.8
566,Chamartín,part_time,2024-09-19,2024-12-31,50,449,4.4
567,Villaverde,part_time,2024-01-24,2024-07-03,70,655,3.7
568,Vicálvaro,casual,2024-08-09,2024-10-19,18,83,4.5
569,Moncloa - Aravaca,casual,2024-01-01,2024-03-22,17,73,4.4
570,Centro,casual,2024-11-20,2024-12-31,8,54,4.7
571,Vicálvaro,casual,2024-06-21,2024-09-18,16,88,4.5
572,Chamartín,part_time,2024-07-18,2024-12-31,80,769,5.0
573,Salamanca,casual,2024-03-28,2024-07-02,23,115,4.2
574,Hortaleza,part_time,2024-11-30,2024-12-31,13,131,4.3
575,Tetuán,full_time,2024-08-29,2024-11-16,61,1222,3.6
576,Tetuán,casual,2024-01-01,2024-03-11,10,54,3.7
577,Villaverde,full_time,2024-02-09,2024-12-31,264,5221,3.8
578,Ciudad Lineal,part_time,2024-02-13,2024-04-30,35,308,3.7
579,Barajas,full_time,2024-10-05,2024-12-31,75,1436,3.7
580,Villaverde,casual,2024-09-28,2024-12-06,14,62,3.9
581,Villa de Vallecas,casual,2024-05-22,2024-08-06,18,95,3.9
582,San Blas - Canillejas,casual,2024-02-24,2024-05-14,21,123,4.5
583,Carabanchel,casual,2024-10-15,2024-12-31,25,121,4.2
584,Latina,casual,2024-10-24,2024-12-31,10,54,4.9
585,San Blas - Canillejas,full_time,2024-01-05,2024-12-31,298,5986,4.0
586,Salamanca,part_time,2024-07-28,2024-12-31,67,616,3.6
587,Vicálvaro,casual,2024-02-16,2024-05-07,20,95,4.8
588,Villa de Vallecas,casual,2024-03-12,2024-06-06,23,111,4.8
589,Tetuán,casual,2024-12-05,2024-12-31,6,29,4.0
590,Ciudad Lineal,casual,2024-08-05,2024-12-31,30,155,3.6
591,Arganzuela,full_time,2024-01-01,2024-02-02,26,514,4.8
592,Carabanchel,casual,2024-05-05,2024-07-21,19,91,4.9
593,Barajas,casual,2024-03-23,2024-07-05,22,128,5.0
594,Villa de Vallecas,part_time,2024-01-16,2024-04-15,40,385,4.1
595,Moratalaz,casual,2024-12-29,2024-12-31,1,1,3.7
596,Moncloa - Aravaca,casual,2024-01-01,2024-03-01,10,56,4.1
597,Usera,part_time,2024-02-23,2024-05-23,36,339,4.4
598,Hortaleza,part_time,2024-10-22,2024-12-31,32,285,3.6
599,Carabanchel,full_time,2024-01-01,2024-03-14,59,1139,3.9
600,Hortaleza,part_time,2024-02-04,2024-07-19,91,785,4.9
601,Moncloa - Aravaca,casual,2024-07-15,2024-10-21,17,87,3.6
602,Hortaleza,part_time,2024-02-21,2024-06-08,54,457,3.7
603,Arganzuela,full_time,2024-02-06,2024-08-15,162,3297,4.4
604,Vicálvaro,part_time,2024-06-06,2024-09-12,43,389,4.9
605,Chamartín,full_time,2024-12-05,2024-12-31,22,449,4.9
606,Barajas,part_time,2024-11-03,2024-12-31,33,304,3.9
607,Arganzuela,full_time,2024-01-01,2024-02-21,42,809,4.4
608,Retiro,casual,2024-06-18,2024-09-16,19,101,4.9
609,Barajas,part_time,2024-07-20,2024-11-05,56,511,4.4
610,Villa de Vallecas,casual,2024-01-03,2024-06-24,43,241,3.8
611,Carabanchel,part_time,2024-01-24,2024-05-03,45,400,4.5
612,Chamartín,part_time,2024-07-10,2024-09-17,38,362,4.3
613,Puente de Vallecas,full_time,2024-04-11,2024-07-06,73,1445,4.2
614,Carabanchel,full_time,2024-11-17,2024-12-31,37,704,4.2
615,Moncloa - Aravaca,casual,2024-01-01,2024-03-28,22,102,3.7
616,Puente de Vallecas,part_time,2024-01-01,2024-01-23,9,86,4.7
617,Salamanca,part_time,2024-10-19,2024-12-31,40,354,4.0
618,San Blas - Canillejas,casual,2024-11-16,2024-12-31,11,60,3.8
619,Villaverde,casual,2024-04-19,2024-07-01,18,105,4.2
620,Fuencarral - El Pardo,casual,2024-09-14,2024-11-27,17,82,4.5
621,Hortaleza,part_time,2024-09-10,2024-12-31,55,508,4.3
622,Usera,casual,2024-02-02,2024-04-23,21,115,4.7
623,Hortaleza,full_time,2024-07-22,2024-11-04,79,1527,4.8
624,Ciudad Lineal,casual,2024-08-07,2024-12-31,36,168,4.4
625,Carabanchel,full_time,2024-03-24,2024-06-06,62,1241,4.3
626,Carabanchel,casual,2024-12-07,2024-12-31,3,12,4.4
627,San Blas - Canillejas,part_time,2024-12-16,2024-12-31,11,96,4.1
628,Chamartín,casual,2024-03-24,2024-09-25,35,196,4.2
629,Carabanchel,part_time,2024-01-01,2024-02-09,16,128,4.3
630,Villa de Vallecas,part_time,2024-11-26,2024-12-31,20,179,4.7
631,Carabanchel,full_time,2024-04-14,2024-10-13,155,3182,4.6
632,Vicálvaro,part_time,2024-01-01,2024-03-06,32,297,3.8
633,Vicálvaro,casual,2024-09-05,2024-11-15,18,92,5.0
634,San Blas - Canillejas,casual,2024-05-21,2024-12-31,53,279,4.9
635,San Blas - Canillejas,casual,2024-01-01,2024-03-15,14,69,3.9
636,Carabanchel,casual,2024-01-01,2024-07-17,49,245,5.0
637,Latina,part_time,2024-10-16,2024-12-31,37,326,4.3
638,Centro,part_time,2024-12-17,2024-12-31,4,39,3.8
639,Fuencarral - El Pardo,part_time,2024-04-10,2024-06-30,31,302,4.6
640,Moncloa - Aravaca,full_time,2024-01-01,2024-03-03,55,1051,3.6
641,Ciudad Lineal,part_time,2024-03-25,2024-06-02,32,260,4.5
642,Usera,part_time,2024-05-21,2024-08-18,35,336,4.8
643,Moncloa - Aravaca,casual,2024-02-14,2024-05-18,21,101,4.0
644,Tetuán,casual,2024-07-02,2024-10-14,27,115,4.0
645,San Blas - Canillejas,part_time,2024-01-01,2024-01-06,3,29,3.9
646,Carabanchel,full_time,2024-10-12,2024-12-22,56,1146,4.1
647,San Blas - Canillejas,casual,2024-10-22,2024-12-31,17,96,4.4
648,Usera,casual,2024-09-08,2024-12-31,21,102,4.6
649,Retiro,part_time,2024-01-01,2024-06-08,67,602,4.8
650,San Blas - Canillejas,casual,2024-07-22,2024-10-05,19,96,4.3
651,San Blas - Canillejas,casual,2024-01-09,2024-07-24,55,285,4.2
652,Centro,full_time,2024-02-09,2024-07-27,145,2918,4.1
653,Puente de Vallecas,part_time,2024-06-02,2024-12-31,91,863,4.4
654,San Blas - Canillejas,casual,2024-10-20,2024-12-31,18,107,3.7
655,Carabanchel,full_time,2024-10-13,2024-12-31,63,1230,4.2
656,Ciudad Lineal,casual,2024-01-01,2024-05-06,28,144,4.3
657,Centro,full_time,2024-07-22,2024-11-07,94,1885,4.4
658,Vicálvaro,casual,2024-01-01,2024-05-24,40,210,3.6
659,Ciudad Lineal,part_time,2024-06-08,2024-12-16,91,793,4.1
660,Barajas,casual,2024-01-14,2024-07-23,37,205,4.6
661,Hortaleza,casual,2024-07-31,2024-12-31,25,131,4.7
662,Salamanca,full_time,2024-11-28,2024-12-31,27,510,4.3
663,Vicálvaro,casual,2024-01-01,2024-07-26,56,270,4.8
664,Ciudad Lineal,casual,2024-10-23,2024-12-31,24,135,4.6
665,Chamartín,casual,2024-09-04,2024-12-02,21,115,4.7
666,Fuencarral - El Pardo,part_time,2024-05-11,2024-11-02,81,749,4.7
667,Carabanchel,part_time,2024-04-22,2024-10-06,78,739,4.6
668,Chamartín,full_time,2024-01-01,2024-08-21,185,3703,4.8
669,Arganzuela,casual,2024-01-15,2024-03-30,16,79,3.6
670,Usera,casual,2024-01-01,2024-02-07,6,31,4.3
671,Carabanchel,casual,2024-06-05,2024-12-31,49,241,4.7
672,Centro,part_time,2024-01-01,2024-04-15,52,489,3.7
673,San Blas - Canillejas,full_time,2024-04-09,2024-09-19,136,2759,3.7
674,San Blas - Canillejas,part_time,2024-11-10,2024-12-31,26,229,4.1
675,Fuencarral - El Pardo,part_time,2024-08-01,2024-11-06,46,411,4.3
676,Vicálvaro,casual,2024-01-01,2024-03-20,15,78,4.6
677,San Blas - Canillejas,full_time,2024-06-20,2024-12-31,166,3294,4.3
678,Usera,casual,2024-01-01,2024-04-10,28,171,3.8
679,Hortaleza,casual,2024-09-03,2024-12-31,23,99,4.8
680,Arganzuela,casual,2024-01-01,2024-02-12,13,58,3.9
681,Villa de Vallecas,casual,2024-01-01,2024-03-17,13,61,4.8
682,Puente de Vallecas,casual,2024-12-01,2024-12-31,10,67,4.2
683,Villa de Vallecas,casual,2024-02-16,2024-05-04,15,72,3.6
684,Ciudad Lineal,casual,2024-01-01,2024-04-20,21,101,4.2
685,San Blas - Canillejas,part_time,2024-01-19,2024-04-05,43,416,4.5
686,Latina,casual,2024-03-19,2024-06-11,16,69,4.8
687,Chamartín,casual,2024-09-04,2024-12-31,24,116,4.4
688,Fuencarral - El Pardo,full_time,2024-01-01,2024-03-08,57,1244,5.0
689,Moncloa - Aravaca,part_time,2024-01-01,2024-01-08,4,40,4.1
690,Villaverde,casual,2024-09-24,2024-12-31,17,81,3.9
691,Moncloa - Aravaca,casual,2024-02-20,2024-05-14,14,76,4.2
692,Vicálvaro,full_time,2024-01-01,2024-02-04,30,612,4.5
693,Barajas,casual,2024-01-01,2024-01-13,3,13,3.6
694,San Blas - Canillejas,casual,2024-11-06,2024-12-31,10,45,3.6
695,Villaverde,full_time,2024-01-18,2024-12-31,295,5916,4.4
696,Usera,casual,2024-05-25,2024-12-10,49,231,4.1
697,Hortaleza,part_time,2024-03-29,2024-12-31,124,1136,4.7
698,Hortaleza,part_time,2024-05-30,2024-08-23,36,293,3.9
699,Latina,part_time,2024-08-26,2024-12-31,56,526,4.2
700,Arganzuela,casual,2024-11-19,2024-12-31,9,50,4.3
701,Vicálvaro,casual,2024-04-16,2024-12-31,63,320,4.9
702,Fuencarral - El Pardo,casual,2024-09-11,2024-12-31,23,112,3.5
703,Puente de Vallecas,casual,2024-01-01,2024-01-05,2,8,3.8
704,Chamartín,full_time,2024-01-01,2024-12-16,295,5834,3.6
705,Puente de Vallecas,casual,2024-05-25,2024-12-01,35,167,5.0
706,Fuencarral - El Pardo,part_time,2024-01-01,2024-04-02,44,421,3.7
707,Villa de Vallecas,part_time,2024-01-01,2024-03-29,41,381,4.7
708,Vicálvaro,part_time,2024-01-01,2024-04-08,46,384,4.3
709,Villaverde,casual,2024-02-16,2024-05-07,15,65,4.7
710,Fuencarral - El Pardo,casual,2024-10-12,2024-12-31,16,88,4.0
711,Moncloa - Aravaca,full_time,2024-01-01,2024-01-20,15,312,4.2
712,Moncloa - Aravaca,part_time,2024-07-03,2024-10-02,46,410,5.0
713,Vicálvaro,part_time,2024-01-01,2024-01-30,9,89,3.6
714,Arganzuela,full_time,2024-05-27,2024-11-13,136,2702,4.4
715,Usera,part_time,2024-01-01,2024-05-18,59,528,4.9
716,Hortaleza,casual,2024-01-01,2024-03-09,7,33,3.7
717,Centro,part_time,2024-05-13,2024-07-22,37,346,4.8
718,San Blas - Canillejas,casual,2024-01-01,2024-06-15,38,188,3.9
719,Carabanchel,part_time,2024-03-17,2024-06-24,45,383,3.8
720,Vicálvaro,full_time,2024-06-10,2024-12-18,160,3174,3.7
721,Fuencarral - El Pardo,casual,2024-11-16,2024-12-31,9,43,4.6
722,Villa de Vallecas,casual,2024-07-14,2024-10-02,19,87,3.6
723,Latina,casual,2024-01-15,2024-12-27,65,323,4.1
724,Moncloa - Aravaca,full_time,2024-05-13,2024-10-19,137,2748,4.5
725,Villaverde,casual,2024-01-01,2024-12-11,86,425,3.7
726,Villa de Vallecas,casual,2024-06-17,2024-09-11,20,101,3.8
727,Usera,casual,2024-06-14,2024-09-23,20,103,3.7
728,Moncloa - Aravaca,casual,2024-03-26,2024-09-28,39,217,3.5
729,San Blas - Canillejas,casual,2024-07-30,2024-12-31,30,130,4.2
730,Carabanchel,casual,2024-01-01,2024-10-12,67,349,4.2
731,Retiro,casual,2024-01-01,2024-02-18,13,54,4.9
732,San Blas - Canillejas,casual,2024-07-24,2024-10-17,26,129,4.6
733,Villaverde,casual,2024-10-01,2024-12-24,26,144,5.0
734,Hortaleza,casual,2024-09-02,2024-12-31,28,148,4.6
735,Fuencarral - El Pardo,casual,2024-01-01,2024-06-30,36,180,5.0
736,San Blas - Canillejas,part_time,2024-06-19,2024-12-25,84,748,3.9
737,Ciudad Lineal,casual,2024-12-31,2024-12-31,1,7,3.8
738,Hortaleza,casual,2024-01-01,2024-03-17,15,58,4.1
739,Centro,casual,2024-05-21,2024-09-03,22,106,4.2
740,Puente de Vallecas,casual,2024-02-15,2024-05-20,18,110,4.7
741,Carabanchel,casual,2024-09-06,2024-12-31,32,169,4.3
742,Hortaleza,casual,2024-02-23,2024-05-30,18,91,4.9
743,Villaverde,full_time,2024-08-03,2024-12-31,126,2555,3.9
744,Villa de Vallecas,casual,2024-01-01,2024-03-25,21,103,4.4
745,Tetuán,casual,2024-01-01,2024-01-30,7,34,4.5
746,Moncloa - Aravaca,casual,2024-01-01,2024-02-17,17,86,3.7
747,Moncloa - Aravaca,casual,2024-01-26,2024-04-29,21,109,4.7
748,Centro,casual,2024-10-08,2024-12-31,19,109,4.5
749,Fuencarral - El Pardo,part_time,2024-01-01,2024-03-06,26,226,3.8
750,Carabanchel,part_time,2024-01-01,2024-01-15,5,59,4.1
751,Fuencarral - El Pardo,casual,2024-10-24,2024-12-31,12,48,4.5
752,San Blas - Canillejas,casual,2024-01-31,2024-07-20,38,240,4.6
753,Ciudad Lineal,casual,2024-07-06,2024-09-13,17,91,4.1
754,Moncloa - Aravaca,casual,2024-01-01,2024-02-08,9,50,4.6
755,Puente de Vallecas,part_time,2024-11-18,2024-12-31,22,188,3.9
756,Puente de Vallecas,casual,2024-05-12,2024-08-25,28,143,4.0
757,Moncloa - Aravaca,casual,2024-01-01,2024-02-12,14,52,3.5
758,Salamanca,full_time,2024-07-24,2024-10-03,61,1197,4.2
759,Moratalaz,casual,2024-01-30,2024-07-12,48,260,3.8
760,Moncloa - Aravaca,casual,2024-03-03,2024-06-15,24,113,4.4
761,Hortaleza,part_time,2024-04-02,2024-07-08,48,474,4.9
762,Carabanchel,casual,2024-01-12,2024-12-31,71,377,5.0
763,Villa de Vallecas,casual,2024-07-13,2024-10-05,19,84,4.1
764,Puente de Vallecas,casual,2024-01-01,2024-03-09,16,83,4.6
765,Chamberí,full_time,2024-09-06,2024-12-22,91,1821,4.9
766,San Blas - Canillejas,casual,2024-01-01,2024-01-13,3,9,4.3
767,Carabanchel,casual,2024-08-17,2024-11-12,17,108,4.0
768,Villa de Vallecas,casual,2024-01-01,2024-05-13,33,188,3.7
769,Villaverde,casual,2024-05-04,2024-07-13,19,111,3.8
770,Fuencarral - El Pardo,part_time,2024-04-29,2024-11-11,80,721,4.8
771,Fuencarral - El Pardo,casual,2024-04-22,2024-12-31,58,303,3.9
772,Salamanca,part_time,2024-09-23,2024-12-31,47,417,3.9
773,Moratalaz,part_time,2024-04-22,2024-09-28,58,483,4.6
774,Tetuán,part_time,2024-11-05,2024-12-31,28,256,4.8
775,Fuencarral - El Pardo,casual,2024-12-11,2024-12-31,9,33,3.8
776,Fuencarral - El Pardo,full_time,2024-12-14,2024-12-31,15,333,4.5
777,Vicálvaro,part_time,2024-02-21,2024-05-27,40,393,4.2
778,Moncloa - Aravaca,casual,2024-01-01,2024-01-24,9,47,3.9
779,Fuencarral - El Pardo,part_time,2024-07-24,2024-12-31,76,679,4.3
780,Carabanchel,full_time,2024-02-07,2024-04-20,65,1274,4.7
781,Latina,casual,2024-09-15,2024-12-19,21,118,3.6
782,Ciudad Lineal,full_time,2024-01-01,2024-01-03,2,36,3.6
783,Retiro,casual,2024-09-25,2024-12-04,19,100,4.9
784,Moncloa - Aravaca,part_time,2024-01-01,2024-02-02,18,196,4.9
785,Arganzuela,full_time,2024-11-06,2024-12-31,46,866,4.3
786,Centro,casual,2024-07-31,2024-10-13,12,53,3.7
787,Barajas,part_time,2024-01-01,2024-04-28,56,502,3.6
788,Vicálvaro,casual,2024-05-13,2024-08-28,21,96,3.7
789,Centro,part_time,2024-05-16,2024-08-21,37,349,3.9
790,Barajas,part_time,2024-10-28,2024-12-31,26,258,4.5
791,Chamartín,casual,2024-04-29,2024-10-08,37,159,3.7
792,Vicálvaro,casual,2024-02-15,2024-12-31,80,410,3.7
793,Barajas,casual,2024-01-01,2024-08-21,50,243,4.6
794,San Blas - Canillejas,casual,2024-09-02,2024-11-19,19,99,3.9
795,Moncloa - Aravaca,casual,2024-01-01,2024-01-23,8,31,3.8
796,Carabanchel,casual,2024-12-15,2024-12-31,6,32,4.4
797,Centro,casual,2024-07-06,2024-10-01,17,85,3.6
798,Usera,casual,2024-10-11,2024-12-31,19,90,4.4
799,Retiro,part_time,2024-09-24,2024-12-19,38,363,3.5
800,Chamartín,part_time,2024-01-01,2024-06-08,73,666,3.8
801,Chamartín,part_time,2024-01-01,2024-06-12,78,661,4.2
802,Hortaleza,casual,2024-01-01,2024-05-29,33,164,4.4
803,Barajas,full_time,2024-01-20,2024-04-11,72,1431,3.8
804,Puente de Vallecas,part_time,2024-01-01,2024-01-12,9,75,4.8
805,San Blas - Canillejas,casual,2024-09-25,2024-12-31,20,104,4.9
806,Retiro,casual,2024-01-31,2024-12-31,81,409,4.2
807,Villa de Vallecas,part_time,2024-03-10,2024-12-31,144,1291,3.9
808,Villaverde,casual,2024-05-10,2024-08-16,21,96,3.7
809,San Blas - Canillejas,casual,2024-01-01,2024-02-27,16,83,4.9
810,Moncloa - Aravaca,full_time,2024-04-14,2024-07-21,78,1592,3.7
811,Centro,casual,2024-01-01,2024-06-10,34,164,3.9
812,Puente de Vallecas,casual,2024-11-04,2024-12-31,11,47,4.0
813,Villa de Vallecas,full_time,2024-08-21,2024-11-08,67,1372,3.9
814,Villaverde,part_time,2024-01-01,2024-04-25,59,521,3.5
815,Arganzuela,casual,2024-08-19,2024-11-11,25,124,3.8
816,Carabanchel,full_time,2024-04-23,2024-11-02,170,3377,4.6
817,San Blas - Canillejas,full_time,2024-01-01,2024-02-06,28,553,3.8
818,Usera,casual,2024-01-01,2024-02-02,5,27,4.6
819,San Blas - Canillejas,part_time,2024-01-01,2024-03-07,25,208,4.1
820,Hortaleza,casual,2024-09-22,2024-12-31,22,106,3.6
821,Villa de Vallecas,casual,2024-10-02,2024-12-31,19,108,4.7
822,Carabanchel,part_time,2024-07-03,2024-10-07,39,347,4.5
823,Centro,casual,2024-01-01,2024-01-08,2,14,4.4
824,Vicálvaro,part_time,2024-01-01,2024-06-19,79,727,3.7
825,Fuencarral - El Pardo,part_time,2024-03-24,2024-07-08,51,476,4.4
826,Usera,casual,2024-01-01,2024-05-29,42,191,4.7
827,Puente de Vallecas,part_time,2024-06-23,2024-09-23,43,371,5.0
828,Puente de Vallecas,casual,2024-01-01,2024-02-14,15,82,4.5
829,Retiro,full_time,2024-01-01,2024-01-12,10,199,4.1
830,Moncloa - Aravaca,casual,2024-06-23,2024-09-30,29,139,4.7
831,San Blas - Canillejas,part_time,2024-01-01,2024-05-19,65,595,3.6
832,Latina,part_time,2024-08-12,2024-11-05,39,364,4.1
833,Moncloa - Aravaca,casual,2024-07-22,2024-12-31,36,185,4.6
834,Centro,part_time,2024-06-02,2024-11-30,70,705,4.0
835,Latina,part_time,2024-12-27,2024-12-31,2,21,3.6
836,Arganzuela,part_time,2024-06-25,2024-12-06,78,734,3.7
837,San Blas - Canillejas,part_time,2024-09-18,2024-12-19,41,373,3.8
838,Chamartín,full_time,2024-04-19,2024-12-31,217,4247,4.7
839,Vicálvaro,casual,2024-08-13,2024-12-31,32,155,4.6
840,Moncloa - Aravaca,casual,2024-02-10,2024-07-27,39,190,4.6
841,Moncloa - Aravaca,casual,2024-04-15,2024-07-19,26,137,4.9
842,San Blas - Canillejas,part_time,2024-01-05,2024-07-01,86,790,4.0
843,Ciudad Lineal,casual,2024-06-23,2024-09-17,18,97,4.6
844,Centro,casual,2024-03-13,2024-06-24,19,100,4.0
845,Moncloa - Aravaca,casual,2024-12-23,2024-12-31,3,17,4.7
846,Villaverde,full_time,2024-06-29,2024-10-07,81,1546,4.5
847,Tetuán,casual,2024-02-23,2024-06-07,24,118,5.0
848,Arganzuela,part_time,2024-05-29,2024-08-12,28,264,4.6
849,Villa de Vallecas,casual,2024-07-24,2024-12-31,30,134,3.5
850,Tetuán,full_time,2024-08-15,2024-12-31,115,2283,4.5
851,Latina,casual,2024-07-17,2024-10-20,12,61,3.7
852,Salamanca,casual,2024-01-01,2024-01-02,1,1,4.3
853,Vicálvaro,full_time,2024-09-28,2024-12-31,77,1489,3.7
854,Moncloa - Aravaca,full_time,2024-11-19,2024-12-31,34,674,4.2
855,Villaverde,casual,2024-09-30,2024-12-31,21,109,4.7
856,Fuencarral - El Pardo,casual,2024-05-05,2024-12-31,56,275,3.9
857,Villa de Vallecas,part_time,2024-01-01,2024-01-16,6,57,3.7
858,Moratalaz,full_time,2024-12-08,2024-12-31,21,418,4.0
859,Moncloa - Aravaca,casual,2024-01-01,2024-02-06,9,53,3.8
860,Carabanchel,casual,2024-01-01,2024-04-18,25,115,3.8
861,Villaverde,part_time,2024-07-14,2024-10-14,48,394,4.5
862,Villa de Vallecas,part_time,2024-01-01,2024-12-03,145,1272,4.6
863,Vicálvaro,part_time,2024-09-14,2024-11-28,31,281,4.3
864,San Blas - Canillejas,part_time,2024-04-07,2024-12-31,121,1072,3.9
865,Usera,casual,2024-01-01,2024-01-03,1,3,4.3
866,Vicálvaro,full_time,2024-07-20,2024-10-22,84,1665,4.9
867,Usera,full_time,2024-10-27,2024-12-31,59,1162,4.1
868,Centro,part_time,2024-10-25,2024-12-31,32,275,4.1
869,Centro,casual,2024-01-01,2024-03-11,9,46,4.2
870,Ciudad Lineal,casual,2024-01-01,2024-09-07,58,298,3.8
871,Vicálvaro,part_time,2024-01-01,2024-02-25,32,293,3.9
872,Moncloa - Aravaca,casual,2024-07-04,2024-12-31,48,259,4.5
873,Fuencarral - El Pardo,full_time,2024-07-08,2024-10-23,86,1695,3.7
874,Usera,casual,2024-03-16,2024-09-30,53,254,4.4
875,Chamartín,part_time,2024-01-01,2024-08-06,104,953,4.1
876,Fuencarral - El Pardo,full_time,2024-09-08,2024-12-31,100,2050,4.0
877,Centro,casual,2024-08-01,2024-12-31,37,190,4.3
878,Villa de Vallecas,casual,2024-01-01,2024-12-25,74,376,3.8
879,Fuencarral - El Pardo,part_time,2024-01-01,2024-03-07,20,179,4.0
880,Ciudad Lineal,part_time,2024-03-05,2024-09-18,105,980,4.3
881,Latina,casual,2024-11-15,2024-12-31,10,46,4.5
882,Retiro,part_time,2024-06-24,2024-09-24,42,357,4.8
883,Villaverde,full_time,2024-09-14,2024-11-29,66,1299,4.7
884,Tetuán,casual,2024-01-01,2024-08-03,46,221,4.2
885,Villaverde,casual,2024-01-05,2024-07-07,47,196,3.6
886,Salamanca,casual,2024-01-01,2024-03-02,14,85,3.8
887,Hortaleza,casual,2024-01-01,2024-09-04,55,290,3.5
888,Carabanchel,casual,2024-01-01,2024-03-19,15,85,3.8
889,Hortaleza,casual,2024-01-29,2024-12-31,76,395,3.5
890,Arganzuela,part_time,2024-03-20,2024-07-04,49,448,4.6
891,Tetuán,casual,2024-10-16,2024-12-31,19,99,4.3
892,Moncloa - Aravaca,full_time,2024-01-18,2024-08-04,170,3348,3.6
893,Centro,casual,2024-01-19,2024-04-03,16,71,4.4
894,Ciudad Lineal,casual,2024-01-01,2024-02-14,9,50,4.7
895,Fuencarral - El Pardo,part_time,2024-01-01,2024-05-16,71,650,3.5
896,Chamartín,full_time,2024-05-24,2024-12-31,190,3688,3.7
897,Carabanchel,casual,2024-07-10,2024-10-19,20,113,4.2
898,Tetuán,casual,2024-07-13,2024-10-05,16,87,3.6
899,Centro,casual,2024-10-31,2024-12-31,13,67,3.5
900,Puente de Vallecas,casual,2024-01-23,2024-04-26,29,150,4.4
901,Carabanchel,casual,2024-05-09,2024-07-29,14,82,4.3
902,Ciudad Lineal,casual,2024-01-01,2024-03-15,22,116,4.7
903,Vicálvaro,casual,2024-01-01,2024-06-06,45,225,3.6
904,Barajas,casual,2024-01-01,2024-09-24,71,333,4.8
905,Tetuán,full_time,2024-06-02,2024-12-31,174,3377,3.5
906,Vicálvaro,part_time,2024-10-16,2024-12-31,34,279,4.0
907,Puente de Vallecas,casual,2024-01-01,2024-06-12,41,200,3.6
908,Carabanchel,casual,2024-04-02,2024-06-29,23,123,3.9
909,Ciudad Lineal,casual,2024-11-08,2024-12-31,10,48,4.7
910,Carabanchel,casual,2024-09-18,2024-12-31,33,166,3.7
911,Vicálvaro,part_time,2024-05-19,2024-12-31,101,870,3.8
912,Carabanchel,full_time,2024-02-18,2024-08-05,150,2976,4.4
913,Carabanchel,full_time,2024-03-17,2024-05-30,63,1231,3.5
914,Chamartín,full_time,2024-07-30,2024-12-31,125,2570,4.4
915,Arganzuela,full_time,2024-01-01,2024-03-08,55,1067,4.8
916,Tetuán,full_time,2024-06-08,2024-09-03,74,1522,3.6
917,Tetuán,casual,2024-01-01,2024-02-14,7,38,3.5
918,Villa de Vallecas,casual,2024-07-19,2024-10-01,16,81,4.1
919,San Blas - Canillejas,casual,2024-06-14,2024-09-20,21,85,4.8
920,Tetuán,part_time,2024-01-01,2024-02-13,19,178,4.9
921,San Blas - Canillejas,casual,2024-04-18,2024-07-05,19,91,4.7
922,Retiro,part_time,2024-01-01,2024-04-16,41,383,4.5
923,Tetuán,part_time,2024-09-29,2024-12-31,47,398,4.1
924,Centro,casual,2024-11-13,2024-12-31,14,73,4.7
925,Centro,casual,2024-01-01,2024-06-23,40,208,4.6
926,Ciudad Lineal,casual,2024-01-01,2024-01-21,5,20,3.8
927,San Blas - Canillejas,casual,2024-10-18,2024-12-31,16,80,4.6
928,Moncloa - Aravaca,full_time,2024-10-08,2024-12-31,75,1448,4.7
929,Ciudad Lineal,part_time,2024-10-01,2024-12-22,30,253,4.9
930,Ciudad Lineal,part_time,2024-03-14,2024-06-11,37,352,4.6
931,Carabanchel,casual,2024-01-01,2024-02-13,15,79,4.6
932,Puente de Vallecas,casual,2024-12-20,2024-12-31,4,16,4.9
933,Tetuán,casual,2024-05-05,2024-08-21,28,130,3.8
934,Fuencarral - El Pardo,part_time,2024-01-01,2024-09-17,109,973,4.3
935,Usera,part_time,2024-09-17,2024-12-31,60,539,4.8
936,Chamartín,casual,2024-07-30,2024-11-10,26,127,4.4
937,Puente de Vallecas,full_time,2024-01-01,2024-01-31,23,461,4.9
938,Chamberí,casual,2024-12-09,2024-12-31,1,3,3.6
939,Ciudad Lineal,full_time,2024-05-02,2024-10-31,149,2957,3.8
940,Salamanca,casual,2024-01-10,2024-03-23,20,88,3.8
941,Moratalaz,casual,2024-01-01,2024-01-08,2,5,3.6
942,San Blas - Canillejas,part_time,2024-05-07,2024-10-20,75,683,4.4
943,Centro,casual,2024-07-04,2024-09-20,17,79,4.1
944,Barajas,casual,2024-01-01,2024-02-26,22,115,3.9
945,Carabanchel,casual,2024-06-15,2024-08-27,15,64,4.6
946,San Blas - Canillejas,casual,2024-04-16,2024-07-16,14,58,4.5
947,Ciudad Lineal,part_time,2024-04-18,2024-07-19,53,458,3.6
948,Villa de Vallecas,full_time,2024-12-21,2024-12-31,10,196,4.2
949,Vicálvaro,full_time,2024-02-19,2024-05-13,74,1491,4.6
950,Carabanchel,casual,2024-10-28,2024-12-31,13,69,3.7
951,Vicálvaro,casual,2024-01-03,2024-07-09,48,216,4.7
952,Vicálvaro,casual,2024-01-01,2024-03-23,22,89,4.4
953,Carabanchel,casual,2024-01-01,2024-03-24,22,115,4.6
954,Hortaleza,casual,2024-12-05,2024-12-31,4,22,3.9
955,San Blas - Canillejas,full_time,2024-01-01,2024-01-11,10,189,4.6
956,Ciudad Lineal,full_time,2024-01-01,2024-06-04,130,2544,3.8
957,Vicálvaro,part_time,2024-01-19,2024-06-28,76,706,4.8
958,Latina,casual,2024-06-23,2024-12-31,43,232,3.8
959,Moratalaz,casual,2024-03-31,2024-06-15,15,62,3.9
960,Vicálvaro,casual,2024-01-01,2024-01-10,1,1,4.5
961,Fuencarral - El Pardo,casual,2024-04-22,2024-09-28,30,140,4.0
962,Tetuán,casual,2024-10-31,2024-12-31,18,93,4.0
963,Fuencarral - El Pardo,casual,2024-10-29,2024-12-31,13,67,3.6
964,Fuencarral - El Pardo,casual,2024-12-25,2024-12-31,2,11,4.7
965,Ciudad Lineal,full_time,2024-02-23,2024-06-11,93,1832,4.2
966,Latina,casual,2024-01-01,2024-03-29,21,108,4.1
967,Salamanca,full_time,2024-01-01,2024-02-08,32,659,3.9
968,Chamartín,casual,2024-10-31,2024-12-31,14,70,4.3
969,Latina,part_time,2024-09-07,2024-12-10,46,396,4.3
970,Moncloa - Aravaca,casual,2024-06-15,2024-12-03,38,163,3.5
971,Usera,casual,2024-05-11,2024-08-19,23,127,3.6
972,Centro,casual,2024-03-15,2024-09-02,41,232,4.4
973,Puente de Vallecas,casual,2024-03-24,2024-10-02,40,201,3.9
974,Latina,full_time,2024-03-20,2024-06-12,72,1400,5.0
975,Retiro,casual,2024-04-29,2024-08-10,27,115,3.9
976,Hortaleza,part_time,2024-01-01,2024-04-28,52,449,3.7
977,Vicálvaro,casual,2024-01-01,2024-02-24,9,34,3.6
978,Tetuán,casual,2024-01-01,2024-06-03,41,209,4.5
979,Carabanchel,casual,2024-12-18,2024-12-31,3,16,3.9
980,Puente de Vallecas,casual,2024-12-25,2024-12-31,1,1,3.9
981,Carabanchel,full_time,2024-09-11,2024-12-03,66,1325,3.7
982,Moncloa - Aravaca,part_time,2024-10-19,2024-12-31,42,371,3.6
983,Carabanchel,part_time,2024-01-01,2024-02-26,20,160,3.8
984,Hortaleza,casual,2024-01-01,2024-02-27,13,59,4.1
985,Vicálvaro,casual,2024-01-01,2024-02-13,9,47,4.5
986,Moncloa - Aravaca,full_time,2024-01-01,2024-01-30,25,520,3.7
987,Puente de Vallecas,casual,2024-08-15,2024-12-31,27,145,4.0
988,Chamartín,casual,2024-01-01,2024-02-01,3,15,5.0
989,Fuencarral - El Pardo,casual,2024-12-07,2024-12-31,2,9,4.5
990,Hortaleza,part_time,2024-07-27,2024-10-23,42,384,5.0
991,Chamartín,part_time,2024-01-01,2024-03-18,43,389,3.6
992,Tetuán,part_time,2024-08-20,2024-12-31,63,552,4.1
993,San Blas - Canillejas,part_time,2024-10-16,2024-12-24,23,207,3.8
994,Centro,casual,2024-05-11,2024-10-30,47,250,4.9
995,Usera,full_time,2024-01-01,2024-02-10,32,658,4.9
996,Usera,casual,2024-02-02,2024-08-10,41,208,4.4
997,Hortaleza,part_time,2024-02-10,2024-12-31,152,1482,4.0
998,Tetuán,casual,2024-09-04,2024-12-08,28,136,4.3
999,Ciudad Lineal,full_time,2024-01-01,2024-06-09,142,2767,4.8
1000,Carabanchel,casual,2024-11-05,2024-12-31,18,88,4.4
1001,Carabanchel,casual,2024-01-01,2024-05-12,34,175,4.6
1002,Carabanchel,casual,2024-12-31,2024-12-31,1,3,4.5
1003,Moncloa - Aravaca,casual,2024-01-01,2024-02-20,6,29,3.6
1004,Moncloa - Aravaca,casual,2024-10-18,2024-12-31,11,55,4.6
1005,Moncloa - Aravaca,part_time,2024-01-01,2024-03-01,31,284,3.8
1006,Puente de Vallecas,casual,2024-07-09,2024-12-31,41,204,4.8
1007,Tetuán,full_time,2024-10-18,2024-12-31,65,1324,4.0
1008,San Blas - Canillejas,casual,2024-03-01,2024-05-19,19,95,4.3
1009,Chamartín,part_time,2024-01-01,2024-02-17,25,241,3.9
1010,Centro,casual,2024-12-31,2024-12-31,1,1,3.5
1011,Vicálvaro,part_time,2024-12-19,2024-12-31,7,61,4.7
1012,Centro,part_time,2024-09-16,2024-11-26,40,373,4.6
1013,Centro,casual,2024-02-05,2024-07-27,39,195,4.9
1014,Salamanca,full_time,2024-01-01,2024-02-29,49,974,4.4
1015,San Blas - Canillejas,casual,2024-04-14,2024-07-06,13,55,3.8
1016,San Blas - Canillejas,casual,2024-08-30,2024-11-14,22,121,3.8
1017,Carabanchel,part_time,2024-01-01,2024-03-08,32,293,4.1
1018,Arganzuela,part_time,2024-01-01,2024-01-10,6,53,4.0
1019,Centro,casual,2024-11-09,2024-12-31,19,83,4.1
1020,Vicálvaro,casual,2024-05-26,2024-12-31,58,295,3.8
1021,Vicálvaro,full_time,2024-08-13,2024-11-13,76,1499,5.0
1022,Barajas,part_time,2024-12-03,2024-12-31,12,113,3.6
1023,Barajas,full_time,2024-01-17,2024-12-31,286,5639,4.6
1024,Moncloa - Aravaca,casual,2024-01-01,2024-06-20,40,199,4.4
1025,Moncloa - Aravaca,part_time,2024-10-27,2024-12-31,28,264,4.3
1026,Barajas,casual,2024-12-21,2024-12-31,6,33,4.4
1027,Hortaleza,full_time,2024-01-01,2024-01-15,14,267,4.9
1028,Usera,casual,2024-01-01,2024-08-29,50,263,4.5
1029,Puente de Vallecas,part_time,2024-01-12,2024-07-20,86,774,3.9
1030,Centro,casual,2024-01-01,2024-02-21,10,58,3.9
1031,Fuencarral - El Pardo,part_time,2024-01-01,2024-06-10,86,747,4.7
1032,Chamberí,part_time,2024-01-01,2024-01-18,9,78,4.2
1033,Carabanchel,casual,2024-08-11,2024-11-21,25,113,4.6
1034,Latina,full_time,2024-01-01,2024-02-19,43,916,4.1
1035,Tetuán,casual,2024-11-10,2024-12-31,10,49,4.6
1036,Puente de Vallecas,part_time,2024-03-02,2024-12-31,144,1227,4.1
1037,Hortaleza,casual,2024-03-05,2024-06-15,31,172,4.2
1038,Moncloa - Aravaca,casual,2024-10-08,2024-12-25,15,61,4.9
1039,Fuencarral - El Pardo,casual,2024-07-20,2024-11-01,24,120,4.2
1040,Salamanca,casual,2024-09-10,2024-12-08,18,93,3.8
1041,Puente de Vallecas,casual,2024-10-05,2024-12-31,15,81,4.3
1042,Carabanchel,part_time,2024-10-08,2024-12-22,39,328,3.5
1043,Puente de Vallecas,part_time,2024-09-20,2024-12-28,42,349,3.9
1044,Ciudad Lineal,part_time,2024-08-27,2024-12-07,49,442,4.4
1045,Ciudad Lineal,casual,2024-01-23,2024-07-26,51,264,3.6
1046,Moncloa - Aravaca,casual,2024-06-23,2024-12-25,48,230,4.2
1047,Hortaleza,casual,2024-06-10,2024-09-22,26,113,4.4
1048,Tetuán,part_time,2024-12-14,2024-12-31,8,87,3.8
1049,Chamberí,full_time,2024-01-02,2024-12-31,304,6126,3.8
1050,Latina,casual,2024-01-01,2024-04-27,28,151,4.5
1051,Moncloa - Aravaca,part_time,2024-03-04,2024-09-11,86,787,5.0
1052,Barajas,casual,2024-04-09,2024-07-07,26,142,4.0
1053,San Blas - Canillejas,casual,2024-01-01,2024-12-08,76,396,3.8
1054,Tetuán,casual,2024-05-13,2024-11-17,47,227,5.0
1055,Hortaleza,casual,2024-12-07,2024-12-31,6,29,4.8
1056,Barajas,part_time,2024-01-01,2024-07-24,99,952,4.9
1057,Hortaleza,full_time,2024-12-09,2024-12-31,22,454,3.6
1058,Vicálvaro,casual,2024-08-30,2024-12-31,32,187,4.9
1059,Puente de Vallecas,casual,2024-01-01,2024-04-08,29,126,4.8
1060,Centro,part_time,2024-02-17,2024-05-04,34,325,3.9
1061,Fuencarral - El Pardo,full_time,2024-11-19,2024-12-31,37,721,4.4
1062,Usera,part_time,2024-09-28,2024-12-31,39,348,3.8
1063,San Blas - Canillejas,casual,2024-01-01,2024-03-16,21,97,4.1
1064,Puente de Vallecas,part_time,2024-06-17,2024-10-04,49,443,4.4
1065,Moncloa - Aravaca,casual,2024-02-11,2024-05-04,14,59,3.7
1066,Moncloa - Aravaca,full_time,2024-04-05,2024-12-31,230,4573,4.9
1067,Puente de Vallecas,casual,2024-01-05,2024-03-16,16,74,4.9
1068,Carabanchel,part_time,2024-01-01,2024-09-14,125,1162,4.8
1069,Chamartín,casual,2024-03-28,2024-06-26,24,132,3.7
1070,Fuencarral - El Pardo,casual,2024-05-29,2024-09-09,26,114,4.5
1071,Tetuán,full_time,2024-01-21,2024-04-18,72,1401,4.8
1072,Ciudad Lineal,part_time,2024-09-03,2024-11-14,26,238,3.7
1073,San Blas - Canillejas,casual,2024-10-08,2024-12-23,20,97,4.5
1074,Fuencarral - El Pardo,full_time,2024-07-24,2024-10-11,66,1311,3.8
1075,Villaverde,full_time,2024-11-07,2024-12-31,43,845,4.5
1076,Moratalaz,casual,2024-10-01,2024-12-12,21,91,4.5
1077,Tetuán,casual,2024-01-01,2024-01-21,4,24,4.8
1078,Tetuán,casual,2024-01-01,2024-02-08,6,27,4.2
1079,Fuencarral - El Pardo,part_time,2024-07-29,2024-10-29,45,385,4.6
1080,Puente de Vallecas,casual,2024-08-22,2024-12-08,23,129,3.8
1081,Moncloa - Aravaca,casual,2024-12-17,2024-12-31,3,12,4.5
1082,Moncloa - Aravaca,full_time,2024-01-01,2024-01-02,2,38,4.8
1083,San Blas - Canillejas,full_time,2024-01-01,2024-05-12,109,2120,4.6
1084,Hortaleza,part_time,2024-08-31,2024-12-31,57,473,4.8
1085,Ciudad Lineal,full_time,2024-10-31,2024-12-31,56,1097,4.4
1086,Salamanca,part_time,2024-04-25,2024-08-04,41,370,4.3
1087,Puente de Vallecas,part_time,2024-04-30,2024-08-17,41,379,4.9
1088,Moncloa - Aravaca,part_time,2024-10-26,2024-12-31,27,229,4.0
1089,Fuencarral - El Pardo,casual,2024-03-09,2024-09-10,43,224,4.6
1090,San Blas - Canillejas,casual,2024-09-26,2024-12-22,16,76,4.5
1091,San Blas - Canillejas,casual,2024-12-07,2024-12-31,8,36,4.7
1092,Latina,part_time,2024-01-01,2024-07-10,86,785,4.2
1093,Arganzuela,casual,2024-02-16,2024-05-01,11,48,4.2
1094,Arganzuela,casual,2024-12-04,2024-12-31,5,35,3.6
1095,Ciudad Lineal,part_time,2024-01-01,2024-10-30,147,1340,4.9
1096,Moncloa - Aravaca,casual,2024-01-01,2024-01-08,1,5,4.1
1097,Fuencarral - El Pardo,casual,2024-05-15,2024-08-20,15,79,4.3
1098,Hortaleza,part_time,2024-07-06,2024-10-15,45,415,3.8
1099,Tetuán,full_time,2024-02-02,2024-04-17,65,1306,4.4
1100,Usera,casual,2024-06-16,2024-12-31,30,163,4.0
1101,Vicálvaro,casual,2024-01-01,2024-05-05,33,149,4.4
1102,Usera,casual,2024-01-01,2024-02-24,16,77,4.6
1103,Hortaleza,part_time,2024-01-11,2024-04-27,57,564,4.4
1104,Vicálvaro,part_time,2024-06-01,2024-08-31,56,531,3.5
1105,Hortaleza,casual,2024-10-14,2024-12-31,15,67,4.7
1106,Vicálvaro,part_time,2024-05-23,2024-09-06,59,540,4.3
1107,Carabanchel,casual,2024-10-24,2024-12-31,16,71,3.9
1108,Ciudad Lineal,casual,2024-01-01,2024-02-04,9,47,4.0
1109,Barajas,full_time,2024-01-01,2024-09-29,236,4764,4.7
1110,Hortaleza,casual,2024-01-01,2024-11-14,65,346,4.9
1111,Usera,casual,2024-08-09,2024-12-31,32,149,4.7
1112,Carabanchel,casual,2024-07-05,2024-10-07,19,109,4.8
1113,Vicálvaro,part_time,2024-09-08,2024-12-31,45,406,4.2
1114,Puente de Vallecas,full_time,2024-01-01,2024-08-28,205,4119,4.1
1115,Carabanchel,full_time,2024-12-03,2024-12-31,21,428,4.7
1116,Ciudad Lineal,casual,2024-10-08,2024-12-31,19,73,4.1
1117,Fuencarral - El Pardo,casual,2024-11-22,2024-12-31,10,57,4.6
1118,San Blas - Canillejas,part_time,2024-01-01,2024-07-07,71,632,4.4
1119,Hortaleza,casual,2024-01-01,2024-01-05,1,1,3.7
1120,Moncloa - Aravaca,full_time,2024-03-31,2024-12-31,227,4619,4.0
1121,Moncloa - Aravaca,part_time,2024-05-11,2024-08-16,47,421,3.8
1122,Ciudad Lineal,casual,2024-07-25,2024-12-31,47,229,3.7
1123,Fuencarral - El Pardo,part_time,2024-01-01,2024-02-12,20,170,4.1
1124,Centro,casual,2024-06-27,2024-10-03,28,142,3.8
1125,Fuencarral - El Pardo,casual,2024-01-01,2024-04-18,23,96,3.6
1126,Moncloa - Aravaca,part_time,2024-04-09,2024-10-10,78,689,3.8
1127,Carabanchel,casual,2024-01-01,2024-04-25,31,153,4.4
1128,San Blas - Canillejas,part_time,2024-11-21,2024-12-31,19,160,4.7
1129,Villaverde,part_time,2024-01-01,2024-03-26,41,390,4.2
1130,Carabanchel,full_time,2024-06-21,2024-09-18,77,1563,4.4
1131,Fuencarral - El Pardo,full_time,2024-01-01,2024-01-03,1,14,4.5
1132,Barajas,casual,2024-01-01,2024-04-23,24,123,4.5
1133,Arganzuela,casual,2024-05-21,2024-08-12,20,106,5.0
1134,Retiro,part_time,2024-01-01,2024-01-20,7,67,4.4
1135,Ciudad Lineal,full_time,2024-06-06,2024-09-03,85,1665,4.3
1136,Carabanchel,casual,2024-01-01,2024-04-13,19,106,4.8
1137,Moncloa - Aravaca,casual,2024-06-17,2024-12-31,39,187,4.4
1138,Fuencarral - El Pardo,casual,2024-10-31,2024-12-31,16,80,4.2
1139,Centro,casual,2024-09-17,2024-11-29,10,54,4.6
1140,Centro,part_time,2024-01-01,2024-02-15,14,125,3.8
1141,Fuencarral - El Pardo,casual,2024-04-11,2024-09-18,34,175,4.5
1142,Fuencarral - El Pardo,part_time,2024-01-01,2024-02-22,23,202,4.7
1143,Retiro,part_time,2024-04-11,2024-07-01,36,314,4.5
1144,Moncloa - Aravaca,part_time,2024-09-05,2024-12-31,47,396,3.8
1145,Carabanchel,casual,2024-01-01,2024-01-23,3,17,4.3
1146,Carabanchel,casual,2024-02-06,2024-04-20,17,80,4.7
1147,Chamartín,part_time,2024-10-15,2024-12-31,37,343,4.1
1148,Fuencarral - El Pardo,part_time,2024-04-09,2024-07-01,34,280,4.9
1149,San Blas - Canillejas,casual,2024-01-19,2024-04-17,18,71,3.6
1150,San Blas - Canillejas,full_time,2024-12-09,2024-12-31,16,323,4.5
1151,Arganzuela,casual,2024-01-01,2024-03-12,17,99,3.8
1152,Fuencarral - El Pardo,full_time,2024-09-24,2024-12-31,82,1696,4.5
1153,Centro,casual,2024-01-04,2024-03-19,18,90,4.9
1154,Vicálvaro,casual,2024-12-15,2024-12-31,2,8,4.4
1155,Latina,casual,2024-09-25,2024-12-26,22,97,4.2
1156,Chamartín,casual,2024-01-01,2024-07-18,42,184,4.8
1157,San Blas - Canillejas,casual,2024-12-24,2024-12-31,2,7,4.2
1158,Villa de Vallecas,casual,2024-01-01,2024-03-23,27,130,4.3
1159,Moncloa - Aravaca,casual,2024-09-20,2024-12-31,23,107,4.0
1160,Retiro,part_time,2024-05-26,2024-12-31,107,1002,4.3
1161,Fuencarral - El Pardo,casual,2024-01-01,2024-03-19,13,60,4.6
1162,Fuencarral - El Pardo,part_time,2024-06-05,2024-09-09,55,512,4.3
1163,Hortaleza,part_time,2024-01-01,2024-01-07,4,32,3.8
1164,Tetuán,casual,2024-06-20,2024-09-17,28,148,3.5
1165,Chamartín,casual,2024-06-21,2024-09-26,20,96,3.8
1166,Moncloa - Aravaca,full_time,2024-04-12,2024-06-30,69,1388,4.8
1167,Barajas,part_time,2024-09-25,2024-12-31,55,480,4.9
1168,Chamberí,casual,2024-11-11,2024-12-31,13,66,4.3
1169,Latina,part_time,2024-06-08,2024-08-24,33,311,4.7
1170,Carabanchel,casual,2024-05-07,2024-12-31,52,270,3.6
1171,Latina,casual,2024-01-01,2024-03-22,17,64,4.8
1172,Chamartín,part_time,2024-12-31,2024-12-31,1,1,3.9
1173,Fuencarral - El Pardo,casual,2024-10-26,2024-12-31,15,75,3.8
1174,Carabanchel,part_time,2024-12-08,2024-12-31,13,122,3.9
1175,San Blas - Canillejas,casual,2024-07-22,2024-12-31,25,138,4.2
1176,Barajas,part_time,2024-01-01,2024-06-23,79,731,4.4
1177,Hortaleza,casual,2024-01-01,2024-04-28,25,106,3.5
1178,Puente de Vallecas,casual,2024-04-15,2024-09-29,44,212,4.0
1179,Arganzuela,casual,2024-01-01,2024-02-06,8,43,4.6
1180,Ciudad Lineal,casual,2024-02-08,2024-12-31,72,369,4.6
1181,Chamartín,part_time,2024-01-01,2024-09-24,124,1090,3.9
1182,Centro,casual,2024-07-31,2024-12-31,33,178,3.9
1183,Retiro,casual,2024-07-18,2024-10-04,10,41,4.5
1184,Tetuán,casual,2024-01-28,2024-04-20,16,87,4.4
1185,Moncloa - Aravaca,casual,2024-08-28,2024-12-11,22,102,4.2
1186,Carabanchel,part_time,2024-02-26,2024-05-19,39,353,4.3
1187,Ciudad Lineal,casual,2024-01-01,2024-05-18,34,175,4.2
1188,Hortaleza,full_time,2024-02-28,2024-08-08,136,2808,4.1
1189,Moncloa - Aravaca,casual,2024-01-01,2024-04-25,36,171,4.7
1190,Tetuán,part_time,2024-02-25,2024-05-29,37,366,4.8
1191,Usera,casual,2024-01-22,2024-04-30,21,91,4.5
1192,San Blas - Canillejas,casual,2024-01-01,2024-01-10,2,7,3.9
1193,Centro,full_time,2024-01-01,2024-08-07,178,3618,5.0
1194,Moncloa - Aravaca,full_time,2024-03-16,2024-09-11,145,2936,3.6
1195,Vicálvaro,full_time,2024-10-17,2024-12-31,62,1258,4.9
1196,Carabanchel,casual,2024-01-01,2024-04-05,15,70,4.3
1197,Vicálvaro,casual,2024-01-11,2024-06-21,35,164,4.6
1198,Retiro,part_time,2024-01-01,2024-01-14,6,60,4.1
1199,Puente de Vallecas,casual,2024-01-01,2024-02-03,5,19,4.0
1200,Tetuán,part_time,2024-03-02,2024-06-17,46,422,3.8
1201,Carabanchel,part_time,2024-05-23,2024-08-09,38,373,3.7
1202,Centro,part_time,2024-08-21,2024-12-31,50,437,4.0
1203,San Blas - Canillejas,part_time,2024-09-11,2024-12-23,49,442,3.9
1204,Ciudad Lineal,part_time,2024-11-14,2024-12-31,28,234,4.3
1205,Hortaleza,casual,2024-11-11,2024-12-31,10,52,4.8
1206,Ciudad Lineal,casual,2024-01-01,2024-02-17,10,56,3.6
1207,Tetuán,part_time,2024-01-01,2024-03-22,35,297,4.6
1208,Moncloa - Aravaca,casual,2024-05-23,2024-08-07,18,85,3.9
1209,Usera,casual,2024-05-23,2024-11-15,44,217,4.5
1210,Vicálvaro,casual,2024-06-25,2024-10-09,21,107,4.4
1211,Moratalaz,part_time,2024-03-23,2024-09-25,85,772,4.6
1212,Villaverde,part_time,2024-12-23,2024-12-31,4,47,3.5
1213,Villaverde,part_time,2024-05-28,2024-08-12,30,251,3.5
1214,Carabanchel,casual,2024-12-02,2024-12-31,7,26,3.8
1215,Puente de Vallecas,casual,2024-12-25,2024-12-31,2,12,5.0
1216,Centro,casual,2024-02-29,2024-09-02,44,251,4.0
1217,Villaverde,casual,2024-01-01,2024-03-12,18,78,4.4
1218,Vicálvaro,part_time,2024-03-06,2024-05-25,32,312,4.0
1219,Latina,part_time,2024-01-15,2024-07-15,82,749,4.2
1220,Centro,casual,2024-11-03,2024-12-31,12,77,4.2
1221,Moncloa - Aravaca,casual,2024-12-14,2024-12-31,3,18,3.8
1222,Centro,casual,2024-01-01,2024-03-17,15,74,4.0
1223,Ciudad Lineal,full_time,2024-01-01,2024-01-10,9,185,3.8
1224,Hortaleza,part_time,2024-08-30,2024-12-31,54,525,3.9
1225,Moncloa - Aravaca,casual,2024-06-09,2024-09-17,24,100,4.1
1226,Carabanchel,full_time,2024-09-05,2024-12-20,88,1768,4.7
1227,Arganzuela,casual,2024-01-01,2024-08-26,59,306,3.8
1228,Fuencarral - El Pardo,casual,2024-01-01,2024-04-25,26,127,3.8
1229,Salamanca,full_time,2024-02-13,2024-04-25,57,1121,3.9
1230,Carabanchel,casual,2024-01-01,2024-02-04,6,30,4.7
1231,Puente de Vallecas,casual,2024-03-26,2024-06-25,17,88,3.9
1232,San Blas - Canillejas,part_time,2024-01-01,2024-03-12,29,254,4.7
1233,Puente de Vallecas,casual,2024-05-03,2024-07-29,15,63,4.0
1234,Moncloa - Aravaca,part_time,2024-09-28,2024-12-31,42,383,4.0
1235,Barajas,casual,2024-01-01,2024-02-03,8,37,4.1
1236,Arganzuela,casual,2024-11-16,2024-12-31,9,41,4.2
1237,Villaverde,casual,2024-01-01,2024-03-29,26,133,4.1
1238,Moncloa - Aravaca,casual,2024-07-22,2024-11-05,24,138,4.1
1239,Hortaleza,casual,2024-01-13,2024-04-21,22,98,5.0
1240,Hortaleza,casual,2024-09-11,2024-12-31,29,170,4.5
1241,Salamanca,full_time,2024-01-01,2024-01-05,3,67,4.8
1242,Villa de Vallecas,casual,2024-01-01,2024-10-26,57,317,4.8
1243,San Blas - Canillejas,casual,2024-12-04,2024-12-31,2,9,4.1
1244,Latina,casual,2024-01-01,2024-02-20,7,27,4.7
1245,Villa de Vallecas,casual,2024-09-11,2024-12-18,21,98,4.2
1246,Carabanchel,casual,2024-08-29,2024-11-26,26,129,4.4
1247,Puente de Vallecas,part_time,2024-02-19,2024-05-28,47,425,4.6
1248,Carabanchel,casual,2024-01-01,2024-01-28,4,15,4.4
1249,Arganzuela,full_time,2024-10-16,2024-12-31,73,1480,4.3
1250,San Blas - Canillejas,full_time,2024-10-23,2024-12-31,57,1132,3.5
1251,Fuencarral - El Pardo,casual,2024-01-01,2024-02-29,14,60,5.0
1252,Chamberí,casual,2024-10-09,2024-12-31,22,103,3.6
1253,Barajas,casual,2024-10-14,2024-12-31,17,83,3.7
1254,Latina,part_time,2024-06-29,2024-09-10,34,288,3.6
1255,Salamanca,casual,2024-09-22,2024-12-28,19,84,4.4
1256,Fuencarral - El Pardo,full_time,2024-01-01,2024-01-19,19,403,4.0
1257,Villaverde,part_time,2024-04-06,2024-09-22,75,672,4.8
1258,Villaverde,part_time,2024-12-17,2024-12-31,4,35,4.4
1259,Chamartín,casual,2024-07-21,2024-12-31,43,221,4.7
1260,Puente de Vallecas,full_time,2024-01-01,2024-07-15,160,3166,3.7
1261,Hortaleza,casual,2024-07-11,2024-10-13,18,90,4.1
1262,Ciudad Lineal,casual,2024-01-01,2024-06-04,28,145,4.4
1263,Centro,casual,2024-01-01,2024-06-11,33,150,3.8
1264,Moncloa - Aravaca,full_time,2024-01-01,2024-03-30,73,1440,4.1
1265,Usera,part_time,2024-01-01,2024-05-18,61,551,4.6
1266,Villa de Vallecas,part_time,2024-05-16,2024-08-16,49,430,4.5
1267,Hortaleza,casual,2024-01-04,2024-06-11,32,157,4.9
1268,Carabanchel,full_time,2024-09-23,2024-12-16,76,1488,4.3
1269,Hortaleza,casual,2024-10-17,2024-12-31,14,64,3.8
1270,Chamartín,casual,2024-01-01,2024-12-20,80,394,4.8
1271,Vicálvaro,full_time,2024-01-01,2024-05-19,118,2308,4.9
1272,Puente de Vallecas,casual,2024-12-30,2024-12-31,1,7,4.2
1273,Usera,casual,2024-01-01,2024-01-23,6,34,3.6
1274,Hortaleza,part_time,2024-05-01,2024-10-25,74,660,3.9
1275,Salamanca,casual,2024-01-09,2024-04-10,23,110,4.6
1276,Ciudad Lineal,casual,2024-12-04,2024-12-31,4,16,3.5
1277,Villaverde,casual,2024-02-23,2024-05-30,17,87,3.9
1278,Latina,casual,2024-12-01,2024-12-31,8,32,4.1
1279,Moratalaz,full_time,2024-12-17,2024-12-31,12,213,4.7
1280,Fuencarral - El Pardo,part_time,2024-12-04,2024-12-31,15,110,4.2
1281,San Blas - Canillejas,casual,2024-08-04,2024-12-31,34,182,4.3
1282,Hortaleza,casual,2024-06-25,2024-12-31,39,193,4.5
1283,Hortaleza,casual,2024-12-09,2024-12-31,8,41,4.7
1284,Villa de Vallecas,part_time,2024-01-28,2024-04-07,33,287,4.0
1285,Chamartín,full_time,2024-09-20,2024-12-31,90,1901,3.8
1286,Moncloa - Aravaca,full_time,2024-01-01,2024-03-05,54,1067,3.8
1287,Salamanca,casual,2024-03-17,2024-06-12,24,120,3.7
1288,Moncloa - Aravaca,casual,2024-03-27,2024-07-06,18,110,3.7
1289,Tetuán,casual,2024-12-29,2024-12-31,1,6,4.2
1290,Vicálvaro,part_time,2024-03-11,2024-05-19,30,269,3.8
1291,Villa de Vallecas,casual,2024-06-08,2024-09-14,23,112,4.7
1292,Ciudad Lineal,part_time,2024-07-12,2024-10-26,43,390,3.5
1293,Puente de Vallecas,part_time,2024-08-06,2024-11-06,42,390,4.9
1294,Fuencarral - El Pardo,casual,2024-01-01,2024-03-08,15,83,3.5
1295,Latina,casual,2024-06-10,2024-09-15,23,118,4.0
1296,Carabanchel,casual,2024-07-16,2024-10-18,17,89,4.6
1297,Latina,casual,2024-11-19,2024-12-31,7,38,4.8
1298,Fuencarral - El Pardo,casual,2024-11-30,2024-12-31,9,42,3.6
1299,Ciudad Lineal,part_time,2024-01-07,2024-04-20,56,502,4.7
1300,Puente de Vallecas,casual,2024-01-13,2024-04-04,9,39,4.6
1301,Villaverde,casual,2024-08-14,2024-10-28,13,53,4.2
1302,Chamartín,part_time,2024-03-27,2024-09-25,84,762,4.4
1303,Latina,part_time,2024-09-01,2024-12-17,56,523,4.1
1304,Vicálvaro,casual,2024-10-22,2024-12-31,15,73,4.0
1305,Fuencarral - El Pardo,part_time,2024-01-01,2024-01-08,2,14,3.5
1306,Salamanca,full_time,2024-10-26,2024-12-31,56,1152,3.5
1307,Carabanchel,part_time,2024-02-03,2024-04-29,40,373,4.3
1308,Centro,part_time,2024-12-18,2024-12-31,8,75,3.5
1309,Carabanchel,casual,2024-01-01,2024-11-10,74,375,3.7
1310,Chamartín,full_time,2024-09-15,2024-12-31,87,1753,3.6
1311,Puente de Vallecas,casual,2024-01-01,2024-04-20,19,96,4.4
1312,Carabanchel,full_time,2024-04-10,2024-10-20,166,3383,4.5
1313,Vicálvaro,part_time,2024-01-01,2024-02-16,25,223,4.6
1314,Retiro,casual,2024-06-21,2024-12-31,47,228,5.0
1315,Moncloa - Aravaca,casual,2024-12-05,2024-12-31,6,24,5.0
1316,Fuencarral - El Pardo,part_time,2024-09-10,2024-12-31,53,479,3.8
1317,Hortaleza,part_time,2024-07-10,2024-12-31,81,692,4.0
1318,Vicálvaro,casual,2024-01-01,2024-03-05,13,64,4.3
1319,Puente de Vallecas,part_time,2024-12-24,2024-12-31,4,50,3.6
1320,Villaverde,full_time,2024-03-20,2024-05-29,58,1126,3.8
1321,San Blas - Canillejas,casual,2024-04-07,2024-12-31,54,253,4.8
1322,Carabanchel,casual,2024-01-01,2024-05-30,36,187,4.1
1323,Fuencarral - El Pardo,casual,2024-10-17,2024-12-27,14,81,4.2
1324,Centro,part_time,2024-02-04,2024-07-21,73,668,4.6
1325,Ciudad Lineal,casual,2024-04-09,2024-06-19,18,94,4.7
1326,Vicálvaro,full_time,2024-01-01,2024-01-03,1,31,4.8
1327,Ciudad Lineal,casual,2024-05-12,2024-11-13,36,185,4.8
1328,Carabanchel,part_time,2024-01-01,2024-05-17,68,603,3.9
1329,Puente de Vallecas,casual,2024-11-26,2024-12-31,8,29,4.5
1330,Ciudad Lineal,casual,2024-09-25,2024-12-19,19,103,3.7
1331,Ciudad Lineal,part_time,2024-12-10,2024-12-31,9,89,5.0
1332,Chamartín,casual,2024-01-28,2024-08-03,51,245,3.9
1333,Puente de Vallecas,casual,2024-05-03,2024-12-31,60,281,4.1
1334,Carabanchel,full_time,2024-03-14,2024-08-28,135,2642,4.9
1335,Chamartín,full_time,2024-11-10,2024-12-31,43,884,4.4
1336,Hortaleza,full_time,2024-03-11,2024-05-22,57,1118,3.9
1337,Centro,casual,2024-02-18,2024-06-04,23,124,3.6
1338,Chamartín,part_time,2024-01-01,2024-09-18,123,1155,4.2
1339,San Blas - Canillejas,full_time,2024-05-17,2024-08-13,72,1488,4.4
1340,Puente de Vallecas,casual,2024-11-10,2024-12-31,6,32,4.5
1341,Puente de Vallecas,casual,2024-01-19,2024-04-01,14,69,3.7
1342,Villaverde,part_time,2024-06-19,2024-12-31,79,717,4.6
1343,San Blas - Canillejas,casual,2024-02-07,2024-05-25,26,134,4.0
1344,Ciudad Lineal,part_time,2024-01-01,2024-02-06,20,166,4.9
1345,Moncloa - Aravaca,full_time,2024-12-07,2024-12-31,18,345,4.5
1346,Ciudad Lineal,part_time,2024-09-23,2024-12-31,43,362,4.9
1347,Carabanchel,casual,2024-12-10,2024-12-31,10,48,3.5
1348,Villaverde,casual,2024-01-01,2024-10-11,70,330,4.9
1349,Carabanchel,casual,2024-07-07,2024-12-31,34,169,4.8
1350,Villaverde,casual,2024-07-28,2024-10-19,22,98,4.3
1351,Latina,part_time,2024-07-13,2024-10-06,42,391,5.0
1352,Tetuán,part_time,2024-01-01,2024-01-19,10,87,4.6
1353,Hortaleza,casual,2024-01-01,2024-02-02,7,32,5.0
1354,Latina,casual,2024-01-01,2024-05-22,29,128,4.6
1355,Usera,full_time,2024-08-14,2024-12-31,117,2351,4.9
1356,Fuencarral - El Pardo,casual,2024-09-27,2024-12-31,20,84,3.8
1357,Carabanchel,casual,2024-06-16,2024-12-29,57,263,3.8
1358,Villaverde,casual,2024-01-01,2024-03-29,13,75,4.3
1359,Tetuán,part_time,2024-09-21,2024-12-21,44,371,4.6
1360,Moncloa - Aravaca,casual,2024-01-01,2024-03-23,19,87,3.9
1361,Centro,part_time,2024-11-13,2024-12-31,15,134,4.1
1362,Puente de Vallecas,casual,2024-04-07,2024-06-17,20,93,3.8
1363,Carabanchel,part_time,2024-06-16,2024-12-31,92,828,4.9
1364,Puente de Vallecas,casual,2024-01-01,2024-03-16,16,100,4.6
1365,Moncloa - Aravaca,casual,2024-02-22,2024-05-23,29,136,3.6
1366,Moratalaz,casual,2024-05-07,2024-08-21,20,93,3.5
1367,Chamberí,casual,2024-05-17,2024-08-13,24,128,5.0
1368,Chamartín,casual,2024-01-01,2024-02-14,13,55,4.1
1369,San Blas - Canillejas,casual,2024-06-11,2024-09-04,18,88,4.4
1370,Retiro,casual,2024-01-01,2024-02-03,8,38,4.9
1371,Vicálvaro,casual,2024-11-26,2024-12-31,7,34,4.9
1372,Moncloa - Aravaca,full_time,2024-02-26,2024-08-13,140,2715,3.6
1373,Fuencarral - El Pardo,casual,2024-01-01,2024-11-16,71,356,4.5
1374,Vicálvaro,part_time,2024-05-22,2024-11-01,74,664,5.0
1375,Salamanca,full_time,2024-09-06,2024-12-31,102,1922,3.8
1376,Centro,casual,2024-01-01,2024-02-20,12,55,4.5
1377,Moncloa - Aravaca,part_time,2024-08-23,2024-11-03,36,339,4.7
1378,Villaverde,full_time,2024-11-21,2024-12-31,35,648,3.6
1379,Fuencarral - El Pardo,part_time,2024-04-23,2024-07-16,37,326,4.1
1380,Moncloa - Aravaca,casual,2024-01-01,2024-01-07,2,16,3.8
1381,Vicálvaro,casual,2024-01-01,2024-06-26,49,246,3.6
1382,Latina,casual,2024-12-05,2024-12-31,7,33,3.6
1383,San Blas - Canillejas,casual,2024-01-01,2024-03-27,17,82,4.0
1384,Carabanchel,full_time,2024-01-01,2024-01-07,7,156,4.4
1385,Carabanchel,full_time,2024-12-02,2024-12-31,22,418,4.9
1386,Puente de Vallecas,casual,2024-11-01,2024-12-31,13,73,4.9
1387,Ciudad Lineal,part_time,2024-04-22,2024-08-04,41,368,4.8
1388,Barajas,casual,2024-01-01,2024-01-03,1,2,4.7
1389,Chamartín,full_time,2024-05-15,2024-11-18,153,3079,3.6
1390,San Blas - Canillejas,casual,2024-10-11,2024-12-30,10,54,4.1
1391,Fuencarral - El Pardo,full_time,2024-01-01,2024-07-23,166,3314,4.7
1392,Fuencarral - El Pardo,part_time,2024-01-01,2024-05-04,47,408,5.0
1393,Ciudad Lineal,casual,2024-11-16,2024-12-31,12,64,4.2
1394,Centro,casual,2024-07-15,2024-12-31,40,240,4.6
1395,Moncloa - Aravaca,part_time,2024-04-22,2024-07-24,45,419,5.0
1396,Puente de Vallecas,casual,2024-11-17,2024-12-31,8,50,4.4
1397,Tetuán,casual,2024-06-30,2024-10-14,26,138,4.7
1398,Carabanchel,full_time,2024-12-01,2024-12-31,27,590,4.9
1399,Moncloa - Aravaca,part_time,2024-01-01,2024-02-18,16,115,4.6
1400,Chamartín,casual,2024-02-28,2024-08-26,41,198,3.7
1401,Chamartín,casual,2024-05-15,2024-12-31,55,279,5.0
1402,Moncloa - Aravaca,casual,2024-04-06,2024-07-05,25,122,4.7
1403,Ciudad Lineal,full_time,2024-01-01,2024-09-06,209,4147,3.9
1404,Ciudad Lineal,casual,2024-07-17,2024-12-31,34,175,5.0
1405,Moncloa - Aravaca,casual,2024-07-09,2024-09-26,13,67,3.6
1406,Tetuán,casual,2024-02-21,2024-05-04,10,55,4.9
1407,Moncloa - Aravaca,full_time,2024-04-18,2024-07-24,80,1606,4.8
1408,Villaverde,casual,2024-08-22,2024-11-13,20,108,3.9
1409,Hortaleza,full_time,2024-06-12,2024-12-06,139,2820,4.8
1410,Fuencarral - El Pardo,part_time,2024-05-06,2024-07-17,45,383,3.6
1411,Vicálvaro,part_time,2024-02-11,2024-04-23,38,367,4.9
1412,Vicálvaro,full_time,2024-01-01,2024-03-05,52,1049,4.4
1413,Hortaleza,part_time,2024-10-05,2024-12-31,41,353,4.3
1414,Retiro,full_time,2024-08-23,2024-12-31,99,2026,5.0
1415,Puente de Vallecas,casual,2024-07-06,2024-10-10,21,91,3.5
1416,Puente de Vallecas,part_time,2024-05-08,2024-11-12,82,726,4.3
1417,Fuencarral - El Pardo,casual,2024-01-01,2024-02-29,12,55,4.6
1418,Carabanchel,casual,2024-02-25,2024-09-08,56,290,3.7
1419,Villa de Vallecas,full_time,2024-05-08,2024-08-11,81,1619,3.5
1420,Centro,full_time,2024-05-05,2024-07-25,63,1289,4.4
1421,San Blas - Canillejas,part_time,2024-01-01,2024-06-23,89,792,4.0
1422,Villaverde,casual,2024-01-01,2024-03-06,10,45,4.2
1423,Moncloa - Aravaca,casual,2024-11-25,2024-12-31,10,65,4.4
1424,Ciudad Lineal,casual,2024-06-16,2024-09-06,16,59,4.1
1425,Centro,casual,2024-10-19,2024-12-31,12,65,3.8
1426,Usera,casual,2024-08-02,2024-11-06,16,87,3.9
1427,Puente de Vallecas,casual,2024-10-13,2024-12-31,14,73,3.8
1428,Retiro,casual,2024-01-10,2024-04-08,17,73,4.6
1429,Puente de Vallecas,part_time,2024-01-01,2024-02-18,18,168,3.7
1430,Carabanchel,casual,2024-07-15,2024-09-25,17,85,5.0
1431,Latina,full_time,2024-05-06,2024-10-18,134,2697,3.5
1432,Moncloa - Aravaca,part_time,2024-01-01,2024-02-12,22,198,4.0
1433,Moncloa - Aravaca,casual,2024-03-22,2024-12-31,72,364,4.7
1434,San Blas - Canillejas,casual,2024-01-01,2024-05-12,26,138,3.6
1435,Hortaleza,casual,2024-01-01,2024-02-17,15,77,4.4
1436,Latina,full_time,2024-12-23,2024-12-31,5,89,3.9
1437,Vicálvaro,casual,2024-06-07,2024-09-17,27,135,4.9
1438,Arganzuela,casual,2024-01-01,2024-08-23,54,260,3.8
1439,Hortaleza,full_time,2024-01-01,2024-02-13,37,765,3.6
1440,Latina,full_time,2024-11-23,2024-12-31,31,592,4.4
1441,Villaverde,casual,2024-12-06,2024-12-31,4,22,4.1
1442,Chamartín,casual,2024-01-01,2024-07-05,38,184,4.9
1443,Centro,casual,2024-04-16,2024-07-18,27,138,4.9
1444,Moncloa - Aravaca,casual,2024-04-23,2024-12-31,71,325,4.7
1445,Fuencarral - El Pardo,casual,2024-01-01,2024-02-20,17,84,3.7
1446,Carabanchel,part_time,2024-04-26,2024-10-15,88,831,4.5
1447,Ciudad Lineal,full_time,2024-01-01,2024-04-12,77,1565,3.6
1448,Latina,casual,2024-01-07,2024-04-14,22,94,3.5
1449,Hortaleza,part_time,2024-07-07,2024-09-25,35,324,3.8
1450,Retiro,casual,2024-02-17,2024-05-22,19,82,4.2
1451,Latina,part_time,2024-05-02,2024-10-24,80,761,4.2
1452,Moratalaz,part_time,2024-01-01,2024-05-22,53,473,4.7
1453,Centro,full_time,2024-05-07,2024-08-14,82,1598,4.3
1454,Ciudad Lineal,full_time,2024-12-01,2024-12-31,27,549,3.9
1455,Centro,casual,2024-05-10,2024-08-10,19,90,3.7
1456,Salamanca,casual,2024-04-05,2024-09-28,42,222,4.4
1457,Hortaleza,casual,2024-03-27,2024-09-28,41,204,4.5
1458,Fuencarral - El Pardo,casual,2024-09-18,2024-12-31,24,113,3.8
1459,Ciudad Lineal,full_time,2024-05-13,2024-12-31,188,3834,4.4
1460,Centro,casual,2024-01-01,2024-01-14,5,19,4.8
1461,Barajas,part_time,2024-01-01,2024-02-21,20,195,3.9
1462,Moncloa - Aravaca,casual,2024-02-27,2024-12-31,79,383,4.7
1463,Carabanchel,casual,2024-09-16,2024-12-03,24,131,4.9
1464,Carabanchel,casual,2024-01-01,2024-02-23,15,63,4.9
1465,Centro,part_time,2024-05-11,2024-08-25,38,319,3.7
1466,Villa de Vallecas,part_time,2024-06-25,2024-12-05,68,597,3.6
1467,Arganzuela,casual,2024-02-20,2024-07-29,39,197,4.6
1468,Arganzuela,casual,2024-05-24,2024-12-31,47,231,4.1
1469,Salamanca,part_time,2024-03-09,2024-06-03,30,286,3.8
1470,Hortaleza,casual,2024-07-19,2024-10-01,9,50,4.2
1471,Chamartín,full_time,2024-09-14,2024-12-20,90,1805,4.3
1472,Centro,casual,2024-12-07,2024-12-31,5,28,3.7
1473,Tetuán,casual,2024-07-17,2024-10-22,27,154,3.6
1474,Arganzuela,casual,2024-01-01,2024-09-12,59,297,4.7
1475,Fuencarral - El Pardo,casual,2024-08-22,2024-12-07,26,146,4.2
1476,San Blas - Canillejas,casual,2024-09-15,2024-12-31,23,127,3.9
1477,San Blas - Canillejas,casual,2024-01-01,2024-10-30,64,318,4.9
1478,Arganzuela,full_time,2024-03-27,2024-06-07,65,1315,4.6
1479,Barajas,casual,2024-01-01,2024-03-25,19,90,4.1
1480,Usera,casual,2024-08-08,2024-10-30,21,105,3.9
1481,Villaverde,casual,2024-01-01,2024-11-15,67,359,4.6
1482,Arganzuela,casual,2024-01-01,2024-04-05,25,123,4.6
1483,Moratalaz,part_time,2024-05-12,2024-10-26,84,745,4.8
1484,Moncloa - Aravaca,casual,2024-12-27,2024-12-31,1,3,3.5
1485,Arganzuela,part_time,2024-01-01,2024-02-07,15,135,4.4
1486,Chamartín,casual,2024-01-12,2024-12-31,93,460,3.9
1487,Hortaleza,full_time,2024-11-27,2024-12-31,27,575,5.0
1488,Chamartín,casual,2024-12-02,2024-12-31,5,36,3.5
1489,San Blas - Canillejas,full_time,2024-03-02,2024-06-07,81,1560,4.2
1490,Latina,casual,2024-01-01,2024-03-16,16,84,4.6
1491,Puente de Vallecas,casual,2024-04-03,2024-07-16,27,128,4.6
1492,Ciudad Lineal,part_time,2024-02-29,2024-05-23,30,270,4.4
1493,Vicálvaro,part_time,2024-05-20,2024-07-28,30,273,4.2
1494,Carabanchel,part_time,2024-05-29,2024-11-16,73,631,4.9
1495,Villaverde,casual,2024-09-14,2024-12-26,28,147,4.4
1496,Latina,part_time,2024-07-12,2024-10-26,49,424,4.3
1497,Barajas,full_time,2024-11-03,2024-12-31,44,896,4.8
1498,Ciudad Lineal,part_time,2024-08-04,2024-12-31,72,634,4.2
1499,Moratalaz,casual,2024-01-20,2024-12-31,74,381,4.4
1500,Tetuán,part_time,2024-01-01,2024-02-23,19,160,4.0
1501,San Blas - Canillejas,part_time,2024-08-10,2024-12-31,57,547,3.8
1502,Hortaleza,full_time,2024-08-27,2024-11-12,64,1297,4.2
1503,Ciudad Lineal,casual,2024-03-08,2024-05-31,16,87,4.0
1504,Latina,casual,2024-01-01,2024-05-06,22,116,3.6
1505,Puente de Vallecas,part_time,2024-07-26,2024-10-31,49,423,4.2
1506,Usera,casual,2024-01-01,2024-02-15,10,54,4.5
1507,Arganzuela,part_time,2024-09-29,2024-12-11,35,312,3.6
1508,San Blas - Canillejas,casual,2024-01-16,2024-04-13,19,114,4.4
1509,Carabanchel,casual,2024-06-24,2024-10-05,20,107,4.0
1510,Barajas,part_time,2024-03-04,2024-05-12,32,270,3.6
1511,Carabanchel,casual,2024-04-27,2024-08-14,26,133,3.6
1512,San Blas - Canillejas,casual,2024-10-05,2024-12-18,22,102,4.6
1513,Centro,part_time,2024-02-25,2024-05-04,31,289,4.3
1514,Centro,part_time,2024-01-01,2024-01-18,6,58,4.9
1515,Ciudad Lineal,full_time,2024-01-01,2024-02-04,30,612,4.5
1516,Usera,casual,2024-01-01,2024-02-10,11,47,4.9
1517,Tetuán,casual,2024-03-04,2024-09-13,51,242,3.9
1518,San Blas - Canillejas,full_time,2024-01-01,2024-02-08,31,592,4.4
1519,Villaverde,casual,2024-04-05,2024-07-09,23,110,4.3
1520,Ciudad Lineal,casual,2024-07-15,2024-12-31,40,202,4.3
1521,San Blas - Canillejas,casual,2024-10-06,2024-12-31,22,109,4.8
1522,Centro,casual,2024-01-21,2024-04-08,20,102,4.3
1523,San Blas - Canillejas,full_time,2024-10-02,2024-12-31,66,1320,3.9
1524,Villaverde,part_time,2024-12-21,2024-12-31,6,47,4.6
1525,Vicálvaro,part_time,2024-07-21,2024-09-30,26,260,3.9
1526,Villa de Vallecas,casual,2024-09-06,2024-11-23,17,76,3.6
1527,Chamberí,casual,2024-05-13,2024-08-05,17,88,4.4
1528,Chamberí,casual,2024-01-01,2024-02-02,6,43,3.7
1529,Arganzuela,casual,2024-12-13,2024-12-31,5,28,4.6
1530,Villaverde,casual,2024-12-06,2024-12-31,5,22,4.2
1531,Moratalaz,casual,2024-01-02,2024-06-22,38,185,4.8
1532,San Blas - Canillejas,casual,2024-01-10,2024-03-27,13,68,4.1
1533,Moncloa - Aravaca,part_time,2024-01-01,2024-02-17,22,196,4.1
1534,Villa de Vallecas,part_time,2024-01-01,2024-12-29,171,1596,4.1
1535,Fuencarral - El Pardo,casual,2024-11-27,2024-12-31,8,49,4.6
1536,Latina,casual,2024-01-01,2024-01-20,5,22,3.7
1537,Arganzuela,part_time,2024-07-07,2024-10-06,30,284,4.0
1538,Villaverde,part_time,2024-09-05,2024-12-31,60,565,3.9
1539,Centro,part_time,2024-04-04,2024-06-14,32,310,4.1
1540,Hortaleza,casual,2024-07-13,2024-09-27,22,109,4.9
1541,Ciudad Lineal,part_time,2024-01-01,2024-11-20,133,1149,4.4
1542,Villaverde,casual,2024-01-01,2024-01-29,9,53,4.3
1543,Villaverde,casual,2024-05-23,2024-08-13,24,140,3.7
1544,Villaverde,casual,2024-01-01,2024-03-06,18,79,4.4
1545,Carabanchel,casual,2024-05-21,2024-12-31,55,285,4.7
1546,Tetuán,casual,2024-03-04,2024-05-15,14,69,4.0
1547,Vicálvaro,casual,2024-10-04,2024-12-27,17,84,4.9
1548,Puente de Vallecas,part_time,2024-06-22,2024-09-29,53,442,4.0
1549,Moratalaz,casual,2024-12-01,2024-12-31,5,25,3.7
1550,San Blas - Canillejas,casual,2024-09-06,2024-11-25,13,74,4.7
1551,Carabanchel,casual,2024-08-31,2024-11-19,20,89,4.3
1552,Carabanchel,casual,2024-01-01,2024-06-15,38,208,4.3
1553,Puente de Vallecas,casual,2024-02-23,2024-09-04,38,200,4.9
1554,Ciudad Lineal,casual,2024-07-02,2024-12-31,51,273,4.7
1555,Moratalaz,casual,2024-06-11,2024-12-31,51,257,5.0
1556,Puente de Vallecas,part_time,2024-08-09,2024-11-19,46,419,4.5
1557,Chamartín,full_time,2024-01-01,2024-01-04,4,88,4.4
1558,Usera,casual,2024-01-01,2024-01-09,2,9,4.3
1559,Tetuán,part_time,2024-01-01,2024-02-01,12,102,4.0
1560,Arganzuela,full_time,2024-01-01,2024-01-14,12,220,3.8
1561,Ciudad Lineal,full_time,2024-08-31,2024-12-31,103,2023,4.7
1562,Salamanca,part_time,2024-06-13,2024-08-30,35,291,3.5
1563,Ciudad Lineal,full_time,2024-05-29,2024-08-08,64,1244,4.8
1564,Moncloa - Aravaca,full_time,2024-01-01,2024-02-08,32,621,3.9
1565,Centro,part_time,2024-07-20,2024-12-31,71,616,3.9
1566,San Blas - Canillejas,casual,2024-01-01,2024-02-20,13,69,3.5
1567,Villa de Vallecas,casual,2024-01-26,2024-04-07,17,77,4.0
1568,Hortaleza,casual,2024-10-08,2024-12-31,17,82,3.6
1569,San Blas - Canillejas,casual,2024-05-26,2024-12-31,47,222,3.8
1570,Fuencarral - El Pardo,casual,2024-01-01,2024-02-11,9,38,4.5
1571,Puente de Vallecas,casual,2024-01-01,2024-02-10,12,53,4.1
1572,Hortaleza,part_time,2024-02-01,2024-08-16,92,826,3.5
1573,Salamanca,part_time,2024-05-25,2024-11-30,104,895,4.0
1574,Arganzuela,part_time,2024-02-03,2024-04-19,37,355,3.5
1575,Tetuán,casual,2024-03-05,2024-12-31,88,450,4.9
1576,Moncloa - Aravaca,casual,2024-03-05,2024-06-17,17,81,4.8
1577,Salamanca,part_time,2024-07-01,2024-09-18,42,358,4.0
1578,Moncloa - Aravaca,part_time,2024-08-24,2024-12-08,39,354,3.9
1579,Carabanchel,full_time,2024-10-21,2024-12-31,54,1133,3.7
1580,Carabanchel,full_time,2024-01-01,2024-03-31,71,1459,4.6
1581,Hortaleza,full_time,2024-01-01,2024-02-16,40,823,3.7
1582,Fuencarral - El Pardo,casual,2024-01-01,2024-03-27,18,89,4.5
1583,Fuencarral - El Pardo,casual,2024-01-01,2024-03-17,10,53,3.9
1584,Hortaleza,casual,2024-01-01,2024-08-23,59,270,4.6
1585,Barajas,part_time,2024-01-01,2024-01-21,9,86,4.1
1586,Arganzuela,full_time,2024-10-15,2024-12-31,66,1297,3.7
1587,Arganzuela,casual,2024-10-10,2024-12-31,23,126,3.9
1588,Villaverde,part_time,2024-06-11,2024-12-31,92,860,4.5
1589,Vicálvaro,casual,2024-01-05,2024-07-18,46,246,4.5
1590,Chamartín,casual,2024-08-23,2024-11-11,18,86,4.4
1591,Moratalaz,casual,2024-02-25,2024-12-31,82,403,4.0
1592,Centro,casual,2024-06-29,2024-12-28,42,200,4.5
1593,Tetuán,full_time,2024-01-01,2024-02-08,33,627,3.6
1594,Carabanchel,casual,2024-11-03,2024-12-31,16,84,4.4
1595,Moncloa - Aravaca,part_time,2024-03-21,2024-06-01,35,304,4.7
1596,Chamartín,part_time,2024-01-20,2024-05-07,45,427,3.7
1597,Usera,casual,2024-03-19,2024-07-03,27,139,4.7
1598,Arganzuela,casual,2024-01-22,2024-04-23,22,98,4.9
1599,Carabanchel,part_time,2024-12-27,2024-12-31,2,15,4.9
1600,Hortaleza,casual,2024-06-16,2024-12-27,47,250,3.5
1601,Usera,full_time,2024-11-13,2024-12-31,43,833,4.8
1602,Chamartín,casual,2024-12-09,2024-12-31,4,14,3.6
1603,Fuencarral - El Pardo,part_time,2024-06-16,2024-10-01,47,442,4.1
1604,San Blas - Canillejas,part_time,2024-09-30,2024-12-31,40,378,4.3
1605,Villa de Vallecas,casual,2024-11-08,2024-12-31,10,46,3.8
1606,Villaverde,casual,2024-01-01,2024-03-06,17,88,4.0
1607,Usera,full_time,2024-01-01,2024-07-14,151,3089,4.9
1608,Carabanchel,casual,2024-04-04,2024-07-01,21,98,3.8
1609,Centro,casual,2024-07-06,2024-10-20,35,182,4.3
1610,Centro,casual,2024-07-15,2024-12-31,33,159,4.7
1611,Hortaleza,casual,2024-03-10,2024-06-05,23,119,3.9
1612,San Blas - Canillejas,part_time,2024-10-19,2024-12-31,33,313,4.9
1613,Puente de Vallecas,part_time,2024-07-25,2024-10-28,51,445,5.0
1614,Puente de Vallecas,casual,2024-01-22,2024-07-23,40,198,3.9
1615,San Blas - Canillejas,part_time,2024-08-03,2024-11-17,46,421,4.2
1616,Centro,casual,2024-09-14,2024-12-31,24,111,3.5
1617,Chamberí,casual,2024-01-01,2024-07-05,33,146,4.9
1618,Chamartín,part_time,2024-01-01,2024-10-09,135,1246,3.7
1619,San Blas - Canillejas,full_time,2024-07-22,2024-12-29,137,2765,4.1
1620,Hortaleza,casual,2024-02-24,2024-08-23,49,242,4.5
1621,Hortaleza,casual,2024-01-01,2024-04-03,18,87,4.5
1622,Villaverde,casual,2024-10-24,2024-12-31,15,86,4.5
1623,Puente de Vallecas,part_time,2024-01-01,2024-04-16,48,449,3.5
1624,Centro,casual,2024-01-01,2024-05-14,38,177,4.6
1625,Fuencarral - El Pardo,casual,2024-10-31,2024-12-31,12,64,4.6
1626,Moratalaz,part_time,2024-06-18,2024-12-19,88,800,4.3
1627,Centro,casual,2024-04-27,2024-07-07,16,93,4.6
1628,Fuencarral - El Pardo,casual,2024-03-26,2024-06-22,20,100,3.5
1629,Tetuán,casual,2024-01-01,2024-03-26,25,122,3.7
1630,Arganzuela,casual,2024-01-01,2024-02-02,10,49,3.6
1631,Villaverde,casual,2024-11-19,2024-12-31,9,39,4.0
1632,Puente de Vallecas,full_time,2024-01-01,2024-01-21,18,338,3.8
1633,Tetuán,part_time,2024-01-01,2024-01-28,11,87,3.8
1634,Centro,part_time,2024-09-07,2024-12-15,55,536,4.1
1635,San Blas - Canillejas,full_time,2024-11-05,2024-12-31,47,997,4.4
1636,Moncloa - Aravaca,casual,2024-08-23,2024-11-13,16,80,4.3
1637,Hortaleza,casual,2024-01-01,2024-06-23,36,184,4.8
1638,Latina,full_time,2024-01-01,2024-07-16,164,3242,4.1
1639,Carabanchel,casual,2024-12-13,2024-12-31,8,36,4.1
1640,Tetuán,part_time,2024-08-13,2024-11-25,50,457,3.5
1641,Puente de Vallecas,part_time,2024-10-11,2024-12-31,37,315,4.6
1642,Latina,casual,2024-04-14,2024-07-30,28,151,4.4
1643,San Blas - Canillejas,casual,2024-09-25,2024-12-04,19,92,3.7
1644,Tetuán,casual,2024-12-21,2024-12-31,3,15,3.8
1645,Ciudad Lineal,casual,2024-01-06,2024-07-18,38,216,3.8
1646,Tetuán,casual,2024-02-20,2024-05-29,24,118,4.1
1647,Hortaleza,casual,2024-01-01,2024-01-23,9,41,3.6
1648,Ciudad Lineal,part_time,2024-08-31,2024-12-07,46,440,4.7
1649,Latina,full_time,2024-01-01,2024-06-24,140,2784,4.0
1650,Carabanchel,part_time,2024-01-01,2024-06-30,80,781,4.9
1651,Carabanchel,casual,2024-07-21,2024-10-06,18,81,3.9
1652,Chamartín,casual,2024-08-09,2024-12-31,38,202,4.0
1653,Chamartín,casual,2024-01-01,2024-10-19,71,388,4.9
1654,Villaverde,casual,2024-12-07,2024-12-31,6,26,3.8
1655,Villaverde,full_time,2024-01-01,2024-03-15,58,1145,4.8
1656,San Blas - Canillejas,casual,2024-04-11,2024-10-22,56,281,3.7
1657,Puente de Vallecas,casual,2024-07-14,2024-10-02,19,94,4.2
1658,Puente de Vallecas,part_time,2024-07-18,2024-09-25,26,242,4.8
1659,Salamanca,casual,2024-06-23,2024-12-31,48,256,3.7
1660,Vicálvaro,casual,2024-07-11,2024-10-26,24,116,3.6
1661,Centro,casual,2024-09-25,2024-12-31,25,111,3.9
1662,Tetuán,part_time,2024-08-18,2024-12-31,64,556,3.9
1663,Latina,part_time,2024-12-21,2024-12-31,4,31,4.1
1664,Chamartín,casual,2024-12-05,2024-12-31,8,43,4.6
1665,Arganzuela,full_time,2024-04-11,2024-10-13,155,3142,3.6
1666,Ciudad Lineal,full_time,2024-08-19,2024-11-20,73,1490,4.4
1667,Arganzuela,part_time,2024-02-06,2024-08-09,92,839,4.6
1668,Latina,casual,2024-06-21,2024-12-25,43,212,4.7
1669,Villaverde,casual,2024-01-01,2024-01-04,1,9,4.9
1670,Latina,full_time,2024-03-12,2024-06-20,80,1648,4.7
1671,Chamartín,casual,2024-11-01,2024-12-31,13,55,3.7
1672,Puente de Vallecas,part_time,2024-05-08,2024-12-31,109,964,3.8
1673,Vicálvaro,part_time,2024-01-01,2024-01-09,5,53,4.6
1674,Carabanchel,casual,2024-05-27,2024-08-26,19,99,3.8
1675,Vicálvaro,part_time,2024-03-15,2024-06-17,44,382,3.9
1676,Latina,full_time,2024-08-17,2024-12-31,118,2327,4.8
1677,Tetuán,part_time,2024-01-01,2024-03-23,48,389,4.2
1678,Carabanchel,casual,2024-06-28,2024-10-10,24,119,4.1
1679,Hortaleza,full_time,2024-06-10,2024-12-31,173,3557,4.2
1680,Chamartín,casual,2024-06-22,2024-10-09,20,106,3.9
1681,San Blas - Canillejas,part_time,2024-02-13,2024-05-01,32,286,3.6
1682,Moncloa - Aravaca,part_time,2024-09-08,2024-12-31,62,510,5.0
1683,Carabanchel,part_time,2024-10-01,2024-12-18,41,381,3.9
1684,Puente de Vallecas,casual,2024-01-30,2024-07-08,33,146,4.3
1685,Puente de Vallecas,casual,2024-01-30,2024-05-02,22,103,3.6
1686,Puente de Vallecas,casual,2024-06-28,2024-12-31,46,224,3.7
1687,Salamanca,casual,2024-01-01,2024-09-19,68,369,3.7
1688,Fuencarral - El Pardo,casual,2024-03-15,2024-06-03,24,113,3.6
1689,Tetuán,part_time,2024-04-30,2024-07-20,37,308,4.5
1690,Fuencarral - El Pardo,casual,2024-03-01,2024-09-15,38,186,3.5
1691,Carabanchel,part_time,2024-10-16,2024-12-31,27,243,4.2
1692,Ciudad Lineal,full_time,2024-12-07,2024-12-31,19,402,4.5
1693,Usera,casual,2024-07-23,2024-12-31,39,198,4.0
1694,Centro,part_time,2024-01-01,2024-02-08,18,166,3.7
1695,Latina,part_time,2024-01-01,2024-09-03,118,1064,3.8
1696,Ciudad Lineal,casual,2024-01-08,2024-03-24,13,50,3.7
1697,Vicálvaro,casual,2024-08-04,2024-10-22,20,93,3.9
1698,Ciudad Lineal,part_time,2024-06-28,2024-10-05,50,472,4.0
1699,Arganzuela,full_time,2024-12-22,2024-12-31,8,161,4.1
1700,Fuencarral - El Pardo,part_time,2024-01-01,2024-11-23,163,1509,3.8
1701,Tetuán,full_time,2024-01-01,2024-02-18,41,837,3.9
1702,Salamanca,full_time,2024-06-28,2024-10-04,84,1706,4.5
1703,Centro,casual,2024-03-27,2024-06-10,14,64,3.5
1704,Villaverde,part_time,2024-01-01,2024-04-05,42,427,4.2
1705,Ciudad Lineal,casual,2024-04-02,2024-06-10,14,88,4.9
1706,Hortaleza,full_time,2024-01-08,2024-04-22,87,1744,4.6
1707,Puente de Vallecas,casual,2024-01-01,2024-04-03,21,113,4.0
1708,Barajas,casual,2024-05-12,2024-08-07,20,107,4.3
1709,San Blas - Canillejas,full_time,2024-09-19,2024-12-31,85,1714,5.0
1710,Hortaleza,casual,2024-11-11,2024-12-31,11,55,4.6
1711,Moratalaz,part_time,2024-01-19,2024-05-02,40,357,4.4
1712,Centro,casual,2024-04-18,2024-07-27,27,161,4.3
1713,Carabanchel,full_time,2024-10-24,2024-12-31,53,1035,4.8
1714,Fuencarral - El Pardo,full_time,2024-12-26,2024-12-31,4,80,3.8
1715,Retiro,casual,2024-10-26,2024-12-31,18,94,4.4
1716,Centro,part_time,2024-05-13,2024-08-14,47,422,4.0
1717,Usera,casual,2024-11-02,2024-12-31,16,90,4.2
1718,Barajas,part_time,2024-08-21,2024-11-13,37,301,3.6
1719,Carabanchel,part_time,2024-01-01,2024-03-02,32,276,4.7
1720,Tetuán,part_time,2024-01-01,2024-02-09,21,172,3.8
1721,Latina,casual,2024-12-03,2024-12-31,9,59,4.3
1722,Ciudad Lineal,casual,2024-11-22,2024-12-31,10,35,4.9
1723,San Blas - Canillejas,part_time,2024-05-01,2024-07-26,45,406,3.9
1724,Moncloa - Aravaca,part_time,2024-07-31,2024-10-28,33,298,4.0
1725,Moncloa - Aravaca,casual,2024-01-01,2024-08-08,54,246,4.1
1726,Carabanchel,casual,2024-08-19,2024-11-13,17,81,4.3
1727,Hortaleza,casual,2024-01-01,2024-11-15,75,381,3.8
1728,Vicálvaro,full_time,2024-03-04,2024-06-11,83,1621,4.6
1729,Hortaleza,casual,2024-01-01,2024-11-18,75,412,4.4
1730,Puente de Vallecas,casual,2024-01-01,2024-11-24,75,360,3.6
1731,Chamartín,full_time,2024-12-05,2024-12-31,22,446,4.3
1732,Ciudad Lineal,casual,2024-11-10,2024-12-31,7,37,4.0
1733,Usera,part_time,2024-01-01,2024-04-15,44,413,4.0
1734,Centro,casual,2024-02-12,2024-05-04,17,93,5.0
1735,Tetuán,full_time,2024-02-03,2024-05-21,89,1783,4.1
1736,Centro,part_time,2024-01-01,2024-01-09,1,12,3.5
1737,Tetuán,full_time,2024-04-17,2024-10-18,163,3338,4.0
1738,Salamanca,casual,2024-01-01,2024-12-13,93,457,4.4
1739,Centro,casual,2024-01-01,2024-04-01,19,104,4.3
1740,San Blas - Canillejas,part_time,2024-12-24,2024-12-31,4,40,3.6
1741,Hortaleza,casual,2024-08-27,2024-12-31,31,154,3.8
1742,Latina,casual,2024-01-01,2024-04-08,13,80,4.7
1743,Latina,casual,2024-05-30,2024-12-31,45,231,3.5
1744,Villa de Vallecas,full_time,2024-01-09,2024-07-03,150,2869,3.8
1745,Villaverde,part_time,2024-07-13,2024-10-22,48,436,5.0
1746,Puente de Vallecas,part_time,2024-03-17,2024-09-14,73,623,4.5
1747,Fuencarral - El Pardo,part_time,2024-01-01,2024-03-04,31,297,3.9
1748,Hortaleza,casual,2024-01-01,2024-11-30,80,401,3.8
1749,Latina,casual,2024-12-10,2024-12-31,2,6,4.1
1750,Chamberí,casual,2024-08-14,2024-12-31,35,190,4.5
1751,Vicálvaro,part_time,2024-07-12,2024-10-17,40,386,3.8
1752,Hortaleza,casual,2024-10-20,2024-12-31,12,65,4.6
1753,Moratalaz,full_time,2024-10-13,2024-12-31,61,1188,3.6
1754,Usera,part_time,2024-10-30,2024-12-31,24,211,3.8
1755,San Blas - Canillejas,casual,2024-01-01,2024-02-28,12,61,4.4
1756,Vicálvaro,part_time,2024-01-01,2024-02-29,26,245,4.6
1757,Moncloa - Aravaca,casual,2024-10-04,2024-12-17,17,101,4.5
1758,Chamberí,full_time,2024-12-29,2024-12-31,3,59,3.9
1759,Fuencarral - El Pardo,full_time,2024-06-19,2024-09-07,66,1315,4.1
1760,Usera,full_time,2024-12-06,2024-12-31,21,409,3.6
1761,San Blas - Canillejas,casual,2024-04-29,2024-12-31,58,280,3.5
1762,Villaverde,casual,2024-01-01,2024-02-16,9,37,4.1
1763,Centro,casual,2024-11-28,2024-12-31,6,31,4.3
1764,Latina,casual,2024-10-17,2024-12-31,15,79,4.7
1765,Chamartín,casual,2024-01-30,2024-12-31,76,405,4.9
1766,Puente de Vallecas,casual,2024-07-01,2024-12-31,40,191,4.4
1767,San Blas - Canillejas,full_time,2024-03-04,2024-06-13,81,1562,4.7
1768,Chamberí,casual,2024-06-10,2024-11-24,36,184,3.7
1769,San Blas - Canillejas,casual,2024-03-28,2024-07-14,27,139,4.7
1770,Fuencarral - El Pardo,part_time,2024-05-27,2024-08-31,42,427,3.9
1771,San Blas - Canillejas,part_time,2024-04-13,2024-12-31,121,1084,4.1
1772,Arganzuela,part_time,2024-01-01,2024-02-09,15,144,3.5
1773,Hortaleza,part_time,2024-01-01,2024-03-11,28,254,4.2
1774,Centro,full_time,2024-01-01,2024-02-08,30,621,4.5
1775,Hortaleza,part_time,2024-07-02,2024-09-25,46,415,3.9
1776,Puente de Vallecas,casual,2024-01-01,2024-10-20,66,344,4.7
1777,San Blas - Canillejas,part_time,2024-04-12,2024-09-21,78,744,4.9
1778,Centro,casual,2024-05-10,2024-08-23,27,136,4.4
1779,Fuencarral - El Pardo,casual,2024-01-01,2024-01-19,6,39,3.9
1780,Centro,casual,2024-09-28,2024-12-31,25,127,4.6
1781,Puente de Vallecas,casual,2024-07-19,2024-12-31,36,176,3.9
1782,San Blas - Canillejas,part_time,2024-05-17,2024-12-31,114,992,3.7
1783,Vicálvaro,casual,2024-01-01,2024-01-16,5,27,3.9
1784,Tetuán,casual,2024-07-28,2024-10-20,15,87,4.2
1785,Villa de Vallecas,casual,2024-05-24,2024-08-10,15,82,3.8
1786,Hortaleza,part_time,2024-08-25,2024-12-31,58,520,4.0
1787,Ciudad Lineal,casual,2024-01-01,2024-02-15,9,53,4.1
1788,Fuencarral - El Pardo,part_time,2024-09-12,2024-11-20,29,272,4.6
1789,Ciudad Lineal,full_time,2024-12-11,2024-12-31,17,336,4.8
1790,Arganzuela,casual,2024-10-23,2024-12-31,13,66,4.7
1791,Barajas,part_time,2024-11-03,2024-12-31,29,260,3.8
1792,Ciudad Lineal,casual,2024-01-01,2024-02-10,8,40,4.7
1793,Hortaleza,casual,2024-06-09,2024-08-18,18,85,4.5
1794,Moncloa - Aravaca,part_time,2024-01-01,2024-05-11,60,536,3.9
1795,San Blas - Canillejas,full_time,2024-05-05,2024-10-15,132,2719,4.1
1796,Puente de Vallecas,casual,2024-07-27,2024-12-31,41,221,4.0
1797,Vicálvaro,part_time,2024-08-12,2024-12-31,69,635,4.2
1798,Moncloa - Aravaca,casual,2024-12-28,2024-12-31,1,1,4.8
1799,Carabanchel,part_time,2024-12-13,2024-12-31,13,122,4.1
1800,Tetuán,part_time,2024-01-31,2024-04-20,33,282,3.6
1801,Ciudad Lineal,part_time,2024-11-22,2024-12-31,20,178,4.6
1802,Centro,part_time,2024-11-09,2024-12-31,30,267,4.7
1803,Villaverde,casual,2024-08-31,2024-11-16,17,88,4.4
1804,San Blas - Canillejas,part_time,2024-01-01,2024-05-22,66,611,4.2
1805,Villa de Vallecas,part_time,2024-01-01,2024-03-26,30,234,4.7
1806,Usera,part_time,2024-01-01,2024-11-14,139,1250,3.5
1807,Villaverde,casual,2024-01-01,2024-01-22,2,5,4.4
1808,Salamanca,casual,2024-02-01,2024-05-12,26,129,4.9
1809,Carabanchel,casual,2024-01-01,2024-02-11,6,21,4.7
1810,Moncloa - Aravaca,casual,2024-05-29,2024-08-27,22,106,3.9
1811,Villa de Vallecas,casual,2024-03-26,2024-12-31,72,347,4.9
1812,Tetuán,casual,2024-01-01,2024-03-20,20,99,3.8
1813,Puente de Vallecas,part_time,2024-10-02,2024-12-31,43,442,4.3
1814,Latina,casual,2024-01-01,2024-02-21,13,54,4.4
1815,Fuencarral - El Pardo,part_time,2024-01-01,2024-10-16,135,1198,3.6
1816,Centro,casual,2024-04-09,2024-09-25,36,181,3.7
1817,Carabanchel,part_time,2024-03-01,2024-12-31,157,1342,4.3
1818,Carabanchel,casual,2024-02-28,2024-05-23,18,82,3.8
1819,Vicálvaro,casual,2024-06-05,2024-12-31,47,250,4.1
1820,Chamartín,part_time,2024-01-11,2024-07-02,83,800,4.6
1821,Tetuán,full_time,2024-01-13,2024-04-29,92,1810,4.4
1822,Puente de Vallecas,casual,2024-01-01,2024-11-27,75,377,4.8
1823,Villa de Vallecas,casual,2024-01-01,2024-03-01,17,86,4.9
1824,Puente de Vallecas,part_time,2024-12-07,2024-12-31,12,91,4.9
1825,Centro,part_time,2024-06-12,2024-09-03,32,292,4.1
1826,Chamartín,casual,2024-01-01,2024-03-20,20,87,3.7
1827,Latina,casual,2024-09-13,2024-12-31,20,102,4.5
1828,Tetuán,casual,2024-08-31,2024-11-10,18,113,4.9
1829,San Blas - Canillejas,full_time,2024-02-18,2024-08-27,166,3260,4.7
1830,Salamanca,casual,2024-12-22,2024-12-31,2,6,4.5
1831,San Blas - Canillejas,casual,2024-05-23,2024-08-10,16,67,4.7
1832,Carabanchel,full_time,2024-01-01,2024-04-28,94,1818,4.1
1833,Chamartín,casual,2024-10-01,2024-12-10,22,104,4.3
1834,Villaverde,casual,2024-11-10,2024-12-31,12,48,3.8
1835,Latina,casual,2024-01-01,2024-07-05,43,207,4.5
1836,Centro,casual,2024-01-01,2024-01-04,1,5,4.0
1837,Chamartín,casual,2024-07-05,2024-10-06,17,85,3.9
1838,Vicálvaro,casual,2024-08-27,2024-12-13,34,182,3.9
1839,Ciudad Lineal,part_time,2024-01-20,2024-05-02,43,380,4.3
1840,Puente de Vallecas,part_time,2024-12-05,2024-12-31,10,78,4.3
1841,Puente de Vallecas,casual,2024-01-01,2024-03-18,14,83,4.7
1842,Villa de Vallecas,part_time,2024-10-03,2024-12-27,42,372,4.9
1843,Hortaleza,casual,2024-11-03,2024-12-31,13,58,4.0
1844,Puente de Vallecas,full_time,2024-01-01,2024-03-31,80,1517,4.0
1845,Vicálvaro,casual,2024-01-02,2024-12-31,67,316,3.9
1846,Puente de Vallecas,part_time,2024-01-01,2024-01-14,8,64,4.0
1847,Puente de Vallecas,casual,2024-07-29,2024-10-06,15,79,4.6
1848,Moncloa - Aravaca,part_time,2024-06-05,2024-09-08,45,380,4.4
1849,Latina,casual,2024-09-18,2024-12-31,22,110,3.6
1850,Chamberí,part_time,2024-05-15,2024-08-20,33,281,4.4
1851,Usera,casual,2024-01-01,2024-07-18,57,266,4.8
1852,Villaverde,full_time,2024-01-01,2024-03-01,51,958,3.6
1853,San Blas - Canillejas,casual,2024-01-01,2024-01-24,3,16,4.9
1854,Villa de Vallecas,part_time,2024-04-13,2024-10-22,88,771,3.9
1855,Arganzuela,part_time,2024-11-19,2024-12-31,16,140,4.0
1856,Fuencarral - El Pardo,full_time,2024-09-16,2024-12-16,74,1522,4.1
1857,San Blas - Canillejas,casual,2024-03-19,2024-07-05,30,141,3.7
1858,Usera,casual,2024-12-23,2024-12-31,1,8,3.6
1859,Villa de Vallecas,casual,2024-01-01,2024-03-27,22,122,3.9
1860,Barajas,casual,2024-12-30,2024-12-31,1,1,3.5
1861,Retiro,part_time,2024-01-01,2024-06-15,73,658,4.4
1862,Hortaleza,full_time,2024-01-01,2024-05-02,98,1935,3.7
1863,Chamartín,full_time,2024-10-28,2024-12-31,50,1046,3.6
1864,Fuencarral - El Pardo,casual,2024-05-05,2024-07-30,24,115,4.3
1865,Latina,part_time,2024-10-13,2024-12-31,38,328,4.4
1866,Carabanchel,full_time,2024-09-06,2024-12-10,70,1415,4.5
1867,Puente de Vallecas,full_time,2024-01-01,2024-03-11,58,1184,4.3
1868,Latina,casual,2024-01-01,2024-03-08,10,50,4.8
1869,Vicálvaro,casual,2024-04-20,2024-07-25,24,115,3.7
1870,Fuencarral - El Pardo,part_time,2024-04-28,2024-11-12,100,901,4.7
1871,Barajas,casual,2024-01-01,2024-11-05,78,357,4.1
1872,Carabanchel,casual,2024-01-01,2024-04-26,23,141,4.9
1873,Ciudad Lineal,full_time,2024-01-21,2024-04-06,64,1308,3.9
1874,Arganzuela,full_time,2024-01-12,2024-12-31,294,5822,4.9
1875,Usera,full_time,2024-01-01,2024-01-08,8,152,4.8
1876,Latina,part_time,2024-04-25,2024-07-14,40,345,3.8
1877,Moncloa - Aravaca,casual,2024-01-01,2024-01-19,3,18,4.2
1878,Moncloa - Aravaca,casual,2024-11-04,2024-12-31,12,74,3.9
1879,Tetuán,casual,2024-07-04,2024-10-21,34,155,3.7
1880,Moncloa - Aravaca,part_time,2024-01-01,2024-03-25,32,285,4.1
1881,Carabanchel,casual,2024-09-15,2024-12-22,29,146,4.3
1882,San Blas - Canillejas,part_time,2024-05-13,2024-08-14,46,409,4.1
1883,Fuencarral - El Pardo,casual,2024-04-03,2024-10-10,42,214,4.0
1884,Villa de Vallecas,part_time,2024-01-31,2024-04-25,35,281,4.0
1885,Latina,casual,2024-03-30,2024-06-28,15,84,3.7
1886,Usera,casual,2024-11-07,2024-12-31,7,40,3.8
1887,Puente de Vallecas,casual,2024-01-01,2024-03-22,23,139,4.3
1888,Arganzuela,casual,2024-04-05,2024-12-31,61,310,3.7
1889,Chamberí,full_time,2024-01-05,2024-04-10,82,1594,4.7
1890,Chamartín,casual,2024-03-04,2024-08-30,37,182,4.6
1891,Fuencarral - El Pardo,casual,2024-05-27,2024-09-05,20,84,5.0
1892,Carabanchel,part_time,2024-01-01,2024-02-23,24,207,4.0
1893,Arganzuela,part_time,2024-01-01,2024-02-04,14,127,3.8
1894,Latina,casual,2024-05-09,2024-08-10,21,92,3.6
1895,Fuencarral - El Pardo,casual,2024-04-10,2024-07-03,14,65,4.0
1896,Puente de Vallecas,casual,2024-11-19,2024-12-31,12,58,4.9
1897,Salamanca,part_time,2024-07-14,2024-12-31,81,711,4.4
1898,Retiro,casual,2024-10-17,2024-12-31,20,83,4.9
1899,Fuencarral - El Pardo,casual,2024-11-10,2024-12-31,10,42,4.9
1900,Latina,casual,2024-01-01,2024-01-09,4,19,4.1
1901,Villa de Vallecas,part_time,2024-11-06,2024-12-31,23,217,4.2
1902,Tetuán,casual,2024-12-12,2024-12-31,1,4,3.9
1903,Vicálvaro,part_time,2024-05-03,2024-07-19,35,306,4.6
1904,Usera,casual,2024-04-09,2024-12-31,55,291,4.4
1905,Villa de Vallecas,part_time,2024-03-05,2024-06-08,43,390,3.6
1906,Ciudad Lineal,casual,2024-01-01,2024-02-16,12,67,4.9
1907,San Blas - Canillejas,casual,2024-01-26,2024-05-01,25,115,4.7
1908,Villa de Vallecas,casual,2024-01-01,2024-02-28,16,81,4.9
1909,Villaverde,part_time,2024-05-22,2024-07-31,31,295,3.9
1910,Fuencarral - El Pardo,full_time,2024-06-30,2024-12-15,142,2886,4.6
1911,Latina,casual,2024-01-01,2024-01-03,1,6,4.5
1912,Chamartín,casual,2024-01-22,2024-04-12,17,90,3.7
1913,Retiro,full_time,2024-01-01,2024-02-02,26,488,3.9
1914,San Blas - Canillejas,casual,2024-12-13,2024-12-31,1,2,3.8
1915,Hortaleza,casual,2024-09-11,2024-12-31,30,153,3.7
1916,Fuencarral - El Pardo,casual,2024-01-01,2024-01-15,1,3,4.5
1917,Salamanca,part_time,2024-10-07,2024-12-31,30,273,4.8
1918,Chamartín,part_time,2024-10-13,2024-12-31,31,306,5.0
1919,Hortaleza,part_time,2024-10-04,2024-12-29,34,334,3.8
1920,Puente de Vallecas,full_time,2024-11-05,2024-12-31,51,1039,4.5
1921,Carabanchel,casual,2024-04-27,2024-08-07,29,156,3.6
1922,Carabanchel,casual,2024-01-01,2024-05-06,28,135,3.9
1923,Centro,casual,2024-09-29,2024-12-31,26,109,4.8
1924,Tetuán,casual,2024-10-05,2024-12-31,25,112,4.9
1925,Tetuán,casual,2024-01-01,2024-06-02,37,189,5.0
1926,Carabanchel,casual,2024-02-29,2024-12-31,71,373,4.2
1927,Vicálvaro,casual,2024-02-12,2024-12-31,77,383,4.6
1928,Villaverde,part_time,2024-05-10,2024-08-12,43,402,4.1
1929,Hortaleza,casual,2024-07-06,2024-10-04,22,129,4.6
1930,Moncloa - Aravaca,casual,2024-01-01,2024-02-09,6,27,3.7
1931,Tetuán,part_time,2024-01-01,2024-11-21,140,1247,3.7
1932,Chamartín,part_time,2024-02-02,2024-05-09,35,313,5.0
1933,Puente de Vallecas,part_time,2024-01-01,2024-01-02,1,15,4.0
1934,Chamartín,part_time,2024-06-01,2024-08-17,31,298,4.8
1935,Villa de Vallecas,part_time,2024-01-15,2024-07-21,91,789,3.5
1936,Moncloa - Aravaca,casual,2024-03-07,2024-08-15,38,183,4.7
1937,Latina,casual,2024-01-01,2024-02-29,12,66,4.9
1938,Hortaleza,part_time,2024-04-08,2024-09-30,80,719,3.5
1939,Hortaleza,casual,2024-01-01,2024-07-16,49,237,4.1
1940,Villaverde,casual,2024-01-01,2024-01-01,1,1,4.7
1941,Ciudad Lineal,casual,2024-07-24,2024-12-31,39,208,3.5
1942,Barajas,casual,2024-06-08,2024-12-15,44,223,4.0
1943,Centro,casual,2024-05-25,2024-09-03,17,91,3.9
1944,Latina,casual,2024-03-30,2024-12-31,59,321,3.7
1945,Moncloa - Aravaca,part_time,2024-01-01,2024-08-18,99,865,3.6
1946,Usera,full_time,2024-01-01,2024-03-30,77,1476,3.9
1947,Ciudad Lineal,casual,2024-01-01,2024-09-14,59,295,3.8
1948,Arganzuela,full_time,2024-09-26,2024-12-24,76,1551,5.0
1949,Ciudad Lineal,casual,2024-07-02,2024-10-09,23,128,3.5
1950,Moncloa - Aravaca,full_time,2024-09-29,2024-12-18,76,1455,3.7
1951,Chamartín,full_time,2024-10-21,2024-12-31,59,1166,4.7
1952,Retiro,casual,2024-01-01,2024-07-01,40,207,4.6
1953,Fuencarral - El Pardo,part_time,2024-10-31,2024-12-31,32,302,4.2
1954,Centro,full_time,2024-05-03,2024-12-31,202,4008,4.1
1955,Ciudad Lineal,full_time,2024-05-01,2024-11-07,150,2999,4.0
1956,Chamartín,full_time,2024-05-28,2024-08-07,63,1203,5.0
1957,Fuencarral - El Pardo,part_time,2024-05-06,2024-07-29,38,313,4.8
1958,Fuencarral - El Pardo,casual,2024-01-01,2024-02-03,9,45,3.9
1959,Moncloa - Aravaca,part_time,2024-01-01,2024-01-30,13,104,4.2
1960,Latina,part_time,2024-03-05,2024-05-29,37,336,4.6
1961,Arganzuela,part_time,2024-01-01,2024-05-28,65,564,4.7
1962,Latina,casual,2024-01-01,2024-02-15,13,78,3.7
1963,Puente de Vallecas,part_time,2024-01-01,2024-01-12,4,40,4.9
1964,Fuencarral - El Pardo,casual,2024-12-16,2024-12-31,7,27,4.7
1965,Barajas,part_time,2024-01-01,2024-04-29,63,567,4.3
1966,Chamberí,casual,2024-12-23,2024-12-31,1,4,4.3
1967,Tetuán,part_time,2024-05-30,2024-09-14,49,434,4.3
1968,Latina,part_time,2024-01-13,2024-03-25,28,227,4.7
1969,Arganzuela,casual,2024-01-01,2024-03-08,21,111,4.3
1970,Latina,casual,2024-01-01,2024-04-03,20,106,4.7
1971,Centro,casual,2024-01-08,2024-07-23,41,226,4.8
1972,Fuencarral - El Pardo,full_time,2024-01-01,2024-05-26,123,2446,4.6
1973,Moncloa - Aravaca,part_time,2024-08-28,2024-12-31,53,473,3.6
1974,San Blas - Canillejas,casual,2024-03-18,2024-06-16,21,78,4.2
1975,Puente de Vallecas,casual,2024-01-29,2024-12-31,74,385,3.9
1976,Fuencarral - El Pardo,casual,2024-05-16,2024-08-18,15,75,3.6
1977,Latina,casual,2024-07-30,2024-10-26,14,67,4.5
1978,Tetuán,full_time,2024-12-30,2024-12-31,2,47,4.3
1979,Ciudad Lineal,part_time,2024-01-01,2024-11-20,165,1473,3.6
1980,Villaverde,casual,2024-01-01,2024-08-23,53,261,4.4
1981,Villa de Vallecas,full_time,2024-12-13,2024-12-31,18,350,3.8
1982,Moncloa - Aravaca,casual,2024-12-30,2024-12-31,1,1,4.9
1983,Moratalaz,full_time,2024-09-19,2024-12-31,83,1711,4.5
1984,Fuencarral - El Pardo,casual,2024-10-03,2024-12-19,19,89,3.5
1985,Tetuán,part_time,2024-02-17,2024-08-07,66,560,4.8
1986,Chamartín,full_time,2024-06-05,2024-09-01,73,1465,3.6
1987,Latina,casual,2024-03-17,2024-06-06,19,103,3.5
1988,Arganzuela,part_time,2024-07-13,2024-10-04,33,297,4.1
1989,Villa de Vallecas,full_time,2024-09-24,2024-12-31,78,1574,3.7
1990,Carabanchel,casual,2024-02-03,2024-07-17,32,168,4.7
1991,Ciudad Lineal,casual,2024-06-03,2024-08-31,18,73,4.9
1992,San Blas - Canillejas,part_time,2024-09-20,2024-12-17,47,438,4.7
1993,Puente de Vallecas,casual,2024-01-01,2024-04-20,27,134,4.1
1994,Carabanchel,casual,2024-06-07,2024-11-21,42,208,3.9
1995,Barajas,casual,2024-09-22,2024-12-11,17,92,4.0
1996,Centro,part_time,2024-01-01,2024-01-24,12,101,3.6
1997,Moratalaz,casual,2024-01-01,2024-07-03,42,217,4.9
1998,Villa de Vallecas,casual,2024-01-01,2024-01-14,4,19,3.9
1999,Villa de Vallecas,part_time,2024-01-01,2024-01-03,1,6,3.9
2000,Chamartín,casual,2024-03-16,2024-09-23,44,238,4.6
2001,Usera,part_time,2024-07-23,2024-12-31,72,674,4.4
2002,Hortaleza,casual,2024-03-17,2024-06-28,27,135,4.9
2003,Chamartín,full_time,2024-07-05,2024-10-22,92,1849,5.0
2004,Chamartín,part_time,2024-01-01,2024-05-19,67,576,4.1
2005,Puente de Vallecas,casual,2024-10-21,2024-12-31,15,77,4.9
2006,Chamartín,full_time,2024-03-06,2024-06-19,90,1781,4.9
2007,Villaverde,casual,2024-07-21,2024-12-31,38,171,4.8
2008,Fuencarral - El Pardo,casual,2024-01-01,2024-02-29,14,74,4.9
2009,Chamberí,casual,2024-09-25,2024-12-31,17,86,4.4
2010,San Blas - Canillejas,part_time,2024-05-22,2024-08-28,48,431,3.7
2011,Vicálvaro,casual,2024-12-18,2024-12-31,3,20,4.8
2012,Arganzuela,casual,2024-03-29,2024-07-07,21,87,4.0
2013,Retiro,casual,2024-09-30,2024-12-31,14,72,4.9
2014,Chamartín,casual,2024-02-07,2024-08-17,40,209,4.3
2015,Retiro,casual,2024-01-01,2024-03-19,15,82,4.2
2016,Chamartín,casual,2024-08-08,2024-11-15,23,129,4.7
2017,Hortaleza,casual,2024-01-01,2024-04-08,29,144,4.1
2018,Chamartín,casual,2024-09-28,2024-12-31,24,99,3.7
2019,Moncloa - Aravaca,part_time,2024-01-01,2024-07-05,92,801,4.7
2020,Tetuán,casual,2024-09-12,2024-12-09,19,99,3.9
2021,Hortaleza,part_time,2024-04-02,2024-09-10,71,622,4.8
2022,Puente de Vallecas,casual,2024-05-26,2024-09-11,15,89,4.9
2023,Puente de Vallecas,casual,2024-09-01,2024-12-01,19,101,4.1
2024,Hortaleza,casual,2024-07-03,2024-12-25,38,190,4.5
2025,Tetuán,casual,2024-07-30,2024-10-31,16,90,3.5
2026,Centro,casual,2024-08-04,2024-10-14,17,86,4.7
2027,Salamanca,part_time,2024-03-03,2024-12-31,133,1219,4.2
2028,Carabanchel,casual,2024-10-07,2024-12-22,12,61,3.9
2029,San Blas - Canillejas,casual,2024-01-01,2024-06-09,43,229,4.8
2030,San Blas - Canillejas,part_time,2024-01-01,2024-05-12,59,545,4.1
2031,Chamartín,casual,2024-08-07,2024-12-31,42,219,4.7
2032,Moncloa - Aravaca,casual,2024-06-14,2024-08-22,12,59,4.1
2033,Usera,casual,2024-11-07,2024-12-31,12,68,4.9
2034,Fuencarral - El Pardo,casual,2024-12-16,2024-12-31,2,5,4.5
2035,Puente de Vallecas,casual,2024-10-30,2024-12-31,19,95,4.5
2036,Chamartín,part_time,2024-05-01,2024-10-22,76,685,3.7
2037,Carabanchel,full_time,2024-07-05,2024-12-31,156,3107,4.6
2038,Ciudad Lineal,casual,2024-02-29,2024-06-02,21,93,4.3
2039,Fuencarral - El Pardo,part_time,2024-01-01,2024-01-07,3,27,4.6
2040,Villaverde,part_time,2024-09-06,2024-12-31,62,585,4.8
2041,Hortaleza,casual,2024-09-19,2024-12-31,24,131,4.6
2042,Ciudad Lineal,part_time,2024-01-01,2024-01-05,1,8,4.2
2043,Latina,part_time,2024-11-01,2024-12-31,33,292,4.8
2044,Barajas,full_time,2024-11-07,2024-12-31,47,954,4.6
2045,Centro,full_time,2024-01-01,2024-06-28,145,2838,4.6
2046,Latina,casual,2024-01-01,2024-01-13,1,1,4.9
2047,Latina,casual,2024-11-06,2024-12-31,17,90,3.7
2048,Moncloa - Aravaca,casual,2024-01-01,2024-02-21,14,84,4.2
2049,Latina,casual,2024-01-05,2024-04-19,29,141,3.7
2050,San Blas - Canillejas,casual,2024-06-11,2024-08-29,14,64,4.6
2051,Fuencarral - El Pardo,full_time,2024-10-07,2024-12-31,68,1357,4.1
2052,Ciudad Lineal,casual,2024-09-19,2024-12-31,24,124,4.6
2053,Latina,casual,2024-07-13,2024-12-31,48,203,3.7
2054,Moncloa - Aravaca,part_time,2024-10-12,2024-12-31,40,359,4.4
2055,Ciudad Lineal,casual,2024-08-17,2024-10-25,16,78,3.7
2056,San Blas - Canillejas,casual,2024-07-21,2024-10-13,23,92,4.0
2057,Arganzuela,full_time,2024-01-01,2024-05-01,103,2022,4.3
2058,Latina,casual,2024-01-01,2024-11-09,89,454,4.5
2059,Hortaleza,casual,2024-04-24,2024-07-26,17,82,4.3
2060,Tetuán,casual,2024-01-01,2024-01-09,2,13,4.6
2061,Puente de Vallecas,full_time,2024-01-01,2024-10-21,239,4751,3.8
2062,Usera,casual,2024-01-03,2024-04-16,26,125,4.5
2063,San Blas - Canillejas,casual,2024-01-01,2024-03-05,15,73,4.1
2064,Fuencarral - El Pardo,casual,2024-04-22,2024-10-31,44,212,3.7
2065,Latina,casual,2024-01-01,2024-06-22,37,167,4.8
2066,Moncloa - Aravaca,full_time,2024-01-01,2024-03-30,77,1459,5.0
2067,Puente de Vallecas,casual,2024-09-30,2024-12-08,16,91,3.9
2068,Chamartín,full_time,2024-10-02,2024-12-31,76,1553,3.7
2069,Ciudad Lineal,casual,2024-08-06,2024-10-14,14,65,4.6
2070,Puente de Vallecas,casual,2024-01-01,2024-03-29,18,87,5.0
2071,Moncloa - Aravaca,full_time,2024-04-07,2024-12-31,230,4563,4.1
2072,Centro,casual,2024-08-27,2024-11-10,16,77,4.7
2073,Latina,casual,2024-02-01,2024-04-11,19,95,3.7
2074,Latina,full_time,2024-01-01,2024-02-27,51,1031,3.8
2075,Usera,casual,2024-04-26,2024-07-09,15,59,3.7
2076,Carabanchel,casual,2024-04-22,2024-07-06,19,99,4.5
2077,Latina,full_time,2024-01-01,2024-03-13,55,1147,4.4
2078,Fuencarral - El Pardo,casual,2024-01-01,2024-04-12,26,130,4.5
2079,Barajas,casual,2024-01-01,2024-12-31,88,435,3.8
2080,Vicálvaro,casual,2024-06-08,2024-08-18,16,82,3.6
2081,Hortaleza,casual,2024-04-21,2024-10-23,49,212,4.3
2082,Chamartín,casual,2024-12-23,2024-12-31,2,16,4.3
2083,Usera,part_time,2024-01-01,2024-01-19,10,99,4.1
2084,Moncloa - Aravaca,casual,2024-07-28,2024-12-31,31,161,4.5
2085,Centro,part_time,2024-01-01,2024-09-09,119,1072,4.1
2086,San Blas - Canillejas,casual,2024-09-15,2024-11-23,16,73,4.8
2087,Hortaleza,casual,2024-09-05,2024-11-22,21,89,4.7
2088,Moncloa - Aravaca,casual,2024-07-07,2024-10-16,22,119,4.0
2089,Fuencarral - El Pardo,part_time,2024-07-15,2024-10-16,46,436,4.8
2090,Centro,casual,2024-06-25,2024-12-31,32,150,4.2
2091,Villaverde,casual,2024-09-04,2024-12-16,29,158,4.2
2092,Chamberí,full_time,2024-01-01,2024-04-04,76,1549,4.6
2093,Fuencarral - El Pardo,part_time,2024-01-30,2024-07-09,63,572,4.9
2094,Villa de Vallecas,casual,2024-10-24,2024-12-31,12,58,3.5
2095,San Blas - Canillejas,full_time,2024-02-11,2024-12-31,279,5704,3.8
2096,Moncloa - Aravaca,casual,2024-01-01,2024-03-15,14,63,4.7
2097,Chamartín,casual,2024-12-15,2024-12-31,5,28,4.2
2098,Puente de Vallecas,casual,2024-12-26,2024-12-31,4,22,4.8
2099,Centro,casual,2024-01-11,2024-12-31,88,444,4.0
2100,Puente de Vallecas,casual,2024-01-25,2024-12-31,92,455,5.0
2101,Latina,part_time,2024-02-03,2024-05-17,52,483,3.8
2102,Latina,casual,2024-04-21,2024-09-28,39,211,4.9
2103,Puente de Vallecas,part_time,2024-12-09,2024-12-31,13,122,4.7
2104,Moncloa - Aravaca,full_time,2024-01-01,2024-07-05,156,3075,5.0
2105,Latina,part_time,2024-02-05,2024-05-24,36,307,3.7
2106,Arganzuela,part_time,2024-11-14,2024-12-31,25,229,4.0
2107,Puente de Vallecas,part_time,2024-01-01,2024-10-03,121,1135,3.8
2108,Latina,full_time,2024-12-19,2024-12-31,10,204,4.7
2109,Ciudad Lineal,casual,2024-03-03,2024-06-12,14,67,3.9
2110,Puente de Vallecas,casual,2024-01-01,2024-01-03,1,1,4.3
2111,Villa de Vallecas,casual,2024-12-11,2024-12-31,3,24,3.8
2112,Carabanchel,casual,2024-01-01,2024-05-09,26,134,4.6
2113,Moncloa - Aravaca,casual,2024-08-09,2024-11-24,28,133,4.6
2114,Carabanchel,part_time,2024-01-01,2024-01-26,13,128,3.7
2115,Salamanca,casual,2024-09-10,2024-12-01,19,98,4.5
2116,Moncloa - Aravaca,full_time,2024-01-01,2024-06-09,133,2748,3.7
2117,Villa de Vallecas,casual,2024-09-30,2024-12-31,19,89,4.9
2118,Moncloa - Aravaca,casual,2024-12-17,2024-12-31,5,24,4.8
2119,San Blas - Canillejas,casual,2024-01-01,2024-02-02,8,33,3.8
2120,Latina,casual,2024-01-13,2024-07-24,49,248,4.0
2121,Villa de Vallecas,casual,2024-08-27,2024-11-15,13,72,4.4
2122,Moncloa - Aravaca,casual,2024-12-30,2024-12-31,1,1,4.7
2123,Ciudad Lineal,casual,2024-01-19,2024-07-16,45,207,4.9
2124,Barajas,casual,2024-12-28,2024-12-31,1,1,4.1
2125,Retiro,casual,2024-11-16,2024-12-31,7,33,4.2
2126,Chamberí,casual,2024-06-09,2024-12-31,55,271,3.7
2127,Salamanca,casual,2024-03-18,2024-06-27,17,68,4.0
2128,Centro,casual,2024-05-02,2024-10-09,37,165,5.0
2129,Fuencarral - El Pardo,casual,2024-08-22,2024-12-06,27,123,4.9
2130,Puente de Vallecas,casual,2024-08-14,2024-10-31,21,77,4.1
2131,Fuencarral - El Pardo,casual,2024-01-01,2024-07-29,45,213,3.8
2132,Salamanca,part_time,2024-06-17,2024-09-05,38,322,4.4
2133,San Blas - Canillejas,full_time,2024-09-04,2024-12-31,101,2020,4.1
2134,Centro,full_time,2024-04-28,2024-08-11,84,1739,4.6
2135,Arganzuela,casual,2024-06-14,2024-09-19,18,90,4.4
2136,Hortaleza,casual,2024-01-01,2024-08-27,52,277,4.5
2137,Latina,casual,2024-01-01,2024-03-25,18,101,4.1
2138,San Blas - Canillejas,part_time,2024-01-01,2024-01-30,14,126,4.4
2139,Usera,part_time,2024-02-23,2024-08-01,67,566,4.5
2140,San Blas - Canillejas,part_time,2024-07-17,2024-10-13,43,401,4.5
2141,Centro,full_time,2024-07-10,2024-12-31,152,3042,4.5
2142,Moncloa - Aravaca,casual,2024-01-01,2024-02-09,7,35,4.8
2143,Latina,part_time,2024-03-04,2024-05-21,39,355,3.9
2144,Vicálvaro,part_time,2024-10-04,2024-12-31,43,348,3.7
2145,Hortaleza,casual,2024-01-01,2024-03-04,24,127,3.6
2146,Vicálvaro,full_time,2024-12-27,2024-12-31,4,76,4.6
2147,San Blas - Canillejas,casual,2024-04-08,2024-12-31,60,315,4.0
2148,Carabanchel,full_time,2024-12-04,2024-12-31,22,439,4.3
2149,Carabanchel,part_time,2024-09-05,2024-11-14,28,264,3.6
2150,Carabanchel,casual,2024-12-15,2024-12-31,6,31,4.9
2151,Puente de Vallecas,part_time,2024-05-04,2024-12-31,116,1044,4.4
2152,Villa de Vallecas,casual,2024-02-08,2024-04-29,22,123,3.7
2153,Centro,part_time,2024-09-16,2024-12-31,44,346,4.1
2154,Ciudad Lineal,part_time,2024-01-14,2024-04-13,46,410,4.0
2155,Usera,part_time,2024-02-19,2024-12-31,151,1348,4.8
2156,Chamartín,full_time,2024-03-15,2024-06-22,84,1628,4.8
2157,Salamanca,casual,2024-10-02,2024-12-24,25,130,4.7
2158,Centro,casual,2024-07-09,2024-12-31,40,210,4.1
2159,Latina,casual,2024-09-23,2024-12-31,21,110,4.9
2160,Latina,casual,2024-01-01,2024-05-13,40,220,3.9
2161,Fuencarral - El Pardo,casual,2024-12-30,2024-12-31,1,1,4.5
2162,Latina,casual,2024-09-14,2024-12-31,25,128,4.3
2163,Vicálvaro,casual,2024-03-27,2024-06-25,14,74,4.2
2164,Moncloa - Aravaca,casual,2024-01-01,2024-02-28,14,75,3.8
2165,Ciudad Lineal,full_time,2024-01-05,2024-07-13,164,3358,3.9
2166,Latina,casual,2024-01-01,2024-02-29,11,53,4.7
2167,Puente de Vallecas,full_time,2024-07-06,2024-10-12,81,1662,4.5
2168,Puente de Vallecas,casual,2024-01-01,2024-02-19,13,67,4.9
2169,Usera,casual,2024-03-02,2024-08-17,38,203,4.5
2170,Retiro,casual,2024-08-04,2024-10-28,23,105,3.6
2171,Centro,casual,2024-03-07,2024-09-05,37,180,3.7
2172,San Blas - Canillejas,casual,2024-10-28,2024-12-31,16,90,4.6
2173,San Blas - Canillejas,casual,2024-01-11,2024-04-22,18,88,3.9
2174,Vicálvaro,casual,2024-06-01,2024-08-23,20,102,3.9
2175,Hortaleza,casual,2024-11-22,2024-12-31,10,64,4.1
2176,Centro,part_time,2024-03-07,2024-06-12,49,438,4.6
2177,Moncloa - Aravaca,casual,2024-03-22,2024-09-12,35,176,4.5
2178,Carabanchel,part_time,2024-11-25,2024-12-31,18,162,3.8
2179,Fuencarral - El Pardo,casual,2024-01-01,2024-12-30,77,403,4.8
2180,Carabanchel,full_time,2024-10-31,2024-12-31,49,969,5.0
2181,Hortaleza,part_time,2024-11-28,2024-12-31,10,106,4.7
2182,Centro,full_time,2024-01-27,2024-04-26,69,1314,3.8
2183,Carabanchel,part_time,2024-07-28,2024-12-31,71,650,4.7
2184,Retiro,casual,2024-07-24,2024-10-29,29,157,4.3
2185,Moncloa - Aravaca,casual,2024-12-24,2024-12-31,3,16,3.5
2186,Usera,casual,2024-06-23,2024-09-27,27,140,4.5
2187,Tetuán,part_time,2024-09-28,2024-12-28,41,344,5.0
2188,Villaverde,part_time,2024-01-01,2024-09-09,128,1156,4.1
2189,Fuencarral - El Pardo,casual,2024-07-06,2024-10-02,14,78,3.6
2190,Salamanca,full_time,2024-09-19,2024-12-31,85,1727,3.8
2191,Hortaleza,casual,2024-12-13,2024-12-31,2,14,4.3
2192,Carabanchel,part_time,2024-01-19,2024-04-27,48,428,4.7
2193,Moncloa - Aravaca,part_time,2024-01-01,2024-02-04,18,171,3.8
2194,Centro,casual,2024-12-21,2024-12-31,3,13,3.8
2195,Carabanchel,part_time,2024-07-03,2024-10-03,49,449,4.9
2196,Villa de Vallecas,part_time,2024-01-01,2024-01-13,5,44,4.8
2197,Chamartín,casual,2024-04-09,2024-10-15,39,184,4.9
2198,Salamanca,casual,2024-12-03,2024-12-31,9,48,3.8
2199,Chamartín,casual,2024-12-24,2024-12-31,2,9,4.9
2200,Carabanchel,part_time,2024-01-01,2024-08-26,101,870,4.0
2201,Latina,casual,2024-07-25,2024-12-31,39,225,4.3
2202,Carabanchel,full_time,2024-04-18,2024-08-05,92,1795,4.2
2203,Salamanca,full_time,2024-02-01,2024-08-09,158,3180,5.0
2204,Vicálvaro,casual,2024-09-14,2024-12-04,18,98,3.9
2205,Centro,casual,2024-02-16,2024-04-27,16,94,4.9
2206,Ciudad Lineal,part_time,2024-01-01,2024-11-03,138,1228,4.9
2207,Villaverde,part_time,2024-01-01,2024-06-26,76,692,4.9
2208,Salamanca,casual,2024-01-01,2024-03-04,13,76,4.0
2209,Ciudad Lineal,casual,2024-01-01,2024-10-04,70,367,4.1
2210,Vicálvaro,casual,2024-12-08,2024-12-31,4,21,3.8
2211,Puente de Vallecas,full_time,2024-02-15,2024-08-18,161,3066,4.2
2212,Fuencarral - El Pardo,casual,2024-07-13,2024-12-31,49,251,3.9
2213,Centro,full_time,2024-02-17,2024-05-06,62,1236,4.4
2214,Vicálvaro,casual,2024-09-24,2024-12-31,11,52,4.8
2215,Barajas,full_time,2024-07-13,2024-10-12,76,1567,4.9
2216,Vicálvaro,casual,2024-12-10,2024-12-31,7,38,4.2
2217,Retiro,casual,2024-02-29,2024-05-27,22,104,4.1
2218,Vicálvaro,full_time,2024-02-04,2024-12-31,277,5551,4.3
2219,Ciudad Lineal,full_time,2024-01-01,2024-03-27,69,1344,4.9
2220,Carabanchel,casual,2024-01-01,2024-02-29,16,81,3.6
2221,Ciudad Lineal,casual,2024-05-24,2024-11-07,41,189,4.0
2222,Carabanchel,casual,2024-09-30,2024-12-31,19,108,3.8
2223,Latina,casual,2024-01-14,2024-03-29,15,72,4.7
2224,Chamartín,casual,2024-08-23,2024-11-04,18,98,4.1
2225,Ciudad Lineal,full_time,2024-07-09,2024-12-24,147,2962,4.9
2226,Barajas,casual,2024-05-01,2024-08-15,25,111,5.0
2227,San Blas - Canillejas,part_time,2024-09-12,2024-12-28,49,445,4.8
2228,San Blas - Canillejas,casual,2024-06-27,2024-10-01,23,133,4.3
2229,Chamartín,casual,2024-11-22,2024-12-31,10,49,4.9
2230,Centro,part_time,2024-08-21,2024-12-31,54,481,4.1
2231,Hortaleza,casual,2024-11-11,2024-12-31,11,54,4.1
2232,Moncloa - Aravaca,part_time,2024-01-01,2024-09-19,117,1039,4.2
2233,Usera,casual,2024-08-19,2024-12-31,31,151,4.5
2234,Carabanchel,full_time,2024-12-27,2024-12-31,4,75,3.6
2235,Chamberí,part_time,2024-01-01,2024-03-18,32,293,4.3
2236,Hortaleza,full_time,2024-06-01,2024-08-10,63,1219,4.9
2237,Tetuán,casual,2024-10-16,2024-12-31,18,94,3.6
2238,Tetuán,casual,2024-04-02,2024-06-29,13,64,3.6
2239,Puente de Vallecas,casual,2024-05-12,2024-08-28,24,119,4.9
2240,Puente de Vallecas,casual,2024-09-07,2024-12-09,19,89,4.7
2241,Chamartín,casual,2024-10-13,2024-12-31,14,85,3.5
2242,Carabanchel,casual,2024-01-01,2024-04-15,18,78,4.2
2243,Carabanchel,casual,2024-03-28,2024-06-27,14,66,4.0
2244,Tetuán,casual,2024-01-24,2024-08-10,40,190,3.8
2245,Latina,casual,2024-01-01,2024-04-18,22,107,3.6
2246,Moratalaz,casual,2024-01-01,2024-02-09,12,60,3.9
2247,Hortaleza,casual,2024-09-02,2024-12-16,34,169,4.5
2248,Puente de Vallecas,part_time,2024-10-27,2024-12-31,23,177,4.0
2249,Ciudad Lineal,casual,2024-12-09,2024-12-31,3,10,4.0
2250,Vicálvaro,casual,2024-11-30,2024-12-31,7,32,3.9
2251,Puente de Vallecas,casual,2024-12-29,2024-12-31,2,4,3.6
2252,Moncloa - Aravaca,part_time,2024-01-01,2024-03-01,25,221,4.4
2253,Carabanchel,casual,2024-01-01,2024-10-17,64,276,4.6
2254,Carabanchel,part_time,2024-01-01,2024-02-06,16,144,5.0
2255,Puente de Vallecas,full_time,2024-07-13,2024-12-26,142,2748,3.8
2256,Hortaleza,casual,2024-12-18,2024-12-31,2,13,3.7
2257,Carabanchel,full_time,2024-01-01,2024-01-16,12,226,4.6
2258,Vicálvaro,part_time,2024-06-05,2024-08-20,42,384,4.0
2259,Centro,casual,2024-05-29,2024-09-04,17,79,4.3
2260,Latina,casual,2024-01-01,2024-03-30,28,135,4.6
2261,Usera,part_time,2024-10-03,2024-12-31,39,331,4.1
2262,Centro,full_time,2024-04-10,2024-06-22,62,1142,4.1
2263,Fuencarral - El Pardo,casual,2024-04-15,2024-07-08,28,144,4.2
2264,Hortaleza,casual,2024-12-11,2024-12-31,3,10,4.2
2265,Carabanchel,part_time,2024-01-01,2024-05-15,64,555,3.5
2266,Fuencarral - El Pardo,casual,2024-02-01,2024-07-29,39,203,3.8
2267,Arganzuela,part_time,2024-09-14,2024-12-29,43,355,4.4
2268,Moncloa - Aravaca,casual,2024-05-03,2024-08-12,21,114,3.5
2269,Centro,part_time,2024-05-30,2024-11-24,86,784,3.9
2270,Moncloa - Aravaca,full_time,2024-03-21,2024-09-17,152,3010,4.2
2271,Carabanchel,part_time,2024-02-04,2024-05-11,47,458,4.2
2272,Puente de Vallecas,part_time,2024-01-01,2024-03-13,39,345,3.6
2273,Villa de Vallecas,part_time,2024-10-24,2024-12-31,29,252,4.8
2274,Carabanchel,part_time,2024-01-01,2024-05-24,67,601,3.6
2275,Vicálvaro,full_time,2024-12-30,2024-12-31,1,24,4.8
2276,Carabanchel,casual,2024-01-01,2024-01-06,4,16,5.0
2277,Tetuán,part_time,2024-10-06,2024-12-31,36,330,3.8
2278,Retiro,casual,2024-12-08,2024-12-31,8,25,3.6
2279,Hortaleza,full_time,2024-01-01,2024-01-28,21,414,3.7
2280,San Blas - Canillejas,part_time,2024-07-14,2024-10-14,45,384,4.8
2281,Latina,casual,2024-09-19,2024-12-31,22,91,5.0
2282,Fuencarral - El Pardo,casual,2024-04-02,2024-12-31,72,353,4.4
2283,Carabanchel,casual,2024-10-05,2024-12-31,17,88,4.9
2284,Carabanchel,part_time,2024-01-01,2024-02-28,31,310,4.7
2285,Puente de Vallecas,casual,2024-11-24,2024-12-31,9,46,4.4
2286,Fuencarral - El Pardo,casual,2024-06-16,2024-08-30,23,100,4.9
2287,Latina,full_time,2024-01-22,2024-06-30,134,2591,4.2
2288,Carabanchel,part_time,2024-04-24,2024-10-04,73,665,4.1
2289,Vicálvaro,casual,2024-02-22,2024-06-09,21,97,4.6
2290,Moncloa - Aravaca,casual,2024-04-27,2024-07-26,23,91,4.6
2291,Carabanchel,full_time,2024-01-01,2024-03-23,70,1397,4.0
2292,Hortaleza,part_time,2024-10-22,2024-12-31,26,234,4.2
2293,Vicálvaro,part_time,2024-01-01,2024-10-10,122,1127,3.8
2294,Moncloa - Aravaca,casual,2024-04-27,2024-08-06,21,112,3.7
2295,Villaverde,casual,2024-11-21,2024-12-31,8,44,4.0
2296,Ciudad Lineal,casual,2024-10-26,2024-12-31,14,69,4.2
2297,Centro,part_time,2024-09-24,2024-12-31,44,435,3.7
2298,Moncloa - Aravaca,casual,2024-01-01,2024-01-14,3,15,3.7
2299,Arganzuela,casual,2024-11-20,2024-12-31,9,40,3.7
2300,Hortaleza,part_time,2024-01-01,2024-03-26,39,359,4.8
2301,Ciudad Lineal,full_time,2024-04-22,2024-07-17,73,1445,4.5
2302,Vicálvaro,part_time,2024-11-18,2024-12-31,24,224,3.7
2303,Latina,casual,2024-01-01,2024-02-12,11,48,4.5
2304,Chamartín,casual,2024-01-01,2024-02-28,23,104,4.2
2305,Hortaleza,casual,2024-02-26,2024-12-31,62,281,4.3
2306,Chamartín,casual,2024-01-01,2024-11-28,82,451,4.7
2307,Villa de Vallecas,casual,2024-03-29,2024-06-26,28,154,4.2
2308,Villaverde,casual,2024-08-18,2024-12-31,30,163,3.9
2309,Fuencarral - El Pardo,part_time,2024-10-16,2024-12-31,29,248,4.7
2310,Villaverde,full_time,2024-12-25,2024-12-31,4,85,3.7
2311,Vicálvaro,full_time,2024-01-01,2024-03-10,53,1037,4.9
2312,San Blas - Canillejas,casual,2024-08-12,2024-10-22,15,96,4.9
2313,San Blas - Canillejas,casual,2024-11-04,2024-12-31,12,63,4.0
2314,Latina,casual,2024-01-01,2024-06-23,43,208,4.7
2315,Villaverde,casual,2024-05-18,2024-07-28,19,99,4.9
2316,Ciudad Lineal,casual,2024-01-01,2024-01-06,1,1,4.9
2317,Usera,casual,2024-01-01,2024-03-14,15,75,3.7
2318,Villa de Vallecas,part_time,2024-01-01,2024-02-26,17,148,3.8
2319,Arganzuela,casual,2024-08-20,2024-11-18,18,94,4.2
2320,Barajas,full_time,2024-04-04,2024-12-31,234,4542,4.3
2321,Carabanchel,casual,2024-01-01,2024-01-18,1,1,4.0
2322,Centro,casual,2024-05-25,2024-11-20,33,171,3.6
2323,Puente de Vallecas,casual,2024-01-01,2024-02-19,11,69,4.1
2324,Vicálvaro,casual,2024-01-07,2024-04-01,20,106,3.9
2325,Chamartín,casual,2024-11-17,2024-12-31,8,39,4.2
2326,Moratalaz,full_time,2024-04-13,2024-07-31,91,1819,3.9
2327,Ciudad Lineal,casual,2024-07-25,2024-12-31,39,188,4.2
2328,Chamartín,casual,2024-03-08,2024-05-17,17,90,4.4
2329,Usera,part_time,2024-01-01,2024-02-19,20,173,4.0
2330,Villa de Vallecas,casual,2024-11-13,2024-12-31,13,62,3.8
2331,Fuencarral - El Pardo,part_time,2024-01-01,2024-03-17,42,380,4.1
2332,San Blas - Canillejas,casual,2024-03-02,2024-06-12,26,141,3.9
2333,Moratalaz,part_time,2024-08-18,2024-11-14,32,292,3.6
2334,Tetuán,casual,2024-03-12,2024-12-31,68,349,4.5
2335,Carabanchel,casual,2024-11-28,2024-12-31,8,47,4.5
2336,Carabanchel,part_time,2024-12-23,2024-12-31,2,23,4.0
2337,Tetuán,full_time,2024-01-01,2024-04-17,93,1783,4.9
2338,Villaverde,casual,2024-01-01,2024-05-06,37,153,4.7
2339,Villa de Vallecas,part_time,2024-06-23,2024-12-06,88,804,4.9
2340,Hortaleza,casual,2024-01-01,2024-03-07,16,61,4.2
2341,Villa de Vallecas,casual,2024-05-02,2024-10-14,37,187,4.3
2342,Moratalaz,casual,2024-03-18,2024-06-20,27,131,4.5
2343,Chamartín,part_time,2024-11-10,2024-12-31,22,218,4.4
2344,Chamartín,casual,2024-11-18,2024-12-31,4,16,4.5
2345,Hortaleza,part_time,2024-01-16,2024-05-02,42,391,4.1
2346,Fuencarral - El Pardo,casual,2024-01-01,2024-02-12,7,40,3.7
2347,Carabanchel,full_time,2024-12-27,2024-12-31,5,114,4.7
2348,Fuencarral - El Pardo,part_time,2024-01-01,2024-03-07,35,290,4.1
2349,Moncloa - Aravaca,casual,2024-01-01,2024-03-22,29,158,4.4
2350,Vicálvaro,casual,2024-01-18,2024-04-27,34,173,4.1
2351,Carabanchel,casual,2024-02-22,2024-06-10,23,117,4.2
2352,Retiro,full_time,2024-01-01,2024-03-07,62,1297,4.5
2353,Arganzuela,casual,2024-02-25,2024-05-27,25,113,4.4
2354,Centro,casual,2024-01-01,2024-01-11,3,20,3.7
2355,Arganzuela,casual,2024-09-16,2024-12-31,34,162,3.9
2356,San Blas - Canillejas,part_time,2024-01-01,2024-07-11,90,801,3.8
2357,Usera,casual,2024-09-20,2024-12-31,24,139,4.4
2358,Vicálvaro,casual,2024-07-17,2024-11-03,30,166,4.1
2359,Moncloa - Aravaca,full_time,2024-03-24,2024-09-17,152,3072,3.9
2360,Tetuán,casual,2024-12-12,2024-12-31,6,33,3.6
2361,Ciudad Lineal,part_time,2024-01-01,2024-10-04,126,1110,4.7
2362,Villa de Vallecas,casual,2024-01-01,2024-03-22,17,103,3.6
2363,Villaverde,casual,2024-06-17,2024-09-27,23,100,4.1
2364,Tetuán,full_time,2024-01-01,2024-03-05,49,965,4.2
2365,Ciudad Lineal,part_time,2024-01-01,2024-06-02,65,613,4.2
2366,Usera,part_time,2024-11-18,2024-12-31,23,229,3.7
2367,Villaverde,casual,2024-10-14,2024-12-31,15,78,4.6
2368,Tetuán,casual,2024-04-23,2024-08-07,21,111,3.8
2369,Moncloa - Aravaca,casual,2024-03-25,2024-09-14,37,193,4.4
2370,Chamberí,casual,2024-06-13,2024-09-19,21,103,4.1
2371,Barajas,casual,2024-01-01,2024-02-07,11,50,4.3
2372,Latina,casual,2024-01-21,2024-04-27,17,89,4.2
2373,Arganzuela,casual,2024-05-24,2024-11-01,37,180,4.9
2374,Latina,casual,2024-03-10,2024-05-20,18,96,4.0
2375,Chamartín,casual,2024-01-18,2024-04-04,15,86,3.7
2376,Usera,casual,2024-06-22,2024-12-20,45,232,4.0
2377,Puente de Vallecas,full_time,2024-02-19,2024-12-31,262,5285,4.2
2378,Tetuán,part_time,2024-01-01,2024-06-28,82,791,3.6
2379,Villa de Vallecas,casual,2024-11-27,2024-12-31,7,30,4.9
2380,Arganzuela,part_time,2024-09-20,2024-12-26,42,378,3.8
2381,Ciudad Lineal,part_time,2024-03-11,2024-12-31,140,1246,4.9
2382,Hortaleza,casual,2024-01-04,2024-04-05,22,88,4.1
2383,Villaverde,casual,2024-04-18,2024-12-31,53,282,4.3
2384,Moncloa - Aravaca,casual,2024-05-18,2024-12-31,58,284,4.5
2385,Ciudad Lineal,casual,2024-06-16,2024-10-03,30,181,3.6
2386,Tetuán,part_time,2024-07-20,2024-10-16,47,418,4.1
2387,Barajas,full_time,2024-01-01,2024-04-01,72,1487,3.9
2388,Puente de Vallecas,casual,2024-01-01,2024-07-07,41,223,3.8
2389,Villaverde,part_time,2024-10-31,2024-12-31,26,227,4.5
2390,Chamartín,casual,2024-01-01,2024-04-09,21,97,3.7
2391,Ciudad Lineal,part_time,2024-06-30,2024-09-22,36,368,4.4
2392,Vicálvaro,part_time,2024-11-14,2024-12-31,22,191,4.1
2393,Moncloa - Aravaca,casual,2024-01-01,2024-01-08,1,1,5.0
2394,Tetuán,casual,2024-12-16,2024-12-31,1,1,4.9
2395,Moncloa - Aravaca,part_time,2024-10-28,2024-12-31,34,312,3.5
2396,Chamberí,full_time,2024-06-07,2024-12-31,175,3438,4.7
2397,Moncloa - Aravaca,casual,2024-08-17,2024-11-29,18,70,3.8
2398,Chamberí,casual,2024-09-26,2024-12-31,20,88,4.2
2399,Hortaleza,casual,2024-01-01,2024-05-04,30,175,4.7
2400,Puente de Vallecas,part_time,2024-08-16,2024-11-15,40,356,3.9
2401,Chamartín,part_time,2024-01-01,2024-09-08,121,1102,4.6
2402,San Blas - Canillejas,part_time,2024-10-23,2024-12-31,32,289,3.9
2403,Tetuán,part_time,2024-05-27,2024-09-07,47,416,4.8
2404,Vicálvaro,full_time,2024-09-19,2024-12-02,63,1289,4.2
2405,Centro,part_time,2024-01-01,2024-03-15,30,277,3.8
2406,Villaverde,casual,2024-01-01,2024-05-16,28,131,3.6
2407,San Blas - Canillejas,part_time,2024-10-21,2024-12-31,32,276,4.4
2408,Ciudad Lineal,casual,2024-03-25,2024-07-03,24,121,4.5
2409,Tetuán,casual,2024-01-21,2024-12-31,89,439,4.5
2410,Ciudad Lineal,full_time,2024-08-06,2024-12-31,120,2463,4.2
2411,Carabanchel,part_time,2024-01-01,2024-03-30,43,365,4.1
2412,Villaverde,full_time,2024-01-01,2024-08-03,185,3721,4.4
2413,San Blas - Canillejas,casual,2024-02-18,2024-06-02,21,98,3.5
2414,Moncloa - Aravaca,casual,2024-11-25,2024-12-31,11,62,3.9
2415,Fuencarral - El Pardo,casual,2024-01-01,2024-03-17,18,93,3.9
2416,Fuencarral - El Pardo,casual,2024-03-30,2024-06-12,20,100,4.7
2417,Barajas,casual,2024-12-13,2024-12-31,6,41,4.2
2418,Ciudad Lineal,casual,2024-10-05,2024-12-31,16,81,3.6
2419,Carabanchel,casual,2024-08-02,2024-11-05,19,102,4.8
2420,Villa de Vallecas,full_time,2024-06-16,2024-08-28,61,1202,4.1
2421,Vicálvaro,casual,2024-10-04,2024-12-31,17,95,3.6
2422,Latina,casual,2024-12-01,2024-12-31,7,26,4.1
2423,Villa de Vallecas,part_time,2024-11-26,2024-12-31,18,161,4.9
2424,Villaverde,casual,2024-07-18,2024-10-21,25,109,4.7
2425,Latina,full_time,2024-06-16,2024-12-31,170,3427,4.4
2426,Tetuán,part_time,2024-07-20,2024-12-31,77,694,4.6
2427,Carabanchel,casual,2024-10-04,2024-12-31,18,87,4.3
2428,Latina,part_time,2024-08-31,2024-12-01,42,375,4.7
2429,Puente de Vallecas,part_time,2024-01-01,2024-04-07,53,501,4.8
2430,Hortaleza,part_time,2024-09-12,2024-12-15,47,412,4.0
2431,San Blas - Canillejas,part_time,2024-04-08,2024-06-20,32,301,4.2
2432,Puente de Vallecas,part_time,2024-01-01,2024-04-04,46,452,3.8
2433,Fuencarral - El Pardo,part_time,2024-01-01,2024-02-18,22,192,4.5
2434,Moratalaz,casual,2024-01-28,2024-04-16,16,91,3.7
2435,Carabanchel,part_time,2024-05-16,2024-08-24,56,495,4.2
2436,Usera,full_time,2024-01-01,2024-06-29,147,3000,4.9
2437,Villaverde,part_time,2024-07-27,2024-11-08,41,374,4.2
2438,Carabanchel,part_time,2024-12-15,2024-12-31,5,44,3.6
2439,Centro,casual,2024-01-01,2024-01-21,3,16,3.5
2440,Ciudad Lineal,part_time,2024-01-01,2024-04-05,41,336,4.9
2441,Moncloa - Aravaca,full_time,2024-01-29,2024-04-20,68,1289,4.6
2442,Villaverde,casual,2024-10-04,2024-12-30,22,121,4.6
2443,Centro,casual,2024-01-01,2024-05-24,31,146,4.1
2444,Moncloa - Aravaca,casual,2024-01-01,2024-04-17,33,174,4.3
2445,Vicálvaro,casual,2024-01-01,2024-04-20,20,104,4.3
2446,Hortaleza,part_time,2024-01-01,2024-03-09,29,225,4.7
2447,Centro,casual,2024-08-30,2024-11-13,14,73,4.3
2448,Puente de Vallecas,casual,2024-08-24,2024-11-11,14,73,4.0
2449,Puente de Vallecas,part_time,2024-01-01,2024-06-20,70,605,4.3
2450,Villa de Vallecas,part_time,2024-05-01,2024-07-19,34,322,4.5
2451,Ciudad Lineal,part_time,2024-07-15,2024-10-13,41,356,3.6
2452,Usera,part_time,2024-12-20,2024-12-31,4,25,4.2
2453,Villaverde,part_time,2024-06-27,2024-12-31,90,788,4.0
2454,Salamanca,part_time,2024-10-05,2024-12-23,30,263,4.8
2455,Centro,part_time,2024-12-21,2024-12-31,3,21,4.1
2456,Chamartín,casual,2024-01-01,2024-09-28,72,347,4.4
2457,Usera,part_time,2024-01-01,2024-02-07,17,152,4.2
2458,Villa de Vallecas,casual,2024-08-20,2024-12-31,34,174,4.7
2459,Villa de Vallecas,casual,2024-01-01,2024-03-08,18,97,4.9
2460,Puente de Vallecas,casual,2024-04-12,2024-07-24,26,122,3.6
2461,San Blas - Canillejas,full_time,2024-06-24,2024-12-31,164,3325,3.5
2462,Carabanchel,part_time,2024-06-06,2024-09-19,51,461,4.6
2463,Fuencarral - El Pardo,casual,2024-01-01,2024-09-23,61,310,4.4
2464,San Blas - Canillejas,part_time,2024-05-17,2024-08-29,43,390,4.3
2465,Centro,casual,2024-01-01,2024-05-13,30,150,4.1
2466,Hortaleza,part_time,2024-01-01,2024-02-03,17,153,4.6
2467,Moncloa - Aravaca,part_time,2024-04-11,2024-07-05,31,281,4.6
2468,Villaverde,part_time,2024-01-01,2024-01-28,16,152,4.1
2469,Villa de Vallecas,part_time,2024-12-20,2024-12-31,6,59,4.0
2470,San Blas - Canillejas,casual,2024-04-24,2024-07-22,17,81,4.9
2471,Villa de Vallecas,casual,2024-10-07,2024-12-31,16,84,4.1
2472,Arganzuela,full_time,2024-12-10,2024-12-31,16,313,3.8
2473,Moncloa - Aravaca,part_time,2024-02-27,2024-09-08,89,786,4.9
2474,Usera,casual,2024-02-20,2024-08-16,48,213,4.6
2475,Carabanchel,casual,2024-11-12,2024-12-31,9,42,4.3
2476,Moncloa - Aravaca,casual,2024-01-01,2024-01-19,6,23,4.7
2477,Puente de Vallecas,casual,2024-03-25,2024-09-23,32,150,3.8
2478,Vicálvaro,casual,2024-01-01,2024-05-27,33,130,4.3
2479,San Blas - Canillejas,casual,2024-08-19,2024-12-31,29,134,3.9
2480,Fuencarral - El Pardo,full_time,2024-10-04,2024-12-31,76,1525,4.8
2481,Ciudad Lineal,casual,2024-07-19,2024-09-26,16,76,3.7
2482,Barajas,casual,2024-03-25,2024-07-11,29,152,3.8
2483,Villa de Vallecas,casual,2024-06-17,2024-09-02,18,91,3.9
2484,Hortaleza,casual,2024-05-19,2024-11-01,37,176,4.2
2485,Arganzuela,part_time,2024-04-09,2024-12-31,110,967,3.7
2486,Puente de Vallecas,casual,2024-11-27,2024-12-31,11,68,4.3
2487,Arganzuela,part_time,2024-01-17,2024-04-26,47,409,4.6
2488,Moncloa - Aravaca,part_time,2024-01-08,2024-03-31,38,344,3.5
2489,Salamanca,casual,2024-01-01,2024-04-15,20,86,4.8
2490,Centro,part_time,2024-07-23,2024-12-31,69,624,4.8
2491,San Blas - Canillejas,full_time,2024-11-09,2024-12-31,43,852,3.6
2492,Usera,casual,2024-01-01,2024-07-03,34,170,3.6
2493,Vicálvaro,casual,2024-02-20,2024-08-17,39,181,4.4
2494,Chamartín,full_time,2024-12-17,2024-12-31,11,206,4.0
2495,Vicálvaro,full_time,2024-01-01,2024-03-07,54,1083,4.2
2496,Latina,casual,2024-11-07,2024-12-31,10,41,4.4
2497,Carabanchel,part_time,2024-12-02,2024-12-31,6,58,4.5
2498,San Blas - Canillejas,casual,2024-09-12,2024-12-31,25,132,4.6
2499,Ciudad Lineal,part_time,2024-03-17,2024-05-26,35,308,4.8
2500,Moncloa - Aravaca,casual,2024-07-28,2024-10-23,17,70,4.4
2501,Fuencarral - El Pardo,casual,2024-02-12,2024-05-12,23,134,3.7
2502,Fuencarral - El Pardo,part_time,2024-01-01,2024-03-27,37,333,3.7
2503,Latina,full_time,2024-01-01,2024-02-18,41,819,4.4
2504,Fuencarral - El Pardo,part_time,2024-01-01,2024-01-06,3,22,4.6
2505,Fuencarral - El Pardo,casual,2024-12-22,2024-12-31,5,25,4.6
2506,Puente de Vallecas,casual,2024-06-30,2024-12-17,34,178,4.3
2507,Villa de Vallecas,full_time,2024-01-01,2024-06-29,146,2893,4.4
2508,Hortaleza,full_time,2024-06-20,2024-09-23,83,1710,5.0
2509,Hortaleza,casual,2024-06-05,2024-12-06,41,201,4.0
2510,Latina,part_time,2024-01-01,2024-03-26,42,365,3.8
2511,Centro,casual,2024-01-01,2024-07-24,54,275,5.0
2512,Chamberí,casual,2024-06-13,2024-08-31,22,114,4.9
2513,Villa de Vallecas,casual,2024-10-07,2024-12-31,18,94,3.5
2514,Puente de Vallecas,casual,2024-01-01,2024-02-29,17,99,4.1
2515,Moncloa - Aravaca,casual,2024-10-16,2024-12-31,21,128,4.6
2516,Fuencarral - El Pardo,part_time,2024-07-03,2024-10-09,42,392,3.8
2517,Villaverde,casual,2024-03-19,2024-10-02,38,186,3.5
2518,San Blas - Canillejas,casual,2024-01-01,2024-03-05,12,58,3.6
2519,Fuencarral - El Pardo,casual,2024-06-13,2024-09-03,22,109,4.3
2520,Ciudad Lineal,casual,2024-01-01,2024-09-15,66,311,3.8
2521,Ciudad Lineal,casual,2024-01-01,2024-03-26,21,95,3.9
2522,Centro,part_time,2024-11-08,2024-12-31,36,312,3.5
2523,Moncloa - Aravaca,casual,2024-03-16,2024-09-05,32,170,4.6
2524,Chamartín,part_time,2024-01-01,2024-02-05,12,114,4.8
2525,Chamartín,full_time,2024-01-01,2024-08-08,188,3785,4.6
2526,San Blas - Canillejas,casual,2024-01-01,2024-03-23,18,84,3.7
2527,Chamberí,full_time,2024-11-17,2024-12-31,30,635,4.9
2528,Centro,full_time,2024-01-01,2024-06-24,145,2949,4.9
2529,Latina,part_time,2024-05-18,2024-08-20,48,426,3.9
2530,Ciudad Lineal,part_time,2024-09-07,2024-12-05,43,422,5.0
2531,Vicálvaro,part_time,2024-01-01,2024-03-25,42,384,4.2
2532,Usera,part_time,2024-02-23,2024-08-30,84,746,3.6
2533,Fuencarral - El Pardo,part_time,2024-07-21,2024-11-03,47,447,4.4
2534,Usera,casual,2024-11-08,2024-12-31,18,95,4.3
2535,Moncloa - Aravaca,full_time,2024-07-27,2024-10-25,78,1597,4.8
2536,Carabanchel,part_time,2024-01-01,2024-02-15,24,208,4.0
2537,Barajas,part_time,2024-01-02,2024-06-21,61,495,4.6
2538,Centro,casual,2024-03-19,2024-06-04,13,61,4.7
2539,Villa de Vallecas,casual,2024-04-01,2024-06-23,21,109,3.6
2540,Villaverde,casual,2024-11-30,2024-12-31,7,33,4.5
2541,Vicálvaro,casual,2024-01-01,2024-01-27,7,34,4.2
2542,Fuencarral - El Pardo,casual,2024-02-15,2024-05-18,21,92,3.8
2543,Puente de Vallecas,casual,2024-05-19,2024-08-07,13,58,4.1
2544,Villa de Vallecas,casual,2024-01-01,2024-02-09,5,28,4.8
2545,Moncloa - Aravaca,casual,2024-04-02,2024-09-12,43,205,4.5
2546,Latina,casual,2024-01-01,2024-02-20,11,41,4.4
2547,Moncloa - Aravaca,full_time,2024-10-20,2024-12-31,57,1132,3.6
2548,Moncloa - Aravaca,casual,2024-01-01,2024-05-25,31,158,4.5
2549,San Blas - Canillejas,casual,2024-06-04,2024-08-18,20,101,4.6
2550,Centro,casual,2024-07-13,2024-10-05,15,75,4.9
2551,Villa de Vallecas,casual,2024-02-06,2024-05-24,24,122,4.7
2552,San Blas - Canillejas,casual,2024-03-09,2024-06-10,9,32,3.6
2553,Tetuán,part_time,2024-05-19,2024-08-23,51,457,4.9
2554,Vicálvaro,full_time,2024-10-03,2024-12-31,76,1548,4.7
2555,Retiro,casual,2024-04-30,2024-07-21,17,91,3.5
2556,Hortaleza,part_time,2024-05-08,2024-08-17,51,462,4.6
2557,Villaverde,casual,2024-03-14,2024-12-31,75,356,4.0
2558,Fuencarral - El Pardo,casual,2024-01-01,2024-11-06,69,326,4.4
2559,Usera,casual,2024-08-23,2024-12-10,30,124,3.9
2560,Barajas,casual,2024-01-01,2024-01-03,1,3,4.6
2561,Villa de Vallecas,part_time,2024-05-18,2024-08-01,33,307,3.8
2562,Centro,part_time,2024-11-05,2024-12-31,22,204,4.8
2563,Moncloa - Aravaca,part_time,2024-04-01,2024-12-31,125,1107,3.6
2564,Usera,casual,2024-03-22,2024-09-26,42,217,3.5
2565,Chamartín,part_time,2024-09-01,2024-12-31,54,482,3.7
2566,San Blas - Canillejas,casual,2024-03-28,2024-06-29,24,138,4.1
2567,Puente de Vallecas,casual,2024-04-30,2024-08-03,26,118,4.5
2568,Moncloa - Aravaca,casual,2024-01-07,2024-03-28,25,116,4.2
2569,Ciudad Lineal,part_time,2024-01-01,2024-02-28,27,231,4.2
2570,Latina,full_time,2024-01-01,2024-01-15,13,284,4.8
2571,Retiro,casual,2024-09-04,2024-11-20,17,79,4.3
2572,Vicálvaro,part_time,2024-04-28,2024-08-05,45,380,4.3
2573,Retiro,part_time,2024-11-28,2024-12-31,19,155,4.1
2574,Moncloa - Aravaca,part_time,2024-01-01,2024-04-04,42,394,5.0
2575,Vicálvaro,casual,2024-01-01,2024-05-16,26,129,3.9
2576,Villa de Vallecas,part_time,2024-07-23,2024-10-12,37,310,3.7
2577,Ciudad Lineal,part_time,2024-01-01,2024-02-09,17,137,4.2
2578,Ciudad Lineal,full_time,2024-05-15,2024-08-21,76,1549,4.5
2579,Moncloa - Aravaca,casual,2024-01-01,2024-03-06,10,60,3.5
2580,Centro,full_time,2024-01-01,2024-03-17,62,1227,4.8
2581,Ciudad Lineal,casual,2024-05-26,2024-08-18,20,97,3.9
2582,San Blas - Canillejas,part_time,2024-02-20,2024-12-31,138,1266,4.5
2583,Usera,casual,2024-01-02,2024-04-07,20,92,3.8
2584,Villaverde,casual,2024-01-23,2024-05-07,21,100,4.8
2585,Latina,casual,2024-02-02,2024-05-12,24,122,4.0
2586,Ciudad Lineal,casual,2024-01-01,2024-04-12,26,130,3.8
2587,Vicálvaro,casual,2024-12-06,2024-12-31,6,21,3.5
2588,Vicálvaro,casual,2024-08-15,2024-11-08,24,120,4.0
2589,Vicálvaro,casual,2024-01-01,2024-03-01,12,56,4.1
2590,Latina,casual,2024-03-09,2024-06-14,26,144,3.6
2591,Moncloa - Aravaca,part_time,2024-01-01,2024-04-04,42,369,4.3
2592,Retiro,full_time,2024-02-01,2024-04-12,64,1277,4.2
2593,Carabanchel,part_time,2024-12-05,2024-12-31,14,144,4.2
2594,Carabanchel,casual,2024-01-01,2024-03-13,18,71,3.7
2595,Salamanca,casual,2024-10-07,2024-12-31,17,67,4.1
2596,San Blas - Canillejas,full_time,2024-10-19,2024-12-31,70,1437,5.0
2597,Villa de Vallecas,casual,2024-09-09,2024-11-24,17,91,4.0
2598,Puente de Vallecas,casual,2024-01-04,2024-12-23,85,421,4.7
2599,Puente de Vallecas,full_time,2024-02-04,2024-04-25,63,1213,3.7
2600,Tetuán,full_time,2024-10-18,2024-12-31,64,1272,3.7
2601,Latina,casual,2024-10-15,2024-12-31,19,96,5.0
2602,Arganzuela,part_time,2024-06-07,2024-08-18,25,234,4.5
2603,Vicálvaro,casual,2024-01-01,2024-01-22,2,6,4.5
2604,Latina,part_time,2024-01-08,2024-03-26,36,339,4.1
2605,Usera,casual,2024-01-01,2024-01-25,1,3,4.6
2606,Latina,casual,2024-01-02,2024-03-21,25,132,4.9
2607,Hortaleza,part_time,2024-01-14,2024-12-31,168,1504,3.6
2608,Moncloa - Aravaca,casual,2024-10-27,2024-12-31,19,95,3.8
2609,Centro,part_time,2024-06-30,2024-12-12,82,700,4.8
2610,Ciudad Lineal,casual,2024-06-26,2024-10-11,18,115,3.6
2611,Chamberí,full_time,2024-09-05,2024-12-15,81,1621,4.0
2612,Villaverde,part_time,2024-07-18,2024-10-21,34,340,3.6
2613,Ciudad Lineal,casual,2024-04-20,2024-07-22,21,99,4.1
2614,Fuencarral - El Pardo,part_time,2024-09-20,2024-12-31,46,417,4.2
2615,Tetuán,casual,2024-02-09,2024-05-26,31,140,3.8
2616,Latina,casual,2024-11-23,2024-12-31,4,22,3.6
2617,Tetuán,casual,2024-01-01,2024-03-25,17,96,4.1
2618,Centro,full_time,2024-07-24,2024-10-08,67,1345,4.3
2619,San Blas - Canillejas,part_time,2024-01-02,2024-12-30,164,1525,4.6
2620,Latina,full_time,2024-04-05,2024-07-19,96,1970,4.6
2621,Centro,full_time,2024-04-13,2024-07-16,72,1428,3.6
2622,Chamartín,full_time,2024-01-01,2024-01-20,16,318,4.2
2623,Hortaleza,casual,2024-07-07,2024-12-31,47,228,4.8
2624,Carabanchel,full_time,2024-01-05,2024-07-15,173,3509,4.4
2625,Fuencarral - El Pardo,part_time,2024-01-01,2024-12-14,165,1570,4.8
2626,San Blas - Canillejas,casual,2024-10-10,2024-12-31,21,98,4.9
2627,Carabanchel,part_time,2024-06-25,2024-09-15,40,363,4.0
2628,Puente de Vallecas,casual,2024-09-14,2024-12-31,25,115,3.7
2629,Vicálvaro,casual,2024-01-01,2024-04-10,20,93,3.6
2630,Latina,casual,2024-01-01,2024-06-02,36,186,3.7
2631,Chamartín,casual,2024-01-01,2024-05-07,24,129,4.5
2632,Tetuán,casual,2024-10-11,2024-12-31,26,129,3.7
2633,Moncloa - Aravaca,full_time,2024-09-21,2024-12-27,76,1509,4.9
2634,Hortaleza,part_time,2024-09-01,2024-12-31,61,506,4.5
2635,Puente de Vallecas,casual,2024-02-20,2024-12-31,83,460,4.9
2636,Hortaleza,casual,2024-01-01,2024-04-28,33,164,4.3
2637,San Blas - Canillejas,casual,2024-03-24,2024-06-20,14,67,3.8
2638,Barajas,casual,2024-06-10,2024-09-06,19,91,3.8
2639,Moncloa - Aravaca,part_time,2024-01-01,2024-01-14,5,47,4.7
2640,Hortaleza,casual,2024-04-17,2024-12-31,64,318,3.5
2641,Barajas,part_time,2024-10-15,2024-12-31,30,257,4.8
2642,Chamartín,part_time,2024-01-01,2024-08-26,103,927,3.5
2643,Chamberí,part_time,2024-08-11,2024-10-28,35,322,4.4
2644,Fuencarral - El Pardo,full_time,2024-01-01,2024-12-19,288,5840,4.1
2645,Villaverde,casual,2024-01-01,2024-01-02,1,7,4.4
2646,Usera,full_time,2024-02-13,2024-05-08,72,1481,4.7
2647,Retiro,part_time,2024-06-03,2024-08-25,47,422,3.7
2648,Fuencarral - El Pardo,part_time,2024-08-23,2024-12-10,58,536,4.9
2649,Latina,part_time,2024-04-15,2024-06-23,29,273,4.4
2650,Puente de Vallecas,part_time,2024-01-01,2024-04-09,43,419,4.1
2651,Ciudad Lineal,full_time,2024-01-01,2024-01-29,24,472,5.0
2652,Carabanchel,casual,2024-07-25,2024-12-31,40,185,4.7
2653,San Blas - Canillejas,part_time,2024-03-19,2024-06-14,43,365,3.7
2654,Carabanchel,part_time,2024-04-18,2024-12-31,116,1020,3.6
2655,Centro,casual,2024-01-22,2024-04-08,11,59,4.9
2656,Villa de Vallecas,full_time,2024-08-15,2024-12-31,113,2290,4.4
2657,San Blas - Canillejas,casual,2024-01-07,2024-07-07,42,213,4.2
2658,Usera,part_time,2024-01-01,2024-01-25,13,94,3.6
2659,Carabanchel,casual,2024-05-29,2024-08-13,14,56,4.3
2660,Tetuán,casual,2024-08-31,2024-11-28,28,125,3.9
2661,Carabanchel,part_time,2024-11-30,2024-12-31,10,81,3.8
2662,Moncloa - Aravaca,casual,2024-12-18,2024-12-31,6,31,4.1
2663,Villa de Vallecas,casual,2024-04-18,2024-08-04,31,170,3.6
2664,Carabanchel,casual,2024-05-29,2024-12-08,39,205,4.4
2665,Puente de Vallecas,casual,2024-06-20,2024-09-02,16,89,4.4
2666,Salamanca,part_time,2024-05-27,2024-09-07,43,365,4.5
2667,Moncloa - Aravaca,full_time,2024-01-01,2024-02-21,46,889,3.5
2668,Salamanca,casual,2024-08-02,2024-11-03,25,125,3.8
2669,Fuencarral - El Pardo,part_time,2024-12-16,2024-12-31,9,86,4.7
2670,Hortaleza,casual,2024-01-01,2024-03-11,14,79,4.4
2671,Ciudad Lineal,part_time,2024-01-01,2024-06-18,73,656,3.5
2672,Carabanchel,casual,2024-01-01,2024-02-04,4,24,4.6
2673,Tetuán,casual,2024-04-02,2024-07-03,28,147,4.1
2674,Arganzuela,casual,2024-05-16,2024-08-01,20,86,3.9
2675,Centro,part_time,2024-01-19,2024-07-13,71,621,4.6
2676,Ciudad Lineal,casual,2024-05-17,2024-07-27,12,52,4.0
2677,Centro,casual,2024-08-13,2024-12-31,33,154,4.2
2678,Vicálvaro,part_time,2024-01-01,2024-04-27,51,445,4.8
2679,Latina,part_time,2024-08-24,2024-12-31,55,491,3.7
2680,Latina,casual,2024-09-27,2024-12-31,17,94,4.3
2681,Carabanchel,part_time,2024-02-29,2024-12-31,139,1199,3.7
2682,Vicálvaro,full_time,2024-02-19,2024-05-25,85,1708,5.0
2683,Latina,casual,2024-12-03,2024-12-31,9,41,4.0
2684,Centro,part_time,2024-01-01,2024-09-23,118,1096,4.9
2685,San Blas - Canillejas,casual,2024-01-01,2024-01-28,6,28,4.1
2686,Centro,part_time,2024-01-01,2024-03-02,24,198,4.8
2687,Hortaleza,casual,2024-11-12,2024-12-31,12,58,4.6
2688,Moncloa - Aravaca,part_time,2024-01-01,2024-03-07,20,171,3.8
2689,Fuencarral - El Pardo,casual,2024-01-01,2024-11-17,75,380,4.5
2690,Moncloa - Aravaca,casual,2024-08-19,2024-10-29,13,61,3.9
2691,Carabanchel,full_time,2024-06-28,2024-09-07,61,1188,3.5
2692,Tetuán,casual,2024-08-01,2024-10-15,24,105,4.0
2693,Moncloa - Aravaca,full_time,2024-01-01,2024-09-11,222,4428,4.6
2694,Puente de Vallecas,full_time,2024-06-29,2024-12-30,160,3118,3.8
2695,Ciudad Lineal,full_time,2024-01-01,2024-01-04,4,74,4.4
2696,Tetuán,casual,2024-01-01,2024-07-11,39,181,4.6
2697,Carabanchel,part_time,2024-01-01,2024-02-27,21,183,4.0
2698,Barajas,casual,2024-02-29,2024-09-12,47,234,3.7
2699,Moncloa - Aravaca,casual,2024-01-01,2024-03-23,19,95,4.4
2700,Latina,full_time,2024-06-16,2024-08-27,57,1146,3.7
2701,Villa de Vallecas,part_time,2024-01-01,2024-04-08,39,343,3.5
2702,San Blas - Canillejas,casual,2024-01-01,2024-10-29,61,312,3.7
2703,Moratalaz,casual,2024-01-01,2024-02-02,6,32,3.9
2704,Tetuán,part_time,2024-04-18,2024-07-20,45,416,4.5
2705,Centro,part_time,2024-08-16,2024-12-31,66,609,4.0
2706,Carabanchel,casual,2024-03-01,2024-05-21,19,93,4.9
2707,Villa de Vallecas,full_time,2024-08-14,2024-12-01,90,1710,4.6
2708,Barajas,casual,2024-04-09,2024-07-16,22,112,5.0
2709,Ciudad Lineal,casual,2024-01-01,2024-06-17,38,181,4.5
2710,Centro,part_time,2024-01-01,2024-06-20,78,768,3.5
2711,Chamartín,full_time,2024-01-01,2024-08-05,178,3569,3.7
2712,Carabanchel,casual,2024-09-07,2024-11-30,20,122,3.9
2713,Puente de Vallecas,casual,2024-01-01,2024-05-26,37,197,4.6
2714,Chamberí,casual,2024-12-21,2024-12-31,3,18,4.5
2715,Fuencarral - El Pardo,full_time,2024-07-17,2024-12-31,143,2925,3.8
2716,Vicálvaro,casual,2024-02-15,2024-08-02,42,211,4.5
2717,Moncloa - Aravaca,casual,2024-12-31,2024-12-31,1,4,3.9
2718,Tetuán,full_time,2024-01-01,2024-04-25,102,2100,4.5
2719,San Blas - Canillejas,casual,2024-09-18,2024-12-01,17,88,4.0
2720,Centro,part_time,2024-02-14,2024-04-29,32,288,3.8
2721,Latina,casual,2024-04-30,2024-10-19,50,240,4.2
2722,Villa de Vallecas,part_time,2024-01-01,2024-01-24,11,90,5.0
2723,Usera,casual,2024-10-12,2024-12-31,26,136,4.5
2724,Centro,casual,2024-03-12,2024-06-18,24,140,4.0
2725,Ciudad Lineal,casual,2024-06-25,2024-09-24,14,75,4.3
2726,Centro,part_time,2024-11-23,2024-12-31,16,133,4.2
2727,San Blas - Canillejas,part_time,2024-01-01,2024-01-14,6,53,3.5
2728,Vicálvaro,casual,2024-12-08,2024-12-31,5,26,4.5
2729,Hortaleza,casual,2024-01-19,2024-12-31,57,287,3.8
2730,Centro,full_time,2024-09-19,2024-12-31,85,1648,4.3
2731,Fuencarral - El Pardo,casual,2024-05-12,2024-07-28,18,85,3.6
2732,Ciudad Lineal,casual,2024-10-06,2024-12-31,17,80,4.7
2733,Usera,part_time,2024-10-28,2024-12-31,26,230,3.5
2734,Arganzuela,casual,2024-03-30,2024-06-19,20,120,4.0
2735,Salamanca,casual,2024-06-12,2024-12-31,29,154,4.1
2736,Villaverde,casual,2024-12-31,2024-12-31,1,1,4.7
2737,San Blas - Canillejas,casual,2024-09-12,2024-12-09,23,120,5.0
2738,Villa de Vallecas,casual,2024-12-08,2024-12-31,5,28,3.8
2739,Hortaleza,part_time,2024-09-02,2024-12-04,43,416,3.7
2740,Latina,part_time,2024-03-10,2024-05-25,28,233,4.4
2741,Arganzuela,casual,2024-10-17,2024-12-27,15,69,3.8
2742,Chamartín,part_time,2024-07-04,2024-12-25,82,725,3.5
2743,Ciudad Lineal,casual,2024-01-01,2024-01-16,5,27,3.8
2744,Ciudad Lineal,part_time,2024-01-01,2024-05-06,58,545,3.9
2745,Villa de Vallecas,casual,2024-01-29,2024-04-29,24,123,4.3
2746,Moncloa - Aravaca,part_time,2024-08-12,2024-12-31,58,526,4.2
2747,Puente de Vallecas,casual,2024-08-05,2024-12-31,41,219,4.0
2748,Salamanca,casual,2024-09-30,2024-12-31,19,93,3.9
2749,Retiro,casual,2024-01-01,2024-02-01,10,45,3.9
2750,Chamartín,casual,2024-01-01,2024-02-02,5,21,4.8
2751,Hortaleza,casual,2024-02-13,2024-05-18,22,95,4.2
2752,Usera,part_time,2024-08-04,2024-11-16,42,344,4.8
2753,Barajas,part_time,2024-09-07,2024-12-31,53,460,5.0
2754,Hortaleza,casual,2024-10-31,2024-12-31,11,54,4.2
2755,Tetuán,full_time,2024-01-16,2024-04-01,62,1185,4.9
2756,Retiro,part_time,2024-08-25,2024-12-31,66,542,3.8
2757,Puente de Vallecas,full_time,2024-07-27,2024-10-07,58,1166,4.0
2758,Moncloa - Aravaca,part_time,2024-11-08,2024-12-31,24,234,4.5
2759,Usera,part_time,2024-09-22,2024-12-07,38,322,3.9
2760,Vicálvaro,casual,2024-05-28,2024-08-31,13,59,4.4
2761,Villaverde,part_time,2024-09-06,2024-12-31,58,499,4.8
2762,Vicálvaro,full_time,2024-03-02,2024-05-15,63,1209,5.0
2763,Puente de Vallecas,casual,2024-07-28,2024-12-31,32,156,4.3
2764,Retiro,casual,2024-09-19,2024-12-31,22,104,4.6
2765,Ciudad Lineal,casual,2024-10-29,2024-12-31,17,86,4.4
2766,Latina,full_time,2024-01-31,2024-04-17,63,1219,4.1
2767,Chamartín,casual,2024-10-27,2024-12-31,11,56,4.0
2768,Villaverde,part_time,2024-01-01,2024-04-03,51,473,4.4
2769,Ciudad Lineal,part_time,2024-09-15,2024-12-29,47,404,4.0
2770,Carabanchel,full_time,2024-11-24,2024-12-31,29,586,4.6
2771,Hortaleza,casual,2024-01-01,2024-01-27,4,28,3.7
2772,Latina,part_time,2024-07-11,2024-10-16,43,393,4.6
2773,Fuencarral - El Pardo,full_time,2024-06-30,2024-12-24,144,2805,4.3
2774,Usera,casual,2024-10-07,2024-12-31,24,96,3.6
2775,Villaverde,part_time,2024-01-01,2024-03-16,28,248,4.8
2776,Villaverde,casual,2024-11-19,2024-12-31,8,27,4.3
2777,San Blas - Canillejas,part_time,2024-12-28,2024-12-31,2,16,4.6
2778,Hortaleza,casual,2024-08-05,2024-10-30,18,102,3.7
2779,Usera,casual,2024-04-18,2024-07-12,14,74,3.7
2780,Centro,casual,2024-07-17,2024-10-18,32,181,4.8
2781,Chamartín,casual,2024-01-01,2024-01-25,7,38,4.2
2782,Hortaleza,casual,2024-07-04,2024-12-31,30,150,3.9
2783,Chamberí,part_time,2024-01-01,2024-01-31,14,136,4.3
2784,Tetuán,casual,2024-01-01,2024-08-23,48,244,4.1
2785,Retiro,casual,2024-01-01,2024-03-04,15,70,5.0
2786,Retiro,part_time,2024-08-29,2024-11-26,38,336,3.8
2787,Fuencarral - El Pardo,part_time,2024-07-03,2024-09-22,38,337,4.3
2788,Tetuán,casual,2024-08-17,2024-11-14,22,107,4.0
2789,San Blas - Canillejas,full_time,2024-01-01,2024-02-17,38,747,3.7
2790,Ciudad Lineal,casual,2024-03-15,2024-06-20,18,85,4.5
2791,San Blas - Canillejas,part_time,2024-01-01,2024-10-23,137,1211,3.7
2792,Carabanchel,casual,2024-07-09,2024-09-22,18,94,3.9
2793,Vicálvaro,part_time,2024-01-01,2024-02-14,18,181,4.2
2794,San Blas - Canillejas,full_time,2024-07-22,2024-10-25,79,1590,4.1
2795,Moncloa - Aravaca,part_time,2024-02-14,2024-07-28,67,582,4.9
2796,Vicálvaro,part_time,2024-11-20,2024-12-31,20,163,4.5
2797,Fuencarral - El Pardo,part_time,2024-01-01,2024-11-20,157,1458,3.6
2798,Barajas,casual,2024-01-01,2024-02-17,8,53,3.7
2799,Carabanchel,part_time,2024-01-01,2024-02-15,25,222,4.4
2800,Puente de Vallecas,part_time,2024-01-01,2024-05-17,65,591,3.8
2801,Centro,full_time,2024-01-01,2024-05-06,97,1866,3.8
2802,Barajas,casual,2024-08-05,2024-12-31,29,140,5.0
2803,Villaverde,casual,2024-08-24,2024-12-02,22,107,4.6
2804,Hortaleza,part_time,2024-01-01,2024-02-10,25,213,4.0
2805,Centro,casual,2024-10-26,2024-12-31,12,72,3.5
2806,Ciudad Lineal,casual,2024-01-01,2024-03-11,16,80,4.7
2807,Retiro,casual,2024-09-25,2024-12-21,18,89,4.4
2808,Puente de Vallecas,part_time,2024-01-01,2024-03-21,34,282,4.0
2809,Usera,casual,2024-03-23,2024-06-19,22,118,4.3
2810,Tetuán,casual,2024-08-14,2024-12-31,29,178,4.8
2811,Tetuán,casual,2024-01-01,2024-07-01,56,284,3.6
2812,Hortaleza,full_time,2024-01-01,2024-03-22,71,1401,4.6
2813,Carabanchel,part_time,2024-09-27,2024-12-20,41,379,4.8
2814,San Blas - Canillejas,casual,2024-08-13,2024-11-09,25,134,4.3
2815,Ciudad Lineal,casual,2024-10-14,2024-12-31,15,74,4.9
2816,San Blas - Canillejas,part_time,2024-06-25,2024-12-05,69,606,3.8
2817,Puente de Vallecas,casual,2024-01-01,2024-02-09,8,50,4.6
2818,Hortaleza,part_time,2024-07-16,2024-10-25,42,370,4.1
2819,Usera,casual,2024-10-14,2024-12-27,14,70,4.1
2820,Fuencarral - El Pardo,full_time,2024-01-01,2024-02-07,28,557,4.5
2821,Carabanchel,casual,2024-01-01,2024-03-16,15,79,4.4
2822,Moncloa - Aravaca,part_time,2024-08-06,2024-11-07,45,411,4.1
2823,San Blas - Canillejas,casual,2024-10-02,2024-12-11,15,76,4.1
2824,Chamartín,full_time,2024-01-01,2024-09-10,207,4117,4.2
2825,Tetuán,full_time,2024-09-02,2024-11-29,81,1611,5.0
2826,Chamartín,part_time,2024-01-01,2024-05-01,58,531,4.7
2827,Ciudad Lineal,casual,2024-04-11,2024-07-29,20,97,4.0
2828,Moncloa - Aravaca,casual,2024-09-12,2024-11-24,27,150,4.0
2829,San Blas - Canillejas,part_time,2024-01-17,2024-03-27,22,214,4.8
2830,Tetuán,part_time,2024-03-09,2024-06-08,38,310,4.7
2831,Centro,casual,2024-06-05,2024-12-20,50,243,4.5
2832,Hortaleza,casual,2024-03-22,2024-05-30,19,84,4.6
2833,Hortaleza,casual,2024-11-03,2024-12-31,14,65,3.6
2834,Puente de Vallecas,part_time,2024-12-11,2024-12-31,13,108,3.6
2835,Carabanchel,part_time,2024-06-21,2024-12-14,83,701,4.0
2836,Arganzuela,part_time,2024-07-26,2024-12-31,78,686,4.2
2837,Fuencarral - El Pardo,part_time,2024-11-17,2024-12-31,24,221,4.6
2838,Usera,casual,2024-08-16,2024-11-18,14,87,4.7
2839,Carabanchel,casual,2024-09-19,2024-12-19,26,144,4.8
2840,Hortaleza,casual,2024-01-01,2024-02-12,14,69,3.9
2841,Latina,part_time,2024-10-09,2024-12-31,41,372,4.6
2842,Moncloa - Aravaca,casual,2024-02-13,2024-05-02,20,117,5.0
2843,Chamberí,casual,2024-01-01,2024-02-08,7,36,3.8
2844,Chamartín,casual,2024-06-22,2024-10-03,27,149,3.6
2845,Villa de Vallecas,casual,2024-01-01,2024-05-03,35,183,4.8
2846,Hortaleza,part_time,2024-01-01,2024-02-07,19,171,3.7
2847,Fuencarral - El Pardo,casual,2024-03-21,2024-12-31,57,300,4.6
2848,Usera,casual,2024-01-01,2024-02-15,9,52,4.1
2849,Fuencarral - El Pardo,part_time,2024-11-12,2024-12-31,21,168,4.0
2850,Puente de Vallecas,casual,2024-12-17,2024-12-31,2,17,4.9
2851,Tetuán,casual,2024-09-02,2024-12-04,19,105,4.0
2852,Hortaleza,casual,2024-01-01,2024-06-02,32,185,4.1
2853,Vicálvaro,part_time,2024-06-22,2024-09-03,32,282,3.5
2854,Retiro,casual,2024-01-01,2024-01-15,3,20,3.8
2855,Latina,part_time,2024-06-14,2024-11-24,79,726,4.0
2856,Hortaleza,full_time,2024-02-02,2024-04-29,75,1495,4.5
2857,Salamanca,part_time,2024-02-28,2024-09-14,69,599,3.6
2858,Arganzuela,casual,2024-01-01,2024-04-10,21,93,4.0
2859,Ciudad Lineal,part_time,2024-12-25,2024-12-31,3,26,4.0
2860,Villaverde,casual,2024-01-01,2024-04-25,24,125,4.7
2861,Villaverde,casual,2024-01-01,2024-10-31,79,414,3.9
2862,San Blas - Canillejas,casual,2024-01-01,2024-07-02,41,203,4.8
2863,Hortaleza,casual,2024-05-30,2024-09-12,16,65,4.9
2864,Carabanchel,casual,2024-11-18,2024-12-31,6,25,3.8
2865,Carabanchel,casual,2024-01-01,2024-04-28,34,172,4.1
2866,Carabanchel,casual,2024-01-01,2024-03-20,21,117,4.6
2867,Hortaleza,casual,2024-01-01,2024-02-03,9,44,3.9
2868,Moncloa - Aravaca,part_time,2024-07-05,2024-09-13,29,260,4.7
2869,Carabanchel,full_time,2024-05-27,2024-11-26,149,2951,5.0
2870,Chamartín,casual,2024-09-26,2024-12-31,25,128,4.4
2871,Centro,part_time,2024-09-03,2024-12-31,53,483,3.7
2872,Moratalaz,casual,2024-01-01,2024-03-15,16,91,3.5
2873,Vicálvaro,casual,2024-11-20,2024-12-31,13,76,4.1
2874,Salamanca,casual,2024-10-01,2024-12-31,28,137,3.8
2875,Carabanchel,casual,2024-07-28,2024-10-15,18,84,4.7
2876,Hortaleza,casual,2024-03-14,2024-06-04,18,86,4.2
2877,Villaverde,casual,2024-09-02,2024-12-19,24,117,4.4
2878,Ciudad Lineal,casual,2024-03-29,2024-12-31,80,399,4.4
2879,Centro,casual,2024-03-15,2024-06-08,28,176,3.6
2880,Usera,casual,2024-01-01,2024-01-07,1,5,4.6
2881,Latina,casual,2024-06-25,2024-10-03,27,155,4.7
2882,Arganzuela,casual,2024-06-21,2024-09-20,29,133,4.2
2883,Latina,casual,2024-01-01,2024-03-13,13,59,4.4
2884,Chamartín,casual,2024-11-17,2024-12-31,6,20,3.7
2885,Centro,casual,2024-01-01,2024-03-13,16,74,4.5
2886,Carabanchel,casual,2024-02-23,2024-05-06,12,72,4.9
2887,Carabanchel,casual,2024-01-01,2024-09-27,60,302,4.6
2888,Hortaleza,full_time,2024-07-15,2024-12-30,146,2954,3.5
2889,Usera,casual,2024-01-01,2024-02-29,14,83,4.0
2890,Centro,casual,2024-08-23,2024-11-03,11,48,4.9
2891,Usera,casual,2024-04-10,2024-07-07,16,59,4.5
2892,Moratalaz,full_time,2024-01-01,2024-03-23,70,1404,4.0
2893,Puente de Vallecas,part_time,2024-01-01,2024-03-22,39,355,4.4
2894,Puente de Vallecas,part_time,2024-04-05,2024-07-08,37,318,3.7
2895,Usera,full_time,2024-04-22,2024-07-22,79,1516,4.9
2896,Chamartín,casual,2024-01-01,2024-04-08,20,105,4.1
2897,Usera,full_time,2024-01-01,2024-12-18,294,5881,3.8
2898,Tetuán,casual,2024-05-20,2024-08-15,21,102,3.6
2899,Puente de Vallecas,part_time,2024-12-21,2024-12-31,3,32,3.6
2900,Ciudad Lineal,casual,2024-08-21,2024-11-26,20,113,4.5
2901,Carabanchel,casual,2024-01-01,2024-01-06,2,13,4.5
2902,Latina,full_time,2024-05-04,2024-08-07,83,1740,4.5
2903,Moncloa - Aravaca,casual,2024-01-01,2024-01-16,2,8,4.0
2904,Chamartín,full_time,2024-05-21,2024-08-23,79,1577,4.7
2905,Villa de Vallecas,casual,2024-01-01,2024-07-09,38,170,4.8
2906,Fuencarral - El Pardo,part_time,2024-11-17,2024-12-31,21,226,4.4
2907,Puente de Vallecas,full_time,2024-04-02,2024-09-23,149,2913,4.4
2908,Latina,casual,2024-10-08,2024-12-31,17,89,3.8
2909,Fuencarral - El Pardo,full_time,2024-05-18,2024-11-14,147,2991,4.8
2910,Carabanchel,part_time,2024-01-01,2024-10-16,135,1243,3.6
2911,Carabanchel,part_time,2024-01-01,2024-05-03,60,594,4.7
2912,Hortaleza,casual,2024-01-01,2024-04-12,23,120,4.1
2913,Centro,casual,2024-09-25,2024-12-31,25,132,3.6
2914,San Blas - Canillejas,part_time,2024-10-07,2024-12-31,42,369,3.6
2915,Usera,casual,2024-03-02,2024-05-25,15,65,5.0
2916,Puente de Vallecas,casual,2024-05-08,2024-08-20,25,119,4.4
2917,Moncloa - Aravaca,casual,2024-02-06,2024-05-12,20,100,4.2
2918,Centro,full_time,2024-05-07,2024-07-18,62,1173,4.9
2919,Centro,casual,2024-10-19,2024-12-31,11,56,4.2
2920,Chamartín,part_time,2024-01-01,2024-03-03,34,328,4.8
2921,Ciudad Lineal,full_time,2024-02-12,2024-05-12,73,1506,4.8
2922,Carabanchel,casual,2024-05-24,2024-12-31,44,215,4.6
2923,Latina,casual,2024-01-01,2024-08-15,47,269,3.6
2924,Hortaleza,part_time,2024-01-01,2024-02-05,14,136,4.9
2925,Villaverde,casual,2024-01-01,2024-09-28,70,320,4.4
2926,Centro,part_time,2024-08-05,2024-11-05,50,463,4.1
2927,Arganzuela,part_time,2024-12-24,2024-12-31,3,19,4.6
2928,Puente de Vallecas,part_time,2024-10-15,2024-12-31,44,417,3.6
2929,Centro,casual,2024-05-05,2024-11-05,45,236,3.8
2930,Moncloa - Aravaca,part_time,2024-08-31,2024-12-31,56,518,4.5
2931,Fuencarral - El Pardo,part_time,2024-06-14,2024-09-24,49,410,4.4
2932,Vicálvaro,casual,2024-05-09,2024-08-19,15,83,4.3
2933,Chamartín,part_time,2024-01-06,2024-03-15,33,271,4.5
2934,Chamartín,full_time,2024-01-01,2024-07-31,184,3774,4.9
2935,Moncloa - Aravaca,part_time,2024-04-19,2024-07-31,44,384,3.7
2936,Moncloa - Aravaca,casual,2024-12-25,2024-12-31,2,9,4.0
2937,San Blas - Canillejas,casual,2024-07-13,2024-09-23,11,46,3.9
2938,Retiro,casual,2024-12-01,2024-12-31,6,30,4.9
2939,Puente de Vallecas,casual,2024-02-06,2024-04-24,21,118,3.8
2940,Arganzuela,casual,2024-01-01,2024-02-08,6,28,4.1
2941,Retiro,full_time,2024-12-22,2024-12-31,8,155,4.9
2942,Moncloa - Aravaca,casual,2024-03-12,2024-05-24,17,74,4.5
2943,Salamanca,part_time,2024-06-09,2024-08-25,31,275,3.5
2944,Tetuán,casual,2024-01-01,2024-02-03,5,23,4.9
2945,Moncloa - Aravaca,casual,2024-10-15,2024-12-31,18,94,3.6
2946,Tetuán,casual,2024-01-01,2024-01-01,1,1,4.3
2947,San Blas - Canillejas,casual,2024-11-17,2024-12-31,10,60,3.9
2948,Moncloa - Aravaca,part_time,2024-01-01,2024-03-18,43,384,4.4
2949,Hortaleza,full_time,2024-01-01,2024-03-24,75,1445,3.9
2950,Tetuán,full_time,2024-08-29,2024-12-31,104,2037,4.7
2951,Centro,casual,2024-01-01,2024-10-08,54,296,4.3
2952,Retiro,part_time,2024-01-01,2024-05-15,60,549,4.0
2953,Villa de Vallecas,casual,2024-07-03,2024-09-24,17,82,4.8
2954,Chamartín,full_time,2024-02-02,2024-04-23,65,1336,4.7
2955,Ciudad Lineal,casual,2024-01-01,2024-07-28,43,205,4.2
2956,Arganzuela,casual,2024-01-01,2024-01-22,5,27,4.2
2957,Centro,casual,2024-04-30,2024-10-13,42,223,4.2
2958,Villa de Vallecas,casual,2024-01-01,2024-04-04,14,79,4.3
2959,San Blas - Canillejas,casual,2024-10-03,2024-12-31,22,106,4.8
2960,Barajas,full_time,2024-08-16,2024-12-31,118,2451,3.6
2961,Carabanchel,part_time,2024-02-03,2024-05-13,43,385,4.1
2962,Tetuán,full_time,2024-01-26,2024-12-31,279,5530,4.6
2963,Villa de Vallecas,casual,2024-06-17,2024-09-26,15,92,4.9
2964,Ciudad Lineal,part_time,2024-05-05,2024-12-31,129,1133,3.7
2965,Hortaleza,casual,2024-04-06,2024-07-12,23,123,3.6
2966,Moncloa - Aravaca,casual,2024-06-19,2024-12-31,39,201,4.7
2967,Tetuán,casual,2024-01-01,2024-05-03,29,145,5.0
2968,Moncloa - Aravaca,casual,2024-03-20,2024-09-11,36,192,4.6
2969,Usera,part_time,2024-01-01,2024-02-13,17,144,4.3
2970,Latina,casual,2024-12-04,2024-12-31,5,15,3.9
2971,Puente de Vallecas,casual,2024-01-01,2024-10-20,62,274,4.9
2972,Hortaleza,part_time,2024-06-02,2024-12-09,85,749,4.6
2973,Carabanchel,casual,2024-05-05,2024-08-18,26,141,4.5
2974,Arganzuela,full_time,2024-01-01,2024-01-20,18,383,4.8
2975,Ciudad Lineal,casual,2024-01-01,2024-02-15,11,69,4.8
2976,Tetuán,part_time,2024-01-01,2024-07-10,79,724,3.6
2977,Chamberí,part_time,2024-07-09,2024-12-30,83,726,3.5
2978,Fuencarral - El Pardo,part_time,2024-04-13,2024-12-31,137,1225,3.8
2979,Carabanchel,part_time,2024-01-01,2024-05-17,58,517,4.9
2980,San Blas - Canillejas,full_time,2024-05-04,2024-08-19,90,1760,4.3
2981,Puente de Vallecas,part_time,2024-01-01,2024-09-25,116,1025,4.5
2982,Carabanchel,casual,2024-06-15,2024-09-19,29,133,4.0
2983,San Blas - Canillejas,casual,2024-01-01,2024-09-01,59,289,4.1
2984,Latina,part_time,2024-11-03,2024-12-31,26,217,4.0
2985,Moncloa - Aravaca,casual,2024-03-29,2024-09-05,30,160,4.9
2986,Vicálvaro,casual,2024-04-04,2024-07-21,28,146,4.1
2987,Centro,casual,2024-08-14,2024-11-27,19,96,4.8
2988,Chamartín,casual,2024-09-24,2024-12-15,18,97,3.7
2989,Ciudad Lineal,casual,2024-03-06,2024-08-21,38,208,4.0
2990,Centro,part_time,2024-01-01,2024-03-20,38,333,3.8
2991,Tetuán,part_time,2024-01-01,2024-02-10,21,164,3.9
2992,Vicálvaro,part_time,2024-02-27,2024-05-30,44,371,4.5
2993,Carabanchel,casual,2024-08-07,2024-12-31,34,161,3.7
2994,Moncloa - Aravaca,casual,2024-07-31,2024-10-16,14,70,4.3
2995,Carabanchel,part_time,2024-01-31,2024-05-15,46,409,3.5
2996,Barajas,casual,2024-01-01,2024-01-03,1,3,5.0
2997,Centro,part_time,2024-06-26,2024-12-04,72,671,3.6
2998,Latina,casual,2024-05-12,2024-10-28,47,220,4.6
2999,Latina,full_time,2024-07-18,2024-12-31,143,2873,4.8
3000,San Blas - Canillejas,casual,2024-08-08,2024-11-13,21,100,5.0
3001,Puente de Vallecas,part_time,2024-01-27,2024-04-21,39,337,4.5
3002,Centro,part_time,2024-08-08,2024-12-31,66,600,4.4
3003,Hortaleza,casual,2024-01-01,2024-12-14,73,373,4.3
3004,Hortaleza,part_time,2024-06-15,2024-09-26,47,433,4.6
3005,Ciudad Lineal,casual,2024-01-01,2024-09-17,55,283,4.8
3006,Tetuán,part_time,2024-09-08,2024-12-31,50,475,4.3
3007,Hortaleza,part_time,2024-01-01,2024-05-23,69,617,4.6
3008,Moncloa - Aravaca,casual,2024-01-01,2024-04-03,17,89,4.9
3009,Villaverde,casual,2024-01-22,2024-04-17,24,125,3.7
3010,Carabanchel,part_time,2024-09-29,2024-12-14,37,302,4.4
3011,Chamartín,casual,2024-08-06,2024-12-31,36,165,3.6
3012,San Blas - Canillejas,full_time,2024-01-01,2024-07-16,166,3411,4.2
3013,Vicálvaro,part_time,2024-01-01,2024-03-03,21,199,4.6
3014,Villa de Vallecas,part_time,2024-01-01,2024-01-13,10,91,4.1
3015,Arganzuela,casual,2024-08-06,2024-11-16,33,176,3.7
3016,Hortaleza,part_time,2024-04-23,2024-10-22,88,812,4.7
3017,Carabanchel,full_time,2024-06-03,2024-12-31,175,3440,3.9
3018,Chamartín,casual,2024-08-17,2024-11-28,24,147,4.3
3019,Puente de Vallecas,casual,2024-10-11,2024-12-31,25,118,3.7
3020,San Blas - Canillejas,casual,2024-04-10,2024-07-07,25,122,5.0
3021,Usera,casual,2024-08-30,2024-12-31,21,103,4.1
3022,Centro,part_time,2024-01-01,2024-11-10,144,1321,4.7
3023,Latina,casual,2024-08-22,2024-11-15,18,99,4.1
3024,Moncloa - Aravaca,part_time,2024-05-05,2024-10-21,69,620,4.0
3025,Villa de Vallecas,casual,2024-11-04,2024-12-31,11,54,3.9
3026,San Blas - Canillejas,casual,2024-01-01,2024-09-27,57,281,4.1
3027,Centro,casual,2024-07-17,2024-12-31,37,194,4.8
3028,San Blas - Canillejas,full_time,2024-07-05,2024-09-23,66,1370,4.5
3029,Hortaleza,part_time,2024-12-31,2024-12-31,1,9,3.6
3030,Chamartín,casual,2024-01-01,2024-02-11,11,55,4.3
3031,Fuencarral - El Pardo,part_time,2024-06-26,2024-10-06,58,556,4.2
3032,Centro,casual,2024-01-01,2024-06-16,32,147,4.5
3033,Moncloa - Aravaca,casual,2024-11-08,2024-12-31,13,90,4.6
3034,Hortaleza,casual,2024-08-04,2024-12-31,35,159,4.3
3035,Puente de Vallecas,full_time,2024-08-03,2024-10-21,70,1396,4.8
3036,Villaverde,part_time,2024-05-10,2024-08-06,35,302,4.5
3037,Ciudad Lineal,part_time,2024-08-14,2024-10-26,26,246,4.0
3038,Moncloa - Aravaca,casual,2024-05-02,2024-10-29,44,236,4.1
3039,Ciudad Lineal,casual,2024-01-01,2024-07-29,48,248,4.8
3040,San Blas - Canillejas,part_time,2024-10-10,2024-12-31,38,318,3.9
3041,Puente de Vallecas,casual,2024-06-02,2024-08-10,17,86,3.7
3042,Moncloa - Aravaca,full_time,2024-01-01,2024-07-06,145,2907,4.6
3043,Chamartín,part_time,2024-07-08,2024-12-15,75,689,4.1
3044,Fuencarral - El Pardo,casual,2024-01-01,2024-01-09,3,10,3.8
3045,Hortaleza,part_time,2024-06-10,2024-12-31,94,815,4.7
3046,Villa de Vallecas,full_time,2024-04-26,2024-08-09,88,1808,3.8
3047,Carabanchel,casual,2024-07-11,2024-10-28,26,119,4.6
3048,Villaverde,part_time,2024-01-01,2024-03-12,38,338,4.0
3049,Puente de Vallecas,full_time,2024-08-03,2024-12-31,123,2509,4.6
3050,Hortaleza,casual,2024-08-24,2024-12-05,22,102,4.7
3051,Latina,full_time,2024-06-27,2024-12-31,162,3199,3.7
3052,Hortaleza,casual,2024-05-02,2024-08-01,19,101,4.7
3053,Usera,part_time,2024-04-17,2024-12-31,123,1086,4.4
3054,Carabanchel,part_time,2024-06-12,2024-09-04,36,344,4.8
3055,Vicálvaro,part_time,2024-01-18,2024-04-15,42,392,3.5
3056,Villa de Vallecas,casual,2024-01-01,2024-01-11,2,10,4.6
3057,Fuencarral - El Pardo,part_time,2024-03-30,2024-07-13,41,354,5.0
3058,Villaverde,casual,2024-10-11,2024-12-26,17,103,4.6
3059,San Blas - Canillejas,casual,2024-01-01,2024-08-23,56,274,4.9
3060,Chamberí,casual,2024-07-01,2024-12-31,39,198,4.1
3061,Puente de Vallecas,part_time,2024-06-25,2024-12-01,89,799,4.6
3062,Centro,casual,2024-03-10,2024-06-10,18,103,4.4
3063,Barajas,casual,2024-01-01,2024-01-01,1,1,4.0
3064,Vicálvaro,full_time,2024-04-26,2024-07-08,60,1151,4.4
3065,Villaverde,casual,2024-01-31,2024-08-04,50,234,4.0
3066,Puente de Vallecas,casual,2024-01-01,2024-03-16,13,68,4.9
3067,San Blas - Canillejas,casual,2024-10-09,2024-12-31,17,90,4.7
3068,Chamberí,casual,2024-12-11,2024-12-31,10,51,4.8
3069,Latina,part_time,2024-01-01,2024-03-27,36,336,4.5
3070,Villaverde,casual,2024-01-30,2024-04-10,16,79,4.8
3071,Chamberí,casual,2024-06-17,2024-12-05,57,283,4.1
3072,Tetuán,full_time,2024-11-26,2024-12-31,31,624,4.5
3073,Tetuán,part_time,2024-12-02,2024-12-31,12,96,4.0
3074,Moncloa - Aravaca,part_time,2024-11-29,2024-12-31,15,148,4.4
3075,Fuencarral - El Pardo,full_time,2024-04-16,2024-07-22,80,1612,3.6
3076,Villaverde,full_time,2024-12-21,2024-12-31,9,174,4.7
3077,Chamberí,casual,2024-03-15,2024-06-16,23,125,4.1
3078,Puente de Vallecas,part_time,2024-01-01,2024-02-08,22,192,5.0
3079,Villaverde,part_time,2024-08-23,2024-11-07,33,335,4.8
3080,Carabanchel,casual,2024-02-18,2024-12-31,73,349,4.4
3081,Moncloa - Aravaca,casual,2024-08-07,2024-12-31,33,173,3.9
3082,Carabanchel,casual,2024-06-06,2024-12-07,45,208,4.4
3083,Moncloa - Aravaca,part_time,2024-08-22,2024-12-31,54,514,4.6
3084,Carabanchel,part_time,2024-01-08,2024-07-07,84,756,4.2
3085,Carabanchel,part_time,2024-01-01,2024-07-25,105,943,4.4
3086,Vicálvaro,casual,2024-09-11,2024-12-15,20,81,4.8
3087,San Blas - Canillejas,casual,2024-05-16,2024-08-15,18,113,3.7
3088,Latina,casual,2024-01-01,2024-05-11,29,164,4.2
3089,Centro,casual,2024-03-28,2024-06-15,20,90,4.8
3090,Puente de Vallecas,full_time,2024-10-05,2024-12-15,61,1108,4.1
3091,Fuencarral - El Pardo,full_time,2024-11-20,2024-12-31,35,674,4.8
3092,Ciudad Lineal,full_time,2024-08-26,2024-12-31,112,2242,4.3
3093,Moncloa - Aravaca,full_time,2024-08-29,2024-11-13,62,1213,4.1
3094,Barajas,full_time,2024-10-09,2024-12-26,72,1416,5.0
3095,Hortaleza,casual,2024-01-01,2024-04-02,25,119,3.7
3096,Hortaleza,casual,2024-06-24,2024-09-18,14,84,4.0
3097,Fuencarral - El Pardo,casual,2024-06-24,2024-10-06,22,114,3.8
3098,Moncloa - Aravaca,casual,2024-12-08,2024-12-31,9,51,5.0
3099,Hortaleza,casual,2024-01-01,2024-01-09,1,1,3.7
3100,Moratalaz,casual,2024-12-18,2024-12-31,4,20,3.7
3101,Carabanchel,full_time,2024-08-29,2024-11-27,77,1613,3.9
3102,San Blas - Canillejas,casual,2024-01-01,2024-01-13,4,15,4.4
3103,Centro,full_time,2024-05-27,2024-08-24,69,1408,3.9
3104,Villaverde,part_time,2024-01-01,2024-01-31,9,72,4.0
3105,Ciudad Lineal,part_time,2024-07-08,2024-09-24,38,377,4.3
3106,Carabanchel,part_time,2024-02-27,2024-09-10,83,734,4.5
3107,Carabanchel,casual,2024-09-23,2024-12-03,13,70,4.4
3108,Vicálvaro,part_time,2024-06-16,2024-09-30,50,460,4.4
3109,Vicálvaro,casual,2024-09-05,2024-12-31,25,134,4.5
3110,Ciudad Lineal,full_time,2024-01-01,2024-09-26,232,4551,4.8
3111,Vicálvaro,casual,2024-10-16,2024-12-31,21,122,4.5
3112,Usera,casual,2024-09-25,2024-12-31,26,129,4.6
3113,Puente de Vallecas,part_time,2024-07-03,2024-12-10,85,764,4.1
3114,Centro,part_time,2024-01-25,2024-05-02,35,348,4.9
3115,Villa de Vallecas,casual,2024-12-28,2024-12-31,1,8,4.7
3116,Centro,part_time,2024-10-11,2024-12-31,42,349,4.4
3117,Retiro,casual,2024-10-28,2024-12-31,12,63,4.2
3118,Tetuán,part_time,2024-01-01,2024-01-06,3,26,3.5
3119,Tetuán,casual,2024-10-16,2024-12-30,18,105,5.0
3120,Arganzuela,casual,2024-01-01,2024-04-25,29,126,3.7
3121,Villaverde,casual,2024-04-11,2024-09-30,37,195,4.3
3122,Carabanchel,casual,2024-08-19,2024-11-16,20,104,4.0
3123,San Blas - Canillejas,casual,2024-03-28,2024-07-13,22,114,4.0
3124,Puente de Vallecas,casual,2024-01-12,2024-04-24,16,94,4.1
3125,Puente de Vallecas,casual,2024-05-20,2024-08-13,21,87,4.4
3126,Hortaleza,casual,2024-02-15,2024-05-17,24,117,3.5
3127,Fuencarral - El Pardo,casual,2024-07-05,2024-10-13,20,89,3.7
3128,Latina,casual,2024-01-01,2024-02-19,10,35,4.4
3129,Villaverde,part_time,2024-01-01,2024-10-25,134,1132,4.6
3130,Fuencarral - El Pardo,full_time,2024-06-26,2024-09-30,79,1608,4.5
3131,Hortaleza,casual,2024-12-26,2024-12-31,1,6,5.0
3132,Vicálvaro,full_time,2024-05-06,2024-08-23,96,1923,3.6
3133,Vicálvaro,casual,2024-04-17,2024-07-10,14,56,4.3
3134,Moncloa - Aravaca,casual,2024-12-27,2024-12-31,1,12,4.1
3135,Carabanchel,part_time,2024-11-07,2024-12-31,25,236,3.8
3136,Latina,part_time,2024-08-07,2024-10-28,34,313,4.8
3137,Usera,part_time,2024-06-16,2024-08-26,41,377,3.7
3138,Fuencarral - El Pardo,casual,2024-01-01,2024-07-13,49,232,4.3
3139,Moratalaz,part_time,2024-07-13,2024-10-11,38,342,3.8
3140,Moratalaz,casual,2024-10-14,2024-12-31,12,49,4.2
3141,Ciudad Lineal,casual,2024-12-22,2024-12-31,3,15,4.7
3142,Retiro,casual,2024-01-01,2024-03-19,16,68,4.6
3143,Puente de Vallecas,full_time,2024-01-01,2024-07-15,170,3437,4.6
3144,Latina,casual,2024-11-11,2024-12-31,13,59,3.8
3145,Tetuán,part_time,2024-10-15,2024-12-31,39,374,3.5
3146,Carabanchel,part_time,2024-08-23,2024-11-25,45,382,4.6
3147,Villaverde,part_time,2024-01-01,2024-03-15,32,278,3.7
3148,Salamanca,part_time,2024-05-31,2024-12-31,100,919,4.1
3149,Chamartín,full_time,2024-01-01,2024-12-08,286,5817,4.8
3150,Fuencarral - El Pardo,casual,2024-01-01,2024-09-21,55,278,4.1
3151,Moncloa - Aravaca,casual,2024-01-01,2024-05-14,28,139,4.2
3152,Fuencarral - El Pardo,part_time,2024-02-15,2024-05-29,45,358,4.9
3153,Fuencarral - El Pardo,casual,2024-06-06,2024-08-28,23,116,4.9
3154,Usera,casual,2024-01-01,2024-03-16,20,98,3.6
3155,Moncloa - Aravaca,casual,2024-05-20,2024-08-21,23,119,4.8
3156,Chamberí,casual,2024-01-01,2024-01-21,5,28,4.2
3157,Villaverde,casual,2024-02-04,2024-08-19,50,225,4.7
3158,Tetuán,casual,2024-12-09,2024-12-31,6,26,4.0
3159,Ciudad Lineal,full_time,2024-06-24,2024-12-31,157,3184,4.9
3160,Carabanchel,casual,2024-01-01,2024-01-31,7,35,4.7
3161,Tetuán,full_time,2024-07-10,2024-12-31,150,2986,4.2
3162,Puente de Vallecas,full_time,2024-01-01,2024-04-12,83,1616,4.0
3163,Moncloa - Aravaca,casual,2024-01-01,2024-12-12,70,352,3.8
3164,Usera,part_time,2024-01-01,2024-06-08,75,700,3.9
3165,Centro,part_time,2024-12-01,2024-12-31,14,135,4.2
3166,Ciudad Lineal,part_time,2024-01-01,2024-01-24,9,84,4.0
3167,Moncloa - Aravaca,casual,2024-10-05,2024-12-31,19,90,4.5
3168,Moncloa - Aravaca,casual,2024-07-21,2024-12-31,31,154,4.5
3169,San Blas - Canillejas,casual,2024-01-01,2024-09-18,62,313,3.8
3170,Carabanchel,part_time,2024-10-28,2024-12-31,32,281,3.9
3171,Ciudad Lineal,full_time,2024-02-07,2024-08-12,154,3014,3.6
3172,Carabanchel,part_time,2024-07-24,2024-12-31,72,599,4.1
3173,Latina,part_time,2024-07-31,2024-12-31,70,609,4.2
3174,Centro,full_time,2024-01-01,2024-07-28,173,3408,3.7
3175,Centro,part_time,2024-01-01,2024-02-04,12,110,3.6
3176,Villaverde,casual,2024-11-02,2024-12-31,11,59,3.9
3177,San Blas - Canillejas,full_time,2024-01-15,2024-04-15,79,1619,4.2
3178,Fuencarral - El Pardo,casual,2024-12-01,2024-12-31,7,41,5.0
3179,Puente de Vallecas,casual,2024-01-01,2024-08-14,49,251,4.9
3180,Puente de Vallecas,casual,2024-01-01,2024-10-26,62,322,4.1
3181,Latina,full_time,2024-04-25,2024-07-07,61,1204,4.3
3182,Ciudad Lineal,casual,2024-04-26,2024-08-07,23,109,4.3
3183,Centro,casual,2024-12-15,2024-12-31,5,38,4.0
3184,Centro,casual,2024-01-01,2024-06-25,37,187,4.8
3185,Villa de Vallecas,casual,2024-05-30,2024-12-01,50,239,3.9
3186,Fuencarral - El Pardo,casual,2024-02-25,2024-05-09,26,158,4.1
3187,Vicálvaro,part_time,2024-01-01,2024-03-03,28,277,4.9
3188,Chamberí,full_time,2024-01-01,2024-06-11,135,2697,4.0
3189,Villaverde,casual,2024-06-13,2024-09-06,22,113,4.3
3190,Hortaleza,casual,2024-03-24,2024-12-31,63,283,4.8
3191,Carabanchel,casual,2024-01-01,2024-07-07,41,196,4.0
3192,Hortaleza,casual,2024-12-26,2024-12-31,1,5,4.9
3193,Carabanchel,part_time,2024-03-18,2024-06-13,51,427,3.8
3194,Chamartín,part_time,2024-10-16,2024-12-31,38,339,4.5
3195,San Blas - Canillejas,part_time,2024-01-01,2024-01-16,5,50,3.6
3196,Ciudad Lineal,casual,2024-08-11,2024-11-21,20,102,4.3
3197,Villa de Vallecas,part_time,2024-02-18,2024-05-18,47,438,3.7
3198,Hortaleza,casual,2024-06-12,2024-08-22,13,64,4.4
3199,Puente de Vallecas,casual,2024-09-06,2024-12-31,28,149,4.4
3200,San Blas - Canillejas,full_time,2024-08-23,2024-12-09,93,1808,4.1
3201,Villaverde,part_time,2024-01-01,2024-09-13,125,1149,4.9
3202,San Blas - Canillejas,full_time,2024-09-03,2024-11-23,71,1428,4.8
3203,Fuencarral - El Pardo,full_time,2024-04-21,2024-06-29,61,1266,4.6
3204,Barajas,part_time,2024-01-01,2024-01-28,13,117,4.6
3205,Carabanchel,full_time,2024-07-28,2024-11-07,85,1666,3.6
3206,Ciudad Lineal,casual,2024-12-02,2024-12-31,2,11,4.0
3207,Centro,casual,2024-01-01,2024-03-01,13,80,3.8
3208,San Blas - Canillejas,casual,2024-05-21,2024-12-31,53,261,4.1
3209,Retiro,casual,2024-10-21,2024-12-31,9,39,3.7
3210,Chamartín,casual,2024-07-03,2024-09-24,18,104,4.0
3211,Vicálvaro,casual,2024-05-06,2024-08-14,20,86,4.4
3212,Vicálvaro,part_time,2024-01-01,2024-05-10,71,711,3.7
3213,Tetuán,part_time,2024-01-01,2024-03-28,47,399,3.7
3214,San Blas - Canillejas,part_time,2024-04-12,2024-06-22,37,303,4.6
3215,Carabanchel,casual,2024-04-19,2024-12-31,50,269,3.9
3216,Barajas,part_time,2024-01-01,2024-08-14,102,930,4.2
3217,Chamartín,casual,2024-04-03,2024-09-17,40,182,4.8
3218,Arganzuela,casual,2024-07-02,2024-09-29,21,119,4.1
3219,Tetuán,casual,2024-01-01,2024-04-08,28,156,3.6
3220,Villaverde,casual,2024-09-06,2024-12-01,21,86,4.7
3221,Vicálvaro,casual,2024-06-15,2024-12-04,45,202,4.6
3222,Retiro,part_time,2024-05-22,2024-11-19,93,820,4.4
3223,Villa de Vallecas,part_time,2024-05-17,2024-07-28,37,357,4.3
3224,Puente de Vallecas,part_time,2024-01-01,2024-09-23,122,1092,4.6
3225,Hortaleza,casual,2024-06-17,2024-08-27,17,75,4.0
3226,Puente de Vallecas,part_time,2024-08-27,2024-12-31,66,602,4.0
3227,Fuencarral - El Pardo,part_time,2024-08-14,2024-11-30,46,434,4.4
3228,Hortaleza,casual,2024-09-04,2024-11-28,20,94,3.7
3229,Fuencarral - El Pardo,part_time,2024-01-01,2024-04-07,41,334,4.4
3230,Carabanchel,casual,2024-09-04,2024-12-31,28,167,4.8
3231,Puente de Vallecas,casual,2024-02-24,2024-06-06,23,96,4.3
3232,Villaverde,casual,2024-01-23,2024-04-14,20,103,3.6
3233,Carabanchel,casual,2024-01-01,2024-03-05,16,94,4.5
3234,Ciudad Lineal,casual,2024-10-03,2024-12-31,21,102,4.8
3235,Chamberí,casual,2024-06-12,2024-11-30,36,184,3.8
3236,San Blas - Canillejas,casual,2024-10-06,2024-12-31,24,129,4.4
3237,Hortaleza,full_time,2024-05-14,2024-10-22,143,2831,3.8
3238,Ciudad Lineal,casual,2024-10-18,2024-12-31,16,71,4.7
3239,Vicálvaro,casual,2024-06-15,2024-09-06,21,117,3.9
3240,Hortaleza,casual,2024-07-20,2024-10-26,25,129,4.4
3241,Puente de Vallecas,full_time,2024-01-01,2024-01-26,24,469,4.4
3242,Salamanca,part_time,2024-08-09,2024-10-18,30,280,4.1
3243,Latina,full_time,2024-07-09,2024-09-17,54,1122,4.9
3244,Chamberí,casual,2024-02-04,2024-04-15,16,77,4.9
3245,Latina,casual,2024-01-01,2024-02-20,16,90,4.0
3246,Fuencarral - El Pardo,part_time,2024-01-17,2024-07-05,90,861,4.0
3247,Villa de Vallecas,casual,2024-01-01,2024-02-01,5,34,4.5
3248,Usera,part_time,2024-05-29,2024-11-21,75,691,3.9
3249,Carabanchel,full_time,2024-02-04,2024-12-31,269,5465,4.0
3250,Hortaleza,casual,2024-11-23,2024-12-31,8,46,3.5
3251,San Blas - Canillejas,full_time,2024-05-16,2024-09-02,93,1858,3.6
3252,Arganzuela,part_time,2024-08-28,2024-12-03,53,488,4.5
3253,Barajas,casual,2024-07-25,2024-11-11,25,114,4.0
3254,Vicálvaro,casual,2024-08-11,2024-11-27,26,124,3.6
3255,Villaverde,casual,2024-01-01,2024-08-17,50,247,4.9
3256,Moncloa - Aravaca,part_time,2024-04-13,2024-07-05,43,406,3.9
3257,Chamartín,casual,2024-01-01,2024-02-22,8,39,3.8
3258,Villaverde,casual,2024-08-01,2024-10-11,17,87,4.3
3259,Hortaleza,part_time,2024-02-08,2024-05-22,45,352,4.7
3260,Moncloa - Aravaca,casual,2024-04-23,2024-11-03,48,237,4.8
3261,Chamartín,casual,2024-11-19,2024-12-31,8,39,4.0
3262,Arganzuela,part_time,2024-07-09,2024-12-31,80,743,4.6
3263,Chamberí,casual,2024-01-01,2024-05-25,27,124,4.3
3264,Puente de Vallecas,casual,2024-06-02,2024-08-12,16,91,4.4
3265,San Blas - Canillejas,casual,2024-07-01,2024-10-04,25,115,4.2
3266,Ciudad Lineal,casual,2024-10-13,2024-12-31,12,54,3.8
3267,Carabanchel,casual,2024-10-02,2024-12-15,19,87,4.7
3268,Latina,part_time,2024-02-25,2024-05-23,44,367,4.3
3269,Ciudad Lineal,full_time,2024-11-26,2024-12-31,32,644,4.1
3270,Moncloa - Aravaca,casual,2024-01-01,2024-03-20,20,103,4.5
3271,Usera,full_time,2024-01-30,2024-05-08,88,1698,4.1
3272,Latina,part_time,2024-01-01,2024-01-25,14,126,4.8
3273,Barajas,part_time,2024-03-06,2024-05-16,26,241,3.7
3274,Chamartín,part_time,2024-04-16,2024-07-02,34,306,3.5
3275,Centro,part_time,2024-01-06,2024-04-24,46,401,4.4
3276,Puente de Vallecas,part_time,2024-01-01,2024-01-06,1,8,3.9
3277,Retiro,casual,2024-01-01,2024-01-05,1,5,3.7
3278,San Blas - Canillejas,casual,2024-11-20,2024-12-31,14,65,3.5
3279,Latina,casual,2024-09-03,2024-11-28,11,49,4.7
3280,Villaverde,casual,2024-08-13,2024-11-20,26,127,4.9
3281,Villa de Vallecas,part_time,2024-09-21,2024-12-31,44,399,4.4
3282,Arganzuela,casual,2024-08-19,2024-11-01,22,114,4.7
3283,Vicálvaro,casual,2024-01-01,2024-02-14,10,54,4.8
3284,Hortaleza,casual,2024-11-27,2024-12-31,11,57,4.7
3285,Moncloa - Aravaca,casual,2024-03-04,2024-08-15,39,187,4.0
3286,San Blas - Canillejas,part_time,2024-04-19,2024-08-01,45,404,3.5
3287,Moncloa - Aravaca,part_time,2024-11-12,2024-12-31,20,162,4.4
3288,Arganzuela,casual,2024-01-01,2024-05-25,30,130,4.9
3289,Chamberí,casual,2024-02-26,2024-05-20,25,129,4.8
3290,Latina,casual,2024-09-17,2024-12-31,28,128,3.5
3291,Carabanchel,casual,2024-05-28,2024-08-22,20,93,4.9
3292,Hortaleza,part_time,2024-04-17,2024-07-05,40,374,3.5
3293,Puente de Vallecas,part_time,2024-11-28,2024-12-31,17,145,4.3
3294,Puente de Vallecas,casual,2024-11-11,2024-12-31,11,55,4.8
3295,Tetuán,casual,2024-10-12,2024-12-31,17,89,4.1
3296,Chamberí,full_time,2024-01-01,2024-06-04,136,2660,4.5
3297,Carabanchel,part_time,2024-10-23,2024-12-31,38,308,3.8
3298,Retiro,casual,2024-07-26,2024-10-31,26,124,5.0
3299,Arganzuela,casual,2024-05-22,2024-12-31,46,218,3.6
3300,Usera,casual,2024-01-01,2024-01-23,3,17,4.4
3301,San Blas - Canillejas,full_time,2024-05-07,2024-10-24,137,2715,3.6
3302,Puente de Vallecas,casual,2024-01-20,2024-04-06,15,80,3.6
3303,San Blas - Canillejas,casual,2024-11-30,2024-12-31,6,31,3.9
3304,Vicálvaro,full_time,2024-06-09,2024-09-20,83,1646,3.5
3305,Hortaleza,part_time,2024-06-03,2024-12-08,80,741,3.8
3306,Puente de Vallecas,casual,2024-01-01,2024-05-13,29,154,3.7
3307,Retiro,casual,2024-02-18,2024-08-19,41,200,4.9
3308,Carabanchel,casual,2024-06-09,2024-08-19,5,29,3.6
3309,Fuencarral - El Pardo,part_time,2024-10-08,2024-12-31,34,327,4.4
3310,Carabanchel,casual,2024-07-02,2024-10-14,27,151,4.5
3311,Chamartín,full_time,2024-01-01,2024-02-20,40,799,4.7
3312,Latina,full_time,2024-05-05,2024-07-15,62,1229,4.1
3313,Carabanchel,casual,2024-01-01,2024-06-14,41,184,3.8
3314,San Blas - Canillejas,part_time,2024-06-13,2024-08-22,38,335,3.7
3315,Fuencarral - El Pardo,casual,2024-04-30,2024-08-05,23,125,3.7
3316,Ciudad Lineal,casual,2024-01-01,2024-01-13,2,8,4.3
3317,Villa de Vallecas,part_time,2024-01-01,2024-04-06,41,408,4.4
3318,Moncloa - Aravaca,casual,2024-05-04,2024-12-31,45,245,4.7
3319,Villaverde,casual,2024-05-31,2024-09-13,17,105,4.7
3320,San Blas - Canillejas,casual,2024-01-01,2024-01-24,5,25,4.8
3321,Latina,casual,2024-03-12,2024-12-31,68,343,3.7
3322,San Blas - Canillejas,casual,2024-04-15,2024-09-21,32,168,4.6
3323,Tetuán,part_time,2024-01-01,2024-04-19,50,444,3.6
3324,Tetuán,part_time,2024-01-01,2024-01-01,1,1,4.8
3325,Chamartín,part_time,2024-03-11,2024-05-29,38,362,4.3
3326,Fuencarral - El Pardo,part_time,2024-09-07,2024-12-31,43,372,4.5
3327,Puente de Vallecas,casual,2024-01-01,2024-02-28,8,50,4.4
3328,Villa de Vallecas,part_time,2024-12-01,2024-12-31,16,147,4.3
3329,Centro,casual,2024-06-09,2024-08-31,29,137,4.3
3330,Arganzuela,casual,2024-09-15,2024-12-01,15,58,4.9
3331,Hortaleza,full_time,2024-12-21,2024-12-31,8,197,4.0
3332,Chamartín,casual,2024-01-01,2024-05-21,33,153,4.7
3333,Ciudad Lineal,casual,2024-06-23,2024-09-24,16,99,4.0
3334,Fuencarral - El Pardo,casual,2024-01-01,2024-09-02,48,241,3.6
3335,San Blas - Canillejas,casual,2024-01-01,2024-02-07,6,33,4.1
3336,Hortaleza,casual,2024-09-25,2024-12-31,20,112,3.7
3337,Hortaleza,casual,2024-01-01,2024-01-06,2,5,4.2
3338,San Blas - Canillejas,full_time,2024-10-20,2024-12-31,61,1211,3.6
3339,Hortaleza,casual,2024-08-04,2024-12-31,43,180,4.7
3340,Chamartín,casual,2024-07-14,2024-10-27,32,169,4.4
3341,Tetuán,casual,2024-07-01,2024-09-21,20,101,3.6
3342,Tetuán,part_time,2024-10-07,2024-12-31,38,335,4.5
3343,Fuencarral - El Pardo,casual,2024-01-01,2024-01-26,11,54,4.9
3344,Centro,casual,2024-08-12,2024-12-31,35,177,3.6
3345,Chamberí,casual,2024-01-01,2024-04-09,22,117,4.0
3346,Arganzuela,part_time,2024-01-01,2024-01-09,5,41,4.8
3347,Arganzuela,part_time,2024-01-01,2024-06-17,79,675,3.6
3348,Ciudad Lineal,part_time,2024-01-01,2024-06-27,96,812,4.9
3349,Chamartín,part_time,2024-01-01,2024-03-29,40,372,5.0
3350,Latina,casual,2024-08-24,2024-11-15,17,81,4.1
3351,Tetuán,casual,2024-06-10,2024-09-16,21,108,4.2
3352,Carabanchel,casual,2024-11-17,2024-12-31,7,30,5.0
3353,Fuencarral - El Pardo,casual,2024-08-20,2024-12-31,34,177,3.6
3354,Hortaleza,casual,2024-10-17,2024-12-26,14,73,4.0
3355,Ciudad Lineal,casual,2024-11-17,2024-12-31,8,45,3.6
3356,Hortaleza,casual,2024-10-03,2024-12-31,22,116,4.6
3357,Moncloa - Aravaca,part_time,2024-01-01,2024-02-23,28,257,4.5
3358,Moncloa - Aravaca,casual,2024-01-02,2024-03-23,19,117,4.8
3359,Arganzuela,part_time,2024-04-02,2024-07-03,40,376,3.8
3360,Vicálvaro,part_time,2024-03-04,2024-05-30,47,425,4.3
3361,Puente de Vallecas,casual,2024-10-30,2024-12-31,13,73,4.6
3362,Moncloa - Aravaca,casual,2024-04-07,2024-10-23,44,237,3.9
3363,Ciudad Lineal,part_time,2024-11-05,2024-12-31,26,239,4.8
3364,Ciudad Lineal,part_time,2024-02-09,2024-07-25,74,701,3.8
3365,Carabanchel,casual,2024-11-21,2024-12-31,8,48,3.7
3366,Centro,casual,2024-01-01,2024-02-01,8,38,3.9
3367,Villaverde,part_time,2024-01-01,2024-11-21,145,1272,4.7
3368,Usera,part_time,2024-11-18,2024-12-31,22,205,4.6
3369,Hortaleza,casual,2024-05-04,2024-07-16,16,79,4.8
3370,San Blas - Canillejas,casual,2024-09-02,2024-11-24,24,123,4.4
3371,Villaverde,full_time,2024-01-25,2024-07-11,143,2925,4.9
3372,Chamartín,casual,2024-10-15,2024-12-31,21,104,4.3
3373,Centro,full_time,2024-04-13,2024-12-31,219,4402,4.9
3374,Chamberí,casual,2024-10-03,2024-12-31,18,82,4.8
3375,Latina,casual,2024-05-27,2024-09-10,22,114,4.2
3376,Ciudad Lineal,casual,2024-07-14,2024-10-26,17,83,3.5
3377,Latina,casual,2024-04-25,2024-10-08,37,200,5.0
3378,Moncloa - Aravaca,full_time,2024-06-14,2024-09-20,78,1471,4.2
3379,Latina,casual,2024-05-24,2024-12-31,52,256,4.6
3380,Hortaleza,full_time,2024-01-01,2024-03-29,69,1380,4.2
3381,Carabanchel,casual,2024-09-14,2024-12-24,20,97,4.0
3382,Fuencarral - El Pardo,full_time,2024-03-19,2024-06-07,68,1283,4.0
3383,Salamanca,full_time,2024-01-01,2024-01-06,5,87,4.0
3384,Villa de Vallecas,part_time,2024-06-14,2024-12-28,82,715,4.4
3385,Carabanchel,casual,2024-06-09,2024-11-23,46,224,4.7
3386,Ciudad Lineal,part_time,2024-08-28,2024-11-27,42,375,4.4
3387,Chamartín,casual,2024-12-30,2024-12-31,1,7,4.3
3388,San Blas - Canillejas,full_time,2024-05-08,2024-07-22,64,1234,4.0
3389,Moncloa - Aravaca,casual,2024-12-12,2024-12-31,8,51,4.2
3390,Salamanca,casual,2024-02-27,2024-12-31,71,340,3.8
3391,Latina,casual,2024-03-12,2024-06-12,15,74,4.6
3392,Tetuán,part_time,2024-08-07,2024-11-04,36,310,4.7
3393,Usera,full_time,2024-01-01,2024-03-30,80,1648,3.9
3394,Retiro,casual,2024-12-07,2024-12-31,4,15,4.4
3395,Moncloa - Aravaca,part_time,2024-04-28,2024-07-14,41,350,3.9
3396,Puente de Vallecas,full_time,2024-01-01,2024-01-08,5,91,5.0
3397,Latina,casual,2024-07-26,2024-10-27,22,118,3.9
3398,Chamartín,casual,2024-01-01,2024-02-23,15,81,4.8
3399,Arganzuela,part_time,2024-01-01,2024-03-04,26,232,4.6
3400,San Blas - Canillejas,part_time,2024-01-01,2024-01-11,3,31,4.9
3401,Villaverde,casual,2024-10-29,2024-12-31,12,59,4.6
3402,San Blas - Canillejas,part_time,2024-01-01,2024-01-15,6,50,4.4
3403,Puente de Vallecas,casual,2024-05-31,2024-09-06,24,120,4.2
3404,Hortaleza,full_time,2024-05-12,2024-08-12,74,1492,4.2
3405,Centro,full_time,2024-11-22,2024-12-31,33,649,3.5
3406,Ciudad Lineal,part_time,2024-11-14,2024-12-31,22,179,5.0
3407,Carabanchel,casual,2024-11-27,2024-12-31,9,50,4.4
3408,Centro,casual,2024-04-14,2024-06-23,15,79,4.4
3409,Vicálvaro,casual,2024-05-01,2024-08-08,29,127,3.8
3410,Moncloa - Aravaca,casual,2024-09-28,2024-12-31,26,143,4.1
3411,Latina,part_time,2024-01-01,2024-03-28,44,367,3.8
3412,San Blas - Canillejas,casual,2024-01-01,2024-03-02,15,66,3.8
3413,Carabanchel,casual,2024-11-05,2024-12-31,9,54,4.3
3414,Carabanchel,casual,2024-01-01,2024-01-14,3,15,3.9
3415,Ciudad Lineal,casual,2024-03-31,2024-06-19,10,55,4.5
3416,Latina,casual,2024-01-02,2024-03-29,19,87,4.1
3417,Tetuán,part_time,2024-01-01,2024-02-06,20,170,4.1
3418,Ciudad Lineal,part_time,2024-12-18,2024-12-31,11,103,4.6
3419,San Blas - Canillejas,casual,2024-01-01,2024-04-02,18,90,4.5
3420,Puente de Vallecas,full_time,2024-04-23,2024-07-11,64,1262,4.1
3421,Centro,full_time,2024-01-01,2024-07-02,154,3084,4.9
3422,Carabanchel,casual,2024-05-19,2024-08-07,20,112,4.0
3423,Carabanchel,part_time,2024-08-27,2024-12-31,46,403,4.6
3424,Chamartín,casual,2024-07-30,2024-10-26,24,110,4.7
3425,Chamartín,casual,2024-05-07,2024-11-13,50,234,3.8
3426,Carabanchel,casual,2024-05-16,2024-08-26,23,122,4.2
3427,Puente de Vallecas,casual,2024-01-01,2024-04-05,22,125,3.5
3428,Retiro,full_time,2024-01-01,2024-10-16,234,4549,4.0
3429,Fuencarral - El Pardo,full_time,2024-11-20,2024-12-31,34,707,3.9
3430,Villaverde,part_time,2024-10-13,2024-12-27,35,327,4.7
3431,Latina,part_time,2024-01-01,2024-02-04,12,96,3.8
3432,Villaverde,part_time,2024-10-09,2024-12-31,37,320,3.5
3433,Hortaleza,full_time,2024-10-15,2024-12-31,64,1281,3.5
3434,Chamberí,casual,2024-09-14,2024-12-31,31,140,4.6
3435,Centro,casual,2024-08-18,2024-12-31,27,130,3.7
3436,Ciudad Lineal,part_time,2024-12-22,2024-12-31,6,40,4.5
3437,Vicálvaro,casual,2024-01-01,2024-01-25,4,12,3.8
3438,Vicálvaro,casual,2024-01-01,2024-10-07,67,363,3.8
3439,Latina,casual,2024-12-17,2024-12-31,4,23,4.7
3440,Vicálvaro,part_time,2024-06-07,2024-09-12,51,483,4.5
3441,Vicálvaro,casual,2024-05-18,2024-12-31,45,220,4.5
3442,Tetuán,casual,2024-03-28,2024-06-06,23,113,4.9
3443,Tetuán,casual,2024-01-06,2024-04-06,20,103,4.8
3444,Vicálvaro,casual,2024-12-20,2024-12-31,4,27,4.8
3445,Arganzuela,full_time,2024-01-01,2024-09-17,207,4099,3.7
3446,Arganzuela,casual,2024-06-06,2024-09-22,21,111,3.7
3447,Carabanchel,part_time,2024-02-02,2024-04-17,29,251,5.0
3448,Chamberí,part_time,2024-12-17,2024-12-31,5,54,4.4
3449,Villa de Vallecas,casual,2024-01-22,2024-04-30,21,115,4.3
3450,Chamartín,part_time,2024-11-22,2024-12-31,15,143,4.3
3451,Ciudad Lineal,part_time,2024-02-21,2024-05-09,35,277,4.6
3452,Puente de Vallecas,part_time,2024-11-23,2024-12-31,17,174,4.4
3453,Puente de Vallecas,casual,2024-01-24,2024-07-18,33,163,3.7
3454,Puente de Vallecas,casual,2024-09-30,2024-12-31,20,112,3.7
3455,Retiro,full_time,2024-03-14,2024-12-31,238,4790,4.0
3456,Chamartín,part_time,2024-01-01,2024-03-24,36,326,4.8
3457,Fuencarral - El Pardo,full_time,2024-01-01,2024-06-04,129,2678,4.1
3458,Villaverde,full_time,2024-09-18,2024-11-26,54,1050,4.8
3459,Vicálvaro,casual,2024-05-02,2024-12-31,50,294,4.4
3460,Ciudad Lineal,part_time,2024-03-21,2024-06-07,41,365,4.9
3461,Hortaleza,casual,2024-01-14,2024-03-26,18,76,4.8
3462,Ciudad Lineal,part_time,2024-10-14,2024-12-31,35,299,4.1
3463,Villa de Vallecas,casual,2024-07-15,2024-10-05,18,98,4.3
3464,Fuencarral - El Pardo,casual,2024-08-03,2024-11-17,24,114,4.6
3465,Latina,part_time,2024-03-13,2024-09-27,101,872,3.6
3466,Fuencarral - El Pardo,part_time,2024-03-24,2024-06-01,33,258,3.7
3467,Chamartín,part_time,2024-04-02,2024-06-17,34,320,4.6
3468,Ciudad Lineal,casual,2024-01-01,2024-01-15,4,20,4.9
3469,Villa de Vallecas,casual,2024-11-21,2024-12-31,16,70,4.0
3470,Latina,full_time,2024-03-31,2024-06-08,57,1134,4.1
3471,Salamanca,casual,2024-05-11,2024-08-06,22,110,4.8
3472,Arganzuela,casual,2024-01-13,2024-07-15,48,256,3.9
3473,Villa de Vallecas,part_time,2024-01-01,2024-09-16,118,1094,4.9
3474,Chamartín,casual,2024-08-12,2024-11-05,18,103,3.7
3475,Fuencarral - El Pardo,part_time,2024-07-01,2024-12-31,76,646,3.9
3476,Vicálvaro,casual,2024-10-07,2024-12-31,20,89,3.6
3477,Tetuán,part_time,2024-01-01,2024-02-22,27,239,3.6
3478,San Blas - Canillejas,full_time,2024-10-21,2024-12-31,56,1161,3.9
3479,Retiro,full_time,2024-12-07,2024-12-31,23,466,4.5
3480,Moncloa - Aravaca,part_time,2024-12-26,2024-12-31,3,20,3.8
3481,Usera,casual,2024-01-01,2024-03-12,21,95,4.9
3482,Arganzuela,part_time,2024-05-18,2024-08-03,39,375,4.0
3483,Ciudad Lineal,part_time,2024-12-03,2024-12-31,16,152,4.3
3484,Barajas,part_time,2024-08-17,2024-12-31,63,533,4.5
3485,Fuencarral - El Pardo,part_time,2024-01-01,2024-02-03,16,149,3.7
3486,Centro,part_time,2024-11-04,2024-12-31,34,307,4.5
3487,Fuencarral - El Pardo,part_time,2024-09-05,2024-12-31,58,522,3.7
3488,Centro,part_time,2024-09-21,2024-12-27,37,329,4.7
3489,Fuencarral - El Pardo,casual,2024-02-25,2024-08-05,38,197,4.2
3490,Fuencarral - El Pardo,casual,2024-07-15,2024-10-19,15,77,3.6
3491,Carabanchel,part_time,2024-08-27,2024-11-15,34,288,4.6
3492,Villaverde,casual,2024-01-01,2024-10-16,68,336,3.6
3493,Centro,full_time,2024-09-23,2024-12-26,75,1534,5.0
3494,Ciudad Lineal,part_time,2024-01-01,2024-07-17,89,810,4.2
3495,Vicálvaro,casual,2024-01-10,2024-03-21,20,97,4.1
3496,Vicálvaro,part_time,2024-10-14,2024-12-31,36,322,4.0
3497,Salamanca,part_time,2024-03-05,2024-06-03,39,335,4.2
3498,Tetuán,part_time,2024-01-01,2024-02-01,21,176,4.7
3499,Ciudad Lineal,casual,2024-09-04,2024-12-31,21,116,4.3
3500,Moncloa - Aravaca,full_time,2024-09-14,2024-12-31,94,1856,4.5
3501,Carabanchel,casual,2024-09-30,2024-12-31,23,103,3.6
3502,Tetuán,part_time,2024-01-01,2024-07-10,94,838,4.8
3503,Barajas,casual,2024-06-01,2024-11-21,38,206,4.3
3504,Chamartín,part_time,2024-01-01,2024-01-07,4,33,4.3
3505,Moratalaz,part_time,2024-01-01,2024-01-02,1,1,3.9
3506,Barajas,part_time,2024-01-01,2024-05-18,67,628,3.6
3507,Salamanca,casual,2024-04-09,2024-10-21,38,190,4.0
3508,Tetuán,part_time,2024-07-01,2024-10-03,46,413,4.7
3509,Retiro,part_time,2024-01-01,2024-03-03,21,191,4.3
3510,Ciudad Lineal,casual,2024-09-27,2024-12-31,17,77,3.9
3511,San Blas - Canillejas,full_time,2024-12-10,2024-12-31,21,409,4.4
3512,Carabanchel,part_time,2024-01-01,2024-02-25,27,262,4.0
3513,Arganzuela,full_time,2024-08-26,2024-12-31,107,2107,3.8
3514,Puente de Vallecas,full_time,2024-07-12,2024-10-02,66,1332,4.6
3515,Moncloa - Aravaca,full_time,2024-05-24,2024-08-11,64,1303,3.8
3516,Tetuán,part_time,2024-03-30,2024-09-22,92,841,4.4
3517,Centro,part_time,2024-08-13,2024-12-31,65,592,4.6
3518,Latina,casual,2024-01-01,2024-06-01,37,184,3.6
3519,Moratalaz,casual,2024-06-08,2024-11-16,36,188,4.5
3520,Vicálvaro,part_time,2024-01-19,2024-05-03,45,396,3.5
3521,Carabanchel,casual,2024-01-01,2024-02-08,11,44,4.7
3522,Carabanchel,full_time,2024-06-07,2024-09-12,84,1676,3.9
3523,Chamartín,casual,2024-01-01,2024-07-13,44,193,3.7
3524,Carabanchel,casual,2024-09-10,2024-11-21,15,81,3.7
3525,Carabanchel,casual,2024-07-26,2024-10-20,18,107,4.2
3526,Centro,casual,2024-01-19,2024-04-10,18,81,3.9
3527,Carabanchel,casual,2024-11-01,2024-12-31,10,36,4.2
3528,Usera,casual,2024-03-03,2024-06-10,20,114,4.8
3529,Puente de Vallecas,part_time,2024-07-22,2024-12-31,69,580,3.7
3530,San Blas - Canillejas,casual,2024-01-21,2024-05-06,23,112,3.9
3531,Villaverde,casual,2024-01-01,2024-05-21,27,150,3.7
3532,Centro,casual,2024-09-20,2024-12-31,31,174,4.5
3533,Centro,casual,2024-11-24,2024-12-31,10,54,4.4
3534,Hortaleza,casual,2024-01-01,2024-09-14,60,297,4.8
3535,Chamberí,part_time,2024-02-16,2024-05-27,48,403,4.6
3536,Fuencarral - El Pardo,part_time,2024-08-20,2024-11-12,38,361,4.5
3537,Vicálvaro,casual,2024-01-22,2024-04-11,15,68,3.7
3538,Ciudad Lineal,part_time,2024-09-23,2024-12-31,50,449,4.7
3539,San Blas - Canillejas,casual,2024-01-01,2024-01-05,2,13,3.5
3540,Villaverde,casual,2024-01-01,2024-03-05,9,48,4.6
3541,Fuencarral - El Pardo,full_time,2024-01-01,2024-03-05,58,1111,4.7
3542,Carabanchel,casual,2024-01-07,2024-06-16,31,141,3.8
3543,Ciudad Lineal,full_time,2024-10-19,2024-12-31,56,1145,4.0
3544,Hortaleza,casual,2024-07-28,2024-10-05,19,92,3.9
3545,Barajas,casual,2024-01-01,2024-03-19,17,81,4.7
3546,Chamartín,casual,2024-01-01,2024-02-13,13,61,4.1
3547,Fuencarral - El Pardo,casual,2024-02-13,2024-05-10,29,135,4.0
3548,Hortaleza,full_time,2024-03-29,2024-12-31,233,4717,4.3
3549,Chamartín,casual,2024-07-03,2024-09-21,18,86,4.6
3550,Salamanca,full_time,2024-01-01,2024-03-02,48,983,4.5
3551,Puente de Vallecas,full_time,2024-08-20,2024-12-31,121,2459,4.6
3552,Carabanchel,part_time,2024-07-11,2024-10-24,59,531,4.9
3553,Vicálvaro,casual,2024-12-24,2024-12-31,2,6,3.9
3554,Chamartín,casual,2024-05-07,2024-10-21,44,223,3.8
3555,Villaverde,casual,2024-01-01,2024-08-25,52,240,4.5
3556,Latina,part_time,2024-01-01,2024-03-28,31,289,3.7
3557,Puente de Vallecas,casual,2024-11-19,2024-12-31,10,53,4.5
3558,Puente de Vallecas,full_time,2024-01-01,2024-01-18,14,289,4.9
3559,Villa de Vallecas,part_time,2024-03-23,2024-05-31,38,310,4.2
3560,Puente de Vallecas,casual,2024-04-13,2024-10-23,40,205,3.8
3561,San Blas - Canillejas,part_time,2024-06-27,2024-09-05,34,313,5.0
3562,Hortaleza,casual,2024-05-12,2024-11-21,41,202,4.1
3563,Carabanchel,full_time,2024-08-20,2024-12-05,91,1846,3.7
3564,Fuencarral - El Pardo,casual,2024-01-01,2024-02-29,10,51,4.1
3565,Villa de Vallecas,full_time,2024-07-26,2024-12-31,131,2552,3.6
3566,Arganzuela,part_time,2024-11-02,2024-12-31,29,251,3.6
3567,Tetuán,full_time,2024-01-01,2024-01-17,12,247,3.6
3568,San Blas - Canillejas,casual,2024-01-01,2024-01-17,5,22,4.2
3569,Vicálvaro,part_time,2024-12-25,2024-12-31,2,22,4.2
3570,Moncloa - Aravaca,casual,2024-02-12,2024-05-26,25,126,4.6
3571,Moncloa - Aravaca,part_time,2024-03-05,2024-09-08,102,891,4.3
3572,Fuencarral - El Pardo,casual,2024-01-01,2024-06-17,40,209,4.8
3573,Ciudad Lineal,casual,2024-06-18,2024-09-03,19,99,4.8
3574,Puente de Vallecas,casual,2024-07-25,2024-12-31,39,178,3.8
3575,Fuencarral - El Pardo,casual,2024-08-18,2024-12-31,33,166,3.6
3576,Latina,casual,2024-03-22,2024-06-05,23,118,4.6
3577,Arganzuela,part_time,2024-01-01,2024-05-26,69,644,3.5
3578,Chamartín,casual,2024-06-07,2024-09-07,22,96,4.1
3579,Latina,part_time,2024-01-01,2024-10-07,131,1162,3.6
3580,Centro,casual,2024-07-18,2024-09-30,20,101,4.2
3581,Carabanchel,part_time,2024-07-14,2024-09-25,33,299,4.2
3582,Hortaleza,part_time,2024-11-03,2024-12-31,27,245,4.8
3583,Centro,casual,2024-01-01,2024-01-02,1,1,4.5
3584,San Blas - Canillejas,part_time,2024-01-01,2024-03-14,26,213,4.1
3585,Arganzuela,full_time,2024-09-24,2024-12-27,78,1541,4.3
3586,Centro,part_time,2024-06-30,2024-09-16,36,343,4.3
3587,Centro,casual,2024-01-01,2024-01-29,12,75,3.8
3588,Centro,casual,2024-12-06,2024-12-31,10,50,4.7
3589,Fuencarral - El Pardo,part_time,2024-07-28,2024-10-19,43,381,4.2
3590,Puente de Vallecas,casual,2024-05-08,2024-08-13,21,107,4.5
3591,Villaverde,part_time,2024-09-25,2024-12-09,33,308,3.5
3592,Tetuán,casual,2024-06-24,2024-10-08,18,81,3.7
3593,Carabanchel,part_time,2024-03-16,2024-06-22,46,424,4.4
3594,Villaverde,casual,2024-03-01,2024-05-09,13,56,4.6
3595,Puente de Vallecas,casual,2024-04-25,2024-07-26,23,115,4.0
3596,Carabanchel,full_time,2024-05-14,2024-07-28,64,1332,4.9
3597,Moratalaz,full_time,2024-08-27,2024-11-10,66,1281,4.8
3598,Barajas,full_time,2024-05-02,2024-08-07,77,1564,4.3
3599,Centro,full_time,2024-01-01,2024-01-09,9,183,4.5
3600,Vicálvaro,casual,2024-08-09,2024-11-09,29,155,4.4
3601,Ciudad Lineal,casual,2024-01-01,2024-02-20,5,28,4.0
3602,Chamberí,casual,2024-10-24,2024-12-31,18,91,3.6
3603,Fuencarral - El Pardo,casual,2024-08-19,2024-11-23,27,124,4.7
3604,Fuencarral - El Pardo,casual,2024-05-24,2024-11-25,46,240,4.2
3605,Vicálvaro,full_time,2024-05-08,2024-07-16,59,1105,4.8
3606,Carabanchel,casual,2024-01-01,2024-03-21,15,78,4.1
3607,Villa de Vallecas,casual,2024-06-25,2024-12-25,45,230,3.5
3608,Fuencarral - El Pardo,casual,2024-01-01,2024-02-28,8,39,3.7
3609,Villaverde,casual,2024-03-24,2024-12-31,72,351,3.7
3610,Moncloa - Aravaca,casual,2024-01-01,2024-05-13,20,89,4.6
3611,Tetuán,part_time,2024-05-23,2024-11-26,90,792,3.5
3612,Carabanchel,casual,2024-01-01,2024-03-20,22,114,4.7
3613,Moncloa - Aravaca,part_time,2024-01-01,2024-02-12,17,157,4.5
3614,Carabanchel,full_time,2024-01-01,2024-12-10,289,5744,4.0
3615,Vicálvaro,part_time,2024-07-31,2024-12-31,71,691,4.3
3616,Fuencarral - El Pardo,part_time,2024-01-11,2024-04-21,42,388,4.9
3617,Centro,casual,2024-05-22,2024-08-08,17,78,3.6
3618,Barajas,casual,2024-09-13,2024-12-31,33,154,4.0
3619,Centro,casual,2024-06-05,2024-09-13,22,121,4.1
3620,Fuencarral - El Pardo,full_time,2024-03-12,2024-12-31,235,4654,4.9
3621,Vicálvaro,part_time,2024-01-09,2024-04-11,40,366,5.0
3622,Fuencarral - El Pardo,casual,2024-01-01,2024-03-30,25,109,4.8
3623,Tetuán,casual,2024-01-01,2024-03-06,9,40,4.1
3624,San Blas - Canillejas,part_time,2024-12-16,2024-12-31,8,82,4.8
3625,Salamanca,part_time,2024-01-01,2024-02-09,20,159,4.2
3626,Hortaleza,part_time,2024-01-01,2024-03-11,28,265,4.5
3627,San Blas - Canillejas,full_time,2024-01-01,2024-04-07,81,1667,4.9
3628,Usera,part_time,2024-09-23,2024-12-31,45,405,3.9
3629,Ciudad Lineal,part_time,2024-04-02,2024-06-30,41,364,4.8
3630,Fuencarral - El Pardo,casual,2024-08-01,2024-12-31,34,168,4.1
3631,Carabanchel,casual,2024-04-08,2024-07-11,22,111,4.8
3632,Chamartín,full_time,2024-09-13,2024-12-31,101,2109,4.3
3633,Chamartín,part_time,2024-11-05,2024-12-31,30,247,3.9
3634,Fuencarral - El Pardo,casual,2024-05-03,2024-07-14,23,115,4.6
3635,Villa de Vallecas,part_time,2024-12-22,2024-12-31,7,57,3.7
3636,Hortaleza,casual,2024-11-26,2024-12-31,13,70,3.7
3637,Chamberí,part_time,2024-01-01,2024-01-09,3,22,3.7
3638,Tetuán,casual,2024-02-17,2024-12-31,75,380,4.8
3639,Ciudad Lineal,part_time,2024-06-25,2024-12-30,89,780,4.8
3640,Vicálvaro,casual,2024-09-08,2024-12-31,26,132,4.4
3641,Carabanchel,casual,2024-08-11,2024-10-19,18,109,3.9
3642,Centro,casual,2024-08-11,2024-11-10,20,114,4.1
3643,Barajas,part_time,2024-01-01,2024-06-01,66,558,3.8
3644,Arganzuela,casual,2024-10-14,2024-12-23,22,104,3.5
3645,Fuencarral - El Pardo,casual,2024-01-01,2024-02-03,9,43,4.8
3646,Arganzuela,part_time,2024-07-29,2024-10-26,44,400,3.8
3647,Puente de Vallecas,casual,2024-01-01,2024-04-03,27,145,3.6
3648,Vicálvaro,casual,2024-07-14,2024-12-31,33,165,3.7
3649,Barajas,casual,2024-09-25,2024-12-31,22,102,4.9
3650,Fuencarral - El Pardo,full_time,2024-01-01,2024-03-20,70,1386,4.0
3651,Moncloa - Aravaca,casual,2024-09-07,2024-12-31,23,124,4.5
3652,San Blas - Canillejas,casual,2024-10-05,2024-12-31,22,105,3.5
3653,Ciudad Lineal,casual,2024-01-01,2024-02-08,13,74,4.3
3654,Chamartín,casual,2024-04-26,2024-07-07,16,75,4.6
3655,Vicálvaro,casual,2024-01-01,2024-05-18,25,109,3.6
3656,Arganzuela,casual,2024-01-01,2024-03-07,17,79,3.9
3657,Moncloa - Aravaca,casual,2024-08-12,2024-12-31,28,135,4.0
3658,Retiro,casual,2024-02-01,2024-05-18,24,129,4.8
3659,Fuencarral - El Pardo,full_time,2024-07-22,2024-10-21,76,1472,4.5
3660,Salamanca,casual,2024-01-01,2024-01-02,1,1,4.8
3661,Villaverde,casual,2024-01-01,2024-02-12,13,64,4.1
3662,Villa de Vallecas,full_time,2024-07-05,2024-10-08,80,1586,4.4
3663,Barajas,full_time,2024-03-18,2024-06-18,76,1517,4.3
3664,Moncloa - Aravaca,part_time,2024-10-25,2024-12-31,27,251,3.9
3665,Vicálvaro,casual,2024-01-01,2024-02-08,10,43,4.1
3666,Centro,casual,2024-07-13,2024-10-12,24,129,3.9
3667,Puente de Vallecas,casual,2024-08-15,2024-11-24,27,121,3.5
3668,Latina,casual,2024-03-22,2024-12-31,47,253,5.0
3669,Chamartín,casual,2024-07-04,2024-12-31,36,185,4.9
3670,Tetuán,part_time,2024-01-01,2024-05-16,74,680,4.7
3671,Ciudad Lineal,casual,2024-07-14,2024-12-31,36,170,3.8
3672,Fuencarral - El Pardo,part_time,2024-05-09,2024-10-22,77,678,3.5
3673,Centro,casual,2024-09-29,2024-12-13,20,100,3.8
3674,Usera,casual,2024-01-01,2024-03-06,20,107,4.8
3675,Tetuán,part_time,2024-01-01,2024-04-02,35,300,3.7
3676,San Blas - Canillejas,full_time,2024-03-22,2024-07-05,86,1785,3.9
3677,Hortaleza,casual,2024-02-05,2024-07-29,31,165,4.5
3678,Usera,part_time,2024-01-01,2024-02-28,30,295,4.2
3679,Hortaleza,casual,2024-01-01,2024-02-29,18,80,4.5
3680,Arganzuela,casual,2024-01-01,2024-02-13,9,57,4.3
3681,San Blas - Canillejas,part_time,2024-01-01,2024-02-08,17,149,4.4
3682,Vicálvaro,casual,2024-01-01,2024-01-19,5,28,4.8
3683,Fuencarral - El Pardo,casual,2024-10-03,2024-12-31,23,108,3.8
3684,Moncloa - Aravaca,casual,2024-12-03,2024-12-31,5,26,3.7
3685,Hortaleza,casual,2024-01-01,2024-11-04,82,399,4.1
3686,Chamartín,casual,2024-01-01,2024-03-27,13,52,4.3
3687,Vicálvaro,casual,2024-02-27,2024-05-30,23,95,4.2
3688,San Blas - Canillejas,full_time,2024-09-22,2024-12-31,79,1616,4.3
3689,Villa de Vallecas,part_time,2024-11-29,2024-12-31,14,115,4.2
3690,Moncloa - Aravaca,casual,2024-01-26,2024-04-16,20,96,4.3
3691,Salamanca,casual,2024-01-01,2024-01-14,1,5,4.9
3692,Ciudad Lineal,part_time,2024-03-02,2024-05-16,39,347,3.6
3693,Centro,casual,2024-01-26,2024-08-01,40,202,4.9
3694,Latina,casual,2024-01-01,2024-01-02,1,7,4.4
3695,San Blas - Canillejas,part_time,2024-08-10,2024-11-01,32,283,3.6
3696,Villa de Vallecas,casual,2024-01-01,2024-04-01,20,102,3.6
3697,Hortaleza,casual,2024-01-01,2024-02-08,6,36,4.4
3698,Ciudad Lineal,casual,2024-07-27,2024-12-31,42,214,4.5
3699,Tetuán,casual,2024-09-22,2024-12-05,22,114,4.3
3700,Chamberí,casual,2024-01-01,2024-03-27,23,117,4.2
3701,Moncloa - Aravaca,full_time,2024-08-27,2024-12-31,111,2221,3.9
3702,Ciudad Lineal,casual,2024-01-01,2024-06-06,27,122,4.4
3703,Centro,part_time,2024-01-01,2024-08-11,101,942,4.8
3704,Puente de Vallecas,part_time,2024-01-01,2024-02-24,28,258,4.1
3705,Puente de Vallecas,casual,2024-01-22,2024-04-10,14,70,4.5
3706,Centro,casual,2024-01-01,2024-01-18,6,30,3.5
3707,Latina,casual,2024-08-06,2024-10-30,16,80,4.2
3708,Hortaleza,part_time,2024-10-24,2024-12-31,29,272,4.6
3709,Usera,casual,2024-01-01,2024-02-05,5,24,4.8
3710,Usera,part_time,2024-01-01,2024-05-14,63,587,4.3
3711,Moncloa - Aravaca,full_time,2024-03-01,2024-06-11,85,1718,4.3
3712,Carabanchel,part_time,2024-04-08,2024-06-21,39,373,3.7
3713,Puente de Vallecas,full_time,2024-10-16,2024-12-24,59,1177,3.9
3714,Vicálvaro,part_time,2024-01-01,2024-01-19,7,65,4.5
3715,Ciudad Lineal,full_time,2024-06-11,2024-11-19,129,2616,4.7
3716,Fuencarral - El Pardo,part_time,2024-01-28,2024-12-31,136,1232,3.6
3717,Chamartín,part_time,2024-10-17,2024-12-31,42,381,4.9
3718,Carabanchel,part_time,2024-02-15,2024-05-21,41,395,4.9
3719,Fuencarral - El Pardo,full_time,2024-01-01,2024-02-16,37,747,3.8
3720,Hortaleza,casual,2024-01-01,2024-03-02,15,65,3.6
3721,Tetuán,part_time,2024-04-06,2024-12-31,123,1117,4.0
3722,Villaverde,casual,2024-05-06,2024-10-15,40,201,4.9
3723,Moncloa - Aravaca,full_time,2024-03-17,2024-12-31,240,4815,4.2
3724,Fuencarral - El Pardo,casual,2024-01-01,2024-04-10,24,115,4.0
3725,Fuencarral - El Pardo,part_time,2024-01-01,2024-01-19,7,62,4.8
3726,Chamartín,part_time,2024-05-11,2024-11-01,70,615,3.7
3727,Moncloa - Aravaca,full_time,2024-01-01,2024-02-13,36,691,4.9
3728,Villa de Vallecas,casual,2024-11-30,2024-12-31,4,19,4.7
3729,Vicálvaro,part_time,2024-09-29,2024-12-31,51,463,4.1
3730,Tetuán,part_time,2024-01-01,2024-04-04,47,428,4.7
3731,Hortaleza,full_time,2024-03-19,2024-12-31,235,4669,4.6
3732,Chamartín,full_time,2024-01-01,2024-02-28,49,979,4.4
3733,Centro,part_time,2024-11-15,2024-12-31,23,218,4.7
3734,Puente de Vallecas,part_time,2024-03-10,2024-12-31,148,1357,4.3
3735,Moncloa - Aravaca,casual,2024-01-01,2024-08-17,57,270,4.8
3736,Fuencarral - El Pardo,full_time,2024-08-05,2024-11-11,83,1648,4.7
3737,Moncloa - Aravaca,casual,2024-01-01,2024-01-02,1,1,4.9
3738,Ciudad Lineal,part_time,2024-01-01,2024-06-07,75,678,4.7
3739,Villa de Vallecas,part_time,2024-01-13,2024-04-18,44,391,4.9
3740,Chamberí,casual,2024-03-05,2024-06-08,17,96,3.8
3741,Vicálvaro,casual,2024-01-01,2024-02-16,13,60,3.9
3742,Usera,casual,2024-12-17,2024-12-31,2,12,4.2
3743,Centro,full_time,2024-04-28,2024-08-06,89,1787,3.9
3744,Villa de Vallecas,casual,2024-09-18,2024-12-31,25,126,4.8
3745,Fuencarral - El Pardo,casual,2024-01-01,2024-01-27,4,27,3.8
3746,Chamartín,part_time,2024-09-11,2024-12-31,48,442,4.2
3747,Puente de Vallecas,casual,2024-07-22,2024-11-02,28,127,4.3
3748,Vicálvaro,full_time,2024-08-14,2024-10-22,61,1224,4.8
3749,Chamartín,casual,2024-10-07,2024-12-23,13,71,3.9
3750,Villaverde,casual,2024-06-05,2024-08-19,9,48,5.0
3751,Hortaleza,casual,2024-07-20,2024-10-12,21,100,3.9
3752,Barajas,casual,2024-10-20,2024-12-31,17,95,3.7
3753,Centro,casual,2024-01-01,2024-04-01,21,113,3.9
3754,Carabanchel,part_time,2024-01-01,2024-01-27,17,137,4.8
3755,Puente de Vallecas,casual,2024-12-24,2024-12-31,1,1,3.7
3756,Carabanchel,casual,2024-10-26,2024-12-31,13,68,3.5
3757,Vicálvaro,casual,2024-05-28,2024-08-17,27,136,3.9
3758,Fuencarral - El Pardo,casual,2024-09-20,2024-12-29,22,84,4.3
3759,Tetuán,full_time,2024-11-10,2024-12-31,47,950,4.0
3760,Arganzuela,casual,2024-04-30,2024-08-02,20,107,3.7
3761,Chamartín,full_time,2024-01-01,2024-02-15,36,696,4.0
3762,Vicálvaro,casual,2024-05-06,2024-08-10,21,100,4.5
3763,Puente de Vallecas,casual,2024-01-01,2024-07-16,43,208,4.2
3764,Moncloa - Aravaca,casual,2024-01-01,2024-01-11,2,7,4.4
3765,Puente de Vallecas,casual,2024-12-13,2024-12-31,4,15,4.9
3766,Puente de Vallecas,part_time,2024-08-22,2024-11-25,38,345,4.6
3767,Puente de Vallecas,casual,2024-09-26,2024-12-18,15,72,4.7
3768,Ciudad Lineal,casual,2024-03-17,2024-12-31,69,336,3.9
3769,Latina,part_time,2024-01-01,2024-05-31,62,576,4.3
3770,Arganzuela,part_time,2024-03-03,2024-12-31,143,1307,4.0
3771,Villaverde,full_time,2024-08-02,2024-11-17,87,1811,4.2
3772,Tetuán,full_time,2024-06-27,2024-10-05,88,1747,3.7
3773,Arganzuela,part_time,2024-01-01,2024-02-26,29,265,4.3
3774,San Blas - Canillejas,part_time,2024-10-10,2024-12-27,31,287,4.3
3775,Arganzuela,part_time,2024-01-01,2024-06-08,74,643,4.4
3776,Puente de Vallecas,casual,2024-03-31,2024-06-29,19,81,3.9
3777,Hortaleza,part_time,2024-06-15,2024-09-01,34,302,3.8
3778,Villa de Vallecas,casual,2024-12-21,2024-12-31,4,19,4.1
3779,Villa de Vallecas,part_time,2024-03-05,2024-05-16,42,387,4.3
3780,Puente de Vallecas,full_time,2024-01-01,2024-01-20,17,337,4.0
3781,Ciudad Lineal,casual,2024-12-17,2024-12-31,4,21,4.6
3782,Barajas,part_time,2024-12-01,2024-12-31,16,146,4.4
3783,Carabanchel,full_time,2024-01-03,2024-03-30,74,1527,3.7
3784,Villaverde,casual,2024-10-15,2024-12-31,17,93,3.8
3785,Centro,casual,2024-11-25,2024-12-31,8,44,4.4
3786,Salamanca,full_time,2024-01-01,2024-01-06,5,102,4.3
3787,Moncloa - Aravaca,full_time,2024-08-22,2024-12-31,102,2105,4.0
3788,Ciudad Lineal,casual,2024-01-01,2024-03-21,21,95,3.8
3789,Villaverde,casual,2024-08-30,2024-12-31,27,128,4.9
3790,Moncloa - Aravaca,part_time,2024-01-01,2024-01-16,12,103,4.2
3791,Barajas,casual,2024-08-14,2024-11-08,20,107,3.8
3792,Puente de Vallecas,casual,2024-08-23,2024-12-31,27,142,4.6
3793,Carabanchel,casual,2024-01-01,2024-01-20,4,21,3.9
3794,Vicálvaro,casual,2024-07-08,2024-12-31,38,169,3.9
3795,Carabanchel,part_time,2024-01-01,2024-02-21,27,251,4.7
3796,Salamanca,part_time,2024-01-01,2024-02-27,32,322,4.9
3797,Latina,part_time,2024-11-25,2024-12-31,12,123,4.2
3798,Barajas,part_time,2024-11-26,2024-12-31,16,137,4.4
3799,Vicálvaro,casual,2024-06-27,2024-12-31,39,172,4.0
3800,Salamanca,casual,2024-11-11,2024-12-31,11,54,4.5
3801,Latina,casual,2024-01-01,2024-01-08,3,17,4.6
3802,Centro,casual,2024-05-27,2024-08-17,17,84,4.6
3803,Carabanchel,casual,2024-11-02,2024-12-31,14,64,3.6
3804,Hortaleza,casual,2024-11-13,2024-12-31,9,44,3.6
3805,Arganzuela,casual,2024-03-06,2024-06-22,33,175,4.6
3806,Chamberí,casual,2024-02-20,2024-05-31,19,112,4.3
3807,Carabanchel,part_time,2024-05-26,2024-12-31,104,963,4.9
3808,Hortaleza,part_time,2024-01-01,2024-01-28,13,100,3.7
3809,Fuencarral - El Pardo,full_time,2024-07-28,2024-12-31,128,2573,5.0
3810,Latina,part_time,2024-01-01,2024-05-16,70,616,3.7
3811,San Blas - Canillejas,part_time,2024-04-06,2024-10-20,99,866,3.5
3812,Chamberí,casual,2024-01-01,2024-04-12,28,139,4.8
3813,Centro,part_time,2024-06-20,2024-12-31,82,736,4.3
3814,Chamartín,casual,2024-12-13,2024-12-31,3,14,3.9
3815,Villa de Vallecas,casual,2024-04-23,2024-10-24,45,234,4.4
3816,Carabanchel,casual,2024-11-25,2024-12-31,8,39,4.1
3817,Villa de Vallecas,casual,2024-02-17,2024-08-02,40,204,5.0
3818,Vicálvaro,casual,2024-02-18,2024-05-07,19,77,4.7
3819,Arganzuela,part_time,2024-10-02,2024-12-31,30,278,4.5
3820,Retiro,part_time,2024-01-01,2024-01-21,10,106,4.0
3821,Chamartín,part_time,2024-02-04,2024-05-09,46,403,3.5
3822,Tetuán,part_time,2024-07-21,2024-12-31,68,560,4.7
3823,Chamberí,casual,2024-01-01,2024-05-18,33,154,3.6
3824,Usera,casual,2024-11-12,2024-12-31,9,43,3.7
3825,Chamartín,part_time,2024-05-10,2024-08-07,38,320,4.4
3826,Moncloa - Aravaca,casual,2024-01-16,2024-04-24,21,111,4.6
3827,Puente de Vallecas,casual,2024-01-25,2024-07-20,39,205,4.1
3828,Barajas,casual,2024-02-04,2024-05-11,28,127,4.4
3829,Moncloa - Aravaca,full_time,2024-07-22,2024-12-31,139,2853,5.0
3830,Barajas,part_time,2024-01-01,2024-02-21,22,195,3.9
3831,Ciudad Lineal,casual,2024-09-16,2024-12-31,21,89,3.6
3832,Villa de Vallecas,part_time,2024-01-01,2024-03-20,39,327,3.8
3833,Puente de Vallecas,casual,2024-01-01,2024-07-25,53,281,4.2
3834,Centro,casual,2024-07-18,2024-10-07,15,69,4.7
3835,Retiro,casual,2024-03-01,2024-06-16,22,112,4.1
3836,Chamartín,casual,2024-03-30,2024-10-14,43,209,4.4
3837,Vicálvaro,part_time,2024-06-18,2024-09-17,42,372,4.3
3838,Salamanca,casual,2024-01-31,2024-04-27,20,96,4.2
3839,San Blas - Canillejas,part_time,2024-06-07,2024-08-25,33,305,3.7
3840,Moncloa - Aravaca,casual,2024-12-03,2024-12-31,6,36,3.6
3841,Hortaleza,part_time,2024-01-01,2024-01-02,1,8,3.8
3842,Ciudad Lineal,part_time,2024-06-29,2024-10-01,45,391,3.9
3843,Villaverde,part_time,2024-02-18,2024-05-29,40,355,3.8
3844,Latina,part_time,2024-11-01,2024-12-31,26,238,3.8
3845,Ciudad Lineal,full_time,2024-01-01,2024-02-12,35,725,4.4
3846,Vicálvaro,casual,2024-01-01,2024-01-29,10,42,4.2
3847,Carabanchel,part_time,2024-01-01,2024-10-22,133,1173,3.9
3848,San Blas - Canillejas,part_time,2024-05-09,2024-12-31,106,927,3.9
3849,Barajas,casual,2024-01-01,2024-01-05,1,10,3.7
3850,Carabanchel,casual,2024-10-05,2024-12-31,25,129,4.5
3851,Vicálvaro,casual,2024-03-03,2024-06-03,20,100,4.2
3852,Chamartín,casual,2024-11-26,2024-12-31,6,37,4.5
3853,Tetuán,casual,2024-11-11,2024-12-31,10,45,4.1
3854,Barajas,casual,2024-08-24,2024-12-31,37,182,3.6
3855,Barajas,part_time,2024-08-13,2024-12-31,75,682,4.7
3856,Villa de Vallecas,casual,2024-07-02,2024-10-01,21,95,3.6
3857,Puente de Vallecas,part_time,2024-09-09,2024-12-31,54,497,4.1
3858,Fuencarral - El Pardo,casual,2024-01-01,2024-05-08,28,122,4.4
3859,Tetuán,part_time,2024-10-09,2024-12-31,37,314,4.5
3860,Villaverde,casual,2024-02-18,2024-12-31,59,268,4.2
3861,Moncloa - Aravaca,casual,2024-09-03,2024-12-31,25,115,4.7
3862,Tetuán,casual,2024-05-23,2024-08-05,13,62,4.2
3863,Tetuán,part_time,2024-04-06,2024-12-31,121,1069,4.8
3864,Latina,casual,2024-01-01,2024-09-06,56,279,3.9
3865,Usera,full_time,2024-02-17,2024-08-23,156,3098,4.2
3866,Arganzuela,casual,2024-03-30,2024-06-08,9,37,3.5
3867,Fuencarral - El Pardo,part_time,2024-09-02,2024-12-09,42,375,4.4
3868,Fuencarral - El Pardo,casual,2024-01-01,2024-04-20,28,130,4.1
3869,Moncloa - Aravaca,part_time,2024-12-01,2024-12-31,12,102,4.5
3870,Arganzuela,casual,2024-10-15,2024-12-31,22,104,4.6
3871,Fuencarral - El Pardo,casual,2024-10-30,2024-12-31,13,69,4.1
3872,Latina,casual,2024-11-22,2024-12-31,19,91,4.4
3873,Moncloa - Aravaca,casual,2024-02-25,2024-08-27,40,197,4.6
3874,Chamartín,casual,2024-11-11,2024-12-31,14,63,4.8
3875,Puente de Vallecas,full_time,2024-04-13,2024-07-28,91,1783,3.7
3876,Hortaleza,casual,2024-01-01,2024-02-17,9,40,4.3
3877,Vicálvaro,casual,2024-01-01,2024-01-23,5,23,4.9
3878,San Blas - Canillejas,full_time,2024-01-01,2024-01-31,23,462,3.9
3879,San Blas - Canillejas,casual,2024-01-01,2024-03-26,28,134,4.4
3880,Retiro,casual,2024-03-06,2024-06-18,18,84,3.9
3881,Centro,part_time,2024-12-22,2024-12-31,4,41,4.7
3882,Moratalaz,full_time,2024-01-01,2024-05-09,102,1975,4.6
3883,Usera,part_time,2024-11-21,2024-12-31,14,122,4.9
3884,Fuencarral - El Pardo,casual,2024-09-17,2024-12-31,22,95,4.5
3885,Centro,full_time,2024-11-01,2024-12-31,53,1045,4.2
3886,Centro,casual,2024-09-09,2024-12-31,16,83,4.3
3887,Tetuán,full_time,2024-12-17,2024-12-31,11,239,4.7
3888,Hortaleza,part_time,2024-01-01,2024-02-22,24,224,4.6
3889,Hortaleza,full_time,2024-03-24,2024-09-17,157,3202,3.7
3890,Tetuán,casual,2024-01-10,2024-07-05,40,194,3.9
3891,Villaverde,casual,2024-02-11,2024-05-08,19,103,4.5
3892,Tetuán,part_time,2024-03-06,2024-08-30,86,822,3.7
3893,San Blas - Canillejas,casual,2024-03-14,2024-09-27,41,206,4.5
3894,Villaverde,casual,2024-12-25,2024-12-31,3,12,4.8
3895,Chamartín,full_time,2024-01-01,2024-07-12,163,3169,4.1
3896,Usera,part_time,2024-11-21,2024-12-31,22,197,3.8
3897,Tetuán,casual,2024-01-01,2024-03-31,16,92,4.8
3898,Ciudad Lineal,casual,2024-05-01,2024-12-31,53,256,4.2
3899,Ciudad Lineal,casual,2024-01-01,2024-08-07,53,275,4.7
3900,Hortaleza,casual,2024-12-09,2024-12-31,8,39,3.6
3901,Chamartín,casual,2024-06-09,2024-12-23,31,159,3.8
3902,Chamberí,part_time,2024-01-01,2024-01-29,12,105,3.5
3903,Salamanca,part_time,2024-11-28,2024-12-31,20,190,4.2
3904,Moncloa - Aravaca,casual,2024-01-01,2024-08-01,49,234,4.8
3905,Puente de Vallecas,casual,2024-11-29,2024-12-31,6,23,4.5
3906,Fuencarral - El Pardo,part_time,2024-01-01,2024-01-10,1,10,3.5
3907,Villaverde,part_time,2024-01-01,2024-04-12,49,426,3.5
3908,Chamartín,full_time,2024-02-16,2024-05-03,63,1211,4.6
3909,Barajas,casual,2024-08-13,2024-11-05,16,82,3.6
3910,Moncloa - Aravaca,part_time,2024-09-27,2024-12-31,35,292,3.8
3911,Ciudad Lineal,casual,2024-07-18,2024-10-11,16,79,4.5
3912,San Blas - Canillejas,casual,2024-01-01,2024-01-28,8,39,3.9
3913,Chamartín,full_time,2024-01-01,2024-11-08,263,5186,4.2
3914,Villa de Vallecas,casual,2024-04-06,2024-09-20,43,215,4.1
3915,Usera,casual,2024-01-16,2024-07-15,31,177,4.0
3916,Carabanchel,casual,2024-04-13,2024-07-08,27,133,3.9
3917,Usera,casual,2024-05-19,2024-07-30,19,98,4.1
3918,Chamberí,casual,2024-05-06,2024-10-23,32,167,3.8
3919,Villaverde,part_time,2024-07-17,2024-10-13,39,331,4.9
3920,Fuencarral - El Pardo,casual,2024-01-06,2024-04-06,25,121,4.0
3921,Hortaleza,casual,2024-10-21,2024-12-31,17,85,4.6
3922,Moncloa - Aravaca,full_time,2024-10-11,2024-12-31,65,1351,3.9
3923,Chamberí,casual,2024-07-29,2024-12-31,25,132,3.9
3924,Puente de Vallecas,full_time,2024-10-03,2024-12-31,74,1470,4.2
3925,Arganzuela,casual,2024-05-28,2024-08-28,17,86,4.6
3926,Villaverde,part_time,2024-12-10,2024-12-31,9,95,3.5
3927,Centro,casual,2024-01-01,2024-09-17,58,292,3.8
3928,Hortaleza,part_time,2024-02-15,2024-08-20,98,897,4.7
3929,San Blas - Canillejas,casual,2024-09-20,2024-12-31,21,93,4.0
3930,Centro,full_time,2024-10-31,2024-12-31,45,936,4.8
3931,Chamartín,casual,2024-01-01,2024-11-24,93,441,3.7
3932,Carabanchel,part_time,2024-10-11,2024-12-31,40,373,4.7
3933,Ciudad Lineal,casual,2024-06-15,2024-12-09,35,167,4.4
3934,Barajas,casual,2024-01-27,2024-08-02,47,231,3.8
3935,Fuencarral - El Pardo,casual,2024-11-09,2024-12-31,6,31,3.5
3936,Centro,casual,2024-04-02,2024-10-03,36,167,4.8
3937,Arganzuela,casual,2024-10-27,2024-12-31,15,65,3.9
3938,Vicálvaro,part_time,2024-08-16,2024-12-31,58,501,3.9
3939,Carabanchel,casual,2024-01-01,2024-02-14,13,83,3.8
3940,Puente de Vallecas,casual,2024-09-30,2024-12-31,30,172,4.0
3941,Moncloa - Aravaca,casual,2024-01-01,2024-03-15,21,108,4.3
3942,Hortaleza,casual,2024-10-06,2024-12-31,14,78,4.2
3943,Villaverde,casual,2024-09-07,2024-12-23,25,124,4.8
3944,Moncloa - Aravaca,part_time,2024-08-07,2024-12-31,60,529,3.8
3945,Centro,casual,2024-11-26,2024-12-31,9,51,4.6
3946,Fuencarral - El Pardo,full_time,2024-03-15,2024-12-31,245,4825,4.9
3947,Villaverde,casual,2024-01-01,2024-07-05,46,245,3.6
3948,Puente de Vallecas,casual,2024-07-04,2024-09-19,17,89,4.6
3949,San Blas - Canillejas,full_time,2024-08-11,2024-11-22,87,1792,3.9
3950,Moncloa - Aravaca,casual,2024-01-29,2024-07-12,40,207,4.2
3951,Arganzuela,casual,2024-01-01,2024-07-04,41,214,3.6
3952,Barajas,full_time,2024-05-08,2024-08-15,90,1850,3.9
3953,Villa de Vallecas,full_time,2024-10-18,2024-12-31,67,1329,3.7
3954,Usera,part_time,2024-07-14,2024-10-17,46,434,3.8
3955,Moratalaz,casual,2024-11-07,2024-12-31,15,96,3.5
3956,Latina,part_time,2024-03-10,2024-09-25,93,880,4.9
3957,Barajas,full_time,2024-12-08,2024-12-31,19,365,4.8
3958,Barajas,full_time,2024-09-28,2024-12-24,71,1440,4.5
3959,San Blas - Canillejas,casual,2024-01-05,2024-07-17,49,221,4.0
3960,Fuencarral - El Pardo,casual,2024-05-01,2024-07-18,22,94,4.9
3961,Chamartín,casual,2024-12-30,2024-12-31,1,1,5.0
3962,Villaverde,casual,2024-12-10,2024-12-31,3,10,4.7
3963,Vicálvaro,part_time,2024-02-13,2024-08-11,86,771,4.5
3964,Tetuán,casual,2024-10-15,2024-12-31,16,82,4.0
3965,Fuencarral - El Pardo,casual,2024-11-20,2024-12-31,5,24,4.8
3966,Moncloa - Aravaca,casual,2024-01-01,2024-07-03,44,211,4.2
3967,Centro,casual,2024-04-21,2024-09-30,37,170,4.4
3968,Latina,casual,2024-09-10,2024-12-18,24,123,3.8
3969,Fuencarral - El Pardo,casual,2024-01-01,2024-02-05,10,43,3.5
3970,Fuencarral - El Pardo,casual,2024-10-06,2024-12-26,21,115,5.0
3971,Chamberí,full_time,2024-01-01,2024-04-08,85,1715,4.4
3972,Villaverde,casual,2024-05-15,2024-07-31,19,94,4.5
3973,Centro,casual,2024-03-30,2024-06-14,22,124,3.6
3974,Moncloa - Aravaca,casual,2024-09-08,2024-11-21,16,70,4.1
3975,Moncloa - Aravaca,casual,2024-01-01,2024-05-07,32,155,3.9
3976,Puente de Vallecas,casual,2024-05-07,2024-07-26,19,92,4.8
3977,Fuencarral - El Pardo,casual,2024-01-26,2024-05-02,18,88,4.2
3978,Carabanchel,casual,2024-01-01,2024-02-10,7,33,4.1
3979,Villa de Vallecas,casual,2024-10-22,2024-12-31,20,103,3.7
3980,Hortaleza,part_time,2024-01-01,2024-04-30,59,549,4.1
3981,Usera,casual,2024-01-04,2024-04-19,27,142,4.0
3982,Salamanca,casual,2024-01-01,2024-01-27,4,21,4.7
3983,San Blas - Canillejas,part_time,2024-05-22,2024-08-13,44,346,4.8
3984,Hortaleza,casual,2024-02-10,2024-04-29,17,81,4.1
3985,Ciudad Lineal,casual,2024-02-18,2024-12-31,68,349,4.1
3986,Retiro,casual,2024-08-25,2024-11-30,23,105,5.0
3987,Villaverde,casual,2024-01-01,2024-01-21,4,11,4.1
3988,Moncloa - Aravaca,casual,2024-01-02,2024-04-01,21,116,4.4
3989,Villa de Vallecas,full_time,2024-03-24,2024-06-30,82,1630,3.7
3990,Chamartín,full_time,2024-11-08,2024-12-31,49,1058,4.1
3991,San Blas - Canillejas,full_time,2024-01-01,2024-02-22,41,809,3.9
3992,Fuencarral - El Pardo,casual,2024-09-05,2024-12-05,24,117,3.9
3993,Latina,casual,2024-12-07,2024-12-31,7,26,3.9
3994,Tetuán,casual,2024-01-01,2024-02-26,9,51,4.2
3995,Puente de Vallecas,casual,2024-02-19,2024-06-07,26,117,3.9
3996,Retiro,casual,2024-07-16,2024-12-31,52,255,4.7
3997,Fuencarral - El Pardo,casual,2024-12-01,2024-12-31,6,24,4.2
3998,Carabanchel,casual,2024-01-31,2024-04-20,18,82,3.6
3999,Latina,casual,2024-06-19,2024-12-16,44,227,4.2
4000,Fuencarral - El Pardo,casual,2024-08-07,2024-12-31,25,114,3.6
4001,Ciudad Lineal,part_time,2024-04-04,2024-07-02,41,360,3.7
4002,Puente de Vallecas,casual,2024-05-09,2024-12-31,44,218,3.7
4003,Puente de Vallecas,full_time,2024-02-10,2024-12-31,268,5329,4.7
4004,San Blas - Canillejas,casual,2024-12-03,2024-12-31,3,20,4.1
4005,Moncloa - Aravaca,casual,2024-04-24,2024-10-21,45,245,3.5
4006,Hortaleza,casual,2024-04-15,2024-10-04,31,147,4.3
4007,San Blas - Canillejas,casual,2024-05-04,2024-12-31,49,250,3.8
4008,Villaverde,casual,2024-01-01,2024-03-26,25,119,4.6
4009,Barajas,casual,2024-06-02,2024-08-29,22,108,4.9
4010,Hortaleza,part_time,2024-01-01,2024-01-28,11,97,3.8
4011,Moncloa - Aravaca,casual,2024-07-20,2024-10-04,15,77,3.9
4012,Centro,casual,2024-04-28,2024-10-11,39,201,4.6
4013,Centro,full_time,2024-10-08,2024-12-31,72,1502,4.4
4014,San Blas - Canillejas,casual,2024-09-08,2024-12-31,23,109,4.7
4015,Ciudad Lineal,part_time,2024-04-22,2024-07-12,44,424,4.5
4016,Puente de Vallecas,casual,2024-07-27,2024-11-01,27,115,3.8
4017,Hortaleza,casual,2024-01-01,2024-06-15,46,221,4.8
4018,Moncloa - Aravaca,casual,2024-04-06,2024-06-19,13,50,3.7
4019,Villa de Vallecas,casual,2024-01-01,2024-02-04,9,54,3.6
4020,Tetuán,part_time,2024-01-01,2024-02-17,18,158,4.9
4021,Usera,casual,2024-08-21,2024-12-31,33,195,4.4
4022,Fuencarral - El Pardo,casual,2024-12-19,2024-12-31,7,39,4.0
4023,Usera,casual,2024-03-31,2024-09-20,46,237,3.9
4024,Arganzuela,full_time,2024-01-01,2024-02-27,47,935,3.6
4025,Usera,part_time,2024-01-01,2024-03-05,26,212,4.3
4026,Carabanchel,full_time,2024-01-01,2024-01-21,16,333,4.8
4027,Centro,part_time,2024-11-08,2024-12-31,21,205,4.5
4028,Retiro,part_time,2024-04-27,2024-07-16,33,311,4.6
4029,Latina,casual,2024-11-09,2024-12-31,11,55,4.4
4030,Villaverde,full_time,2024-01-01,2024-09-17,219,4420,3.5
4031,Centro,casual,2024-05-21,2024-11-15,45,227,4.2
4032,San Blas - Canillejas,casual,2024-07-03,2024-12-31,36,200,3.6
4033,Puente de Vallecas,part_time,2024-01-01,2024-01-28,11,100,3.6
4034,Villa de Vallecas,casual,2024-05-16,2024-12-31,66,321,3.8
4035,Moncloa - Aravaca,casual,2024-08-08,2024-12-31,36,201,4.8
4036,San Blas - Canillejas,casual,2024-01-01,2024-01-13,4,17,3.8
4037,Barajas,casual,2024-01-01,2024-01-27,6,23,4.2
4038,Usera,part_time,2024-05-19,2024-09-04,47,430,4.8
4039,Villa de Vallecas,casual,2024-12-15,2024-12-31,4,25,4.5
4040,Moncloa - Aravaca,part_time,2024-12-16,2024-12-31,9,82,3.7
4041,Chamartín,casual,2024-01-01,2024-02-29,14,88,4.2
4042,Centro,part_time,2024-09-11,2024-12-21,41,354,4.7
4043,Chamberí,casual,2024-09-08,2024-12-31,18,78,4.2
4044,Chamartín,full_time,2024-11-04,2024-12-31,50,990,3.8
4045,Arganzuela,casual,2024-01-01,2024-01-20,3,21,4.5
4046,Fuencarral - El Pardo,casual,2024-12-11,2024-12-31,6,30,4.1
4047,Villa de Vallecas,casual,2024-09-22,2024-12-31,21,122,4.3
4048,Puente de Vallecas,casual,2024-07-01,2024-10-10,18,87,3.7
4049,San Blas - Canillejas,casual,2024-01-01,2024-01-31,8,34,4.9
4050,Villa de Vallecas,part_time,2024-01-01,2024-05-10,61,533,4.9
4051,Fuencarral - El Pardo,full_time,2024-03-16,2024-06-03,69,1359,4.0
4052,Fuencarral - El Pardo,part_time,2024-10-30,2024-12-31,28,271,3.9
4053,Carabanchel,casual,2024-08-19,2024-12-31,21,99,3.8
4054,Latina,casual,2024-11-30,2024-12-31,6,28,4.4
4055,Tetuán,part_time,2024-04-16,2024-07-08,42,361,3.8
4056,Salamanca,part_time,2024-11-24,2024-12-31,15,161,4.4
4057,Villaverde,casual,2024-11-04,2024-12-31,7,28,4.9
4058,Ciudad Lineal,full_time,2024-01-01,2024-01-09,9,169,3.8
4059,Latina,casual,2024-01-29,2024-04-15,12,63,3.8
4060,San Blas - Canillejas,part_time,2024-10-03,2024-12-24,37,380,3.6
4061,San Blas - Canillejas,full_time,2024-08-03,2024-10-24,74,1551,4.0
4062,Villa de Vallecas,part_time,2024-01-01,2024-06-07,66,594,4.8
4063,Centro,casual,2024-09-24,2024-12-18,26,125,3.5
4064,Centro,part_time,2024-01-01,2024-08-19,105,965,4.5
4065,Barajas,casual,2024-07-04,2024-09-29,20,98,4.1
4066,Barajas,part_time,2024-11-26,2024-12-31,15,142,4.0
4067,Tetuán,casual,2024-01-08,2024-04-23,20,98,3.8
4068,Vicálvaro,part_time,2024-01-01,2024-01-30,18,147,4.7
4069,Centro,full_time,2024-04-27,2024-12-31,202,3951,4.7
4070,Villaverde,casual,2024-08-29,2024-12-01,17,69,3.6
4071,Villaverde,casual,2024-02-19,2024-05-24,23,111,4.4
4072,Latina,part_time,2024-01-01,2024-12-04,143,1287,4.1
4073,Puente de Vallecas,casual,2024-01-02,2024-12-31,88,440,3.5
4074,Moncloa - Aravaca,casual,2024-08-19,2024-12-31,26,127,4.0
4075,Chamartín,casual,2024-08-14,2024-11-11,18,93,3.8
4076,Latina,casual,2024-02-12,2024-05-01,15,70,4.6
4077,Ciudad Lineal,part_time,2024-02-05,2024-05-03,38,377,4.2
4078,Carabanchel,part_time,2024-01-01,2024-06-28,81,722,4.7
4079,Ciudad Lineal,casual,2024-01-01,2024-03-10,21,89,5.0
4080,Villa de Vallecas,casual,2024-01-01,2024-03-04,7,24,4.1
4081,Chamartín,casual,2024-09-26,2024-12-31,26,139,4.3
4082,San Blas - Canillejas,casual,2024-10-19,2024-12-30,16,95,5.0
4083,Moratalaz,part_time,2024-01-01,2024-05-26,73,686,3.7
4084,Ciudad Lineal,casual,2024-10-22,2024-12-31,9,51,3.6
4085,Villa de Vallecas,casual,2024-02-28,2024-12-31,86,451,4.2
4086,Fuencarral - El Pardo,full_time,2024-08-19,2024-11-30,84,1680,4.2
4087,Fuencarral - El Pardo,casual,2024-10-26,2024-12-31,17,87,4.9
4088,Salamanca,part_time,2024-02-08,2024-05-26,45,397,4.2
4089,Salamanca,casual,2024-08-05,2024-10-19,11,54,4.2
4090,Moncloa - Aravaca,casual,2024-02-12,2024-05-24,22,120,4.2
4091,Retiro,casual,2024-10-22,2024-12-31,13,72,4.2
4092,Tetuán,part_time,2024-02-15,2024-05-16,40,329,4.8
4093,Hortaleza,part_time,2024-07-18,2024-10-05,31,294,4.4
4094,Fuencarral - El Pardo,casual,2024-01-01,2024-04-10,24,116,4.7
4095,Vicálvaro,casual,2024-03-15,2024-06-20,19,70,3.7
4096,Moncloa - Aravaca,casual,2024-03-22,2024-06-02,19,88,4.8
4097,Tetuán,part_time,2024-09-09,2024-12-06,40,363,5.0
4098,Villa de Vallecas,part_time,2024-02-19,2024-05-06,38,351,4.9
4099,Latina,part_time,2024-02-18,2024-06-03,49,458,5.0
4100,Villa de Vallecas,full_time,2024-01-01,2024-01-05,4,88,4.5
4101,Vicálvaro,casual,2024-03-04,2024-05-19,14,72,4.5
4102,Chamartín,part_time,2024-01-21,2024-05-08,60,521,3.6
4103,Puente de Vallecas,part_time,2024-04-24,2024-10-28,74,634,3.9
4104,Vicálvaro,casual,2024-02-17,2024-08-01,41,200,4.7
4105,Chamberí,full_time,2024-12-23,2024-12-31,8,145,4.0
4106,Moncloa - Aravaca,casual,2024-06-07,2024-09-06,20,93,4.4
4107,Fuencarral - El Pardo,part_time,2024-01-01,2024-02-10,19,178,4.4
4108,Vicálvaro,part_time,2024-10-02,2024-12-31,48,428,4.4
4109,Chamberí,full_time,2024-01-01,2024-02-08,36,697,4.1
4110,Latina,casual,2024-10-22,2024-12-30,24,115,4.8
4111,Puente de Vallecas,casual,2024-04-06,2024-07-03,17,91,3.9
4112,Retiro,part_time,2024-01-01,2024-01-27,8,78,4.7
4113,Hortaleza,part_time,2024-12-19,2024-12-31,3,23,3.5
4114,Centro,casual,2024-05-20,2024-08-08,19,72,4.8
4115,Puente de Vallecas,part_time,2024-10-28,2024-12-31,27,216,4.6
4116,Latina,casual,2024-04-18,2024-07-05,17,72,5.0
4117,Carabanchel,part_time,2024-03-15,2024-09-06,67,632,3.7
4118,Puente de Vallecas,full_time,2024-03-16,2024-06-13,76,1526,4.7
4119,Chamartín,casual,2024-01-11,2024-07-27,52,247,4.0
4120,Moncloa - Aravaca,casual,2024-09-29,2024-12-24,23,109,3.9
4121,San Blas - Canillejas,full_time,2024-01-01,2024-01-14,13,273,3.8
4122,Centro,part_time,2024-05-12,2024-08-12,41,350,4.6
4123,Moncloa - Aravaca,full_time,2024-01-01,2024-07-10,159,3212,4.9
4124,Arganzuela,casual,2024-06-19,2024-09-02,16,81,4.5
4125,Centro,full_time,2024-01-04,2024-04-09,79,1529,3.9
4126,San Blas - Canillejas,casual,2024-01-01,2024-09-11,61,314,4.1
4127,Latina,casual,2024-06-05,2024-08-27,17,86,3.9
4128,Fuencarral - El Pardo,casual,2024-09-08,2024-11-24,8,29,3.6
4129,Chamartín,part_time,2024-12-07,2024-12-31,11,91,4.7
4130,Hortaleza,full_time,2024-01-01,2024-05-12,102,2046,3.7
4131,Ciudad Lineal,part_time,2024-04-30,2024-08-16,54,520,4.5
4132,Moncloa - Aravaca,part_time,2024-01-01,2024-09-05,102,952,4.1
4133,Villa de Vallecas,casual,2024-06-05,2024-11-18,37,160,3.6
4134,Usera,casual,2024-03-11,2024-06-20,22,118,4.0
4135,Chamberí,casual,2024-01-01,2024-02-15,16,86,3.6
4136,Barajas,casual,2024-06-02,2024-12-03,36,187,4.4
4137,Vicálvaro,casual,2024-01-01,2024-01-26,4,29,4.5
4138,Moncloa - Aravaca,full_time,2024-01-01,2024-01-31,28,578,4.8
4139,Moncloa - Aravaca,part_time,2024-11-07,2024-12-31,25,240,3.9
4140,Carabanchel,part_time,2024-10-21,2024-12-31,35,315,3.8
4141,Usera,casual,2024-05-09,2024-10-31,34,155,4.2
4142,Villaverde,casual,2024-01-01,2024-01-14,3,17,4.7
4143,Fuencarral - El Pardo,casual,2024-03-17,2024-05-31,17,83,4.3
4144,Hortaleza,casual,2024-01-02,2024-07-12,46,244,4.9
4145,Moncloa - Aravaca,casual,2024-08-07,2024-12-31,26,131,3.6
4146,Chamberí,casual,2024-08-16,2024-12-31,26,139,4.6
4147,Hortaleza,casual,2024-01-24,2024-07-07,32,172,4.5
4148,Usera,part_time,2024-01-01,2024-10-28,132,1164,3.9
4149,Villaverde,casual,2024-01-28,2024-04-08,19,109,3.8
4150,Villa de Vallecas,casual,2024-08-30,2024-11-27,18,86,4.1
4151,Ciudad Lineal,casual,2024-03-22,2024-06-01,16,77,4.0
4152,Fuencarral - El Pardo,casual,2024-06-02,2024-12-31,42,206,4.0
4153,Fuencarral - El Pardo,casual,2024-08-17,2024-11-26,21,102,4.6
4154,Salamanca,casual,2024-01-01,2024-03-27,15,81,3.6
4155,Chamartín,part_time,2024-10-09,2024-12-31,37,319,4.6
4156,Vicálvaro,casual,2024-08-29,2024-12-31,27,150,4.2
4157,Latina,full_time,2024-05-24,2024-11-05,132,2677,3.8
4158,Centro,casual,2024-01-01,2024-02-17,13,74,4.5
4159,Tetuán,casual,2024-01-01,2024-03-16,21,95,4.1
4160,Usera,casual,2024-01-01,2024-02-13,10,49,3.7
4161,Hortaleza,casual,2024-05-02,2024-07-29,20,98,4.4
4162,Fuencarral - El Pardo,casual,2024-01-01,2024-05-23,31,169,4.0
4163,Carabanchel,full_time,2024-10-15,2024-12-31,66,1311,3.9
4164,Arganzuela,casual,2024-04-11,2024-07-23,20,107,4.2
4165,Vicálvaro,part_time,2024-03-01,2024-09-09,75,706,4.3
4166,Tetuán,casual,2024-11-27,2024-12-31,9,51,4.6
4167,Carabanchel,casual,2024-02-28,2024-12-31,72,348,4.2
4168,Puente de Vallecas,casual,2024-03-17,2024-07-01,25,132,4.3
4169,Carabanchel,casual,2024-12-19,2024-12-31,3,12,4.4
4170,Vicálvaro,casual,2024-04-24,2024-08-03,27,124,4.9
4171,Centro,full_time,2024-05-23,2024-11-02,131,2604,3.7
4172,Chamberí,part_time,2024-02-01,2024-07-25,89,774,4.5
4173,Tetuán,full_time,2024-07-29,2024-11-09,87,1722,3.6
4174,Moncloa - Aravaca,casual,2024-09-24,2024-12-07,14,70,3.9
4175,Fuencarral - El Pardo,part_time,2024-04-04,2024-12-31,112,1041,4.7
4176,Moncloa - Aravaca,part_time,2024-01-24,2024-04-23,38,349,4.0
4177,Hortaleza,part_time,2024-11-30,2024-12-31,11,99,3.5
4178,Chamberí,full_time,2024-05-20,2024-08-24,84,1697,4.3
4179,Chamberí,part_time,2024-10-01,2024-12-31,43,398,4.2
4180,Hortaleza,full_time,2024-01-01,2024-01-04,3,58,4.9
4181,Hortaleza,part_time,2024-04-16,2024-10-05,67,600,4.9
4182,Hortaleza,casual,2024-11-25,2024-12-31,6,29,3.9
4183,Latina,part_time,2024-08-06,2024-11-21,52,470,4.7
4184,San Blas - Canillejas,casual,2024-01-01,2024-02-23,12,67,4.3
4185,San Blas - Canillejas,full_time,2024-06-06,2024-12-31,176,3612,4.3
4186,Carabanchel,part_time,2024-01-01,2024-01-09,5,34,3.7
4187,Hortaleza,casual,2024-01-01,2024-09-26,64,334,4.8
4188,San Blas - Canillejas,casual,2024-01-01,2024-05-07,26,136,4.4
4189,Fuencarral - El Pardo,casual,2024-01-01,2024-05-19,27,137,4.9
4190,Ciudad Lineal,casual,2024-01-01,2024-01-23,4,12,4.7
4191,Moncloa - Aravaca,casual,2024-03-27,2024-12-31,53,275,4.2
4192,Centro,part_time,2024-09-08,2024-11-25,36,311,4.8
4193,Villaverde,part_time,2024-02-09,2024-05-14,28,244,4.0
4194,Chamartín,part_time,2024-03-08,2024-12-31,136,1192,4.8
4195,Arganzuela,casual,2024-01-01,2024-12-29,87,468,3.7
4196,Hortaleza,casual,2024-12-28,2024-12-31,1,1,4.0
4197,Carabanchel,casual,2024-10-09,2024-12-27,19,90,4.8
4198,Latina,full_time,2024-12-03,2024-12-31,23,455,3.5
4199,Fuencarral - El Pardo,casual,2024-09-29,2024-12-31,20,102,4.8
4200,Moncloa - Aravaca,casual,2024-07-26,2024-10-30,22,86,3.6
4201,Carabanchel,casual,2024-01-01,2024-02-10,9,47,4.5
4202,Chamartín,part_time,2024-10-30,2024-12-31,34,314,4.5
4203,Puente de Vallecas,casual,2024-09-16,2024-12-03,21,91,3.6
4204,Centro,part_time,2024-01-01,2024-05-29,66,595,4.8
4205,Puente de Vallecas,part_time,2024-01-25,2024-05-06,37,361,3.6
4206,Villaverde,part_time,2024-04-16,2024-10-13,85,743,4.8
4207,Hortaleza,casual,2024-02-14,2024-05-07,19,109,5.0
4208,Latina,casual,2024-12-10,2024-12-31,8,36,4.5
4209,Moratalaz,casual,2024-01-13,2024-03-25,13,58,4.9
4210,Carabanchel,casual,2024-01-01,2024-04-22,29,147,4.4
4211,Vicálvaro,part_time,2024-01-01,2024-01-23,7,60,5.0
4212,Vicálvaro,casual,2024-06-10,2024-09-10,22,106,4.7
4213,Puente de Vallecas,casual,2024-06-30,2024-12-31,36,190,4.5
4214,Villa de Vallecas,casual,2024-07-01,2024-09-16,23,113,5.0
4215,Vicálvaro,part_time,2024-01-02,2024-04-05,31,274,4.2
4216,Tetuán,casual,2024-11-06,2024-12-31,17,81,4.2
4217,Moncloa - Aravaca,part_time,2024-01-01,2024-10-03,117,1011,4.8
4218,Latina,casual,2024-01-01,2024-03-18,19,95,4.5
4219,Fuencarral - El Pardo,full_time,2024-01-01,2024-05-19,120,2330,3.7
4220,Carabanchel,part_time,2024-04-26,2024-07-14,36,353,4.0
4221,Puente de Vallecas,casual,2024-05-30,2024-09-15,32,161,4.4
4222,Moncloa - Aravaca,casual,2024-07-09,2024-09-21,12,59,3.5
4223,Carabanchel,casual,2024-01-01,2024-02-04,7,42,4.3
4224,Chamberí,casual,2024-10-18,2024-12-31,13,72,3.9
4225,Barajas,casual,2024-03-07,2024-06-01,15,80,3.9
4226,Fuencarral - El Pardo,full_time,2024-01-01,2024-05-16,113,2364,4.8
4227,Moncloa - Aravaca,part_time,2024-08-13,2024-11-06,39,362,3.9
4228,Centro,casual,2024-07-12,2024-09-30,15,97,4.8
4229,Moncloa - Aravaca,part_time,2024-12-28,2024-12-31,2,17,4.3
4230,Centro,casual,2024-04-14,2024-07-01,19,85,4.9
4231,Tetuán,full_time,2024-01-01,2024-04-06,83,1611,4.6
4232,Hortaleza,casual,2024-12-16,2024-12-31,4,15,4.1
4233,Villaverde,part_time,2024-03-16,2024-09-26,90,835,3.6
4234,Salamanca,part_time,2024-04-28,2024-12-31,119,1022,4.8
4235,Carabanchel,casual,2024-01-01,2024-01-31,10,51,4.6
4236,Latina,casual,2024-02-21,2024-06-08,20,101,3.7
4237,Carabanchel,casual,2024-12-24,2024-12-31,2,7,4.9
4238,Chamartín,full_time,2024-12-15,2024-12-31,15,299,4.2
4239,Carabanchel,casual,2024-12-25,2024-12-31,2,8,3.5
4240,Latina,part_time,2024-09-25,2024-12-31,48,446,3.9
4241,Puente de Vallecas,part_time,2024-03-26,2024-10-08,92,812,4.8
4242,Retiro,part_time,2024-02-28,2024-12-31,142,1307,4.1
4243,Fuencarral - El Pardo,casual,2024-01-01,2024-02-09,7,30,4.7
4244,Moncloa - Aravaca,casual,2024-09-11,2024-12-31,24,124,4.1
4245,Carabanchel,part_time,2024-08-13,2024-12-31,84,771,3.7
4246,Moncloa - Aravaca,casual,2024-08-17,2024-11-27,23,129,3.8
4247,Chamartín,full_time,2024-03-24,2024-06-24,82,1604,4.8
4248,Chamberí,casual,2024-01-18,2024-05-06,20,97,3.8
4249,Chamartín,casual,2024-09-22,2024-12-31,20,98,4.9
4250,Vicálvaro,part_time,2024-12-20,2024-12-31,2,17,3.9
4251,Ciudad Lineal,casual,2024-04-05,2024-07-18,25,134,5.0
4252,Fuencarral - El Pardo,casual,2024-01-01,2024-01-27,7,29,3.6
4253,Salamanca,casual,2024-11-08,2024-12-31,16,93,4.3
4254,Moratalaz,casual,2024-08-10,2024-11-13,17,83,3.6
4255,Moncloa - Aravaca,part_time,2024-08-07,2024-10-26,34,314,3.9
4256,Hortaleza,casual,2024-12-06,2024-12-31,3,15,4.8
4257,Chamartín,casual,2024-07-28,2024-11-13,22,112,3.8
4258,Arganzuela,casual,2024-07-10,2024-10-08,22,110,4.8
4259,Chamartín,full_time,2024-06-03,2024-12-31,188,3719,4.4
4260,Puente de Vallecas,casual,2024-05-12,2024-08-07,23,132,4.6
4261,Puente de Vallecas,full_time,2024-02-25,2024-05-04,61,1198,4.0
4262,Puente de Vallecas,full_time,2024-01-01,2024-05-13,103,2035,5.0
4263,Salamanca,casual,2024-08-02,2024-12-31,33,153,4.7
4264,Villaverde,part_time,2024-01-28,2024-04-18,40,359,4.9
4265,Villa de Vallecas,part_time,2024-12-01,2024-12-31,14,116,3.7
4266,Carabanchel,casual,2024-01-01,2024-10-14,69,324,3.9
4267,Centro,casual,2024-04-08,2024-12-31,60,318,4.8
4268,Villaverde,part_time,2024-01-01,2024-01-19,8,78,4.5
4269,Moncloa - Aravaca,part_time,2024-03-05,2024-09-02,80,716,4.1
4270,Hortaleza,part_time,2024-04-07,2024-06-27,40,330,4.2
4271,Villa de Vallecas,full_time,2024-09-07,2024-12-22,91,1875,4.2
4272,Chamartín,casual,2024-01-01,2024-01-26,6,33,4.3
4273,Latina,part_time,2024-02-21,2024-07-31,76,661,4.2
4274,Hortaleza,full_time,2024-10-27,2024-12-31,56,1099,4.2
4275,Moncloa - Aravaca,casual,2024-08-07,2024-10-21,18,91,4.0
4276,Usera,casual,2024-09-21,2024-12-21,25,119,4.2
4277,Fuencarral - El Pardo,casual,2024-09-17,2024-12-04,19,84,3.8
4278,Latina,full_time,2024-07-27,2024-11-03,81,1629,3.8
4279,Chamartín,casual,2024-03-30,2024-06-26,21,89,4.5
4280,San Blas - Canillejas,part_time,2024-02-10,2024-08-04,76,677,4.9
4281,Villa de Vallecas,casual,2024-01-01,2024-01-25,2,10,3.8
4282,Carabanchel,casual,2024-01-02,2024-03-29,20,118,4.9
4283,Centro,part_time,2024-05-10,2024-10-25,70,611,4.4
4284,Tetuán,casual,2024-11-14,2024-12-31,10,36,4.9
4285,Carabanchel,full_time,2024-07-03,2024-10-13,88,1797,4.1
4286,Arganzuela,casual,2024-01-01,2024-10-02,64,298,4.5
4287,Puente de Vallecas,full_time,2024-10-02,2024-12-31,75,1498,4.3
4288,Chamartín,casual,2024-04-23,2024-07-24,17,98,5.0
4289,Carabanchel,full_time,2024-02-07,2024-04-25,61,1196,3.6
4290,Latina,part_time,2024-01-01,2024-02-07,20,184,3.6
4291,Fuencarral - El Pardo,casual,2024-10-18,2024-12-28,18,86,4.8
4292,Centro,casual,2024-03-30,2024-12-31,76,364,3.6
4293,Salamanca,casual,2024-05-15,2024-11-14,46,219,4.9
4294,Tetuán,part_time,2024-08-22,2024-12-04,53,466,3.6
4295,Ciudad Lineal,part_time,2024-07-07,2024-09-28,40,387,3.7
4296,Chamberí,casual,2024-03-17,2024-06-04,22,105,4.0
4297,Fuencarral - El Pardo,casual,2024-07-04,2024-10-19,34,173,4.6
4298,Carabanchel,part_time,2024-01-01,2024-03-04,30,285,4.4
4299,Villaverde,casual,2024-02-24,2024-05-11,20,105,4.9
4300,Carabanchel,part_time,2024-01-28,2024-12-31,157,1394,4.4
4301,Villaverde,casual,2024-01-01,2024-02-06,12,57,4.4
4302,Latina,part_time,2024-08-23,2024-12-31,61,505,4.4
4303,Fuencarral - El Pardo,full_time,2024-01-01,2024-02-02,27,564,4.1
4304,Ciudad Lineal,casual,2024-01-01,2024-09-29,61,289,4.5
4305,San Blas - Canillejas,casual,2024-01-01,2024-11-28,76,363,5.0
4306,Fuencarral - El Pardo,casual,2024-08-07,2024-11-09,21,84,5.0
4307,Villa de Vallecas,part_time,2024-01-01,2024-03-12,38,374,3.7
4308,Hortaleza,casual,2024-10-14,2024-12-26,17,89,4.2
4309,Hortaleza,full_time,2024-03-01,2024-08-14,139,2779,4.4
4310,Vicálvaro,part_time,2024-01-01,2024-05-18,49,430,4.6
4311,Puente de Vallecas,casual,2024-01-01,2024-02-15,2,15,4.0
4312,Centro,part_time,2024-11-07,2024-12-31,28,258,5.0
4313,Chamartín,casual,2024-02-18,2024-08-03,37,172,4.1
4314,Vicálvaro,part_time,2024-02-09,2024-07-20,73,636,3.9
4315,Moncloa - Aravaca,casual,2024-01-07,2024-03-19,13,67,4.7
4316,Barajas,part_time,2024-05-28,2024-08-10,40,343,4.4
4317,Puente de Vallecas,full_time,2024-03-05,2024-05-21,64,1304,4.9
4318,Fuencarral - El Pardo,part_time,2024-01-01,2024-03-19,39,413,3.7
4319,Moncloa - Aravaca,full_time,2024-08-16,2024-12-31,124,2480,3.6
4320,Arganzuela,casual,2024-11-17,2024-12-31,11,64,4.9
4321,Carabanchel,part_time,2024-03-17,2024-06-06,40,346,4.2
4322,Tetuán,part_time,2024-01-30,2024-05-14,51,509,3.8
4323,Carabanchel,part_time,2024-01-26,2024-07-21,85,673,4.6
4324,Barajas,casual,2024-11-28,2024-12-31,11,46,5.0
4325,Arganzuela,casual,2024-03-05,2024-12-31,62,302,5.0
4326,Hortaleza,part_time,2024-01-01,2024-03-15,34,295,4.9
4327,Carabanchel,casual,2024-04-07,2024-12-31,69,375,3.7
4328,Carabanchel,part_time,2024-04-02,2024-07-02,34,289,4.8
4329,Retiro,part_time,2024-01-01,2024-01-08,4,49,3.7
4330,Ciudad Lineal,full_time,2024-12-10,2024-12-31,18,362,4.0
4331,Retiro,casual,2024-01-01,2024-03-02,18,80,3.8
4332,San Blas - Canillejas,full_time,2024-02-16,2024-08-13,153,3094,4.0
4333,Villa de Vallecas,casual,2024-06-23,2024-12-31,48,237,3.9
4334,Retiro,casual,2024-06-29,2024-09-20,21,113,4.8
4335,Hortaleza,part_time,2024-01-01,2024-01-03,1,1,5.0
4336,Moncloa - Aravaca,casual,2024-07-06,2024-10-03,17,88,3.8
4337,Hortaleza,casual,2024-08-06,2024-12-31,27,133,3.7
4338,Latina,casual,2024-09-12,2024-12-31,31,125,3.7
4339,Vicálvaro,casual,2024-01-01,2024-05-13,27,152,4.3
4340,Chamberí,part_time,2024-01-01,2024-01-20,11,110,4.8
4341,Villaverde,casual,2024-12-01,2024-12-31,7,22,4.6
4342,Moncloa - Aravaca,casual,2024-08-07,2024-11-06,18,98,4.1
4343,Arganzuela,part_time,2024-05-08,2024-07-17,29,257,4.9
4344,Usera,casual,2024-06-15,2024-12-31,52,263,4.3
4345,Fuencarral - El Pardo,part_time,2024-01-01,2024-03-28,32,304,4.7
4346,Barajas,full_time,2024-12-13,2024-12-31,17,356,4.2
4347,Fuencarral - El Pardo,part_time,2024-06-25,2024-12-23,81,746,4.5
4348,Latina,full_time,2024-11-06,2024-12-31,49,1041,4.1
4349,Villaverde,casual,2024-02-11,2024-12-31,83,420,3.6
4350,Moncloa - Aravaca,part_time,2024-08-10,2024-12-31,74,647,4.4
4351,Tetuán,casual,2024-02-22,2024-06-01,23,108,3.9
4352,Latina,casual,2024-01-01,2024-03-03,10,59,4.3
4353,Latina,part_time,2024-01-17,2024-07-10,80,720,4.5
4354,Ciudad Lineal,casual,2024-11-13,2024-12-31,16,85,4.2
4355,Carabanchel,full_time,2024-05-25,2024-12-31,190,3891,3.7
4356,Moncloa - Aravaca,part_time,2024-05-08,2024-07-17,39,365,4.7
4357,Fuencarral - El Pardo,full_time,2024-01-16,2024-04-17,75,1500,3.8
4358,Moncloa - Aravaca,casual,2024-07-06,2024-09-21,20,100,3.7
4359,San Blas - Canillejas,casual,2024-05-15,2024-11-30,38,157,4.0
4360,Ciudad Lineal,part_time,2024-04-11,2024-10-26,88,753,3.6
4361,Moncloa - Aravaca,casual,2024-06-24,2024-12-31,40,214,4.0
4362,Villaverde,casual,2024-01-01,2024-06-25,36,173,4.6
4363,Usera,part_time,2024-04-03,2024-10-12,72,672,4.7
4364,Moncloa - Aravaca,full_time,2024-02-24,2024-05-18,69,1356,4.2
4365,Fuencarral - El Pardo,part_time,2024-01-01,2024-04-05,40,369,3.8
4366,Puente de Vallecas,casual,2024-01-01,2024-08-31,60,298,5.0
4367,Vicálvaro,casual,2024-10-05,2024-12-24,14,82,4.7
4368,Moncloa - Aravaca,part_time,2024-01-01,2024-03-23,35,317,3.5
4369,Centro,casual,2024-01-01,2024-07-20,39,201,4.4
4370,Moratalaz,casual,2024-04-21,2024-10-17,42,204,4.9
4371,Latina,casual,2024-02-11,2024-08-05,48,238,4.9
4372,Fuencarral - El Pardo,casual,2024-08-28,2024-12-31,31,161,4.1
4373,Ciudad Lineal,casual,2024-09-02,2024-12-31,30,151,4.4
4374,Centro,casual,2024-07-08,2024-12-31,37,172,4.4
4375,Barajas,part_time,2024-02-13,2024-05-07,42,349,4.6
4376,Retiro,casual,2024-01-01,2024-01-10,5,25,4.9
4377,Hortaleza,part_time,2024-03-07,2024-05-16,32,269,4.2
4378,Arganzuela,casual,2024-03-20,2024-12-31,66,315,3.6
4379,Villaverde,full_time,2024-01-01,2024-02-26,46,879,4.6
4380,Moncloa - Aravaca,casual,2024-09-28,2024-12-31,25,120,4.9
4381,Villa de Vallecas,casual,2024-12-25,2024-12-31,2,10,4.8
4382,Fuencarral - El Pardo,casual,2024-06-23,2024-12-31,51,245,3.5
4383,Carabanchel,casual,2024-04-12,2024-07-05,23,120,4.8
4384,Villaverde,casual,2024-09-09,2024-12-31,28,137,3.7
4385,Centro,part_time,2024-01-29,2024-05-06,54,475,5.0
4386,Arganzuela,full_time,2024-11-28,2024-12-31,27,533,4.6
4387,San Blas - Canillejas,casual,2024-01-22,2024-07-18,42,224,3.7
4388,Ciudad Lineal,casual,2024-08-17,2024-10-30,14,68,3.7
4389,Villaverde,part_time,2024-01-01,2024-01-09,6,67,3.9
4390,Usera,part_time,2024-07-12,2024-10-22,43,417,3.8
4391,Fuencarral - El Pardo,casual,2024-02-27,2024-05-09,11,47,3.5
4392,Fuencarral - El Pardo,part_time,2024-01-01,2024-02-14,18,153,4.8
4393,Barajas,casual,2024-04-10,2024-07-21,24,104,3.7
4394,Hortaleza,part_time,2024-01-01,2024-02-18,25,240,5.0
4395,Ciudad Lineal,casual,2024-01-01,2024-03-25,18,102,3.9
4396,Carabanchel,casual,2024-11-04,2024-12-31,18,77,4.4
4397,Vicálvaro,casual,2024-01-01,2024-01-30,4,21,4.5
4398,Fuencarral - El Pardo,part_time,2024-07-15,2024-10-09,37,320,4.0
4399,Villa de Vallecas,casual,2024-01-01,2024-02-14,5,28,4.2
4400,Tetuán,part_time,2024-08-25,2024-11-21,42,416,4.7
4401,Chamartín,part_time,2024-12-20,2024-12-31,3,29,3.6
4402,Moncloa - Aravaca,part_time,2024-01-01,2024-11-09,146,1280,4.0
4403,Hortaleza,casual,2024-12-14,2024-12-31,6,34,4.7
4404,Carabanchel,casual,2024-07-16,2024-10-29,24,117,4.0
4405,Centro,casual,2024-07-02,2024-09-25,22,101,3.6
4406,Puente de Vallecas,part_time,2024-01-01,2024-05-02,59,536,3.8
4407,San Blas - Canillejas,full_time,2024-11-27,2024-12-31,28,579,4.5
4408,Moratalaz,casual,2024-11-01,2024-12-31,17,78,5.0
4409,Tetuán,full_time,2024-01-01,2024-03-15,65,1260,3.8
4410,Puente de Vallecas,casual,2024-01-01,2024-01-21,2,9,4.3
4411,Usera,casual,2024-01-01,2024-09-19,63,299,3.9
4412,Centro,casual,2024-01-01,2024-03-11,14,70,4.9
4413,Centro,part_time,2024-03-12,2024-05-28,37,355,4.9
4414,Carabanchel,casual,2024-12-13,2024-12-31,4,27,4.1
4415,Tetuán,casual,2024-10-28,2024-12-31,12,65,3.6
4416,Fuencarral - El Pardo,part_time,2024-03-08,2024-08-22,68,597,4.4
4417,Hortaleza,casual,2024-02-20,2024-04-30,19,95,4.4
4418,Centro,casual,2024-06-27,2024-09-12,16,77,4.4
4419,Villa de Vallecas,casual,2024-12-03,2024-12-31,8,41,3.9
4420,Usera,casual,2024-08-01,2024-12-31,33,162,3.5
4421,Chamartín,casual,2024-09-26,2024-12-31,29,144,3.5
4422,Salamanca,casual,2024-07-10,2024-12-31,42,203,4.7
4423,Puente de Vallecas,part_time,2024-01-07,2024-12-31,167,1509,4.3
4424,Ciudad Lineal,casual,2024-01-01,2024-04-13,21,110,3.9
4425,Salamanca,part_time,2024-10-13,2024-12-26,32,281,4.9
4426,Latina,casual,2024-07-25,2024-10-24,14,51,4.8
4427,San Blas - Canillejas,casual,2024-07-22,2024-12-31,29,150,4.7
4428,Carabanchel,casual,2024-08-13,2024-12-31,25,125,4.4
4429,Barajas,casual,2024-01-18,2024-04-23,22,104,4.4
4430,Fuencarral - El Pardo,casual,2024-01-01,2024-07-27,52,229,4.3
4431,San Blas - Canillejas,casual,2024-10-27,2024-12-31,21,118,3.8
4432,Villa de Vallecas,full_time,2024-01-01,2024-10-23,244,4826,4.6
4433,Latina,part_time,2024-01-01,2024-04-05,35,312,4.3
4434,Villaverde,casual,2024-07-18,2024-10-26,21,93,4.3
4435,Usera,part_time,2024-01-01,2024-08-02,89,782,4.5
4436,Usera,part_time,2024-06-20,2024-12-16,71,666,4.1
4437,Carabanchel,part_time,2024-05-15,2024-11-28,94,870,4.6
4438,Fuencarral - El Pardo,casual,2024-06-29,2024-12-31,31,150,3.9
4439,Arganzuela,casual,2024-12-28,2024-12-31,1,5,4.8
4440,Hortaleza,casual,2024-02-15,2024-05-02,8,31,5.0
4441,Tetuán,casual,2024-12-21,2024-12-31,3,11,4.4
4442,Latina,casual,2024-09-12,2024-12-24,26,146,4.1
4443,Salamanca,full_time,2024-10-26,2024-12-31,62,1206,3.9
4444,Hortaleza,full_time,2024-09-30,2024-12-31,73,1418,4.8
4445,Villa de Vallecas,casual,2024-01-01,2024-01-11,3,18,4.0
4446,Puente de Vallecas,casual,2024-04-07,2024-09-28,36,173,4.7
4447,Hortaleza,casual,2024-01-01,2024-02-16,14,61,4.1
4448,San Blas - Canillejas,casual,2024-07-30,2024-11-15,21,100,4.8
4449,Latina,part_time,2024-01-01,2024-02-13,22,221,4.1
4450,Moncloa - Aravaca,casual,2024-01-01,2024-01-24,3,14,4.4
4451,Fuencarral - El Pardo,part_time,2024-10-24,2024-12-31,31,267,3.7
4452,Arganzuela,full_time,2024-11-25,2024-12-31,32,596,5.0
4453,Vicálvaro,part_time,2024-06-16,2024-11-24,73,618,4.3
4454,Tetuán,part_time,2024-04-24,2024-08-02,45,391,4.4
4455,Centro,casual,2024-10-02,2024-12-31,23,107,3.7
4456,Latina,casual,2024-12-05,2024-12-31,9,63,4.5
4457,Carabanchel,casual,2024-01-01,2024-01-25,4,24,4.1
4458,Moncloa - Aravaca,part_time,2024-01-01,2024-03-15,33,320,4.1
4459,Chamberí,casual,2024-11-08,2024-12-31,14,79,4.2
4460,Fuencarral - El Pardo,part_time,2024-01-01,2024-02-13,19,155,4.3
4461,San Blas - Canillejas,casual,2024-08-22,2024-11-25,23,107,4.7
4462,Salamanca,casual,2024-02-16,2024-12-31,65,326,4.0
4463,Vicálvaro,casual,2024-05-26,2024-08-27,13,62,4.8
4464,Fuencarral - El Pardo,full_time,2024-01-01,2024-02-13,39,768,3.7
4465,San Blas - Canillejas,casual,2024-08-26,2024-12-09,20,102,4.3
4466,San Blas - Canillejas,casual,2024-03-16,2024-12-31,56,293,4.5
4467,San Blas - Canillejas,casual,2024-12-01,2024-12-31,10,53,5.0
4468,Usera,part_time,2024-01-01,2024-12-08,150,1426,4.1
4469,Chamartín,full_time,2024-11-14,2024-12-31,37,742,4.5
4470,Villaverde,casual,2024-01-01,2024-03-24,13,61,4.7
4471,Centro,full_time,2024-01-10,2024-04-01,72,1401,4.7
4472,Vicálvaro,casual,2024-12-03,2024-12-31,6,25,4.9
4473,Puente de Vallecas,part_time,2024-01-01,2024-02-16,18,166,4.0
4474,Villaverde,casual,2024-01-12,2024-04-19,25,116,4.8
4475,Tetuán,casual,2024-01-01,2024-03-06,14,55,4.9
4476,Centro,part_time,2024-06-02,2024-12-31,100,854,4.2
4477,Centro,casual,2024-09-05,2024-12-31,23,115,4.5
4478,Villa de Vallecas,casual,2024-11-18,2024-12-31,13,66,4.0
4479,Chamartín,part_time,2024-01-01,2024-03-05,32,289,3.9
4480,Ciudad Lineal,full_time,2024-03-11,2024-05-20,56,1010,3.9
4481,Retiro,casual,2024-01-01,2024-06-19,47,230,3.6
4482,Fuencarral - El Pardo,part_time,2024-12-20,2024-12-31,5,43,4.4
4483,Latina,part_time,2024-03-02,2024-12-31,131,1168,4.8
4484,Fuencarral - El Pardo,casual,2024-01-01,2024-09-01,51,266,3.9
4485,Hortaleza,full_time,2024-02-25,2024-05-12,70,1386,3.5
4486,Ciudad Lineal,casual,2024-01-01,2024-08-21,45,220,3.9
4487,Moncloa - Aravaca,part_time,2024-07-29,2024-12-31,71,596,4.7
4488,Moncloa - Aravaca,casual,2024-05-09,2024-10-15,45,220,4.2
4489,Hortaleza,casual,2024-07-06,2024-10-22,24,103,4.7
4490,Latina,casual,2024-01-01,2024-12-09,70,326,3.8
4491,Retiro,casual,2024-01-01,2024-01-13,3,16,4.5
4492,Vicálvaro,full_time,2024-05-17,2024-12-31,184,3750,4.6
4493,Vicálvaro,full_time,2024-08-24,2024-12-07,89,1801,4.7
4494,Puente de Vallecas,casual,2024-01-02,2024-03-21,21,103,4.5
4495,Moncloa - Aravaca,casual,2024-04-19,2024-12-31,54,247,4.9
4496,Villa de Vallecas,casual,2024-11-08,2024-12-31,15,89,3.7
4497,Carabanchel,casual,2024-07-06,2024-09-27,20,100,4.3
4498,Tetuán,casual,2024-05-03,2024-12-31,53,281,4.2
4499,Centro,full_time,2024-08-15,2024-11-20,78,1514,5.0
4500,San Blas - Canillejas,part_time,2024-01-01,2024-08-25,111,991,4.3
4501,Latina,casual,2024-01-01,2024-04-22,22,106,4.5
4502,Hortaleza,casual,2024-05-16,2024-07-25,14,81,4.9
4503,Vicálvaro,part_time,2024-01-01,2024-05-07,61,533,3.7
4504,Hortaleza,casual,2024-05-17,2024-12-31,49,243,4.0
4505,Moncloa - Aravaca,casual,2024-06-10,2024-12-31,51,248,4.0
4506,Centro,casual,2024-01-01,2024-01-04,1,5,3.7
4507,Usera,casual,2024-12-07,2024-12-31,6,32,4.3
4508,Puente de Vallecas,casual,2024-11-20,2024-12-31,6,25,4.0
4509,Retiro,part_time,2024-01-01,2024-03-02,31,276,3.7
4510,Carabanchel,casual,2024-03-17,2024-09-21,43,190,3.5
4511,Carabanchel,part_time,2024-01-01,2024-04-09,40,361,3.5
4512,Arganzuela,casual,2024-12-15,2024-12-31,3,12,4.1
4513,Fuencarral - El Pardo,full_time,2024-06-19,2024-09-12,71,1449,4.4
4514,Fuencarral - El Pardo,casual,2024-05-29,2024-12-31,51,225,3.8
4515,Villaverde,casual,2024-12-21,2024-12-31,2,12,4.9
4516,Fuencarral - El Pardo,casual,2024-08-03,2024-11-05,22,101,3.8
4517,Ciudad Lineal,casual,2024-11-03,2024-12-31,19,101,3.9
4518,Carabanchel,casual,2024-01-19,2024-04-20,18,77,4.0
4519,Barajas,part_time,2024-01-01,2024-06-15,75,707,3.7
4520,Chamartín,casual,2024-04-12,2024-07-26,32,173,5.0
4521,San Blas - Canillejas,casual,2024-11-07,2024-12-31,8,46,4.6
4522,Centro,casual,2024-01-01,2024-01-29,4,14,4.0
4523,Centro,part_time,2024-04-17,2024-07-23,48,453,5.0
4524,Hortaleza,full_time,2024-10-11,2024-12-31,68,1271,4.5
4525,Chamberí,part_time,2024-01-01,2024-05-09,53,430,4.7
4526,Centro,part_time,2024-06-01,2024-12-07,84,704,4.0
4527,Hortaleza,part_time,2024-01-01,2024-02-02,15,151,3.8
4528,San Blas - Canillejas,part_time,2024-01-01,2024-01-06,3,28,4.2
4529,Hortaleza,casual,2024-01-06,2024-06-17,41,205,4.1
4530,Hortaleza,part_time,2024-09-19,2024-12-31,44,396,5.0
4531,Hortaleza,part_time,2024-01-01,2024-01-19,10,97,3.7
4532,Moncloa - Aravaca,casual,2024-01-01,2024-09-20,53,250,3.7
4533,Barajas,part_time,2024-08-09,2024-12-31,74,663,4.4
4534,Fuencarral - El Pardo,casual,2024-01-21,2024-07-21,35,171,4.3
4535,Carabanchel,casual,2024-01-01,2024-12-16,85,437,4.3
4536,Villaverde,casual,2024-01-10,2024-12-22,85,417,4.1
4537,San Blas - Canillejas,part_time,2024-11-12,2024-12-31,21,179,4.0
4538,Centro,full_time,2024-11-07,2024-12-31,41,779,3.6
4539,Latina,casual,2024-01-01,2024-01-28,8,39,4.7
4540,Chamartín,casual,2024-07-22,2024-12-30,37,188,4.2
4541,Puente de Vallecas,casual,2024-06-05,2024-09-06,22,111,4.8
4542,Usera,casual,2024-01-04,2024-07-18,36,178,4.2
4543,Usera,full_time,2024-03-25,2024-09-29,158,3157,4.9
4544,Centro,casual,2024-10-26,2024-12-31,11,51,4.9
4545,Fuencarral - El Pardo,casual,2024-09-22,2024-12-06,14,60,4.3
4546,San Blas - Canillejas,casual,2024-02-20,2024-12-31,77,402,4.7
4547,Moncloa - Aravaca,full_time,2024-01-01,2024-04-06,78,1602,3.7
4548,Hortaleza,casual,2024-07-04,2024-10-20,20,96,3.7
4549,Puente de Vallecas,part_time,2024-04-04,2024-09-26,70,653,4.6
4550,Puente de Vallecas,casual,2024-04-19,2024-07-25,24,104,3.6
4551,Fuencarral - El Pardo,casual,2024-12-01,2024-12-31,9,46,4.6
4552,Latina,part_time,2024-12-28,2024-12-31,2,18,3.8
4553,Ciudad Lineal,casual,2024-12-06,2024-12-31,6,28,3.9
4554,Ciudad Lineal,part_time,2024-09-04,2024-12-01,46,405,4.0
4555,Villa de Vallecas,casual,2024-07-08,2024-09-21,20,97,4.9
4556,Carabanchel,part_time,2024-02-19,2024-05-28,44,413,4.6
4557,Moncloa - Aravaca,part_time,2024-12-07,2024-12-31,12,109,4.6
4558,San Blas - Canillejas,part_time,2024-01-01,2024-11-29,163,1463,4.7
4559,San Blas - Canillejas,casual,2024-01-01,2024-05-26,37,191,4.7
4560,Fuencarral - El Pardo,part_time,2024-01-01,2024-02-21,29,291,3.8
4561,Hortaleza,full_time,2024-10-15,2024-12-31,59,1179,4.9
4562,Fuencarral - El Pardo,casual,2024-01-01,2024-06-27,34,170,4.1
4563,Latina,casual,2024-09-12,2024-12-28,25,119,4.3
4564,San Blas - Canillejas,part_time,2024-07-11,2024-10-19,45,404,4.7
4565,Vicálvaro,casual,2024-02-16,2024-05-06,21,95,4.8
4566,Ciudad Lineal,part_time,2024-10-11,2024-12-31,34,283,4.3
4567,Hortaleza,part_time,2024-09-12,2024-12-31,50,467,4.3
4568,Villaverde,casual,2024-01-01,2024-03-18,23,109,4.1
4569,Moncloa - Aravaca,part_time,2024-01-01,2024-03-29,46,412,3.6
4570,Ciudad Lineal,part_time,2024-03-18,2024-12-31,138,1301,4.5
4571,Ciudad Lineal,casual,2024-01-01,2024-06-18,36,194,4.5
4572,Hortaleza,full_time,2024-01-15,2024-06-24,143,2757,4.2
4573,Fuencarral - El Pardo,casual,2024-11-15,2024-12-31,11,50,3.6
4574,Moncloa - Aravaca,casual,2024-01-01,2024-04-03,19,101,4.3
4575,Ciudad Lineal,part_time,2024-01-01,2024-12-04,166,1564,3.7
4576,Centro,casual,2024-02-08,2024-05-16,21,121,4.2
4577,Moratalaz,part_time,2024-01-01,2024-07-14,90,798,4.7
4578,Ciudad Lineal,casual,2024-01-31,2024-07-15,37,188,3.8
4579,Carabanchel,casual,2024-01-28,2024-04-29,19,89,4.9
4580,Puente de Vallecas,casual,2024-09-11,2024-12-25,29,154,4.6
4581,Carabanchel,part_time,2024-10-06,2024-12-31,36,293,3.9
4582,Ciudad Lineal,part_time,2024-06-13,2024-08-24,36,320,3.8
4583,Arganzuela,part_time,2024-11-15,2024-12-31,21,173,3.6
4584,Villaverde,full_time,2024-01-01,2024-02-29,51,1054,4.8
4585,Hortaleza,part_time,2024-05-19,2024-08-21,45,386,3.6
4586,Fuencarral - El Pardo,part_time,2024-09-29,2024-12-31,38,323,4.4
4587,Barajas,casual,2024-07-12,2024-10-10,27,133,4.6
4588,Moncloa - Aravaca,full_time,2024-12-25,2024-12-31,7,153,3.9
4589,Tetuán,part_time,2024-06-24,2024-10-07,55,491,4.1
4590,Hortaleza,full_time,2024-12-14,2024-12-31,14,275,3.9
4591,Centro,casual,2024-01-01,2024-02-16,12,76,4.7
4592,Carabanchel,casual,2024-01-01,2024-01-31,7,36,5.0
4593,Fuencarral - El Pardo,part_time,2024-03-19,2024-06-08,32,294,5.0
4594,Carabanchel,casual,2024-10-20,2024-12-31,17,98,3.6
4595,Latina,casual,2024-01-01,2024-01-28,7,38,4.5
4596,San Blas - Canillejas,full_time,2024-01-01,2024-06-30,160,3197,4.4
4597,Latina,casual,2024-12-25,2024-12-31,1,3,4.9
4598,Carabanchel,casual,2024-07-20,2024-10-19,26,133,4.4
4599,Villa de Vallecas,casual,2024-02-17,2024-07-25,36,212,4.2
4600,Moncloa - Aravaca,casual,2024-01-01,2024-02-04,6,31,4.2
4601,Usera,part_time,2024-09-12,2024-12-06,38,337,4.8
4602,Centro,full_time,2024-11-08,2024-12-31,44,881,4.5
4603,San Blas - Canillejas,full_time,2024-06-30,2024-12-31,150,2905,3.6
4604,Vicálvaro,part_time,2024-01-01,2024-03-02,27,238,4.9
4605,Ciudad Lineal,part_time,2024-05-26,2024-09-05,47,383,4.5
4606,Chamartín,casual,2024-02-20,2024-08-01,37,167,3.7
4607,Puente de Vallecas,full_time,2024-10-24,2024-12-31,55,1115,4.2
4608,San Blas - Canillejas,casual,2024-07-11,2024-12-31,39,217,3.9
4609,Carabanchel,casual,2024-10-03,2024-12-28,23,129,4.4
4610,Fuencarral - El Pardo,full_time,2024-04-10,2024-07-06,72,1424,4.3
4611,Tetuán,full_time,2024-01-01,2024-01-12,8,176,5.0
4612,Vicálvaro,casual,2024-07-09,2024-12-31,36,179,3.6
4613,Centro,part_time,2024-07-19,2024-10-12,42,375,4.2
4614,Villa de Vallecas,casual,2024-01-01,2024-03-07,14,58,3.8
4615,Villa de Vallecas,casual,2024-09-15,2024-12-02,17,76,3.5
4616,Latina,casual,2024-01-01,2024-03-07,22,101,4.7
4617,Chamberí,casual,2024-06-24,2024-12-31,50,248,4.6
4618,Hortaleza,casual,2024-08-19,2024-12-01,21,96,4.9
4619,Hortaleza,casual,2024-01-01,2024-01-04,1,1,4.4
4620,Carabanchel,casual,2024-08-29,2024-12-31,31,174,3.9
4621,Moncloa - Aravaca,casual,2024-02-25,2024-08-02,40,196,4.0
4622,Villa de Vallecas,full_time,2024-04-02,2024-10-07,164,3225,4.4
4623,Ciudad Lineal,part_time,2024-12-06,2024-12-31,15,121,4.4
4624,Fuencarral - El Pardo,full_time,2024-11-24,2024-12-31,37,729,3.6
4625,Vicálvaro,casual,2024-04-04,2024-06-16,28,157,4.9
4626,Fuencarral - El Pardo,part_time,2024-08-26,2024-11-08,29,237,4.9
4627,Puente de Vallecas,part_time,2024-04-10,2024-10-07,94,894,4.7
4628,Moratalaz,casual,2024-08-24,2024-12-31,27,117,3.9
4629,Centro,casual,2024-03-02,2024-05-23,14,76,4.0
4630,Vicálvaro,casual,2024-03-19,2024-09-13,39,204,4.6
4631,Carabanchel,casual,2024-01-01,2024-03-03,14,73,4.0
4632,Hortaleza,casual,2024-11-08,2024-12-31,9,37,4.1
4633,Centro,casual,2024-11-15,2024-12-31,13,62,4.5
4634,Usera,casual,2024-02-14,2024-05-02,16,59,3.6
4635,Fuencarral - El Pardo,part_time,2024-05-17,2024-11-14,91,792,3.7
4636,Centro,casual,2024-01-01,2024-09-27,65,365,3.6
4637,Fuencarral - El Pardo,casual,2024-01-01,2024-03-24,21,122,3.9
4638,San Blas - Canillejas,part_time,2024-01-01,2024-02-02,9,59,4.2
4639,Hortaleza,casual,2024-10-15,2024-12-24,15,71,4.8
4640,Fuencarral - El Pardo,casual,2024-01-01,2024-06-06,39,190,3.8
4641,Puente de Vallecas,casual,2024-05-25,2024-08-22,20,105,4.0
4642,San Blas - Canillejas,casual,2024-11-18,2024-12-31,13,66,3.5
4643,Centro,casual,2024-01-01,2024-01-09,2,8,4.2
4644,Retiro,casual,2024-06-15,2024-08-28,18,92,3.5
4645,Moncloa - Aravaca,casual,2024-12-11,2024-12-31,3,16,4.0
4646,Tetuán,full_time,2024-09-18,2024-12-31,90,1809,4.7
4647,Latina,full_time,2024-01-01,2024-06-09,136,2775,4.9
4648,Puente de Vallecas,casual,2024-01-14,2024-03-29,13,59,4.1
4649,Vicálvaro,casual,2024-09-14,2024-12-14,25,126,3.9
4650,Moncloa - Aravaca,casual,2024-01-01,2024-02-05,6,24,4.6
4651,Salamanca,part_time,2024-07-05,2024-09-24,48,447,4.5
4652,Usera,part_time,2024-01-03,2024-04-20,56,525,4.1
4653,Villaverde,casual,2024-10-05,2024-12-31,23,121,4.9
4654,Retiro,casual,2024-01-01,2024-09-27,62,298,4.2
4655,Salamanca,casual,2024-04-07,2024-07-09,28,171,4.9
4656,Fuencarral - El Pardo,full_time,2024-09-13,2024-12-31,91,1724,4.8
4657,Barajas,full_time,2024-01-01,2024-02-16,42,881,4.9
4658,Villa de Vallecas,casual,2024-06-30,2024-10-04,18,104,3.7
4659,Puente de Vallecas,part_time,2024-12-14,2024-12-31,10,85,3.9
4660,Latina,casual,2024-07-30,2024-10-15,20,111,4.1
4661,Chamartín,part_time,2024-01-01,2024-02-08,14,133,4.6
4662,Latina,full_time,2024-10-27,2024-12-31,51,1005,3.9
4663,Puente de Vallecas,casual,2024-01-01,2024-02-28,15,68,3.8
4664,Ciudad Lineal,casual,2024-03-18,2024-06-17,21,130,4.0
4665,Villa de Vallecas,part_time,2024-01-07,2024-03-20,26,236,4.0
4666,Retiro,casual,2024-08-25,2024-11-30,22,87,4.7
4667,Vicálvaro,part_time,2024-01-01,2024-07-12,92,783,5.0
4668,Salamanca,casual,2024-02-02,2024-04-28,18,111,4.0
4669,Retiro,full_time,2024-02-10,2024-08-17,155,3135,3.6
4670,Ciudad Lineal,casual,2024-02-02,2024-05-13,28,129,4.6
4671,Hortaleza,casual,2024-09-24,2024-12-22,14,74,4.2
4672,Latina,casual,2024-05-24,2024-09-03,20,88,4.2
4673,Arganzuela,casual,2024-02-19,2024-12-31,63,283,4.0
4674,Moncloa - Aravaca,casual,2024-01-01,2024-03-15,16,89,4.2
4675,Tetuán,part_time,2024-11-15,2024-12-31,16,142,3.7
4676,Salamanca,casual,2024-03-08,2024-06-08,21,98,4.4
4677,Tetuán,casual,2024-01-24,2024-07-26,34,155,4.9
4678,Salamanca,casual,2024-01-01,2024-05-15,26,137,4.9
4679,Tetuán,casual,2024-12-10,2024-12-31,6,33,4.6
4680,Chamberí,full_time,2024-07-14,2024-09-21,59,1186,4.1
4681,Retiro,full_time,2024-01-01,2024-01-29,26,512,4.9
4682,Ciudad Lineal,casual,2024-01-01,2024-05-20,34,163,4.5
4683,Ciudad Lineal,part_time,2024-03-31,2024-09-11,70,618,4.3
4684,Arganzuela,part_time,2024-01-09,2024-03-23,37,315,3.9
4685,Villaverde,full_time,2024-07-12,2024-09-20,59,1169,4.6
4686,Chamartín,casual,2024-02-28,2024-05-16,20,98,4.7
4687,Tetuán,casual,2024-03-17,2024-06-04,10,48,4.3
4688,Carabanchel,casual,2024-09-22,2024-12-31,22,116,3.9
4689,Retiro,full_time,2024-05-23,2024-09-02,81,1603,4.1
4690,Puente de Vallecas,part_time,2024-01-01,2024-02-19,27,214,4.4
4691,Moncloa - Aravaca,casual,2024-01-29,2024-07-19,28,157,3.8
4692,Puente de Vallecas,casual,2024-10-18,2024-12-31,18,82,4.2
4693,Latina,part_time,2024-10-09,2024-12-31,35,304,3.6
4694,Moratalaz,full_time,2024-09-17,2024-12-01,61,1291,4.7
4695,Ciudad Lineal,casual,2024-10-09,2024-12-31,21,113,4.1
4696,Carabanchel,part_time,2024-01-01,2024-02-11,17,144,4.2
4697,Carabanchel,casual,2024-01-01,2024-03-07,13,57,4.8
4698,Puente de Vallecas,casual,2024-01-01,2024-01-09,3,12,4.1
4699,Usera,casual,2024-01-01,2024-02-29,17,74,4.2
4700,Centro,part_time,2024-09-27,2024-12-31,48,444,3.9
4701,Chamberí,full_time,2024-01-01,2024-01-18,15,297,4.7
4702,Carabanchel,casual,2024-03-08,2024-09-17,46,230,4.2
4703,Latina,casual,2024-01-01,2024-05-13,29,149,4.2
4704,Chamberí,casual,2024-10-17,2024-12-31,16,73,4.2
4705,San Blas - Canillejas,casual,2024-10-02,2024-12-31,15,80,4.5
4706,Latina,casual,2024-08-22,2024-12-31,24,113,4.3
4707,Centro,casual,2024-01-21,2024-07-29,36,166,4.2
4708,Villa de Vallecas,casual,2024-11-07,2024-12-31,11,70,4.5
4709,Salamanca,casual,2024-11-13,2024-12-31,8,39,4.5
4710,Puente de Vallecas,casual,2024-04-25,2024-12-31,43,229,4.6
4711,Arganzuela,part_time,2024-07-13,2024-09-28,36,308,4.2
4712,Moncloa - Aravaca,casual,2024-02-23,2024-06-07,30,151,5.0
4713,Vicálvaro,part_time,2024-08-10,2024-12-31,60,488,4.4
4714,Centro,full_time,2024-12-04,2024-12-31,27,570,4.7
4715,Moncloa - Aravaca,part_time,2024-03-01,2024-05-21,38,338,4.2
4716,Ciudad Lineal,casual,2024-02-11,2024-05-10,21,102,4.0
4717,Latina,casual,2024-01-01,2024-07-11,53,274,4.3
4718,Chamartín,part_time,2024-12-19,2024-12-31,9,72,4.4
4719,Tetuán,casual,2024-02-04,2024-12-31,65,331,4.0
4720,San Blas - Canillejas,casual,2024-12-17,2024-12-31,3,12,4.6
4721,Puente de Vallecas,casual,2024-07-15,2024-09-30,14,67,4.1
4722,Tetuán,casual,2024-01-01,2024-08-02,51,275,4.5
4723,Tetuán,casual,2024-07-05,2024-09-12,16,78,3.9
4724,Latina,part_time,2024-01-01,2024-03-13,29,255,4.2
4725,Ciudad Lineal,casual,2024-04-29,2024-07-19,19,90,4.0
4726,Latina,casual,2024-03-02,2024-08-30,34,207,4.1
4727,Ciudad Lineal,part_time,2024-05-18,2024-11-05,80,759,4.5
4728,Puente de Vallecas,casual,2024-03-17,2024-07-02,27,144,3.7
4729,Villa de Vallecas,part_time,2024-04-17,2024-08-03,46,415,3.9
4730,Tetuán,casual,2024-10-26,2024-12-31,20,125,4.0
4731,Tetuán,casual,2024-01-01,2024-04-04,22,106,3.9
4732,Chamberí,full_time,2024-11-27,2024-12-31,29,596,3.8
4733,Latina,casual,2024-05-31,2024-09-06,20,78,4.7
4734,Retiro,casual,2024-04-04,2024-12-31,57,281,3.7
4735,Puente de Vallecas,full_time,2024-01-01,2024-02-24,49,957,4.5
4736,Arganzuela,part_time,2024-01-01,2024-03-17,33,343,4.2
4737,Chamartín,part_time,2024-08-08,2024-12-31,61,529,3.7
4738,Chamartín,casual,2024-10-20,2024-12-31,24,117,3.9
4739,Barajas,casual,2024-05-21,2024-08-29,21,119,3.7
4740,Retiro,part_time,2024-01-04,2024-03-13,37,386,3.6
4741,Fuencarral - El Pardo,casual,2024-09-26,2024-12-31,23,103,4.0
4742,Moncloa - Aravaca,casual,2024-11-02,2024-12-31,11,60,4.6
4743,Villaverde,part_time,2024-08-07,2024-10-24,36,290,4.1
4744,Centro,casual,2024-01-01,2024-03-23,21,104,4.4
4745,Moncloa - Aravaca,casual,2024-04-02,2024-07-11,17,87,3.7
4746,Hortaleza,casual,2024-11-29,2024-12-31,7,43,4.8
4747,Centro,casual,2024-01-01,2024-04-15,26,123,4.0
4748,Villaverde,part_time,2024-01-01,2024-03-16,36,302,3.8
4749,Carabanchel,full_time,2024-08-23,2024-11-04,60,1214,4.0
4750,Latina,casual,2024-05-04,2024-10-14,46,220,5.0
4751,Carabanchel,casual,2024-01-06,2024-04-02,16,74,4.4
4752,Tetuán,casual,2024-06-13,2024-11-19,42,211,3.7
4753,Retiro,casual,2024-12-03,2024-12-31,3,16,3.7
4754,Centro,casual,2024-09-17,2024-12-31,33,180,4.6
4755,Salamanca,full_time,2024-01-01,2024-01-03,2,42,4.8
4756,Barajas,casual,2024-10-26,2024-12-31,15,82,3.6
4757,Centro,casual,2024-07-20,2024-10-03,15,77,3.9
4758,Fuencarral - El Pardo,full_time,2024-02-12,2024-04-27,61,1153,3.6
4759,Centro,casual,2024-01-01,2024-02-19,10,52,3.7
4760,Arganzuela,full_time,2024-12-16,2024-12-31,14,258,3.7
4761,Puente de Vallecas,casual,2024-01-01,2024-01-16,3,12,4.2
4762,Latina,casual,2024-01-01,2024-04-08,21,106,3.5
4763,Moncloa - Aravaca,full_time,2024-07-03,2024-12-31,146,2985,4.6
4764,Fuencarral - El Pardo,casual,2024-07-09,2024-12-31,51,251,4.1
4765,Salamanca,casual,2024-02-07,2024-04-29,23,115,4.1
4766,Arganzuela,casual,2024-06-23,2024-12-31,49,258,4.9
4767,Hortaleza,part_time,2024-09-17,2024-12-09,37,309,4.0
4768,Tetuán,part_time,2024-10-06,2024-12-18,30,286,3.6
4769,Vicálvaro,casual,2024-08-24,2024-12-31,40,216,4.1
4770,Puente de Vallecas,part_time,2024-01-01,2024-01-16,7,50,4.2
4771,Tetuán,part_time,2024-11-14,2024-12-31,25,248,4.2
4772,Barajas,casual,2024-06-19,2024-09-07,23,117,4.2
4773,Villaverde,casual,2024-04-19,2024-07-13,18,85,4.0
4774,Chamartín,casual,2024-01-01,2024-01-14,1,2,4.3
4775,Ciudad Lineal,casual,2024-06-24,2024-10-01,25,141,4.8
4776,Usera,casual,2024-01-01,2024-03-16,17,76,4.0
4777,Villaverde,casual,2024-06-07,2024-09-08,17,76,4.3
4778,Salamanca,casual,2024-01-04,2024-03-25,19,101,4.8
4779,Usera,casual,2024-08-06,2024-11-22,25,117,4.1
4780,Carabanchel,part_time,2024-01-01,2024-02-08,22,201,3.7
4781,Tetuán,casual,2024-03-18,2024-12-31,59,328,4.1
4782,Moncloa - Aravaca,full_time,2024-06-22,2024-12-13,141,2909,4.3
4783,Usera,full_time,2024-04-04,2024-06-26,72,1455,4.8
4784,Moncloa - Aravaca,part_time,2024-11-24,2024-12-31,20,164,4.8
4785,Hortaleza,full_time,2024-06-08,2024-08-18,65,1317,4.7
4786,Centro,full_time,2024-09-05,2024-12-17,86,1665,4.1
4787,Salamanca,casual,2024-05-01,2024-07-15,17,85,3.9
4788,Chamberí,part_time,2024-08-02,2024-12-31,63,535,4.2
4789,Latina,casual,2024-11-05,2024-12-31,10,58,4.0
4790,Latina,part_time,2024-03-30,2024-07-13,40,382,5.0
4791,Latina,casual,2024-12-17,2024-12-31,1,1,3.6
4792,Ciudad Lineal,casual,2024-01-01,2024-03-24,25,131,4.3
4793,Carabanchel,casual,2024-09-12,2024-12-31,28,143,4.1
4794,Hortaleza,full_time,2024-05-25,2024-08-31,83,1706,4.7
4795,Ciudad Lineal,casual,2024-01-01,2024-04-11,26,135,4.4
4796,Hortaleza,casual,2024-07-21,2024-09-29,17,93,3.6
4797,Ciudad Lineal,casual,2024-01-01,2024-03-12,13,62,4.5
4798,Arganzuela,casual,2024-11-09,2024-12-31,14,73,4.2
4799,Villaverde,part_time,2024-09-19,2024-12-31,37,371,4.4
4800,Latina,part_time,2024-07-31,2024-10-16,36,317,3.6
4801,Hortaleza,casual,2024-01-10,2024-04-18,17,79,4.3
4802,Puente de Vallecas,casual,2024-12-11,2024-12-31,5,30,4.3
4803,Moncloa - Aravaca,casual,2024-10-11,2024-12-31,17,73,3.7
4804,Moncloa - Aravaca,casual,2024-07-29,2024-12-31,43,196,4.4
4805,Moratalaz,part_time,2024-03-22,2024-06-12,46,420,4.9
4806,Arganzuela,part_time,2024-03-16,2024-09-30,96,840,3.5
4807,Ciudad Lineal,casual,2024-03-13,2024-05-30,16,89,3.9
4808,Ciudad Lineal,part_time,2024-10-11,2024-12-31,36,312,4.0
4809,Hortaleza,casual,2024-02-09,2024-05-26,25,129,4.3
4810,Puente de Vallecas,part_time,2024-01-28,2024-04-15,41,362,4.6
4811,Fuencarral - El Pardo,casual,2024-01-18,2024-04-04,14,75,4.5
4812,Retiro,part_time,2024-01-01,2024-10-20,115,1046,4.2
4813,Villa de Vallecas,casual,2024-06-09,2024-12-04,41,197,4.9
4814,Hortaleza,full_time,2024-10-14,2024-12-31,63,1281,4.0
4815,Centro,casual,2024-11-22,2024-12-31,8,43,4.7
4816,Carabanchel,casual,2024-01-01,2024-02-07,6,36,4.7
4817,Hortaleza,casual,2024-01-01,2024-01-21,1,1,3.7
4818,Hortaleza,casual,2024-03-19,2024-06-12,19,103,3.6
4819,Moncloa - Aravaca,casual,2024-09-21,2024-12-31,27,150,5.0
4820,Arganzuela,part_time,2024-10-25,2024-12-31,25,196,4.0
4821,Carabanchel,part_time,2024-01-01,2024-05-02,50,417,4.5
4822,Chamartín,casual,2024-01-29,2024-05-15,24,126,3.5
4823,Puente de Vallecas,part_time,2024-11-16,2024-12-31,22,204,4.6
4824,Puente de Vallecas,part_time,2024-03-04,2024-12-31,145,1339,4.0
4825,Moncloa - Aravaca,casual,2024-04-07,2024-07-04,18,99,4.4
4826,Villa de Vallecas,casual,2024-01-01,2024-05-15,39,175,3.6
4827,Centro,casual,2024-01-01,2024-03-23,24,112,3.7
4828,Vicálvaro,casual,2024-01-01,2024-02-19,11,46,4.7
4829,Centro,part_time,2024-08-05,2024-11-03,44,413,4.3
4830,Arganzuela,full_time,2024-06-10,2024-12-31,178,3614,4.7
4831,Fuencarral - El Pardo,part_time,2024-01-17,2024-07-20,78,667,3.7
4832,Usera,casual,2024-03-18,2024-12-31,55,297,4.0
4833,Villaverde,part_time,2024-01-01,2024-03-28,39,377,4.8
4834,Barajas,part_time,2024-01-01,2024-01-10,5,38,4.4
4835,Chamberí,casual,2024-01-01,2024-03-13,15,73,4.5
4836,Chamartín,part_time,2024-01-01,2024-02-28,30,264,3.8
4837,Tetuán,casual,2024-12-20,2024-12-31,1,5,4.3
4838,Chamartín,casual,2024-01-04,2024-04-22,31,158,4.6
4839,Barajas,casual,2024-01-01,2024-02-29,12,56,3.8
4840,Ciudad Lineal,casual,2024-09-26,2024-12-31,23,122,3.9
4841,Usera,full_time,2024-03-31,2024-06-08,60,1270,3.5
4842,Hortaleza,casual,2024-01-01,2024-05-29,36,162,4.9
4843,Carabanchel,casual,2024-01-01,2024-06-08,35,171,4.8
4844,Moncloa - Aravaca,casual,2024-01-01,2024-03-03,10,56,3.6
4845,Vicálvaro,casual,2024-01-01,2024-02-28,16,74,4.7
4846,Usera,casual,2024-08-05,2024-11-12,29,148,4.3
4847,Hortaleza,casual,2024-01-01,2024-11-16,65,320,4.9
4848,Chamartín,part_time,2024-01-01,2024-03-22,39,316,4.3
4849,Latina,casual,2024-09-13,2024-12-31,23,109,3.8
4850,Vicálvaro,part_time,2024-01-01,2024-01-11,7,65,4.8
4851,Hortaleza,casual,2024-02-27,2024-08-20,47,233,4.9
4852,Fuencarral - El Pardo,part_time,2024-01-01,2024-04-01,36,294,4.3
4853,Villaverde,part_time,2024-01-01,2024-01-13,9,83,4.1
4854,Carabanchel,casual,2024-02-15,2024-12-31,74,368,4.7
4855,Vicálvaro,casual,2024-01-01,2024-03-10,17,82,3.6
4856,Carabanchel,full_time,2024-01-01,2024-01-31,28,569,4.8
4857,Moncloa - Aravaca,casual,2024-03-30,2024-09-10,35,189,4.8
4858,Hortaleza,part_time,2024-10-09,2024-12-31,34,322,3.9
4859,Centro,casual,2024-01-01,2024-12-16,78,407,3.5
4860,Chamberí,casual,2024-01-01,2024-02-07,11,54,3.5
4861,San Blas - Canillejas,casual,2024-02-15,2024-05-20,20,105,5.0
4862,Puente de Vallecas,full_time,2024-04-20,2024-07-25,82,1685,4.7
4863,Villaverde,casual,2024-01-01,2024-07-24,40,200,4.0
4864,Hortaleza,part_time,2024-01-01,2024-08-28,114,1020,4.8
4865,Chamartín,part_time,2024-01-01,2024-12-31,165,1425,4.8
4866,Tetuán,casual,2024-12-05,2024-12-31,3,18,4.9
4867,Usera,casual,2024-08-11,2024-12-31,36,174,4.3
4868,Moncloa - Aravaca,casual,2024-01-07,2024-04-02,22,106,4.7
4869,Vicálvaro,casual,2024-07-29,2024-12-31,28,151,3.6
4870,Carabanchel,part_time,2024-01-30,2024-08-06,90,805,3.7
4871,Latina,casual,2024-10-11,2024-12-26,19,90,4.4
4872,Centro,casual,2024-05-31,2024-12-12,49,262,3.7
4873,Villa de Vallecas,part_time,2024-07-11,2024-12-31,80,754,3.6
4874,Tetuán,part_time,2024-03-28,2024-06-07,37,320,3.7
4875,Vicálvaro,casual,2024-08-25,2024-11-16,11,56,4.2
4876,Fuencarral - El Pardo,part_time,2024-04-30,2024-11-15,104,918,4.2
4877,Centro,casual,2024-03-29,2024-12-31,63,312,4.9
4878,Hortaleza,part_time,2024-05-07,2024-10-15,64,547,4.1
4879,Fuencarral - El Pardo,casual,2024-01-01,2024-01-26,2,11,4.3
4880,Puente de Vallecas,casual,2024-03-15,2024-09-20,37,156,4.7
4881,Puente de Vallecas,casual,2024-01-01,2024-01-23,4,27,4.7
4882,Centro,part_time,2024-01-01,2024-03-20,34,290,4.0
4883,Villa de Vallecas,part_time,2024-05-02,2024-08-09,38,326,4.6
4884,Vicálvaro,casual,2024-03-30,2024-07-07,31,177,4.8
4885,Villa de Vallecas,full_time,2024-01-01,2024-01-23,19,367,4.7
4886,Villa de Vallecas,part_time,2024-01-01,2024-03-01,25,220,4.0
4887,Fuencarral - El Pardo,casual,2024-04-26,2024-08-05,20,102,4.6
4888,Salamanca,part_time,2024-12-14,2024-12-31,12,110,4.6
4889,Ciudad Lineal,casual,2024-05-19,2024-08-02,18,112,3.9
4890,Villa de Vallecas,full_time,2024-09-23,2024-12-02,58,1162,4.5
4891,Salamanca,casual,2024-04-30,2024-07-13,11,60,3.6
4892,Villa de Vallecas,casual,2024-01-01,2024-04-11,17,84,3.9
4893,Chamartín,casual,2024-01-01,2024-01-16,3,10,3.5
4894,San Blas - Canillejas,casual,2024-04-03,2024-06-13,11,62,3.7
4895,Latina,part_time,2024-11-17,2024-12-31,18,150,3.7
4896,Barajas,casual,2024-01-01,2024-08-19,53,284,4.9
4897,Carabanchel,casual,2024-01-10,2024-07-26,38,180,3.7
4898,Puente de Vallecas,casual,2024-08-13,2024-11-13,22,125,3.6
4899,Hortaleza,full_time,2024-09-03,2024-12-02,79,1522,4.6
4900,San Blas - Canillejas,part_time,2024-07-13,2024-09-23,32,312,4.5
4901,Ciudad Lineal,casual,2024-02-24,2024-06-07,25,120,4.5
4902,Villaverde,casual,2024-12-07,2024-12-31,4,13,4.8
4903,Carabanchel,casual,2024-01-01,2024-09-09,51,276,4.5
4904,Puente de Vallecas,full_time,2024-02-07,2024-05-15,82,1684,4.5
4905,Hortaleza,part_time,2024-10-18,2024-12-31,36,335,4.2
4906,Tetuán,part_time,2024-11-15,2024-12-31,18,150,4.3
4907,Hortaleza,full_time,2024-12-08,2024-12-31,20,394,4.6
4908,Hortaleza,casual,2024-05-30,2024-09-02,20,89,4.0
4909,Fuencarral - El Pardo,part_time,2024-09-29,2024-12-31,44,389,3.6
4910,Latina,casual,2024-01-01,2024-03-26,15,66,4.1
4911,Carabanchel,casual,2024-11-10,2024-12-31,11,52,4.1
4912,Tetuán,casual,2024-09-12,2024-12-12,21,92,3.8
4913,Barajas,casual,2024-04-06,2024-06-27,16,76,4.6
4914,Fuencarral - El Pardo,full_time,2024-01-01,2024-06-27,153,3109,4.7
4915,San Blas - Canillejas,casual,2024-09-17,2024-11-28,10,60,3.7
4916,Barajas,part_time,2024-01-01,2024-11-10,125,1151,4.2
4917,Usera,part_time,2024-12-22,2024-12-31,3,25,4.0
4918,Villaverde,part_time,2024-09-16,2024-12-31,52,461,4.4
4919,Fuencarral - El Pardo,full_time,2024-09-25,2024-12-31,81,1574,3.6
4920,San Blas - Canillejas,casual,2024-01-01,2024-09-01,50,217,4.9
4921,Chamberí,casual,2024-08-23,2024-11-16,26,116,3.6
4922,Hortaleza,casual,2024-07-06,2024-12-31,32,149,4.7
4923,Moncloa - Aravaca,casual,2024-01-01,2024-10-26,72,367,3.8
4924,Puente de Vallecas,full_time,2024-01-01,2024-02-22,50,958,4.7
4925,Moncloa - Aravaca,casual,2024-09-02,2024-11-30,25,134,3.9
4926,San Blas - Canillejas,casual,2024-01-01,2024-06-08,35,161,4.7
4927,Ciudad Lineal,casual,2024-01-01,2024-03-11,13,61,4.9
4928,Puente de Vallecas,casual,2024-01-01,2024-01-24,6,30,4.9
4929,Hortaleza,part_time,2024-01-01,2024-07-01,80,685,4.8
4930,San Blas - Canillejas,casual,2024-01-08,2024-12-31,84,444,4.1
4931,Villa de Vallecas,part_time,2024-01-01,2024-01-28,9,83,4.1
4932,Villa de Vallecas,part_time,2024-06-15,2024-09-14,43,410,4.9
4933,Carabanchel,part_time,2024-11-13,2024-12-31,21,185,4.8
4934,Carabanchel,casual,2024-06-28,2024-10-03,31,150,4.2
4935,Arganzuela,part_time,2024-04-09,2024-10-20,80,752,4.1
4936,Fuencarral - El Pardo,casual,2024-01-01,2024-06-14,36,168,3.6
4937,Puente de Vallecas,casual,2024-04-21,2024-07-18,17,91,4.0
4938,Moncloa - Aravaca,part_time,2024-07-10,2024-09-20,30,290,4.2
4939,Centro,part_time,2024-10-30,2024-12-31,31,282,4.7
4940,Villaverde,casual,2024-11-08,2024-12-31,16,82,4.0
4941,Carabanchel,full_time,2024-01-01,2024-11-25,277,5604,4.0
4942,San Blas - Canillejas,casual,2024-01-01,2024-04-12,30,168,3.5
4943,Ciudad Lineal,part_time,2024-08-16,2024-11-27,45,454,3.6
4944,Hortaleza,full_time,2024-12-09,2024-12-31,20,384,4.7
4945,Villa de Vallecas,casual,2024-12-12,2024-12-31,4,22,3.7
4946,Carabanchel,part_time,2024-12-29,2024-12-31,2,17,4.9
4947,Puente de Vallecas,part_time,2024-01-01,2024-05-12,57,503,3.6
4948,Usera,part_time,2024-10-17,2024-12-31,34,316,4.7
4949,Moncloa - Aravaca,part_time,2024-01-01,2024-01-23,9,80,3.7
4950,Fuencarral - El Pardo,part_time,2024-01-01,2024-01-11,5,42,4.5
4951,Vicálvaro,casual,2024-05-07,2024-12-31,68,394,4.6
4952,Centro,part_time,2024-01-01,2024-03-08,29,252,3.8
4953,Hortaleza,casual,2024-03-26,2024-06-26,18,90,4.3
4954,Latina,full_time,2024-01-01,2024-01-09,6,125,4.7
4955,Ciudad Lineal,casual,2024-01-01,2024-02-17,10,42,3.8
4956,Tetuán,casual,2024-01-01,2024-05-31,37,191,4.3
4957,Puente de Vallecas,full_time,2024-06-20,2024-08-29,65,1289,4.3
4958,Chamartín,casual,2024-03-13,2024-05-25,14,67,4.7
4959,Arganzuela,casual,2024-06-10,2024-09-22,20,117,4.0
4960,Retiro,part_time,2024-04-21,2024-12-31,112,1029,4.5
4961,Ciudad Lineal,casual,2024-01-01,2024-01-02,1,1,4.9
4962,Latina,casual,2024-10-26,2024-12-31,20,78,4.6
4963,Tetuán,casual,2024-01-01,2024-02-11,6,39,3.5
4964,Arganzuela,casual,2024-09-30,2024-12-31,11,63,3.7
4965,Fuencarral - El Pardo,casual,2024-12-21,2024-12-31,2,8,4.1
4966,Puente de Vallecas,casual,2024-11-08,2024-12-31,10,56,4.1
4967,Carabanchel,casual,2024-04-25,2024-10-23,35,167,4.0
4968,Retiro,casual,2024-09-20,2024-12-06,16,86,4.2
4969,Villa de Vallecas,casual,2024-01-01,2024-04-06,26,160,4.9
4970,Carabanchel,part_time,2024-12-03,2024-12-31,14,134,4.7
4971,Barajas,part_time,2024-01-01,2024-01-17,6,61,3.7
4972,Tetuán,casual,2024-02-08,2024-12-31,69,366,4.2
4973,Usera,casual,2024-01-01,2024-12-03,69,384,4.5
4974,Usera,full_time,2024-09-10,2024-12-31,97,1950,3.7
4975,Hortaleza,part_time,2024-09-05,2024-12-08,46,417,3.6
4976,Hortaleza,casual,2024-02-18,2024-06-05,21,126,4.9
4977,Centro,casual,2024-01-01,2024-03-29,17,101,4.7
4978,Vicálvaro,casual,2024-10-01,2024-12-17,15,70,4.8
4979,Vicálvaro,part_time,2024-12-20,2024-12-31,6,59,4.7
4980,San Blas - Canillejas,full_time,2024-01-01,2024-02-13,40,806,4.5
4981,Latina,full_time,2024-08-29,2024-12-07,84,1682,4.6
4982,San Blas - Canillejas,casual,2024-05-18,2024-08-30,18,94,4.3
4983,Centro,casual,2024-01-01,2024-06-16,45,222,3.9
4984,Villa de Vallecas,casual,2024-01-01,2024-01-07,1,1,3.6
4985,Chamartín,casual,2024-08-01,2024-12-31,29,138,4.4
4986,Villaverde,casual,2024-01-01,2024-03-02,14,65,3.8
4987,Fuencarral - El Pardo,part_time,2024-10-14,2024-12-31,37,348,4.7
4988,Hortaleza,casual,2024-01-01,2024-05-20,30,140,4.3
4989,Puente de Vallecas,full_time,2024-05-26,2024-11-14,149,3065,5.0
4990,Fuencarral - El Pardo,casual,2024-02-11,2024-05-09,21,110,4.1
4991,Ciudad Lineal,casual,2024-08-23,2024-11-04,20,97,4.1
4992,Tetuán,full_time,2024-01-01,2024-02-23,48,1003,3.9
4993,Fuencarral - El Pardo,part_time,2024-01-08,2024-07-05,80,713,3.9
4994,Carabanchel,casual,2024-05-17,2024-08-25,24,109,4.2
4995,Ciudad Lineal,part_time,2024-03-03,2024-12-31,144,1246,3.6
4996,Chamberí,casual,2024-03-06,2024-12-31,78,365,4.8
4997,Centro,casual,2024-01-01,2024-02-05,10,51,3.6
4998,Ciudad Lineal,casual,2024-01-01,2024-01-25,7,33,4.9
4999,Carabanchel,casual,2024-01-01,2024-05-04,22,118,4.1
5000,Chamartín,part_time,2024-01-01,2024-01-18,8,67,4.2
5001,Chamartín,casual,2024-01-01,2024-04-29,32,131,4.9
5002,Chamartín,part_time,2024-01-01,2024-02-13,21,201,4.6
5003,San Blas - Canillejas,part_time,2024-05-29,2024-08-30,43,365,3.9
5004,San Blas - Canillejas,casual,2024-01-01,2024-02-19,7,28,4.0
5005,Usera,casual,2024-02-25,2024-08-08,38,179,3.7
5006,Carabanchel,casual,2024-09-14,2024-12-27,31,183,4.5
5007,Puente de Vallecas,part_time,2024-08-29,2024-12-31,57,501,4.5
5008,Puente de Vallecas,part_time,2024-05-02,2024-11-08,84,757,4.8
5009,Usera,part_time,2024-01-01,2024-01-18,5,44,3.9
5010,Puente de Vallecas,casual,2024-06-02,2024-09-02,21,113,3.6
5011,Moncloa - Aravaca,casual,2024-01-28,2024-04-24,20,107,3.8
5012,Moncloa - Aravaca,casual,2024-02-20,2024-12-31,71,346,4.9
5013,Moncloa - Aravaca,casual,2024-11-20,2024-12-31,9,39,5.0
5014,Ciudad Lineal,part_time,2024-06-24,2024-10-10,47,404,4.0
5015,Latina,casual,2024-12-04,2024-12-31,6,35,4.2
5016,Hortaleza,casual,2024-01-02,2024-04-06,21,99,4.8
5017,Fuencarral - El Pardo,casual,2024-01-31,2024-05-02,19,99,4.2
5018,Arganzuela,casual,2024-01-01,2024-03-07,17,76,4.9
5019,Chamartín,part_time,2024-01-01,2024-02-13,17,149,4.8
5020,Usera,casual,2024-01-01,2024-01-06,1,6,4.6
5021,Hortaleza,full_time,2024-11-09,2024-12-31,43,901,4.4
5022,San Blas - Canillejas,part_time,2024-01-01,2024-11-26,147,1289,3.8
5023,Hortaleza,full_time,2024-12-04,2024-12-31,24,453,3.8
5024,Fuencarral - El Pardo,part_time,2024-10-28,2024-12-31,23,218,4.8
5025,Puente de Vallecas,part_time,2024-07-01,2024-12-31,87,782,3.9
5026,Carabanchel,part_time,2024-11-25,2024-12-31,16,136,3.9
5027,Barajas,casual,2024-02-07,2024-04-28,25,123,4.8
5028,San Blas - Canillejas,casual,2024-10-24,2024-12-31,18,110,3.6
5029,Moncloa - Aravaca,part_time,2024-07-10,2024-12-31,71,672,4.6
5030,San Blas - Canillejas,casual,2024-07-06,2024-09-23,19,76,4.4
5031,Barajas,casual,2024-07-04,2024-10-20,24,124,3.6
5032,Retiro,full_time,2024-11-19,2024-12-31,35,737,3.8
5033,Carabanchel,casual,2024-11-23,2024-12-31,6,34,3.9
5034,Chamberí,casual,2024-01-01,2024-03-24,15,71,3.8
5035,Centro,part_time,2024-01-01,2024-02-12,19,190,3.8
5036,Tetuán,casual,2024-01-22,2024-05-09,26,127,4.8
5037,Villaverde,full_time,2024-10-10,2024-12-19,62,1257,4.9
5038,Arganzuela,casual,2024-01-01,2024-02-14,12,60,3.8
5039,Puente de Vallecas,full_time,2024-07-30,2024-10-30,75,1543,4.4
5040,Villaverde,part_time,2024-03-22,2024-07-07,44,372,4.1
5041,Vicálvaro,casual,2024-10-28,2024-12-31,16,79,4.1
5042,Centro,casual,2024-10-08,2024-12-31,21,104,4.9
5043,Villa de Vallecas,casual,2024-01-07,2024-12-31,80,401,3.6
5044,Barajas,casual,2024-03-15,2024-06-27,37,187,5.0
5045,Chamartín,casual,2024-10-17,2024-12-31,16,81,4.0
5046,Villa de Vallecas,full_time,2024-01-01,2024-05-16,115,2366,4.4
5047,Ciudad Lineal,casual,2024-02-02,2024-12-31,72,329,4.9
5048,Villa de Vallecas,part_time,2024-12-01,2024-12-31,16,150,4.5
5049,Ciudad Lineal,casual,2024-06-28,2024-10-11,24,130,4.7
5050,Vicálvaro,full_time,2024-11-25,2024-12-31,33,634,3.6
5051,Carabanchel,casual,2024-05-01,2024-07-13,10,61,4.4
5052,Moncloa - Aravaca,casual,2024-06-18,2024-11-30,32,162,4.0
5053,Puente de Vallecas,part_time,2024-11-18,2024-12-31,18,155,4.1
5054,Villa de Vallecas,casual,2024-09-07,2024-11-18,18,88,3.9
5055,Carabanchel,part_time,2024-10-25,2024-12-31,27,239,4.4
5056,Carabanchel,casual,2024-10-18,2024-12-31,18,80,4.3
5057,Fuencarral - El Pardo,casual,2024-01-01,2024-02-26,18,88,3.7
5058,Usera,casual,2024-01-01,2024-07-03,40,181,4.6
5059,Barajas,part_time,2024-08-15,2024-12-31,62,532,3.9
5060,Hortaleza,casual,2024-10-13,2024-12-31,12,52,4.4
5061,Vicálvaro,casual,2024-08-09,2024-12-31,39,212,4.8
5062,Tetuán,casual,2024-02-20,2024-05-23,16,77,4.1
5063,Carabanchel,casual,2024-07-15,2024-10-04,16,74,4.5
5064,Puente de Vallecas,casual,2024-08-05,2024-10-18,15,78,4.8
5065,Moncloa - Aravaca,full_time,2024-04-19,2024-07-18,82,1699,4.4
5066,Centro,casual,2024-05-24,2024-11-11,40,210,5.0
5067,Hortaleza,part_time,2024-12-25,2024-12-31,3,26,3.6
5068,Carabanchel,casual,2024-05-02,2024-10-17,36,181,4.0
5069,Chamberí,casual,2024-01-01,2024-04-02,20,108,4.6
5070,Latina,casual,2024-05-28,2024-08-08,23,116,4.2
5071,Moncloa - Aravaca,casual,2024-01-01,2024-03-23,21,112,3.9
5072,Hortaleza,casual,2024-05-18,2024-12-31,52,259,4.0
5073,Carabanchel,casual,2024-11-16,2024-12-31,10,52,4.6
5074,Hortaleza,casual,2024-08-01,2024-11-14,24,136,4.7
5075,Carabanchel,full_time,2024-11-06,2024-12-31,45,908,4.5
5076,Hortaleza,casual,2024-06-15,2024-12-31,45,220,4.8
5077,Puente de Vallecas,casual,2024-04-19,2024-07-18,18,85,4.3
5078,Vicálvaro,casual,2024-04-20,2024-10-24,39,192,4.7
5079,Usera,casual,2024-06-01,2024-08-31,21,90,3.7
5080,Carabanchel,part_time,2024-03-18,2024-07-05,54,492,5.0
5081,Hortaleza,casual,2024-01-01,2024-02-19,15,82,4.8
5082,Moncloa - Aravaca,part_time,2024-07-19,2024-12-31,72,629,4.8
5083,Centro,casual,2024-01-01,2024-01-26,2,7,4.8
5084,Fuencarral - El Pardo,casual,2024-01-19,2024-03-29,14,70,4.8
5085,Hortaleza,full_time,2024-01-01,2024-11-27,273,5329,3.6
5086,Arganzuela,casual,2024-12-25,2024-12-31,2,12,4.9
5087,Ciudad Lineal,part_time,2024-01-01,2024-08-06,105,931,3.8
5088,Barajas,casual,2024-09-28,2024-12-31,18,88,4.8
5089,Latina,full_time,2024-04-08,2024-07-11,76,1520,4.3
5090,Villa de Vallecas,casual,2024-01-08,2024-04-12,25,125,3.9
5091,Centro,casual,2024-01-01,2024-01-15,3,16,4.0
5092,Hortaleza,part_time,2024-01-01,2024-02-19,17,165,3.9
5093,Chamartín,casual,2024-04-22,2024-06-30,15,64,4.6
5094,Salamanca,casual,2024-04-11,2024-06-25,15,61,4.6
5095,Usera,full_time,2024-07-16,2024-10-08,69,1395,4.1
5096,Hortaleza,part_time,2024-01-01,2024-01-30,13,133,4.1
5097,Retiro,part_time,2024-01-01,2024-07-26,88,762,3.8
5098,Latina,part_time,2024-01-01,2024-01-11,6,46,4.1
5099,Puente de Vallecas,part_time,2024-11-01,2024-12-31,28,266,4.5
5100,Hortaleza,full_time,2024-03-22,2024-07-06,90,1882,4.4
5101,Ciudad Lineal,part_time,2024-07-02,2024-09-13,36,301,3.7
5102,Chamartín,casual,2024-06-03,2024-12-31,38,193,4.6
5103,Villa de Vallecas,casual,2024-01-20,2024-05-07,21,105,5.0
5104,Arganzuela,part_time,2024-01-01,2024-04-06,40,367,4.7
5105,Villaverde,part_time,2024-05-23,2024-11-04,74,677,3.5
5106,Fuencarral - El Pardo,casual,2024-11-09,2024-12-31,14,51,4.7
5107,Moncloa - Aravaca,casual,2024-11-11,2024-12-31,13,87,3.5
5108,Latina,casual,2024-01-01,2024-06-13,33,171,3.7
5109,Moncloa - Aravaca,casual,2024-01-01,2024-05-26,32,137,3.9
5110,Ciudad Lineal,part_time,2024-03-19,2024-06-06,35,311,4.2
5111,Fuencarral - El Pardo,casual,2024-01-01,2024-06-28,35,167,4.8
5112,Hortaleza,part_time,2024-12-15,2024-12-31,6,51,4.7
5113,Moncloa - Aravaca,part_time,2024-01-01,2024-01-16,7,60,4.1
5114,Usera,full_time,2024-01-03,2024-03-27,73,1516,4.2
5115,Chamartín,casual,2024-01-01,2024-01-16,4,20,3.8
5116,Centro,full_time,2024-10-28,2024-12-31,55,1083,4.9
5117,Puente de Vallecas,part_time,2024-05-02,2024-08-05,46,411,3.9
5118,Moncloa - Aravaca,part_time,2024-01-20,2024-04-12,34,264,3.8
5119,Usera,casual,2024-04-12,2024-06-21,16,87,5.0
5120,Centro,casual,2024-01-01,2024-02-18,11,57,3.8
5121,Carabanchel,part_time,2024-01-01,2024-03-17,32,267,3.8
5122,Centro,casual,2024-12-08,2024-12-31,8,39,5.0
5123,Hortaleza,casual,2024-05-28,2024-12-31,43,205,3.6
5124,Puente de Vallecas,part_time,2024-06-24,2024-12-02,70,607,3.5
5125,Usera,part_time,2024-03-21,2024-09-12,78,709,4.2
5126,Villaverde,casual,2024-01-01,2024-12-24,75,421,3.9
5127,Hortaleza,casual,2024-09-21,2024-12-11,16,77,4.8
5128,Centro,casual,2024-01-01,2024-01-28,5,28,4.6
5129,Puente de Vallecas,full_time,2024-07-29,2024-11-08,92,1756,4.3
5130,Fuencarral - El Pardo,full_time,2024-06-02,2024-09-17,96,1868,3.5
5131,Hortaleza,casual,2024-02-26,2024-05-17,15,79,3.9
5132,Centro,casual,2024-01-01,2024-04-23,19,81,4.8
5133,Fuencarral - El Pardo,casual,2024-09-21,2024-12-31,30,132,3.9
5134,Hortaleza,casual,2024-11-30,2024-12-31,7,27,3.5
5135,Puente de Vallecas,full_time,2024-01-01,2024-02-24,40,794,3.8
5136,Usera,casual,2024-01-01,2024-03-19,14,72,4.6
5137,Vicálvaro,casual,2024-07-27,2024-11-11,30,128,4.8
5138,Carabanchel,casual,2024-09-23,2024-12-07,17,79,3.9
5139,Latina,casual,2024-04-05,2024-09-17,40,205,3.8
5140,Hortaleza,part_time,2024-11-28,2024-12-31,13,119,4.8
5141,Carabanchel,part_time,2024-11-02,2024-12-31,28,227,3.8
5142,Chamartín,part_time,2024-01-01,2024-02-26,27,237,4.0
5143,Fuencarral - El Pardo,casual,2024-01-01,2024-03-18,22,120,4.1
5144,Ciudad Lineal,full_time,2024-01-01,2024-03-03,54,1051,4.1
5145,Hortaleza,casual,2024-11-07,2024-12-31,16,66,3.6
5146,Hortaleza,part_time,2024-04-28,2024-11-08,89,759,4.8
5147,Chamartín,full_time,2024-11-29,2024-12-31,27,547,3.8
5148,Chamartín,casual,2024-08-25,2024-12-11,31,165,4.1
5149,Usera,full_time,2024-09-01,2024-11-29,72,1505,4.5
5150,Fuencarral - El Pardo,casual,2024-01-01,2024-03-30,21,103,4.7
5151,Chamberí,part_time,2024-01-01,2024-02-19,22,208,4.4
5152,Puente de Vallecas,casual,2024-11-30,2024-12-31,8,46,4.0
5153,Chamberí,casual,2024-01-01,2024-12-12,64,318,3.5
5154,Moncloa - Aravaca,casual,2024-12-27,2024-12-31,1,5,4.2
5155,Retiro,casual,2024-01-01,2024-07-01,35,188,4.3
5156,Retiro,casual,2024-04-06,2024-12-31,55,304,4.0
5157,Hortaleza,casual,2024-06-18,2024-09-19,15,76,4.4
5158,Fuencarral - El Pardo,part_time,2024-01-01,2024-02-06,18,161,4.7
5159,Ciudad Lineal,casual,2024-06-05,2024-08-13,17,86,3.6
5160,Moncloa - Aravaca,casual,2024-11-06,2024-12-31,17,78,4.7
5161,Hortaleza,full_time,2024-05-04,2024-07-19,66,1284,4.4
5162,Chamberí,full_time,2024-05-01,2024-08-07,86,1773,4.0
5163,Villaverde,casual,2024-08-13,2024-11-23,32,163,4.5
5164,Villa de Vallecas,casual,2024-09-03,2024-12-31,31,167,4.6
5165,Barajas,part_time,2024-10-17,2024-12-31,33,284,4.6
5166,Vicálvaro,part_time,2024-02-26,2024-09-11,91,825,4.1
5167,Tetuán,casual,2024-04-25,2024-07-18,19,95,4.4
5168,Tetuán,part_time,2024-04-30,2024-08-08,47,404,4.2
5169,Puente de Vallecas,casual,2024-12-15,2024-12-31,5,27,4.0
5170,Moncloa - Aravaca,casual,2024-11-30,2024-12-31,5,19,3.7
5171,Ciudad Lineal,part_time,2024-06-06,2024-12-09,77,668,4.9
5172,Villa de Vallecas,part_time,2024-01-01,2024-07-23,87,799,3.7
5173,Hortaleza,part_time,2024-11-07,2024-12-31,25,233,4.5
5174,Fuencarral - El Pardo,casual,2024-01-01,2024-03-19,22,127,4.1
5175,Retiro,casual,2024-01-01,2024-02-16,14,55,4.7
5176,Moncloa - Aravaca,casual,2024-01-01,2024-10-27,64,343,4.2
5177,Chamartín,casual,2024-07-17,2024-12-30,34,167,3.8
5178,Tetuán,casual,2024-01-01,2024-02-07,11,61,3.7
5179,Moncloa - Aravaca,casual,2024-02-10,2024-05-27,25,136,4.1
5180,Chamartín,casual,2024-09-09,2024-12-31,20,114,4.3
5181,Vicálvaro,part_time,2024-07-25,2024-11-05,51,471,4.4
5182,Carabanchel,casual,2024-01-01,2024-02-15,6,20,4.8
5183,Puente de Vallecas,casual,2024-01-01,2024-05-25,28,144,4.1
5184,San Blas - Canillejas,part_time,2024-06-14,2024-12-31,89,773,4.7
5185,Chamartín,casual,2024-01-01,2024-02-25,11,51,3.8
5186,Carabanchel,full_time,2024-01-01,2024-01-08,7,151,4.8
5187,Barajas,casual,2024-12-28,2024-12-31,1,1,3.6
5188,Usera,casual,2024-07-05,2024-10-13,28,132,4.7
5189,Usera,full_time,2024-02-18,2024-08-26,155,3108,3.9
5190,Latina,part_time,2024-06-24,2024-10-10,42,352,4.5
5191,Villa de Vallecas,part_time,2024-08-07,2024-10-23,37,301,4.3
5192,Villa de Vallecas,part_time,2024-03-24,2024-10-03,89,786,4.4
5193,Retiro,casual,2024-06-30,2024-12-21,31,159,5.0
5194,Villa de Vallecas,part_time,2024-07-27,2024-12-31,70,642,4.4
5195,Moncloa - Aravaca,full_time,2024-01-01,2024-03-23,65,1264,3.8
5196,Moncloa - Aravaca,full_time,2024-02-21,2024-08-19,148,2945,4.1
5197,Latina,casual,2024-02-27,2024-05-15,28,142,3.6
5198,Tetuán,casual,2024-10-03,2024-12-19,19,110,4.0
5199,Usera,part_time,2024-09-16,2024-12-20,42,389,3.9
5200,Carabanchel,casual,2024-09-16,2024-12-31,22,118,4.5
5201,Puente de Vallecas,casual,2024-04-26,2024-07-13,18,96,4.9
5202,Puente de Vallecas,casual,2024-06-21,2024-09-19,19,92,3.9
5203,Vicálvaro,casual,2024-06-02,2024-12-31,48,241,4.8
5204,Chamartín,casual,2024-01-01,2024-08-20,47,245,4.8
5205,Villa de Vallecas,casual,2024-12-19,2024-12-31,2,9,4.4
5206,Tetuán,casual,2024-01-22,2024-07-28,49,243,4.5
5207,San Blas - Canillejas,casual,2024-01-29,2024-12-31,80,416,4.7
5208,Hortaleza,full_time,2024-09-28,2024-12-31,73,1489,4.1
5209,Ciudad Lineal,casual,2024-09-08,2024-12-03,21,106,5.0
5210,Fuencarral - El Pardo,casual,2024-03-25,2024-10-10,40,190,4.1
5211,Ciudad Lineal,casual,2024-01-01,2024-10-25,61,283,3.6
5212,Moncloa - Aravaca,casual,2024-06-23,2024-12-02,38,182,4.6
5213,Fuencarral - El Pardo,full_time,2024-04-11,2024-07-22,88,1697,4.0
5214,Puente de Vallecas,full_time,2024-03-11,2024-12-31,252,5010,3.5
5215,Latina,casual,2024-09-12,2024-12-31,31,154,3.8
5216,Retiro,casual,2024-01-01,2024-02-27,12,55,4.1
5217,Ciudad Lineal,casual,2024-05-25,2024-12-31,52,236,3.8
5218,Puente de Vallecas,casual,2024-01-01,2024-01-30,3,13,3.7
5219,Usera,casual,2024-06-20,2024-12-31,49,243,3.7
5220,Moncloa - Aravaca,casual,2024-01-01,2024-05-31,36,193,4.4
5221,Carabanchel,casual,2024-05-20,2024-08-07,22,118,3.7
5222,Hortaleza,part_time,2024-01-01,2024-05-26,65,573,4.7
5223,Latina,casual,2024-03-06,2024-05-22,21,116,4.8
5224,Ciudad Lineal,casual,2024-04-04,2024-12-31,48,217,4.6
5225,Villa de Vallecas,casual,2024-01-01,2024-11-06,72,351,3.9
5226,Ciudad Lineal,casual,2024-01-01,2024-12-14,83,395,4.4
5227,Moncloa - Aravaca,casual,2024-12-31,2024-12-31,1,1,3.6
5228,Villa de Vallecas,casual,2024-01-01,2024-03-06,15,90,4.9
5229,Carabanchel,casual,2024-04-05,2024-06-17,16,84,3.5
5230,Tetuán,casual,2024-06-05,2024-08-25,16,77,3.8
5231,Latina,part_time,2024-10-08,2024-12-31,38,305,3.6
5232,San Blas - Canillejas,full_time,2024-01-01,2024-07-22,181,3654,5.0
5233,Villaverde,casual,2024-02-05,2024-08-03,43,227,3.6
5234,Carabanchel,casual,2024-09-26,2024-12-31,22,131,3.5
5235,Puente de Vallecas,part_time,2024-06-09,2024-08-20,31,261,3.7
5236,Salamanca,part_time,2024-10-15,2024-12-31,31,285,4.8
5237,Carabanchel,casual,2024-01-01,2024-01-28,6,22,4.1
5238,Barajas,casual,2024-01-01,2024-07-28,57,293,4.9
5239,Ciudad Lineal,casual,2024-02-13,2024-12-31,57,290,4.9
5240,Arganzuela,part_time,2024-01-01,2024-02-25,20,192,4.6
5241,Carabanchel,casual,2024-01-01,2024-12-10,82,412,3.8
5242,Villa de Vallecas,casual,2024-01-01,2024-01-08,1,1,5.0
5243,Latina,casual,2024-05-14,2024-08-24,19,85,4.2
5244,Hortaleza,casual,2024-11-19,2024-12-31,11,55,4.2
5245,San Blas - Canillejas,casual,2024-12-02,2024-12-31,9,38,4.5
5246,Salamanca,part_time,2024-02-28,2024-05-24,46,388,4.6
5247,San Blas - Canillejas,casual,2024-01-01,2024-01-02,1,1,4.9
5248,Moncloa - Aravaca,casual,2024-11-23,2024-12-31,10,48,5.0
5249,Carabanchel,casual,2024-06-18,2024-09-13,20,108,4.1
5250,Carabanchel,part_time,2024-06-16,2024-10-02,52,438,3.7
5251,Fuencarral - El Pardo,casual,2024-10-09,2024-12-31,13,58,4.9
5252,Chamartín,casual,2024-01-01,2024-10-09,71,337,3.7
5253,Centro,casual,2024-04-15,2024-07-08,21,104,4.3
5254,Barajas,part_time,2024-10-23,2024-12-31,24,229,3.7
5255,Villaverde,part_time,2024-05-04,2024-08-21,49,454,4.0
5256,San Blas - Canillejas,full_time,2024-09-01,2024-12-04,83,1604,4.3
5257,Hortaleza,part_time,2024-11-08,2024-12-31,14,122,4.6
5258,Puente de Vallecas,casual,2024-03-23,2024-07-03,19,90,5.0
5259,Ciudad Lineal,casual,2024-11-11,2024-12-31,11,59,4.9
5260,Carabanchel,casual,2024-01-01,2024-08-27,56,250,4.3
5261,Barajas,part_time,2024-11-24,2024-12-31,19,190,4.0
5262,Vicálvaro,part_time,2024-02-11,2024-05-22,36,264,4.3
5263,Retiro,casual,2024-01-16,2024-04-17,18,101,4.1
5264,Vicálvaro,full_time,2024-06-10,2024-12-31,173,3400,4.2
5265,Centro,casual,2024-11-18,2024-12-31,10,59,4.9
5266,San Blas - Canillejas,casual,2024-07-17,2024-12-31,42,229,4.3
5267,Carabanchel,casual,2024-09-07,2024-11-23,23,128,3.6
5268,Carabanchel,full_time,2024-12-17,2024-12-31,12,238,4.5
5269,Moncloa - Aravaca,full_time,2024-06-09,2024-09-16,85,1721,3.9
5270,Puente de Vallecas,casual,2024-11-13,2024-12-31,11,51,3.8
5271,Hortaleza,full_time,2024-01-01,2024-01-21,15,317,4.6
5272,Puente de Vallecas,full_time,2024-01-01,2024-03-12,60,1214,3.7
5273,Puente de Vallecas,part_time,2024-01-26,2024-05-07,46,369,4.4
5274,Centro,full_time,2024-12-06,2024-12-31,19,387,4.7
5275,Latina,casual,2024-01-01,2024-04-14,30,152,4.0
5276,Salamanca,part_time,2024-03-24,2024-06-24,39,353,4.2
5277,Latina,part_time,2024-01-01,2024-01-17,8,68,4.4
5278,Villa de Vallecas,part_time,2024-01-01,2024-02-04,19,185,4.5
5279,Villaverde,casual,2024-06-17,2024-10-02,21,91,5.0
5280,Puente de Vallecas,part_time,2024-01-01,2024-03-12,31,286,4.8
5281,Hortaleza,full_time,2024-11-17,2024-12-31,42,817,3.8
5282,Carabanchel,casual,2024-11-12,2024-12-31,13,50,4.3
5283,Carabanchel,full_time,2024-06-07,2024-12-06,151,2982,3.7
5284,Fuencarral - El Pardo,casual,2024-03-22,2024-07-05,23,136,3.6
5285,Barajas,casual,2024-10-31,2024-12-31,8,33,4.1
5286,Moncloa - Aravaca,casual,2024-05-07,2024-08-15,20,95,4.0
5287,Villa de Vallecas,part_time,2024-01-01,2024-05-19,60,554,4.4
5288,San Blas - Canillejas,part_time,2024-01-19,2024-07-02,79,736,4.5
5289,Ciudad Lineal,casual,2024-01-31,2024-07-10,38,201,4.1
5290,Moncloa - Aravaca,part_time,2024-07-01,2024-09-10,32,274,4.8
5291,Villa de Vallecas,casual,2024-01-01,2024-10-20,63,315,4.8
5292,Moncloa - Aravaca,casual,2024-09-20,2024-12-31,16,82,4.6
5293,Latina,full_time,2024-07-09,2024-10-20,87,1771,4.0
5294,Moncloa - Aravaca,part_time,2024-02-09,2024-04-20,40,367,3.9
5295,Usera,part_time,2024-03-25,2024-07-08,50,445,3.7
5296,Chamartín,part_time,2024-08-22,2024-12-08,50,467,3.9
5297,Latina,full_time,2024-01-13,2024-04-23,81,1640,4.9
5298,Hortaleza,casual,2024-01-01,2024-03-07,9,46,4.1
5299,Latina,casual,2024-06-08,2024-12-31,54,274,4.1
5300,Carabanchel,casual,2024-04-09,2024-07-01,22,110,4.2
5301,San Blas - Canillejas,part_time,2024-01-01,2024-03-30,46,421,4.5
5302,Fuencarral - El Pardo,part_time,2024-03-20,2024-09-21,82,764,4.9
5303,Barajas,part_time,2024-06-07,2024-09-20,51,486,3.7
5304,Hortaleza,casual,2024-01-01,2024-01-19,4,22,4.7
5305,Latina,casual,2024-09-13,2024-12-31,31,143,4.2
5306,Carabanchel,part_time,2024-04-01,2024-09-22,68,596,3.9
5307,Villaverde,full_time,2024-01-01,2024-01-12,9,198,4.3
5308,Fuencarral - El Pardo,casual,2024-10-29,2024-12-31,21,109,4.3
5309,Moratalaz,casual,2024-03-11,2024-12-31,63,313,3.7
5310,Hortaleza,casual,2024-12-15,2024-12-31,2,14,3.6
5311,Vicálvaro,casual,2024-02-13,2024-05-06,22,117,4.4
5312,Retiro,casual,2024-04-19,2024-06-28,14,61,4.6
5313,Villaverde,casual,2024-08-02,2024-10-24,30,182,4.4
5314,Centro,part_time,2024-11-21,2024-12-31,18,159,4.0
5315,Arganzuela,casual,2024-08-04,2024-12-31,33,159,4.3
5316,Fuencarral - El Pardo,casual,2024-07-22,2024-10-20,15,81,4.9
5317,Ciudad Lineal,casual,2024-08-04,2024-12-31,32,156,4.9
5318,Villaverde,full_time,2024-01-01,2024-02-22,45,922,3.8
5319,Centro,casual,2024-08-30,2024-11-20,20,115,3.6
5320,Usera,casual,2024-06-22,2024-09-22,25,117,4.5
5321,San Blas - Canillejas,casual,2024-01-30,2024-05-07,22,115,3.8
5322,Usera,part_time,2024-01-01,2024-06-23,77,659,4.7
5323,Fuencarral - El Pardo,full_time,2024-01-01,2024-06-10,137,2803,3.9
5324,Barajas,casual,2024-01-01,2024-02-24,15,87,3.7
5325,Latina,casual,2024-01-01,2024-07-14,56,273,4.7
5326,Puente de Vallecas,casual,2024-01-01,2024-02-22,7,28,3.8
5327,Hortaleza,part_time,2024-08-01,2024-11-08,32,295,3.5
5328,Moncloa - Aravaca,full_time,2024-04-11,2024-10-05,141,2859,4.7
5329,Hortaleza,casual,2024-01-01,2024-03-10,11,46,3.6
5330,Puente de Vallecas,casual,2024-05-24,2024-12-31,42,213,4.1
5331,Chamartín,part_time,2024-01-01,2024-03-24,38,336,4.1
5332,Tetuán,part_time,2024-05-09,2024-08-19,48,435,3.7
5333,Carabanchel,casual,2024-11-25,2024-12-31,10,55,3.6
5334,Retiro,casual,2024-09-12,2024-12-19,16,82,3.6
5335,Hortaleza,casual,2024-06-24,2024-09-24,19,90,4.1
5336,Vicálvaro,part_time,2024-05-20,2024-11-13,85,767,4.9
5337,Villa de Vallecas,part_time,2024-01-01,2024-01-30,14,108,4.6
5338,Puente de Vallecas,part_time,2024-04-26,2024-07-04,28,227,4.6
5339,San Blas - Canillejas,part_time,2024-01-01,2024-06-20,66,542,4.5
5340,Carabanchel,casual,2024-05-11,2024-07-31,15,62,4.7
5341,Puente de Vallecas,casual,2024-12-09,2024-12-31,7,33,4.3
5342,Salamanca,casual,2024-09-05,2024-12-31,24,119,5.0
5343,Puente de Vallecas,full_time,2024-03-24,2024-12-31,240,4941,4.4
5344,Arganzuela,part_time,2024-08-21,2024-11-11,38,372,4.4
5345,Tetuán,casual,2024-06-21,2024-12-31,50,274,3.5
5346,Barajas,casual,2024-01-01,2024-11-22,70,380,4.6
5347,Fuencarral - El Pardo,part_time,2024-10-18,2024-12-31,43,413,4.0
5348,Vicálvaro,part_time,2024-03-27,2024-12-31,120,1118,4.7
5349,Moncloa - Aravaca,part_time,2024-09-01,2024-12-06,51,452,4.8
5350,San Blas - Canillejas,casual,2024-01-01,2024-01-05,1,4,3.5
5351,Tetuán,full_time,2024-01-29,2024-12-31,275,5423,4.1
5352,Fuencarral - El Pardo,part_time,2024-03-22,2024-06-11,37,370,4.9
5353,Retiro,part_time,2024-01-01,2024-01-26,12,119,3.7
5354,San Blas - Canillejas,part_time,2024-07-23,2024-10-20,39,359,4.6
5355,San Blas - Canillejas,full_time,2024-11-28,2024-12-31,27,511,4.0
5356,Barajas,full_time,2024-09-05,2024-11-17,59,1185,4.3
5357,Usera,part_time,2024-01-01,2024-02-07,16,143,4.9
5358,Arganzuela,casual,2024-01-01,2024-02-10,12,49,4.4
5359,Vicálvaro,casual,2024-03-05,2024-06-08,23,115,4.2
5360,Vicálvaro,part_time,2024-01-01,2024-06-20,78,727,4.5
5361,Hortaleza,part_time,2024-01-01,2024-01-14,7,66,3.8
5362,Tetuán,casual,2024-01-01,2024-01-19,2,9,3.5
5363,Ciudad Lineal,casual,2024-01-01,2024-09-09,65,340,4.4
5364,Centro,full_time,2024-01-01,2024-03-04,52,1037,4.8
5365,Retiro,full_time,2024-01-08,2024-03-27,69,1438,4.5
5366,San Blas - Canillejas,full_time,2024-09-29,2024-12-31,81,1612,4.3
5367,Tetuán,casual,2024-12-29,2024-12-31,1,1,3.7
5368,Vicálvaro,part_time,2024-10-02,2024-12-31,44,376,3.6
5369,Carabanchel,part_time,2024-01-01,2024-06-14,79,749,3.9
5370,San Blas - Canillejas,casual,2024-01-02,2024-03-18,15,82,4.9
5371,Ciudad Lineal,casual,2024-05-09,2024-11-21,47,242,4.2
5372,Moratalaz,full_time,2024-09-23,2024-12-27,79,1577,4.7
5373,Moncloa - Aravaca,casual,2024-07-29,2024-10-24,22,119,3.5
5374,Vicálvaro,part_time,2024-10-06,2024-12-19,36,313,4.2
5375,San Blas - Canillejas,part_time,2024-03-20,2024-09-29,81,705,3.9
5376,San Blas - Canillejas,part_time,2024-12-26,2024-12-31,2,24,4.9
5377,Fuencarral - El Pardo,casual,2024-08-02,2024-12-31,28,144,3.8
5378,Latina,part_time,2024-01-01,2024-01-29,14,117,3.6
5379,Carabanchel,casual,2024-01-24,2024-07-14,38,209,3.7
5380,Puente de Vallecas,part_time,2024-06-11,2024-09-15,44,366,3.6
5381,Puente de Vallecas,casual,2024-01-01,2024-04-30,34,151,4.0
5382,Fuencarral - El Pardo,part_time,2024-02-22,2024-07-30,78,698,5.0
5383,Moratalaz,part_time,2024-07-12,2024-10-19,50,484,4.9
5384,Tetuán,casual,2024-02-08,2024-12-31,73,326,4.4
5385,Retiro,casual,2024-10-28,2024-12-31,18,81,4.7
5386,Tetuán,part_time,2024-01-01,2024-07-07,89,824,4.1
5387,San Blas - Canillejas,casual,2024-11-04,2024-12-31,16,71,4.8
5388,Ciudad Lineal,casual,2024-02-26,2024-05-26,23,106,3.8
5389,Fuencarral - El Pardo,casual,2024-11-24,2024-12-31,7,28,4.1
5390,Moncloa - Aravaca,full_time,2024-01-16,2024-04-25,87,1726,3.7
5391,San Blas - Canillejas,part_time,2024-05-14,2024-08-27,52,444,4.9
5392,Fuencarral - El Pardo,casual,2024-11-12,2024-12-31,8,35,4.0
5393,Villaverde,full_time,2024-01-25,2024-05-11,92,1825,3.9
5394,Hortaleza,casual,2024-10-08,2024-12-31,18,82,3.8
5395,Moncloa - Aravaca,casual,2024-01-08,2024-12-26,73,378,4.2
5396,Chamartín,casual,2024-01-01,2024-11-02,81,428,4.3
5397,Chamartín,casual,2024-08-06,2024-10-17,8,48,4.5
5398,Hortaleza,casual,2024-01-01,2024-05-25,35,173,4.7
5399,Moncloa - Aravaca,part_time,2024-08-02,2024-10-19,35,309,4.6
5400,Ciudad Lineal,casual,2024-01-01,2024-03-19,13,74,4.2
5401,Tetuán,part_time,2024-08-21,2024-11-21,40,368,4.3
5402,Fuencarral - El Pardo,casual,2024-06-04,2024-11-25,38,177,5.0
5403,Villaverde,casual,2024-01-01,2024-03-05,19,92,4.2
5404,Vicálvaro,casual,2024-01-01,2024-02-15,13,67,4.0
5405,Villaverde,part_time,2024-07-03,2024-10-06,32,279,4.5
5406,Carabanchel,part_time,2024-01-01,2024-03-29,41,357,4.5
5407,Retiro,casual,2024-06-15,2024-11-29,46,212,4.9
5408,Vicálvaro,casual,2024-12-31,2024-12-31,1,1,4.0
5409,Hortaleza,casual,2024-01-01,2024-03-10,15,61,4.3
5410,Barajas,part_time,2024-05-05,2024-08-04,38,331,4.4
5411,Chamartín,casual,2024-11-27,2024-12-31,8,35,4.6
5412,Fuencarral - El Pardo,part_time,2024-12-02,2024-12-31,14,100,3.6
5413,Usera,casual,2024-01-01,2024-01-14,3,16,4.9
5414,Tetuán,casual,2024-08-16,2024-12-31,34,144,3.8
5415,Hortaleza,part_time,2024-01-19,2024-04-19,50,447,3.8
5416,Latina,casual,2024-08-16,2024-12-31,28,146,4.5
5417,Puente de Vallecas,casual,2024-01-01,2024-09-16,59,292,3.8
5418,Carabanchel,full_time,2024-01-01,2024-06-13,140,2816,3.7
5419,San Blas - Canillejas,casual,2024-04-28,2024-08-07,28,131,4.9
5420,Hortaleza,casual,2024-01-01,2024-05-06,24,128,4.5
5421,Moncloa - Aravaca,casual,2024-02-26,2024-08-15,30,129,4.9
5422,Moncloa - Aravaca,casual,2024-04-09,2024-06-22,15,75,3.6
5423,Fuencarral - El Pardo,part_time,2024-12-12,2024-12-31,5,39,3.6
5424,Villaverde,casual,2024-06-02,2024-09-09,19,106,3.9
5425,Centro,full_time,2024-05-24,2024-12-31,184,3627,3.6
5426,Moncloa - Aravaca,part_time,2024-01-01,2024-04-03,42,345,4.2
5427,Fuencarral - El Pardo,full_time,2024-12-30,2024-12-31,1,19,4.9
5428,Vicálvaro,part_time,2024-01-01,2024-12-28,164,1476,4.0
5429,Puente de Vallecas,full_time,2024-01-01,2024-02-12,35,663,4.6
5430,Ciudad Lineal,part_time,2024-07-03,2024-10-09,47,448,4.5
5431,Carabanchel,casual,2024-03-02,2024-05-21,18,101,3.5
5432,Tetuán,casual,2024-01-01,2024-08-02,42,232,3.8
5433,Retiro,part_time,2024-01-02,2024-06-18,81,715,4.4
5434,Villaverde,casual,2024-01-01,2024-11-25,79,404,3.6
5435,Tetuán,part_time,2024-02-10,2024-05-10,44,370,4.2
5436,Fuencarral - El Pardo,casual,2024-09-18,2024-12-31,23,113,4.5
5437,Puente de Vallecas,part_time,2024-01-01,2024-05-10,62,564,4.0
5438,Moncloa - Aravaca,casual,2024-01-01,2024-03-18,13,56,4.0
5439,Villaverde,full_time,2024-01-01,2024-02-16,35,687,4.6
5440,Tetuán,casual,2024-03-27,2024-07-13,24,110,4.1
5441,Moncloa - Aravaca,casual,2024-01-01,2024-03-23,18,97,4.3
5442,Villaverde,part_time,2024-01-01,2024-01-14,4,37,3.8
5443,Chamartín,part_time,2024-02-05,2024-05-18,44,374,4.7
5444,Chamberí,part_time,2024-12-23,2024-12-31,4,45,4.4
5445,Chamberí,full_time,2024-01-01,2024-01-05,5,106,5.0
5446,Carabanchel,casual,2024-01-01,2024-01-30,8,36,4.6
5447,Usera,part_time,2024-06-21,2024-09-28,49,456,4.4
5448,Fuencarral - El Pardo,casual,2024-05-16,2024-08-16,19,97,4.4
5449,Chamartín,casual,2024-01-01,2024-03-17,16,83,4.0
5450,Latina,casual,2024-11-15,2024-12-31,13,76,4.2
5451,Hortaleza,casual,2024-05-10,2024-12-31,60,308,4.5
5452,Tetuán,part_time,2024-05-18,2024-08-10,34,320,4.3
5453,Latina,part_time,2024-06-12,2024-08-28,36,304,4.9
5454,Ciudad Lineal,casual,2024-10-02,2024-12-19,27,124,4.3
5455,Vicálvaro,full_time,2024-01-01,2024-02-12,30,611,3.5
5456,Puente de Vallecas,casual,2024-11-26,2024-12-31,7,36,3.7
5457,Carabanchel,casual,2024-01-01,2024-03-23,15,75,3.6
5458,Hortaleza,part_time,2024-03-14,2024-09-04,72,659,4.9
5459,Fuencarral - El Pardo,casual,2024-01-01,2024-05-14,27,151,4.0
5460,Villaverde,casual,2024-05-01,2024-12-31,60,296,4.8
5461,Hortaleza,part_time,2024-10-08,2024-12-31,35,319,4.2
5462,Centro,casual,2024-05-31,2024-12-10,49,250,4.9
5463,San Blas - Canillejas,casual,2024-01-01,2024-04-27,28,160,4.2
5464,Usera,part_time,2024-09-22,2024-12-21,44,381,4.8
5465,Usera,casual,2024-12-06,2024-12-31,4,11,4.5
5466,Fuencarral - El Pardo,part_time,2024-01-01,2024-03-28,35,348,3.9
5467,Puente de Vallecas,part_time,2024-01-01,2024-05-22,59,527,4.4
5468,Hortaleza,casual,2024-06-09,2024-08-18,11,60,3.9
5469,Chamberí,casual,2024-06-24,2024-12-31,43,204,3.8
5470,Latina,casual,2024-01-01,2024-02-27,10,59,4.0
5471,Carabanchel,part_time,2024-01-01,2024-01-28,10,96,3.9
5472,Moncloa - Aravaca,casual,2024-02-19,2024-12-31,69,363,4.2
5473,Usera,full_time,2024-10-02,2024-12-23,75,1521,4.5
5474,Puente de Vallecas,casual,2024-01-01,2024-08-05,54,267,5.0
5475,Arganzuela,part_time,2024-03-06,2024-12-31,138,1203,4.2
5476,Vicálvaro,casual,2024-09-17,2024-12-31,23,104,4.6
5477,Latina,casual,2024-01-01,2024-01-22,4,23,4.2
5478,Villa de Vallecas,casual,2024-01-01,2024-07-07,39,215,4.2
5479,Tetuán,part_time,2024-02-18,2024-05-18,50,457,4.1
5480,Chamartín,full_time,2024-07-30,2024-12-31,120,2445,4.8
5481,Moncloa - Aravaca,casual,2024-08-07,2024-10-20,17,90,3.7
5482,Villa de Vallecas,casual,2024-10-17,2024-12-28,12,50,3.9
5483,Usera,casual,2024-06-09,2024-09-06,18,102,4.6
5484,Barajas,casual,2024-01-02,2024-04-17,25,124,3.9
5485,Moncloa - Aravaca,full_time,2024-01-01,2024-11-07,256,5149,3.5
5486,Chamberí,full_time,2024-01-01,2024-10-12,244,4963,3.8
5487,San Blas - Canillejas,full_time,2024-05-07,2024-12-31,203,4031,3.5
5488,Fuencarral - El Pardo,casual,2024-12-10,2024-12-31,8,29,3.9
5489,Tetuán,casual,2024-03-20,2024-08-29,40,185,4.0
5490,Villaverde,part_time,2024-06-16,2024-12-17,76,687,4.9
5491,Carabanchel,casual,2024-01-01,2024-03-20,17,84,4.7
5492,Centro,part_time,2024-05-15,2024-11-06,86,752,3.7
5493,San Blas - Canillejas,casual,2024-08-27,2024-12-03,27,135,3.7
5494,Usera,casual,2024-07-13,2024-12-31,40,199,5.0
5495,Carabanchel,full_time,2024-12-20,2024-12-31,11,209,4.5
5496,Villaverde,casual,2024-12-22,2024-12-31,3,11,4.4
5497,Salamanca,full_time,2024-01-22,2024-12-31,288,5642,4.4
5498,Salamanca,casual,2024-10-15,2024-12-31,15,85,3.7
5499,Fuencarral - El Pardo,casual,2024-08-29,2024-12-14,26,122,3.9
5500,Ciudad Lineal,casual,2024-05-23,2024-09-03,26,129,4.1
5501,San Blas - Canillejas,casual,2024-01-01,2024-01-22,7,32,4.2
5502,Ciudad Lineal,casual,2024-12-21,2024-12-31,3,16,5.0
5503,Latina,casual,2024-12-16,2024-12-31,3,15,3.6
5504,Arganzuela,part_time,2024-01-14,2024-12-31,149,1283,3.5
5505,Tetuán,full_time,2024-01-03,2024-07-10,146,2891,4.9
5506,Latina,casual,2024-01-01,2024-03-01,13,62,4.8
5507,Moratalaz,casual,2024-01-01,2024-01-26,4,16,3.9
5508,Salamanca,casual,2024-10-04,2024-12-29,26,143,4.0
5509,Moncloa - Aravaca,part_time,2024-01-01,2024-10-26,137,1293,4.4
5510,Ciudad Lineal,part_time,2024-06-20,2024-09-06,36,314,3.8
5511,Salamanca,casual,2024-02-19,2024-05-16,20,95,4.8
5512,Usera,casual,2024-07-04,2024-10-14,18,88,3.9
5513,Barajas,casual,2024-08-24,2024-12-31,26,132,3.6
5514,Ciudad Lineal,casual,2024-11-12,2024-12-31,12,59,4.3
5515,Carabanchel,casual,2024-01-03,2024-12-24,83,399,4.6
5516,Carabanchel,full_time,2024-02-19,2024-05-15,70,1461,4.9
5517,Centro,casual,2024-01-01,2024-02-04,11,60,4.4
5518,Ciudad Lineal,casual,2024-09-16,2024-12-31,25,125,3.7
5519,Salamanca,casual,2024-09-15,2024-12-31,19,105,4.5
5520,Puente de Vallecas,part_time,2024-01-04,2024-07-16,83,712,3.6
5521,Ciudad Lineal,casual,2024-01-01,2024-05-30,27,121,3.8
5522,Latina,casual,2024-08-09,2024-10-25,14,79,3.9
5523,Hortaleza,casual,2024-09-07,2024-12-23,22,118,3.6
5524,Centro,part_time,2024-08-28,2024-11-21,40,332,4.0
5525,Puente de Vallecas,casual,2024-01-01,2024-02-02,6,31,4.7
5526,Villaverde,full_time,2024-12-23,2024-12-31,9,159,3.6
5527,Vicálvaro,casual,2024-02-03,2024-12-31,82,440,4.2
5528,San Blas - Canillejas,casual,2024-07-13,2024-09-23,15,66,3.8
5529,Moratalaz,full_time,2024-01-01,2024-01-20,16,307,4.3
5530,Hortaleza,part_time,2024-01-01,2024-01-09,7,64,4.2
5531,Tetuán,casual,2024-01-01,2024-03-09,18,94,3.7
5532,Moncloa - Aravaca,part_time,2024-03-23,2024-07-01,45,424,4.8
5533,San Blas - Canillejas,casual,2024-12-06,2024-12-31,5,31,4.3
5534,Villaverde,casual,2024-09-01,2024-11-19,20,91,5.0
5535,San Blas - Canillejas,part_time,2024-12-31,2024-12-31,1,5,5.0
5536,Chamartín,part_time,2024-08-04,2024-11-14,49,423,3.9
5537,San Blas - Canillejas,casual,2024-01-01,2024-02-15,9,47,4.8
5538,Fuencarral - El Pardo,part_time,2024-08-09,2024-11-25,56,539,4.6
5539,Barajas,casual,2024-07-24,2024-10-14,17,74,4.1
5540,Vicálvaro,casual,2024-11-11,2024-12-31,14,73,4.7
5541,Villaverde,full_time,2024-06-11,2024-08-30,63,1301,4.1
5542,Retiro,casual,2024-01-26,2024-04-20,16,84,4.2
5543,Vicálvaro,part_time,2024-06-23,2024-12-31,102,920,4.1
5544,Carabanchel,part_time,2024-08-23,2024-12-31,59,549,4.8
5545,Ciudad Lineal,part_time,2024-05-19,2024-08-28,45,398,4.9
5546,Latina,casual,2024-01-01,2024-02-13,9,44,3.7
5547,Fuencarral - El Pardo,full_time,2024-02-16,2024-08-13,151,3009,4.4
5548,Chamartín,part_time,2024-10-20,2024-12-31,36,308,3.7
5549,Vicálvaro,part_time,2024-01-01,2024-06-14,71,657,4.8
5550,Chamartín,casual,2024-06-18,2024-12-31,41,208,3.8
5551,Moncloa - Aravaca,casual,2024-02-03,2024-04-23,20,105,3.6
5552,Ciudad Lineal,casual,2024-02-23,2024-06-02,30,138,4.6
5553,Carabanchel,casual,2024-03-18,2024-05-26,12,74,4.5
5554,Fuencarral - El Pardo,casual,2024-01-01,2024-03-16,17,67,4.1
5555,Villa de Vallecas,part_time,2024-03-03,2024-06-12,49,441,4.4
5556,San Blas - Canillejas,full_time,2024-08-03,2024-12-31,131,2544,4.7
5557,Chamartín,casual,2024-04-08,2024-06-28,17,74,3.8
5558,Centro,casual,2024-01-01,2024-06-17,40,194,4.0
5559,Chamartín,part_time,2024-07-17,2024-12-31,73,656,4.2
5560,Carabanchel,casual,2024-05-16,2024-08-31,21,105,4.4
5561,Carabanchel,full_time,2024-01-01,2024-11-05,249,4977,4.4
5562,Arganzuela,casual,2024-08-04,2024-12-31,34,165,4.2
5563,Hortaleza,casual,2024-04-07,2024-06-15,19,98,4.5
5564,Villa de Vallecas,casual,2024-02-11,2024-12-31,65,315,3.5
5565,Latina,full_time,2024-01-01,2024-01-23,20,396,4.0
5566,Carabanchel,casual,2024-02-28,2024-06-07,27,154,4.4
5567,Carabanchel,part_time,2024-01-01,2024-05-11,67,566,4.0
5568,Carabanchel,casual,2024-10-28,2024-12-31,18,88,4.9
5569,Latina,casual,2024-01-01,2024-01-12,2,13,4.9
5570,Centro,full_time,2024-05-26,2024-12-31,192,3892,4.1
5571,Chamberí,casual,2024-09-15,2024-11-30,11,69,3.8
5572,Moncloa - Aravaca,casual,2024-02-26,2024-06-02,31,172,3.8
5573,Puente de Vallecas,casual,2024-01-16,2024-05-01,23,116,4.2
5574,Carabanchel,full_time,2024-01-01,2024-03-29,71,1404,4.9
5575,Ciudad Lineal,casual,2024-02-01,2024-05-08,23,95,3.9
5576,Moncloa - Aravaca,casual,2024-11-22,2024-12-31,7,32,4.0
5577,Vicálvaro,full_time,2024-01-01,2024-01-20,18,323,4.3
5578,Tetuán,part_time,2024-03-04,2024-09-11,98,908,4.4
5579,Chamberí,full_time,2024-02-07,2024-04-27,67,1335,4.5
5580,Fuencarral - El Pardo,part_time,2024-08-11,2024-11-23,55,499,4.6
5581,Vicálvaro,part_time,2024-02-19,2024-06-07,47,409,4.7
5582,Centro,casual,2024-03-19,2024-05-31,15,74,4.2
5583,Centro,casual,2024-01-01,2024-01-27,10,62,3.6
5584,Usera,part_time,2024-11-23,2024-12-31,19,180,4.5
5585,Barajas,part_time,2024-04-18,2024-10-07,83,672,4.4
5586,Hortaleza,full_time,2024-01-01,2024-02-01,26,548,3.8
5587,Chamartín,part_time,2024-09-08,2024-12-13,48,436,4.8
5588,Tetuán,casual,2024-09-03,2024-12-31,25,141,4.6
5589,Centro,casual,2024-05-04,2024-07-26,27,149,4.1
5590,Moncloa - Aravaca,part_time,2024-12-22,2024-12-31,6,46,5.0
5591,Villa de Vallecas,casual,2024-01-06,2024-04-15,31,154,4.5
5592,Latina,part_time,2024-10-25,2024-12-31,36,320,4.9
5593,Hortaleza,part_time,2024-10-24,2024-12-31,30,266,4.6
5594,Carabanchel,casual,2024-01-17,2024-12-31,75,409,4.6
5595,Usera,part_time,2024-06-13,2024-08-25,38,330,3.8
5596,San Blas - Canillejas,part_time,2024-01-01,2024-03-02,28,253,4.1
5597,Chamartín,full_time,2024-01-01,2024-04-07,74,1507,4.5
5598,Moncloa - Aravaca,casual,2024-04-08,2024-07-14,25,131,4.7
5599,Moncloa - Aravaca,part_time,2024-11-16,2024-12-31,21,210,4.9
5600,Centro,casual,2024-01-09,2024-04-07,24,125,3.6
5601,Fuencarral - El Pardo,casual,2024-03-22,2024-09-13,40,210,4.6
5602,Carabanchel,casual,2024-01-01,2024-02-16,16,73,3.9
5603,Fuencarral - El Pardo,full_time,2024-02-20,2024-05-14,69,1375,4.6
5604,Vicálvaro,full_time,2024-01-01,2024-09-27,222,4591,4.0
5605,Hortaleza,casual,2024-12-15,2024-12-31,3,18,4.4
5606,Retiro,part_time,2024-01-01,2024-04-14,44,385,4.3
5607,Arganzuela,casual,2024-01-01,2024-02-16,11,46,4.8
5608,Centro,part_time,2024-01-01,2024-01-25,12,118,4.5
5609,Villa de Vallecas,casual,2024-05-20,2024-09-02,20,107,3.9
5610,Fuencarral - El Pardo,part_time,2024-01-16,2024-12-31,166,1481,4.4
5611,San Blas - Canillejas,casual,2024-01-01,2024-04-18,26,132,4.5
5612,Puente de Vallecas,part_time,2024-01-01,2024-06-27,87,737,4.0
5613,Barajas,casual,2024-02-13,2024-05-31,25,124,3.9
5614,Puente de Vallecas,part_time,2024-01-01,2024-01-05,2,15,4.9
5615,Fuencarral - El Pardo,part_time,2024-10-09,2024-12-31,36,350,3.7
5616,Tetuán,casual,2024-09-17,2024-12-24,24,117,3.7
5617,Ciudad Lineal,casual,2024-02-24,2024-05-26,18,86,4.4
5618,Centro,part_time,2024-02-29,2024-12-31,139,1241,4.0
5619,Tetuán,part_time,2024-01-01,2024-08-27,101,881,4.3
5620,Ciudad Lineal,casual,2024-01-01,2024-01-13,1,4,3.9
5621,Moncloa - Aravaca,casual,2024-06-29,2024-09-23,29,136,4.1
5622,Fuencarral - El Pardo,casual,2024-08-05,2024-12-31,30,151,4.1
5623,Vicálvaro,part_time,2024-01-01,2024-07-03,86,843,4.3
5624,Ciudad Lineal,part_time,2024-01-01,2024-05-10,50,481,3.6
5625,Carabanchel,casual,2024-01-22,2024-05-03,22,102,4.1
5626,Hortaleza,part_time,2024-03-18,2024-06-03,32,274,4.5
5627,Moncloa - Aravaca,part_time,2024-05-03,2024-08-01,44,413,4.6
5628,Chamberí,part_time,2024-07-09,2024-12-31,71,674,3.9
5629,San Blas - Canillejas,casual,2024-01-01,2024-04-20,23,110,4.3
5630,Latina,casual,2024-06-01,2024-12-31,55,298,4.1
5631,Moncloa - Aravaca,casual,2024-12-16,2024-12-31,2,4,3.6
5632,San Blas - Canillejas,casual,2024-01-01,2024-03-23,20,113,4.1
5633,Retiro,casual,2024-05-20,2024-08-20,24,115,4.5
5634,Usera,casual,2024-01-01,2024-09-18,78,389,4.9
5635,San Blas - Canillejas,casual,2024-06-26,2024-10-11,29,150,3.7
5636,Barajas,part_time,2024-10-30,2024-12-31,27,249,4.1
5637,Puente de Vallecas,casual,2024-11-11,2024-12-31,12,61,4.9
5638,Ciudad Lineal,part_time,2024-04-28,2024-07-16,38,338,4.2
5639,Puente de Vallecas,casual,2024-09-08,2024-12-23,20,125,4.8
5640,Vicálvaro,part_time,2024-05-28,2024-08-15,37,352,4.5
5641,Tetuán,casual,2024-07-20,2024-12-31,45,237,4.8
5642,Moncloa - Aravaca,part_time,2024-10-08,2024-12-31,41,413,4.6
5643,Arganzuela,part_time,2024-07-30,2024-12-31,76,675,3.6
5644,Hortaleza,casual,2024-01-01,2024-01-28,3,14,4.6
5645,Villaverde,part_time,2024-01-01,2024-05-11,62,599,3.7
5646,Salamanca,casual,2024-09-25,2024-12-24,24,103,4.6
5647,Hortaleza,part_time,2024-01-01,2024-01-15,7,70,4.1
5648,Chamberí,casual,2024-04-13,2024-10-08,44,239,4.5
5649,Villaverde,casual,2024-07-01,2024-10-14,24,134,3.6
5650,Tetuán,casual,2024-10-12,2024-12-30,25,121,3.7
5651,Moncloa - Aravaca,full_time,2024-10-02,2024-12-31,81,1644,3.7
5652,San Blas - Canillejas,casual,2024-01-01,2024-02-04,9,38,4.1
5653,San Blas - Canillejas,part_time,2024-05-17,2024-12-31,92,874,3.8
5654,Barajas,casual,2024-09-07,2024-12-31,28,143,3.5
5655,San Blas - Canillejas,casual,2024-01-01,2024-02-20,6,40,4.8
5656,Puente de Vallecas,casual,2024-05-08,2024-08-12,24,105,4.6
5657,Puente de Vallecas,full_time,2024-06-27,2024-12-13,133,2639,4.4
5658,Retiro,part_time,2024-03-09,2024-06-03,39,374,4.6
5659,Ciudad Lineal,casual,2024-03-11,2024-06-23,30,143,4.0
5660,Latina,part_time,2024-01-01,2024-02-25,23,194,4.6
5661,Villaverde,casual,2024-09-20,2024-12-17,17,76,4.3
5662,Hortaleza,casual,2024-01-16,2024-04-18,15,59,3.6
5663,Usera,casual,2024-04-11,2024-07-22,25,116,4.5
5664,Ciudad Lineal,casual,2024-05-16,2024-09-01,27,138,5.0
5665,Hortaleza,casual,2024-01-01,2024-03-04,19,101,3.9
5666,Moncloa - Aravaca,part_time,2024-01-01,2024-11-09,152,1348,3.5
5667,Latina,casual,2024-01-01,2024-04-20,18,84,4.6
5668,Villaverde,full_time,2024-01-01,2024-06-18,137,2724,3.9
5669,Centro,part_time,2024-03-25,2024-06-05,30,245,4.1
5670,Retiro,part_time,2024-05-14,2024-08-09,35,304,3.5
5671,Latina,part_time,2024-03-02,2024-08-22,82,728,3.6
5672,Usera,full_time,2024-01-01,2024-02-03,32,616,4.6
5673,Moncloa - Aravaca,casual,2024-01-01,2024-09-13,57,284,4.9
5674,Latina,casual,2024-01-01,2024-01-18,4,15,4.4
5675,Chamberí,casual,2024-01-21,2024-04-25,15,75,4.8
5676,Puente de Vallecas,full_time,2024-01-01,2024-02-16,37,718,3.8
5677,Villaverde,casual,2024-01-01,2024-05-02,32,154,3.6
5678,Tetuán,part_time,2024-04-04,2024-09-30,85,779,4.0
5679,Centro,part_time,2024-11-21,2024-12-31,15,121,3.8
5680,Usera,casual,2024-01-01,2024-03-31,27,146,4.4
5681,San Blas - Canillejas,full_time,2024-08-03,2024-12-31,116,2279,4.9
5682,Puente de Vallecas,casual,2024-01-01,2024-01-25,7,44,3.8
5683,Vicálvaro,casual,2024-03-10,2024-05-30,13,70,4.9
5684,Fuencarral - El Pardo,part_time,2024-02-03,2024-08-10,86,775,4.3
5685,Arganzuela,casual,2024-01-01,2024-02-18,8,39,3.7
5686,Carabanchel,casual,2024-07-16,2024-10-23,22,106,4.3
5687,Arganzuela,casual,2024-01-01,2024-04-16,20,99,4.2
5688,Latina,casual,2024-10-02,2024-12-29,16,79,4.6
5689,Vicálvaro,part_time,2024-05-16,2024-11-27,85,743,4.6
5690,Retiro,full_time,2024-09-08,2024-11-22,61,1185,4.5
5691,Retiro,casual,2024-01-01,2024-04-29,34,186,4.5
5692,Usera,casual,2024-02-15,2024-05-29,23,109,4.4
5693,Villaverde,casual,2024-08-17,2024-11-23,17,88,3.9
5694,Chamartín,full_time,2024-01-01,2024-11-24,272,5496,4.9
5695,Fuencarral - El Pardo,part_time,2024-06-14,2024-12-10,92,837,3.8
5696,San Blas - Canillejas,casual,2024-04-18,2024-06-30,15,70,4.4
5697,Chamartín,casual,2024-07-31,2024-11-10,29,156,4.7
5698,Hortaleza,full_time,2024-07-27,2024-10-09,60,1269,3.6
5699,Ciudad Lineal,full_time,2024-01-01,2024-08-06,185,3635,4.2
5700,Chamartín,casual,2024-10-28,2024-12-31,25,119,3.5
5701,Tetuán,part_time,2024-06-19,2024-12-31,81,709,3.8
5702,Ciudad Lineal,casual,2024-01-01,2024-02-19,10,43,4.5
5703,Usera,casual,2024-01-01,2024-01-17,4,15,4.9
5704,Puente de Vallecas,part_time,2024-07-28,2024-12-31,68,579,4.0
5705,Chamartín,casual,2024-06-08,2024-12-20,42,205,4.8
5706,Ciudad Lineal,casual,2024-11-06,2024-12-31,12,58,4.3
5707,Centro,full_time,2024-07-14,2024-12-21,140,2785,4.6
5708,Vicálvaro,part_time,2024-01-19,2024-04-01,36,307,4.7
5709,Centro,casual,2024-01-01,2024-01-31,7,33,4.5
5710,Villaverde,part_time,2024-04-24,2024-10-12,78,693,4.1
5711,Arganzuela,part_time,2024-01-06,2024-12-21,147,1354,4.4
5712,Hortaleza,part_time,2024-12-02,2024-12-31,13,127,4.5
5713,Chamartín,full_time,2024-08-18,2024-11-25,77,1612,4.8
5714,Usera,part_time,2024-11-06,2024-12-31,24,224,4.3
5715,Chamartín,casual,2024-08-16,2024-12-31,29,148,4.8
5716,Puente de Vallecas,casual,2024-07-25,2024-11-06,20,92,4.1
5717,Vicálvaro,part_time,2024-06-21,2024-09-05,34,307,4.6
5718,Puente de Vallecas,full_time,2024-05-25,2024-10-31,128,2520,4.4
5719,San Blas - Canillejas,casual,2024-01-06,2024-12-31,85,429,3.6
5720,Moratalaz,casual,2024-10-16,2024-12-31,18,78,4.3
5721,Puente de Vallecas,part_time,2024-01-12,2024-04-18,49,443,4.6
5722,Arganzuela,casual,2024-11-22,2024-12-31,7,34,4.5
5723,Tetuán,casual,2024-06-12,2024-09-13,16,78,4.3
5724,Puente de Vallecas,full_time,2024-04-21,2024-07-17,76,1491,4.7
5725,Arganzuela,part_time,2024-01-19,2024-04-02,37,326,4.9
5726,Moncloa - Aravaca,full_time,2024-01-01,2024-06-01,130,2592,3.7
5727,Retiro,part_time,2024-06-29,2024-09-17,43,388,3.9
5728,Tetuán,casual,2024-01-01,2024-03-08,19,110,5.0
5729,Latina,full_time,2024-01-01,2024-01-03,3,64,3.9
5730,San Blas - Canillejas,casual,2024-01-24,2024-04-29,26,134,4.7
5731,Salamanca,casual,2024-01-01,2024-06-14,33,164,4.3
5732,Villa de Vallecas,full_time,2024-12-04,2024-12-31,22,441,4.1
5733,Chamartín,part_time,2024-03-01,2024-12-31,138,1304,4.6
5734,Villa de Vallecas,full_time,2024-01-01,2024-10-23,255,5016,4.6
5735,Chamartín,casual,2024-12-23,2024-12-31,2,11,3.9
5736,Tetuán,full_time,2024-02-03,2024-07-12,133,2624,3.5
5737,Ciudad Lineal,part_time,2024-12-09,2024-12-31,10,84,4.7
5738,Fuencarral - El Pardo,part_time,2024-12-05,2024-12-31,6,52,4.5
5739,Fuencarral - El Pardo,full_time,2024-07-20,2024-12-31,140,2697,3.7
5740,Tetuán,casual,2024-05-25,2024-08-31,22,106,3.6
5741,Hortaleza,part_time,2024-10-14,2024-12-26,33,310,4.5
5742,Barajas,part_time,2024-01-01,2024-08-24,107,984,4.4
5743,Latina,part_time,2024-03-13,2024-06-20,48,464,4.6
5744,Moncloa - Aravaca,full_time,2024-01-06,2024-04-03,74,1512,4.8
5745,Villaverde,part_time,2024-02-04,2024-04-23,35,325,4.5
5746,Villaverde,casual,2024-01-01,2024-04-09,23,123,4.5
5747,Ciudad Lineal,casual,2024-10-23,2024-12-31,9,60,4.3
5748,Arganzuela,full_time,2024-01-01,2024-01-01,1,24,4.3
5749,Villaverde,full_time,2024-02-16,2024-08-23,152,2995,5.0
5750,Villaverde,full_time,2024-01-29,2024-07-12,137,2790,3.6
5751,Latina,casual,2024-03-25,2024-06-27,21,102,4.3
5752,Villaverde,casual,2024-09-10,2024-12-31,28,156,3.9
5753,Puente de Vallecas,part_time,2024-10-10,2024-12-31,34,302,4.6
5754,San Blas - Canillejas,part_time,2024-06-27,2024-12-31,82,726,4.6
5755,Ciudad Lineal,casual,2024-07-11,2024-12-31,38,195,3.9
5756,Villaverde,part_time,2024-10-01,2024-12-31,42,380,4.6
5757,Moncloa - Aravaca,casual,2024-01-01,2024-10-08,57,263,4.5
5758,San Blas - Canillejas,casual,2024-03-01,2024-09-07,41,204,4.9
5759,Carabanchel,casual,2024-01-11,2024-04-25,30,172,4.7
5760,Latina,casual,2024-01-08,2024-04-22,22,114,4.7
5761,Puente de Vallecas,casual,2024-12-01,2024-12-31,6,30,3.7
5762,Carabanchel,full_time,2024-07-10,2024-12-31,146,2860,5.0
5763,Centro,part_time,2024-05-01,2024-07-21,45,415,4.7
5764,Hortaleza,full_time,2024-01-01,2024-01-29,24,466,4.8
5765,Barajas,casual,2024-09-04,2024-12-07,25,129,4.6
5766,San Blas - Canillejas,casual,2024-11-24,2024-12-31,10,62,4.8
5767,Moncloa - Aravaca,casual,2024-11-08,2024-12-31,10,45,4.4
5768,Puente de Vallecas,part_time,2024-08-25,2024-11-18,38,341,3.5
5769,Ciudad Lineal,casual,2024-07-21,2024-10-27,17,82,4.2
5770,Arganzuela,part_time,2024-01-01,2024-03-29,45,389,3.9
5771,Barajas,part_time,2024-01-01,2024-02-07,17,171,4.0
5772,San Blas - Canillejas,full_time,2024-02-12,2024-04-26,64,1334,3.9
5773,Ciudad Lineal,casual,2024-02-20,2024-12-31,75,363,4.4
5774,Retiro,casual,2024-10-29,2024-12-31,14,83,4.7
5775,Moncloa - Aravaca,casual,2024-10-21,2024-12-31,18,95,4.8
5776,Barajas,casual,2024-01-01,2024-08-11,55,274,4.8
5777,Usera,part_time,2024-01-23,2024-07-17,78,734,3.5
5778,Arganzuela,casual,2024-01-02,2024-06-12,33,165,4.6
5779,Retiro,part_time,2024-06-09,2024-08-19,30,281,4.9
5780,Fuencarral - El Pardo,casual,2024-09-15,2024-12-31,25,106,4.7
5781,Chamartín,full_time,2024-09-01,2024-12-31,98,1959,3.7
5782,Fuencarral - El Pardo,full_time,2024-11-02,2024-12-31,50,1009,4.9
5783,Hortaleza,casual,2024-01-18,2024-12-31,73,369,4.3
5784,Villa de Vallecas,full_time,2024-07-23,2024-11-06,86,1736,4.4
5785,Barajas,casual,2024-12-06,2024-12-31,7,34,3.9
5786,San Blas - Canillejas,part_time,2024-08-11,2024-10-22,36,347,4.8
5787,Villaverde,full_time,2024-01-01,2024-03-16,66,1353,4.8
5788,Fuencarral - El Pardo,part_time,2024-02-19,2024-06-02,49,476,4.7
5789,San Blas - Canillejas,part_time,2024-01-01,2024-02-24,24,193,3.8
5790,Carabanchel,casual,2024-01-01,2024-02-20,9,41,3.7
5791,Villaverde,part_time,2024-04-02,2024-09-21,80,697,5.0
5792,Hortaleza,part_time,2024-08-14,2024-12-31,63,584,4.8
5793,Carabanchel,casual,2024-01-01,2024-05-18,39,193,4.8
5794,Centro,casual,2024-01-03,2024-06-19,33,150,4.7
5795,Centro,part_time,2024-03-03,2024-06-03,46,413,3.7
5796,Tetuán,part_time,2024-10-21,2024-12-31,36,356,4.3
5797,Centro,casual,2024-01-01,2024-04-11,18,95,3.7
5798,Centro,full_time,2024-01-01,2024-01-16,14,263,4.1
5799,Carabanchel,part_time,2024-07-13,2024-10-12,43,358,3.7
5800,Villaverde,casual,2024-06-06,2024-08-20,21,95,4.2
5801,Carabanchel,casual,2024-01-01,2024-01-02,1,1,4.5
5802,Centro,part_time,2024-07-15,2024-12-31,81,738,4.8
5803,Hortaleza,part_time,2024-01-01,2024-11-05,140,1258,3.6
5804,Retiro,part_time,2024-04-25,2024-10-29,87,752,4.8
5805,Ciudad Lineal,casual,2024-08-09,2024-10-22,26,113,3.8
5806,Carabanchel,part_time,2024-01-01,2024-02-07,14,130,4.9
5807,Vicálvaro,part_time,2024-01-01,2024-04-03,48,438,4.2
5808,Barajas,part_time,2024-01-01,2024-12-03,149,1303,3.6
5809,Vicálvaro,casual,2024-01-01,2024-03-21,20,97,4.7
5810,Latina,part_time,2024-01-01,2024-02-20,20,178,3.6
5811,Centro,casual,2024-01-01,2024-06-29,46,244,4.4
5812,Ciudad Lineal,casual,2024-01-01,2024-11-07,78,396,4.7
5813,Carabanchel,part_time,2024-10-26,2024-12-31,30,286,4.2
5814,Fuencarral - El Pardo,part_time,2024-07-05,2024-09-21,32,294,4.5
5815,Arganzuela,casual,2024-11-24,2024-12-31,10,53,4.4
5816,Tetuán,part_time,2024-01-01,2024-11-30,151,1370,3.6
5817,Moncloa - Aravaca,casual,2024-03-16,2024-09-17,39,192,4.5
5818,Vicálvaro,casual,2024-01-01,2024-08-12,54,277,4.9
5819,Arganzuela,casual,2024-01-01,2024-02-14,10,67,4.0
5820,Vicálvaro,casual,2024-01-01,2024-05-05,31,152,3.7
5821,Chamartín,part_time,2024-01-01,2024-02-01,13,96,3.9
5822,San Blas - Canillejas,part_time,2024-08-17,2024-11-18,58,538,4.5
5823,Chamartín,part_time,2024-01-22,2024-07-03,77,718,5.0
5824,Barajas,casual,2024-01-01,2024-01-18,1,1,4.7
5825,Centro,casual,2024-09-11,2024-12-05,22,95,4.7
5826,Villaverde,casual,2024-01-17,2024-04-29,28,112,4.0
5827,Ciudad Lineal,part_time,2024-11-05,2024-12-31,24,198,4.4
5828,Moncloa - Aravaca,casual,2024-08-24,2024-12-31,25,143,4.1
5829,Hortaleza,casual,2024-02-06,2024-05-23,23,128,3.6
5830,Barajas,part_time,2024-01-01,2024-06-21,81,673,4.2
5831,Centro,part_time,2024-12-28,2024-12-31,1,8,4.3
5832,Puente de Vallecas,casual,2024-10-10,2024-12-31,18,87,4.8
5833,Centro,casual,2024-11-27,2024-12-31,10,49,4.6
5834,Chamartín,part_time,2024-01-01,2024-01-09,5,43,4.2
5835,Carabanchel,casual,2024-06-27,2024-10-07,26,130,4.2
5836,San Blas - Canillejas,casual,2024-01-01,2024-05-21,32,166,4.7
5837,Latina,full_time,2024-01-28,2024-07-21,151,3096,3.9
5838,Villa de Vallecas,casual,2024-01-01,2024-02-12,6,35,4.0
5839,Fuencarral - El Pardo,casual,2024-07-04,2024-12-31,31,130,4.9
5840,Puente de Vallecas,casual,2024-01-20,2024-12-31,77,388,4.6
5841,Latina,casual,2024-09-29,2024-12-21,20,93,4.9
5842,Villa de Vallecas,casual,2024-01-01,2024-02-23,9,48,4.8
5843,Tetuán,casual,2024-12-30,2024-12-31,1,1,4.6
5844,Carabanchel,part_time,2024-01-02,2024-07-14,82,722,3.9
5845,Centro,casual,2024-12-10,2024-12-31,4,22,4.3
5846,Fuencarral - El Pardo,full_time,2024-07-05,2024-12-31,153,3080,4.1
5847,Moncloa - Aravaca,full_time,2024-01-01,2024-02-27,44,932,4.1
5848,Hortaleza,casual,2024-09-02,2024-12-31,29,155,4.7
5849,Chamartín,casual,2024-06-21,2024-09-03,18,106,4.1
5850,Villa de Vallecas,part_time,2024-01-01,2024-03-30,37,376,3.7
5851,Barajas,full_time,2024-01-03,2024-03-24,66,1304,4.0
5852,Centro,full_time,2024-11-27,2024-12-31,29,592,4.7
5853,Hortaleza,casual,2024-12-31,2024-12-31,1,5,4.3
5854,Chamartín,casual,2024-05-19,2024-11-04,36,158,3.5
5855,Vicálvaro,casual,2024-01-01,2024-04-14,26,129,4.4
5856,Chamartín,part_time,2024-03-15,2024-05-30,32,261,3.8
5857,Usera,part_time,2024-01-01,2024-04-09,49,460,3.7
5858,Puente de Vallecas,casual,2024-07-06,2024-10-04,21,103,4.0
5859,Centro,part_time,2024-04-03,2024-06-30,37,329,4.7
5860,Chamartín,casual,2024-03-30,2024-06-16,16,63,3.6
5861,Vicálvaro,part_time,2024-10-06,2024-12-14,37,346,3.8
5862,Centro,casual,2024-12-11,2024-12-31,6,39,3.8
5863,Hortaleza,part_time,2024-01-01,2024-04-01,38,323,4.7
5864,Retiro,part_time,2024-04-01,2024-07-13,53,516,3.9
5865,Tetuán,part_time,2024-05-26,2024-09-11,50,439,4.4
5866,Ciudad Lineal,casual,2024-01-30,2024-04-19,17,83,3.7
5867,Hortaleza,part_time,2024-04-02,2024-07-03,45,392,4.7
5868,Arganzuela,part_time,2024-01-01,2024-01-27,11,99,3.9
5869,Latina,casual,2024-01-01,2024-01-19,5,23,4.2
5870,Hortaleza,casual,2024-07-28,2024-12-31,40,202,4.0
5871,Centro,part_time,2024-02-29,2024-06-06,45,416,4.5
5872,Puente de Vallecas,casual,2024-08-15,2024-12-02,27,120,3.9
5873,Carabanchel,casual,2024-01-01,2024-02-07,8,41,3.5
5874,Puente de Vallecas,casual,2024-08-08,2024-10-24,17,90,4.3
5875,Hortaleza,casual,2024-06-20,2024-12-31,39,196,5.0
5876,San Blas - Canillejas,casual,2024-10-12,2024-12-31,14,72,4.7
5877,Chamartín,part_time,2024-01-01,2024-05-26,68,584,5.0
5878,Centro,casual,2024-02-07,2024-12-31,71,352,4.2
5879,Carabanchel,part_time,2024-11-06,2024-12-31,28,243,4.4
5880,Salamanca,casual,2024-01-03,2024-04-12,22,109,4.7
5881,Moncloa - Aravaca,casual,2024-01-01,2024-02-25,7,37,4.0
5882,Centro,casual,2024-02-26,2024-06-11,30,155,3.7
5883,Tetuán,part_time,2024-12-13,2024-12-31,10,85,3.8
5884,Barajas,full_time,2024-01-01,2024-03-15,69,1351,4.9
5885,Ciudad Lineal,casual,2024-01-01,2024-03-04,13,67,4.7
5886,Hortaleza,casual,2024-12-30,2024-12-31,1,1,3.9
5887,Vicálvaro,casual,2024-04-04,2024-06-24,21,114,4.7
5888,Puente de Vallecas,casual,2024-01-01,2024-03-08,13,89,4.6
5889,Villaverde,part_time,2024-06-22,2024-08-31,35,291,4.2
5890,Puente de Vallecas,casual,2024-01-01,2024-01-08,2,9,3.5
5891,Moncloa - Aravaca,full_time,2024-03-02,2024-08-13,134,2620,4.6
5892,Latina,part_time,2024-01-01,2024-01-16,7,67,3.9
5893,Carabanchel,casual,2024-06-25,2024-09-02,11,63,3.9
5894,Ciudad Lineal,part_time,2024-04-01,2024-12-31,136,1201,4.3
5895,Centro,casual,2024-01-01,2024-01-02,1,1,3.9
5896,Barajas,part_time,2024-04-05,2024-10-11,78,678,4.6
5897,Latina,casual,2024-12-06,2024-12-31,5,19,3.9
5898,Carabanchel,part_time,2024-01-31,2024-08-10,77,684,4.7
5899,Ciudad Lineal,casual,2024-12-07,2024-12-31,10,54,4.2
5900,Usera,casual,2024-12-14,2024-12-31,4,21,4.3
5901,Carabanchel,part_time,2024-01-22,2024-04-19,35,314,3.6
5902,Villaverde,casual,2024-06-28,2024-09-12,20,95,3.5
5903,Villaverde,casual,2024-10-13,2024-12-31,23,118,3.8
5904,Vicálvaro,part_time,2024-07-27,2024-12-31,75,627,4.0
5905,San Blas - Canillejas,casual,2024-09-18,2024-11-26,15,81,3.8
5906,Ciudad Lineal,full_time,2024-01-26,2024-04-30,85,1767,4.3
5907,San Blas - Canillejas,part_time,2024-11-02,2024-12-31,29,273,4.4
5908,Puente de Vallecas,part_time,2024-01-01,2024-06-21,86,720,4.7
5909,Carabanchel,casual,2024-07-28,2024-10-11,15,78,4.3
5910,San Blas - Canillejas,casual,2024-10-29,2024-12-31,12,69,4.1
5911,Villaverde,full_time,2024-03-06,2024-06-17,88,1783,4.9
5912,Carabanchel,casual,2024-05-09,2024-10-19,41,183,4.2
5913,Carabanchel,casual,2024-08-12,2024-11-12,23,123,3.9
5914,Fuencarral - El Pardo,casual,2024-11-22,2024-12-31,8,37,3.6
5915,Hortaleza,casual,2024-04-15,2024-07-30,30,146,3.8
5916,Latina,part_time,2024-07-07,2024-09-26,38,322,4.5
5917,Usera,part_time,2024-01-01,2024-04-13,55,457,3.8
5918,Carabanchel,part_time,2024-01-01,2024-01-30,18,178,4.0
5919,Villaverde,full_time,2024-01-01,2024-01-10,9,181,3.5
5920,Tetuán,casual,2024-04-27,2024-08-14,23,106,4.1
5921,Latina,casual,2024-04-25,2024-10-27,44,216,4.5
5922,Fuencarral - El Pardo,casual,2024-01-01,2024-02-08,8,47,3.8
5923,Moncloa - Aravaca,part_time,2024-01-01,2024-04-11,54,499,3.5
5924,Fuencarral - El Pardo,casual,2024-02-13,2024-04-26,12,56,4.8
5925,Centro,part_time,2024-11-01,2024-12-31,32,298,4.6
5926,Latina,casual,2024-01-01,2024-03-13,14,68,5.0
5927,Centro,part_time,2024-05-10,2024-08-14,40,391,3.7
5928,Chamartín,part_time,2024-09-04,2024-12-31,49,435,4.5
5929,Barajas,full_time,2024-10-31,2024-12-31,48,984,3.9
5930,Moncloa - Aravaca,casual,2024-08-18,2024-11-01,18,91,4.3
5931,Barajas,full_time,2024-01-01,2024-05-23,118,2457,4.6
5932,Fuencarral - El Pardo,casual,2024-01-01,2024-03-27,20,103,3.8
5933,San Blas - Canillejas,casual,2024-01-01,2024-04-25,24,115,4.2
5934,Tetuán,casual,2024-07-17,2024-12-31,41,195,3.9
5935,Vicálvaro,casual,2024-02-01,2024-05-20,26,139,3.7
5936,Villaverde,part_time,2024-01-02,2024-07-04,91,815,4.6
5937,Tetuán,casual,2024-01-01,2024-03-20,17,73,3.9
5938,Carabanchel,casual,2024-01-01,2024-11-07,77,371,4.3
5939,San Blas - Canillejas,part_time,2024-01-10,2024-06-28,88,814,4.5
5940,Puente de Vallecas,part_time,2024-03-06,2024-06-15,44,367,4.2
5941,Salamanca,part_time,2024-01-01,2024-01-25,13,117,3.7
5942,Retiro,part_time,2024-03-06,2024-09-15,97,851,3.5
5943,Hortaleza,casual,2024-01-01,2024-03-22,17,88,4.1
5944,Tetuán,part_time,2024-04-22,2024-10-19,68,562,5.0
5945,Hortaleza,casual,2024-05-04,2024-12-31,52,254,5.0
5946,Villaverde,casual,2024-06-17,2024-08-26,18,94,4.2
5947,Hortaleza,casual,2024-01-01,2024-03-06,10,52,4.1
5948,Tetuán,part_time,2024-06-05,2024-12-02,74,685,4.5
5949,Carabanchel,casual,2024-04-09,2024-07-06,21,122,4.7
5950,Tetuán,part_time,2024-03-23,2024-06-08,36,344,4.4
5951,Puente de Vallecas,casual,2024-01-01,2024-04-18,21,86,4.6
5952,Tetuán,casual,2024-12-27,2024-12-31,1,3,3.5
5953,Moncloa - Aravaca,casual,2024-01-01,2024-10-12,71,338,4.8
5954,Barajas,casual,2024-04-22,2024-07-31,21,108,4.3
5955,Vicálvaro,casual,2024-01-01,2024-02-11,9,45,4.2
5956,Puente de Vallecas,part_time,2024-05-14,2024-12-31,98,864,3.8
5957,Centro,casual,2024-02-14,2024-05-06,21,111,3.7
5958,Hortaleza,casual,2024-09-09,2024-11-17,20,116,4.1
5959,Chamartín,part_time,2024-01-01,2024-01-31,14,124,4.9
5960,Carabanchel,casual,2024-01-01,2024-07-31,42,190,4.3
5961,Tetuán,casual,2024-09-05,2024-12-10,22,90,4.1
5962,Villaverde,casual,2024-04-12,2024-06-21,15,68,3.7
5963,Hortaleza,casual,2024-01-01,2024-01-16,3,15,3.6
5964,Moncloa - Aravaca,casual,2024-09-29,2024-12-17,20,99,4.4
5965,Chamberí,part_time,2024-12-13,2024-12-31,10,84,4.9
5966,Ciudad Lineal,casual,2024-01-29,2024-07-22,41,198,4.2
5967,Vicálvaro,part_time,2024-06-04,2024-12-11,87,758,3.9
5968,Ciudad Lineal,casual,2024-03-14,2024-06-22,23,133,4.1
5969,Hortaleza,part_time,2024-06-14,2024-09-06,44,410,4.3
5970,Villa de Vallecas,part_time,2024-09-09,2024-11-18,34,330,4.6
5971,San Blas - Canillejas,casual,2024-04-07,2024-12-31,63,300,4.2
5972,Hortaleza,casual,2024-02-28,2024-05-21,14,62,4.9
5973,Chamartín,casual,2024-01-01,2024-03-30,26,130,4.5
5974,Barajas,full_time,2024-05-30,2024-09-14,88,1782,3.7
5975,Villaverde,full_time,2024-04-27,2024-12-31,220,4439,3.7
5976,Tetuán,casual,2024-05-12,2024-11-10,36,183,4.3
5977,Hortaleza,part_time,2024-01-01,2024-02-27,26,216,4.7
5978,Hortaleza,casual,2024-01-07,2024-07-17,54,245,4.3
5979,Usera,casual,2024-09-10,2024-11-25,15,80,4.7
5980,Villa de Vallecas,part_time,2024-01-01,2024-03-20,38,354,3.6
5981,Usera,casual,2024-10-08,2024-12-31,21,95,4.0
5982,Retiro,casual,2024-03-25,2024-09-03,38,185,3.6
5983,Centro,part_time,2024-08-03,2024-12-31,72,611,4.0
5984,Ciudad Lineal,casual,2024-03-15,2024-05-30,19,94,4.4
5985,Chamartín,part_time,2024-03-26,2024-06-06,28,246,4.9
5986,Centro,casual,2024-12-13,2024-12-31,6,17,4.2
5987,Latina,casual,2024-05-06,2024-11-10,39,176,4.1
5988,Chamberí,casual,2024-01-01,2024-02-17,12,61,4.5
5989,Salamanca,full_time,2024-12-13,2024-12-31,16,299,4.6
5990,Latina,casual,2024-03-23,2024-06-19,23,122,3.8
5991,Hortaleza,casual,2024-08-20,2024-11-24,30,147,4.6
5992,Usera,part_time,2024-01-01,2024-04-03,39,332,4.3
5993,Usera,full_time,2024-10-29,2024-12-31,49,1047,4.3
5994,Chamartín,full_time,2024-12-02,2024-12-31,22,463,5.0
5995,San Blas - Canillejas,part_time,2024-04-04,2024-06-17,34,318,4.7
5996,Fuencarral - El Pardo,casual,2024-01-01,2024-03-16,15,70,4.7
5997,Centro,part_time,2024-02-12,2024-12-31,147,1294,4.7
5998,Carabanchel,part_time,2024-01-01,2024-03-26,40,347,4.5
5999,San Blas - Canillejas,full_time,2024-01-01,2024-11-15,267,5310,3.5
6000,Moncloa - Aravaca,part_time,2024-07-05,2024-10-22,47,427,4.1
6001,Latina,casual,2024-01-01,2024-03-06,13,60,4.7
6002,Hortaleza,casual,2024-12-04,2024-12-31,7,33,3.8
6003,Barajas,part_time,2024-07-25,2024-12-31,66,573,4.9
6004,Moncloa - Aravaca,casual,2024-01-22,2024-07-13,34,141,3.5
6005,San Blas - Canillejas,casual,2024-02-14,2024-08-16,50,274,4.3
6006,Moncloa - Aravaca,casual,2024-10-22,2024-12-31,17,74,3.6
6007,Chamartín,part_time,2024-05-16,2024-07-27,28,236,4.6
6008,Centro,full_time,2024-12-22,2024-12-31,7,147,4.4
6009,Moncloa - Aravaca,part_time,2024-01-01,2024-02-03,15,144,4.1
6010,Ciudad Lineal,full_time,2024-01-01,2024-06-02,124,2533,3.7
6011,Latina,part_time,2024-04-17,2024-10-04,72,611,4.2
6012,Fuencarral - El Pardo,part_time,2024-01-01,2024-04-06,46,428,4.0
6013,Retiro,casual,2024-01-01,2024-09-17,57,284,3.8
6014,Villa de Vallecas,part_time,2024-05-20,2024-09-01,38,337,3.8
6015,Ciudad Lineal,casual,2024-01-01,2024-07-09,43,206,4.8
6016,Salamanca,casual,2024-01-01,2024-03-13,10,61,4.0
6017,Villaverde,casual,2024-01-26,2024-05-04,27,141,3.6
6018,San Blas - Canillejas,part_time,2024-01-01,2024-02-29,23,198,3.7
6019,Retiro,part_time,2024-01-13,2024-03-27,21,169,4.5
6020,Ciudad Lineal,full_time,2024-01-01,2024-01-28,21,404,4.1
6021,Moncloa - Aravaca,full_time,2024-12-05,2024-12-31,21,383,3.6
6022,Moncloa - Aravaca,full_time,2024-01-01,2024-04-27,101,2029,3.6
6023,Moncloa - Aravaca,casual,2024-01-01,2024-01-01,1,3,3.6
6024,Centro,full_time,2024-12-08,2024-12-31,19,386,4.6
6025,Carabanchel,part_time,2024-09-12,2024-12-14,52,479,4.8
6026,Chamartín,full_time,2024-02-08,2024-04-29,62,1258,4.8
6027,San Blas - Canillejas,casual,2024-10-28,2024-12-31,16,69,4.3
6028,Centro,casual,2024-10-23,2024-12-31,15,84,4.1
6029,Puente de Vallecas,full_time,2024-08-16,2024-12-31,122,2418,4.0
6030,Puente de Vallecas,casual,2024-05-30,2024-11-08,44,216,4.6
6031,Chamberí,casual,2024-03-03,2024-12-31,58,297,4.7
6032,Puente de Vallecas,casual,2024-12-09,2024-12-31,1,1,4.9
6033,Arganzuela,casual,2024-04-27,2024-08-04,24,115,5.0
6034,Usera,casual,2024-09-15,2024-12-31,18,91,4.6
6035,Puente de Vallecas,full_time,2024-01-01,2024-03-02,53,1124,3.8
6036,Carabanchel,full_time,2024-08-15,2024-11-19,76,1542,4.9
6037,Usera,full_time,2024-12-26,2024-12-31,4,70,3.7
6038,Fuencarral - El Pardo,casual,2024-01-01,2024-01-06,1,4,3.9
6039,Carabanchel,casual,2024-02-10,2024-04-23,15,76,4.7
6040,Barajas,casual,2024-09-24,2024-12-27,19,84,4.3
6041,Vicálvaro,casual,2024-09-02,2024-11-27,20,92,3.9
6042,Fuencarral - El Pardo,casual,2024-09-01,2024-12-01,21,123,4.3
6043,Hortaleza,part_time,2024-12-19,2024-12-31,9,77,4.7
6044,Villaverde,full_time,2024-01-01,2024-02-11,38,753,3.9
6045,Moncloa - Aravaca,casual,2024-07-08,2024-12-31,46,237,4.3
6046,Tetuán,casual,2024-06-20,2024-12-12,31,155,3.9
6047,San Blas - Canillejas,casual,2024-01-01,2024-04-05,22,107,4.1
6048,Usera,casual,2024-01-04,2024-04-08,20,83,3.8
6049,Ciudad Lineal,casual,2024-07-22,2024-10-28,17,87,4.6
6050,Chamberí,casual,2024-07-22,2024-11-02,20,93,4.0
6051,Usera,casual,2024-07-06,2024-09-25,18,91,4.3
6052,Centro,casual,2024-05-04,2024-07-26,18,78,4.7
6053,San Blas - Canillejas,part_time,2024-05-19,2024-12-31,106,968,3.7
6054,Salamanca,casual,2024-01-01,2024-06-28,38,165,4.5
6055,Moncloa - Aravaca,casual,2024-01-20,2024-04-17,23,111,4.0
6056,Puente de Vallecas,casual,2024-06-26,2024-10-04,26,129,4.2
6057,Chamartín,casual,2024-03-31,2024-12-31,70,359,4.6
6058,Centro,part_time,2024-10-04,2024-12-31,36,310,4.9
6059,Moncloa - Aravaca,part_time,2024-02-18,2024-08-14,94,828,4.8
6060,Fuencarral - El Pardo,full_time,2024-09-10,2024-12-28,85,1677,4.9
6061,Puente de Vallecas,part_time,2024-11-02,2024-12-31,32,318,3.6
6062,Barajas,casual,2024-04-25,2024-07-04,17,82,4.1
6063,Chamartín,casual,2024-06-11,2024-08-29,7,36,4.7
6064,Hortaleza,casual,2024-11-13,2024-12-31,9,39,4.7
6065,Fuencarral - El Pardo,casual,2024-02-28,2024-05-12,10,35,4.1
6066,Ciudad Lineal,full_time,2024-07-30,2024-12-31,131,2646,3.9
6067,Fuencarral - El Pardo,casual,2024-06-25,2024-09-16,22,117,4.3
6068,Carabanchel,casual,2024-04-01,2024-07-12,22,110,4.6
6069,Carabanchel,casual,2024-10-28,2024-12-31,17,86,4.5
6070,Tetuán,casual,2024-01-01,2024-03-23,15,79,3.9
6071,Barajas,full_time,2024-01-01,2024-01-26,24,487,3.5
6072,Latina,casual,2024-01-03,2024-04-05,18,87,4.8
6073,Hortaleza,casual,2024-10-02,2024-12-31,27,142,4.2
6074,Fuencarral - El Pardo,casual,2024-01-01,2024-09-08,53,279,4.7
6075,Hortaleza,part_time,2024-08-14,2024-10-29,29,265,4.8
6076,Centro,casual,2024-01-25,2024-04-12,18,96,4.9
6077,Ciudad Lineal,part_time,2024-05-20,2024-08-05,36,311,4.0
6078,Salamanca,casual,2024-05-31,2024-08-22,19,87,4.5
6079,Fuencarral - El Pardo,casual,2024-01-01,2024-05-14,36,181,4.4
6080,Centro,full_time,2024-03-30,2024-06-23,74,1427,3.7
6081,Chamartín,casual,2024-01-24,2024-05-01,24,113,4.2
6082,San Blas - Canillejas,casual,2024-01-01,2024-02-24,11,64,4.1
6083,Moncloa - Aravaca,part_time,2024-04-15,2024-07-17,36,349,3.8
6084,Moncloa - Aravaca,casual,2024-02-17,2024-12-31,55,291,4.1
6085,Chamartín,casual,2024-01-01,2024-02-18,13,53,4.2
6086,Ciudad Lineal,part_time,2024-03-26,2024-06-05,25,241,4.7
6087,Chamartín,casual,2024-05-07,2024-07-24,20,86,4.8
6088,Villa de Vallecas,casual,2024-11-30,2024-12-31,4,15,4.6
6089,Fuencarral - El Pardo,casual,2024-03-22,2024-12-31,64,323,4.7
6090,San Blas - Canillejas,part_time,2024-12-06,2024-12-31,12,105,3.6
6091,San Blas - Canillejas,casual,2024-01-21,2024-12-31,89,459,4.3
6092,Fuencarral - El Pardo,casual,2024-08-10,2024-12-31,35,176,3.9
6093,Tetuán,part_time,2024-01-01,2024-02-15,13,118,4.1
6094,Centro,part_time,2024-05-17,2024-10-23,81,717,4.6
6095,Ciudad Lineal,full_time,2024-01-06,2024-07-15,161,3222,4.9
6096,Puente de Vallecas,casual,2024-08-27,2024-12-06,21,104,4.0
6097,Hortaleza,casual,2024-10-05,2024-12-31,24,130,4.4
6098,Fuencarral - El Pardo,casual,2024-08-24,2024-11-15,22,111,3.7
6099,San Blas - Canillejas,part_time,2024-01-01,2024-03-03,39,355,4.5
6100,Hortaleza,casual,2024-06-06,2024-12-08,40,202,3.9
6101,Vicálvaro,part_time,2024-09-02,2024-12-15,44,320,4.2
6102,Ciudad Lineal,casual,2024-01-01,2024-01-14,3,11,4.0
6103,Villa de Vallecas,part_time,2024-01-01,2024-03-17,27,239,3.6
6104,Moncloa - Aravaca,part_time,2024-08-07,2024-11-06,44,370,4.6
6105,Barajas,casual,2024-01-05,2024-06-14,41,222,4.4
6106,Latina,full_time,2024-01-01,2024-01-28,24,456,4.7
6107,Vicálvaro,full_time,2024-10-13,2024-12-31,67,1357,4.9
6108,Chamberí,casual,2024-12-11,2024-12-31,5,22,4.1
6109,Latina,casual,2024-03-17,2024-06-21,19,89,4.6
6110,Barajas,part_time,2024-12-28,2024-12-31,2,20,4.0
6111,Centro,casual,2024-10-30,2024-12-31,14,72,4.1
6112,Usera,casual,2024-05-10,2024-10-21,39,209,4.8
6113,Salamanca,casual,2024-09-12,2024-11-22,16,83,4.8
6114,Fuencarral - El Pardo,full_time,2024-11-26,2024-12-31,29,542,4.1
6115,Latina,casual,2024-08-04,2024-12-31,31,150,4.7
6116,Barajas,part_time,2024-03-04,2024-06-03,36,328,4.6
6117,Centro,casual,2024-01-13,2024-03-25,12,66,3.8
6118,Vicálvaro,casual,2024-04-28,2024-07-06,19,87,4.4
6119,Moncloa - Aravaca,full_time,2024-01-01,2024-03-29,67,1362,4.2
6120,Centro,casual,2024-01-01,2024-01-13,2,12,3.6
6121,Vicálvaro,casual,2024-04-27,2024-07-27,19,89,4.3
6122,San Blas - Canillejas,casual,2024-03-11,2024-05-24,22,95,5.0
6123,Vicálvaro,part_time,2024-01-01,2024-02-11,22,187,4.7
6124,Chamartín,casual,2024-11-01,2024-12-31,14,63,3.8
6125,Salamanca,casual,2024-01-01,2024-03-30,21,125,3.8
6126,Moncloa - Aravaca,casual,2024-04-08,2024-12-31,59,280,4.0
6127,Ciudad Lineal,casual,2024-05-19,2024-10-25,32,166,3.5
6128,San Blas - Canillejas,casual,2024-12-22,2024-12-31,2,9,3.6
6129,Salamanca,casual,2024-01-15,2024-04-29,20,94,4.6
6130,Usera,casual,2024-01-08,2024-04-20,20,88,4.3
6131,Centro,casual,2024-04-03,2024-12-31,56,287,4.5
6132,Usera,part_time,2024-06-21,2024-08-31,35,309,4.6
6133,Chamartín,part_time,2024-10-05,2024-12-31,46,396,3.6
6134,Hortaleza,casual,2024-01-01,2024-04-05,28,145,4.9
6135,Moncloa - Aravaca,casual,2024-01-01,2024-06-17,37,172,5.0
6136,Fuencarral - El Pardo,casual,2024-01-01,2024-01-03,1,1,3.6
6137,Ciudad Lineal,full_time,2024-08-23,2024-12-05,90,1785,3.6
6138,Latina,casual,2024-01-01,2024-08-25,56,295,4.7
6139,Moncloa - Aravaca,casual,2024-01-11,2024-04-20,30,144,4.4
6140,Barajas,casual,2024-03-23,2024-12-31,61,307,5.0
6141,Chamartín,casual,2024-01-15,2024-04-28,14,79,3.9
6142,Retiro,casual,2024-01-01,2024-02-10,14,55,4.7
6143,Hortaleza,casual,2024-01-01,2024-06-19,44,210,4.3
6144,Fuencarral - El Pardo,part_time,2024-10-26,2024-12-31,29,243,4.3
6145,Barajas,part_time,2024-03-15,2024-12-31,128,1162,3.8
6146,Villaverde,part_time,2024-05-02,2024-08-04,43,375,4.4
6147,Fuencarral - El Pardo,part_time,2024-05-05,2024-08-19,44,397,4.1
6148,Centro,casual,2024-12-30,2024-12-31,1,1,3.8
6149,Centro,full_time,2024-01-01,2024-01-17,15,297,4.8
6150,Tetuán,part_time,2024-01-01,2024-03-17,40,316,3.8
6151,Fuencarral - El Pardo,part_time,2024-11-02,2024-12-31,26,233,4.0
6152,Carabanchel,part_time,2024-01-26,2024-12-31,159,1459,3.6
6153,Villa de Vallecas,casual,2024-12-28,2024-12-31,1,1,4.5
6154,Carabanchel,casual,2024-08-06,2024-11-16,19,101,3.9
6155,Ciudad Lineal,casual,2024-08-29,2024-11-20,15,74,4.9
6156,Centro,casual,2024-06-17,2024-09-29,25,126,4.6
6157,Puente de Vallecas,casual,2024-01-01,2024-01-08,4,18,4.9
6158,Carabanchel,casual,2024-10-25,2024-12-31,17,78,3.8
6159,Fuencarral - El Pardo,casual,2024-01-19,2024-12-31,77,383,4.5
6160,Latina,full_time,2024-01-01,2024-01-05,5,101,4.8
6161,Puente de Vallecas,part_time,2024-01-06,2024-04-05,38,359,4.9
6162,San Blas - Canillejas,part_time,2024-03-06,2024-06-10,37,328,4.5
6163,Carabanchel,casual,2024-02-21,2024-05-05,20,101,4.9
6164,Salamanca,part_time,2024-01-01,2024-01-13,7,64,3.7
6165,Latina,full_time,2024-02-10,2024-05-06,76,1517,3.6
6166,Puente de Vallecas,part_time,2024-11-13,2024-12-31,16,135,4.2
6167,Barajas,part_time,2024-06-30,2024-09-21,38,371,4.0
6168,Carabanchel,casual,2024-01-01,2024-08-25,53,272,4.9
6169,San Blas - Canillejas,casual,2024-01-01,2024-02-19,7,35,3.5
6170,Chamartín,part_time,2024-09-12,2024-11-30,35,320,4.0
6171,Hortaleza,full_time,2024-08-27,2024-11-19,68,1351,4.0
6172,Hortaleza,casual,2024-01-01,2024-01-02,1,1,4.6
6173,Fuencarral - El Pardo,casual,2024-12-28,2024-12-31,4,20,3.5
6174,Tetuán,casual,2024-01-01,2024-07-08,56,271,4.8
6175,Vicálvaro,casual,2024-02-09,2024-04-26,15,74,4.9
6176,Puente de Vallecas,full_time,2024-01-01,2024-08-08,189,3676,4.2
6177,Moncloa - Aravaca,part_time,2024-12-14,2024-12-31,7,61,3.7
6178,Fuencarral - El Pardo,casual,2024-09-06,2024-12-31,33,137,3.6
6179,Puente de Vallecas,casual,2024-07-20,2024-10-16,20,106,3.9
6180,Hortaleza,casual,2024-01-01,2024-12-27,77,387,3.7
6181,Tetuán,casual,2024-01-10,2024-06-22,28,141,4.3
6182,Carabanchel,casual,2024-02-27,2024-06-04,23,106,4.1
6183,Puente de Vallecas,part_time,2024-01-01,2024-06-27,88,794,3.8
6184,Barajas,part_time,2024-11-02,2024-12-31,26,221,4.7
6185,Centro,casual,2024-08-04,2024-11-15,22,118,4.4
6186,Villaverde,part_time,2024-04-07,2024-07-02,40,373,4.4
6187,Centro,part_time,2024-12-28,2024-12-31,2,18,4.5
6188,Ciudad Lineal,casual,2024-01-01,2024-05-09,35,183,4.8
6189,Chamartín,part_time,2024-01-01,2024-02-04,18,151,4.5
6190,Latina,part_time,2024-02-04,2024-07-12,79,694,3.7
6191,Moncloa - Aravaca,part_time,2024-12-18,2024-12-31,8,91,4.1
6192,Carabanchel,casual,2024-01-01,2024-01-13,3,20,4.3
6193,Moncloa - Aravaca,casual,2024-01-01,2024-02-06,12,65,3.8
6194,Villaverde,casual,2024-03-11,2024-06-02,18,103,4.9
6195,Moratalaz,casual,2024-12-26,2024-12-31,1,1,3.9
6196,Hortaleza,casual,2024-03-03,2024-06-07,22,112,4.7
6197,Hortaleza,part_time,2024-08-11,2024-10-26,38,298,4.9
6198,Puente de Vallecas,casual,2024-09-23,2024-12-31,23,88,3.9
6199,Centro,casual,2024-07-11,2024-12-19,35,175,4.2
6200,Ciudad Lineal,full_time,2024-01-01,2024-02-17,36,721,3.9
6201,San Blas - Canillejas,casual,2024-01-01,2024-03-09,13,63,4.7
6202,Ciudad Lineal,casual,2024-02-07,2024-04-24,22,99,4.7
6203,Moncloa - Aravaca,part_time,2024-09-12,2024-12-31,54,475,4.8
6204,Tetuán,casual,2024-09-30,2024-12-31,25,116,3.6
6205,Villaverde,casual,2024-01-01,2024-05-03,30,179,4.6
6206,Retiro,part_time,2024-04-01,2024-06-16,44,364,4.4
6207,Vicálvaro,casual,2024-01-01,2024-03-07,17,88,4.1
6208,Chamartín,casual,2024-03-24,2024-09-10,39,215,4.8
6209,Chamartín,casual,2024-01-16,2024-07-20,34,177,4.8
6210,Moncloa - Aravaca,part_time,2024-12-28,2024-12-31,2,20,4.5
6211,Centro,casual,2024-02-11,2024-07-25,33,166,3.8
6212,Barajas,part_time,2024-01-01,2024-01-24,14,122,3.9
6213,Barajas,casual,2024-05-20,2024-09-02,29,148,3.7
6214,Retiro,part_time,2024-11-21,2024-12-31,20,177,3.9
6215,Vicálvaro,casual,2024-01-11,2024-07-27,41,224,4.7
6216,Fuencarral - El Pardo,casual,2024-09-25,2024-12-31,25,127,4.0
6217,Usera,casual,2024-03-29,2024-07-16,23,116,3.9
6218,Chamartín,part_time,2024-05-10,2024-11-06,83,785,3.9
6219,Moncloa - Aravaca,casual,2024-03-30,2024-10-06,50,259,3.6
6220,Carabanchel,casual,2024-11-07,2024-12-31,13,62,4.0
6221,Ciudad Lineal,casual,2024-06-24,2024-09-07,23,100,3.6
6222,Vicálvaro,casual,2024-03-12,2024-06-28,30,143,4.3
6223,Centro,part_time,2024-09-20,2024-12-04,38,310,3.8
6224,Salamanca,casual,2024-01-01,2024-02-06,10,44,3.9
6225,Fuencarral - El Pardo,casual,2024-01-01,2024-07-13,45,210,4.2
6226,Moncloa - Aravaca,casual,2024-02-07,2024-05-12,23,128,4.1
6227,Puente de Vallecas,casual,2024-06-21,2024-09-13,28,132,4.0
6228,Latina,casual,2024-10-17,2024-12-31,11,57,4.9
6229,San Blas - Canillejas,casual,2024-06-07,2024-09-13,23,111,3.6
6230,Vicálvaro,casual,2024-05-07,2024-07-21,16,75,4.8
6231,Fuencarral - El Pardo,full_time,2024-01-01,2024-01-30,21,438,4.9
6232,Latina,casual,2024-12-18,2024-12-31,3,12,5.0
6233,Latina,part_time,2024-02-19,2024-05-12,36,287,4.8
6234,Arganzuela,casual,2024-01-01,2024-02-27,14,67,4.7
6235,Villa de Vallecas,casual,2024-10-20,2024-12-29,15,85,3.9
6236,Barajas,casual,2024-11-11,2024-12-31,14,71,3.8
6237,Barajas,casual,2024-02-29,2024-05-10,15,63,4.4
6238,Moncloa - Aravaca,part_time,2024-06-16,2024-08-29,23,230,4.3
6239,Latina,part_time,2024-09-26,2024-12-13,37,338,4.6
6240,Barajas,part_time,2024-01-01,2024-01-16,6,54,3.7
6241,Villa de Vallecas,part_time,2024-12-26,2024-12-31,1,12,3.9
6242,Arganzuela,casual,2024-01-03,2024-06-23,32,157,4.5
6243,Carabanchel,casual,2024-05-18,2024-07-29,24,95,4.4
6244,Puente de Vallecas,part_time,2024-01-01,2024-01-24,10,99,4.0
6245,Moncloa - Aravaca,casual,2024-01-01,2024-01-21,3,21,3.7
6246,Moncloa - Aravaca,casual,2024-01-01,2024-02-29,13,61,4.8
6247,Chamartín,full_time,2024-01-01,2024-08-20,192,3863,4.7
6248,Chamberí,full_time,2024-11-27,2024-12-31,27,532,3.7
6249,Villaverde,part_time,2024-06-03,2024-08-13,44,386,4.6
6250,Latina,casual,2024-01-01,2024-06-25,45,241,3.7
6251,Usera,part_time,2024-04-26,2024-07-24,47,450,4.2
6252,Ciudad Lineal,casual,2024-02-03,2024-04-30,21,107,4.2
6253,Moncloa - Aravaca,casual,2024-04-01,2024-12-31,67,335,4.1
6254,Ciudad Lineal,casual,2024-05-11,2024-08-28,26,131,4.0
6255,Carabanchel,full_time,2024-02-02,2024-07-21,148,2920,4.2
6256,Puente de Vallecas,full_time,2024-08-13,2024-11-03,65,1307,4.6
6257,Centro,part_time,2024-03-30,2024-06-27,44,429,4.0
6258,Chamberí,casual,2024-08-15,2024-12-31,31,156,4.4
6259,Moncloa - Aravaca,casual,2024-06-24,2024-10-11,28,123,4.0
6260,Usera,casual,2024-01-03,2024-04-02,24,133,5.0
6261,Centro,full_time,2024-01-01,2024-03-16,60,1163,4.5
6262,San Blas - Canillejas,casual,2024-02-02,2024-04-24,18,93,4.8
6263,Barajas,casual,2024-11-24,2024-12-31,8,29,4.1
6264,Puente de Vallecas,part_time,2024-10-10,2024-12-31,34,287,3.9
6265,Vicálvaro,casual,2024-12-19,2024-12-31,3,23,3.6
6266,Barajas,part_time,2024-09-09,2024-11-25,29,251,4.7
6267,Fuencarral - El Pardo,casual,2024-11-14,2024-12-31,13,62,4.5
6268,Centro,part_time,2024-03-04,2024-06-16,52,498,4.7
6269,Ciudad Lineal,casual,2024-03-29,2024-12-31,52,249,4.5
6270,Puente de Vallecas,casual,2024-03-25,2024-06-29,20,112,3.6
6271,San Blas - Canillejas,casual,2024-10-31,2024-12-31,19,102,4.1
6272,Tetuán,casual,2024-12-29,2024-12-31,3,18,4.0
6273,Barajas,part_time,2024-06-28,2024-12-31,72,655,4.2
6274,Puente de Vallecas,casual,2024-09-24,2024-12-18,26,138,4.5
6275,Hortaleza,casual,2024-11-09,2024-12-31,13,63,4.3
6276,Tetuán,part_time,2024-01-01,2024-03-10,35,312,4.5
6277,Chamartín,casual,2024-05-20,2024-07-28,13,63,3.8
6278,Villaverde,part_time,2024-09-01,2024-11-30,33,312,4.2
6279,Salamanca,part_time,2024-07-04,2024-10-03,44,384,3.9
6280,Hortaleza,casual,2024-02-01,2024-12-31,76,372,4.3
6281,Villaverde,part_time,2024-01-27,2024-08-01,93,846,3.9
6282,Hortaleza,casual,2024-01-09,2024-04-10,24,106,3.8
6283,Hortaleza,casual,2024-11-05,2024-12-31,12,65,4.9
6284,Tetuán,casual,2024-08-30,2024-12-06,16,81,3.9
6285,Hortaleza,part_time,2024-06-10,2024-11-20,74,671,4.4
6286,Carabanchel,part_time,2024-01-01,2024-02-08,17,155,4.4
6287,Puente de Vallecas,casual,2024-01-01,2024-02-29,10,49,4.4
6288,Centro,full_time,2024-04-15,2024-07-17,81,1587,4.6
6289,Carabanchel,casual,2024-01-01,2024-02-24,11,52,4.4
6290,Centro,full_time,2024-01-01,2024-03-10,58,1167,4.8
6291,Centro,part_time,2024-01-01,2024-02-27,23,217,3.5
6292,Latina,full_time,2024-02-14,2024-05-13,75,1500,3.6
6293,San Blas - Canillejas,full_time,2024-01-01,2024-01-06,5,96,4.3
6294,Fuencarral - El Pardo,full_time,2024-09-01,2024-11-26,72,1394,4.1
6295,Vicálvaro,casual,2024-06-01,2024-11-15,28,156,3.8
6296,Arganzuela,part_time,2024-04-12,2024-09-28,79,658,4.0
6297,Villa de Vallecas,part_time,2024-12-25,2024-12-31,3,16,4.5
6298,Fuencarral - El Pardo,part_time,2024-05-18,2024-07-31,26,227,4.8
6299,Chamartín,casual,2024-10-20,2024-12-31,17,64,3.8
6300,Fuencarral - El Pardo,full_time,2024-01-05,2024-03-25,61,1183,3.9
6301,Puente de Vallecas,casual,2024-02-16,2024-04-25,11,53,3.7
6302,Barajas,casual,2024-03-04,2024-05-28,23,111,5.0
6303,Moncloa - Aravaca,casual,2024-12-27,2024-12-31,1,4,3.5
6304,Salamanca,casual,2024-10-25,2024-12-31,15,71,3.7
6305,Centro,part_time,2024-02-29,2024-09-06,72,679,4.1
6306,Ciudad Lineal,casual,2024-10-24,2024-12-31,12,57,3.8
6307,San Blas - Canillejas,part_time,2024-01-01,2024-06-19,83,752,4.5
6308,Chamartín,part_time,2024-06-26,2024-10-01,51,456,3.5
6309,Ciudad Lineal,casual,2024-01-01,2024-04-28,22,123,4.3
6310,Moncloa - Aravaca,part_time,2024-06-28,2024-09-08,42,376,3.8
6311,Fuencarral - El Pardo,casual,2024-01-01,2024-06-08,27,133,4.4
6312,Villaverde,part_time,2024-03-09,2024-12-31,129,1154,3.7
6313,Villaverde,full_time,2024-01-01,2024-11-09,255,5193,3.8
6314,Chamartín,casual,2024-06-17,2024-09-07,16,74,4.7
6315,Salamanca,part_time,2024-01-01,2024-04-27,57,473,4.9
6316,Carabanchel,casual,2024-04-07,2024-10-02,40,202,4.0
6317,Arganzuela,casual,2024-02-11,2024-05-30,16,80,4.4
6318,Puente de Vallecas,part_time,2024-01-01,2024-03-04,31,281,4.5
6319,Arganzuela,casual,2024-03-29,2024-10-05,41,202,4.6
6320,San Blas - Canillejas,part_time,2024-01-01,2024-04-08,40,350,4.3
6321,Villaverde,casual,2024-02-12,2024-08-29,53,256,4.4
6322,Chamberí,casual,2024-02-25,2024-05-27,29,146,4.7
6323,Barajas,full_time,2024-05-01,2024-10-17,148,2965,4.3
6324,Moncloa - Aravaca,casual,2024-05-13,2024-08-06,19,90,4.3
6325,Villaverde,part_time,2024-01-01,2024-03-03,21,176,3.9
6326,San Blas - Canillejas,casual,2024-01-01,2024-05-31,29,164,4.8
6327,Hortaleza,part_time,2024-05-12,2024-10-20,69,603,4.2
6328,Tetuán,part_time,2024-10-03,2024-12-31,41,362,4.3
6329,Puente de Vallecas,casual,2024-01-01,2024-01-28,6,34,4.4
6330,Chamartín,casual,2024-01-01,2024-02-10,6,29,4.3
6331,Villaverde,casual,2024-09-12,2024-12-31,23,108,4.2
6332,Villa de Vallecas,full_time,2024-03-15,2024-05-30,66,1335,4.2
6333,San Blas - Canillejas,casual,2024-01-01,2024-07-01,47,237,3.6
6334,San Blas - Canillejas,casual,2024-01-01,2024-06-14,30,133,4.7
6335,Puente de Vallecas,part_time,2024-12-10,2024-12-31,6,56,3.6
6336,Vicálvaro,casual,2024-01-09,2024-12-31,84,464,5.0
6337,Salamanca,casual,2024-01-01,2024-03-13,19,100,5.0
6338,Hortaleza,casual,2024-04-05,2024-07-04,19,86,4.8
6339,Hortaleza,casual,2024-01-01,2024-07-09,37,198,3.6
6340,Ciudad Lineal,part_time,2024-01-01,2024-03-20,34,297,3.5
6341,San Blas - Canillejas,full_time,2024-12-16,2024-12-31,14,265,4.4
6342,Carabanchel,full_time,2024-04-15,2024-07-27,85,1756,3.7
6343,Carabanchel,full_time,2024-05-20,2024-12-31,187,3750,4.9
6344,Ciudad Lineal,casual,2024-11-17,2024-12-31,7,33,4.5
6345,Puente de Vallecas,casual,2024-01-01,2024-05-30,35,165,4.8
6346,Ciudad Lineal,part_time,2024-01-01,2024-02-26,26,239,5.0
6347,Villaverde,full_time,2024-01-01,2024-05-24,123,2520,4.9
6348,Centro,part_time,2024-06-04,2024-12-31,96,881,3.7
6349,Chamartín,casual,2024-03-23,2024-06-23,15,74,5.0
6350,Puente de Vallecas,part_time,2024-05-17,2024-08-06,35,299,3.6
6351,Arganzuela,part_time,2024-01-01,2024-01-10,2,17,4.7
6352,Retiro,full_time,2024-01-01,2024-01-03,2,42,4.6
6353,Vicálvaro,part_time,2024-02-06,2024-08-14,98,849,3.8
6354,Puente de Vallecas,casual,2024-01-01,2024-03-24,24,137,4.1
6355,Retiro,casual,2024-09-29,2024-12-20,21,95,4.4
6356,Centro,casual,2024-12-09,2024-12-31,7,39,4.2
6357,Latina,casual,2024-11-08,2024-12-31,13,63,4.6
6358,Salamanca,full_time,2024-03-26,2024-09-01,140,2772,3.7
6359,Ciudad Lineal,casual,2024-02-05,2024-05-12,25,142,4.1
6360,Puente de Vallecas,casual,2024-05-17,2024-08-02,19,100,4.6
6361,Carabanchel,casual,2024-01-01,2024-02-17,12,56,3.5
6362,Villa de Vallecas,part_time,2024-11-21,2024-12-31,17,158,4.5
6363,Moncloa - Aravaca,casual,2024-07-03,2024-12-31,47,227,4.3
6364,Moncloa - Aravaca,casual,2024-01-01,2024-06-01,32,164,4.9
6365,Fuencarral - El Pardo,full_time,2024-08-25,2024-12-31,100,2003,4.9
6366,Ciudad Lineal,casual,2024-01-01,2024-06-24,39,209,4.5
6367,Barajas,casual,2024-09-05,2024-12-20,33,175,4.3
6368,Carabanchel,casual,2024-03-31,2024-07-03,23,116,4.3
6369,Vicálvaro,part_time,2024-10-30,2024-12-31,21,156,4.2
6370,Latina,part_time,2024-12-24,2024-12-31,4,23,4.7
6371,Ciudad Lineal,full_time,2024-01-01,2024-06-28,150,3043,4.0
6372,Vicálvaro,casual,2024-06-18,2024-08-28,19,91,3.9
6373,Vicálvaro,full_time,2024-01-01,2024-06-21,135,2645,4.2
6374,Usera,part_time,2024-10-05,2024-12-16,34,330,4.0
6375,Moncloa - Aravaca,casual,2024-05-10,2024-08-15,21,104,4.7
6376,Fuencarral - El Pardo,casual,2024-12-22,2024-12-31,3,18,3.9
6377,Usera,casual,2024-10-10,2024-12-31,14,63,4.1
6378,Carabanchel,full_time,2024-02-15,2024-04-30,59,1168,3.9
6379,Chamberí,casual,2024-01-01,2024-02-25,14,70,4.3
6380,San Blas - Canillejas,casual,2024-04-01,2024-12-31,62,340,4.0
6381,Centro,part_time,2024-01-01,2024-06-20,73,667,4.4
6382,San Blas - Canillejas,full_time,2024-01-01,2024-05-19,114,2274,4.7
6383,Hortaleza,part_time,2024-06-08,2024-09-03,53,468,4.6
6384,Villa de Vallecas,part_time,2024-06-10,2024-08-25,36,318,4.0
6385,Ciudad Lineal,casual,2024-06-04,2024-09-02,19,100,4.3
6386,Hortaleza,full_time,2024-02-23,2024-05-10,69,1391,4.1
6387,Villaverde,casual,2024-01-01,2024-04-23,32,132,4.5
6388,Tetuán,casual,2024-01-01,2024-04-06,25,113,4.8
6389,Chamartín,full_time,2024-06-10,2024-12-31,168,3422,4.8
6390,San Blas - Canillejas,casual,2024-04-23,2024-08-10,28,129,4.8
6391,Usera,casual,2024-04-29,2024-08-06,24,106,4.1
6392,Fuencarral - El Pardo,part_time,2024-12-19,2024-12-31,3,40,4.7
6393,Arganzuela,casual,2024-11-24,2024-12-31,10,55,4.1
6394,Chamartín,casual,2024-01-01,2024-01-30,5,23,3.7
6395,Salamanca,part_time,2024-09-30,2024-12-28,40,406,4.4
6396,Salamanca,part_time,2024-01-12,2024-04-26,55,496,4.4
6397,Moncloa - Aravaca,part_time,2024-08-31,2024-11-13,35,290,4.6
6398,Centro,casual,2024-01-01,2024-03-20,26,112,4.8
6399,Vicálvaro,part_time,2024-01-01,2024-04-16,48,391,4.8
6400,Moncloa - Aravaca,part_time,2024-12-04,2024-12-31,9,83,4.6
6401,Latina,casual,2024-05-07,2024-10-29,22,120,4.4
6402,Centro,casual,2024-01-13,2024-07-09,46,238,3.5
6403,Moratalaz,casual,2024-11-14,2024-12-31,11,55,3.7
6404,Fuencarral - El Pardo,casual,2024-02-13,2024-05-11,19,90,3.7
6405,Moncloa - Aravaca,casual,2024-01-01,2024-01-29,6,27,3.9
6406,San Blas - Canillejas,part_time,2024-04-03,2024-06-27,35,290,4.8
6407,Hortaleza,full_time,2024-08-23,2024-11-11,66,1414,4.6
6408,Villa de Vallecas,casual,2024-04-28,2024-12-31,48,275,4.4
6409,Carabanchel,part_time,2024-04-26,2024-08-12,50,472,3.7
6410,Vicálvaro,casual,2024-05-30,2024-08-11,13,65,4.5
6411,Puente de Vallecas,casual,2024-01-27,2024-12-31,77,336,4.6
6412,Salamanca,part_time,2024-02-03,2024-07-17,71,664,4.0
6413,Arganzuela,casual,2024-01-01,2024-02-15,10,51,3.9
6414,Villa de Vallecas,full_time,2024-01-01,2024-03-12,62,1272,4.5
6415,Puente de Vallecas,casual,2024-06-13,2024-12-31,40,232,3.7
6416,Puente de Vallecas,casual,2024-09-22,2024-12-31,20,78,4.4
6417,Carabanchel,casual,2024-01-28,2024-08-09,46,233,5.0
6418,Salamanca,casual,2024-01-01,2024-07-05,44,196,3.5
6419,Chamberí,full_time,2024-06-29,2024-10-13,86,1735,3.8
6420,Fuencarral - El Pardo,part_time,2024-01-01,2024-01-16,10,80,4.3
6421,San Blas - Canillejas,casual,2024-02-21,2024-12-31,77,389,3.6
6422,Chamartín,casual,2024-03-27,2024-09-04,50,244,4.6
6423,Latina,part_time,2024-04-19,2024-07-22,48,438,3.6
6424,San Blas - Canillejas,part_time,2024-01-01,2024-01-01,1,1,3.8
6425,Ciudad Lineal,casual,2024-12-05,2024-12-31,8,46,4.3
6426,Villa de Vallecas,casual,2024-01-01,2024-04-06,23,125,4.7
6427,Puente de Vallecas,casual,2024-01-01,2024-02-19,14,68,4.1
6428,Carabanchel,casual,2024-01-01,2024-10-07,42,209,3.6
6429,Hortaleza,casual,2024-07-23,2024-12-31,31,169,4.0
6430,Moncloa - Aravaca,casual,2024-09-16,2024-12-13,18,91,3.6
6431,Ciudad Lineal,casual,2024-04-08,2024-10-06,39,215,3.8
6432,Latina,casual,2024-02-06,2024-12-31,70,352,4.2
6433,Moncloa - Aravaca,casual,2024-04-25,2024-07-27,17,77,4.8
6434,Centro,full_time,2024-01-01,2024-01-12,8,173,4.8
6435,Arganzuela,part_time,2024-02-02,2024-05-08,41,376,4.6
6436,Barajas,casual,2024-01-01,2024-10-11,69,327,4.8
6437,Chamartín,casual,2024-06-17,2024-09-02,16,71,4.3
6438,Carabanchel,casual,2024-07-28,2024-10-30,15,84,4.9
6439,Villa de Vallecas,full_time,2024-12-26,2024-12-31,5,105,4.8
6440,Carabanchel,part_time,2024-05-15,2024-08-24,47,446,4.5
6441,Arganzuela,casual,2024-08-06,2024-10-30,19,97,3.9
6442,Chamartín,full_time,2024-12-09,2024-12-31,19,394,4.6
6443,Hortaleza,part_time,2024-02-07,2024-05-07,37,314,4.8
6444,Moncloa - Aravaca,part_time,2024-02-28,2024-09-12,93,854,4.2
6445,Tetuán,casual,2024-08-06,2024-12-31,28,151,4.0
6446,Moncloa - Aravaca,casual,2024-02-24,2024-12-31,70,375,4.0
6447,San Blas - Canillejas,part_time,2024-11-14,2024-12-31,18,152,4.6
6448,Carabanchel,casual,2024-05-03,2024-11-11,42,219,4.9
6449,Arganzuela,part_time,2024-11-19,2024-12-31,19,171,4.1
6450,Villaverde,part_time,2024-01-01,2024-03-09,36,311,3.7
6451,Fuencarral - El Pardo,casual,2024-10-07,2024-12-15,11,50,3.6
6452,Ciudad Lineal,casual,2024-01-12,2024-04-05,18,88,4.7
6453,San Blas - Canillejas,casual,2024-01-01,2024-01-27,3,13,4.0
6454,Moncloa - Aravaca,casual,2024-01-01,2024-02-22,9,46,4.7
6455,San Blas - Canillejas,part_time,2024-03-07,2024-12-31,150,1354,3.7
6456,Puente de Vallecas,part_time,2024-01-01,2024-07-31,102,873,3.6
6457,Hortaleza,casual,2024-01-01,2024-03-18,23,105,4.0
6458,Salamanca,part_time,2024-04-04,2024-12-31,124,1198,4.0
6459,Fuencarral - El Pardo,casual,2024-04-01,2024-09-18,37,182,5.0
6460,Vicálvaro,part_time,2024-04-05,2024-06-15,30,308,3.9
6461,Chamberí,casual,2024-05-31,2024-09-04,26,137,4.6
6462,Carabanchel,part_time,2024-09-23,2024-12-31,53,503,4.9
6463,Moncloa - Aravaca,part_time,2024-09-01,2024-11-15,36,352,4.7
6464,Tetuán,casual,2024-01-01,2024-12-27,88,436,5.0
6465,Chamartín,part_time,2024-10-14,2024-12-31,32,259,3.8
6466,Villa de Vallecas,full_time,2024-10-27,2024-12-31,57,1039,4.5
6467,San Blas - Canillejas,casual,2024-01-30,2024-07-21,33,171,4.3
6468,Arganzuela,part_time,2024-01-01,2024-04-18,42,342,4.8
6469,Fuencarral - El Pardo,full_time,2024-01-01,2024-03-24,71,1384,4.6
6470,San Blas - Canillejas,full_time,2024-07-23,2024-10-11,65,1339,4.7
6471,Usera,casual,2024-12-01,2024-12-31,10,64,4.1
6472,Moncloa - Aravaca,part_time,2024-01-01,2024-01-22,8,65,4.5
6473,Chamartín,full_time,2024-01-01,2024-12-29,296,5935,4.8
6474,Puente de Vallecas,part_time,2024-01-14,2024-03-26,34,308,3.8
6475,Chamartín,casual,2024-04-25,2024-10-10,32,168,3.5
6476,Moncloa - Aravaca,casual,2024-10-27,2024-12-31,10,46,4.0
6477,Chamartín,part_time,2024-09-07,2024-12-31,47,436,4.8
6478,Chamartín,casual,2024-12-18,2024-12-31,4,25,4.2
6479,Chamartín,casual,2024-01-01,2024-12-20,84,416,3.9
6480,Fuencarral - El Pardo,casual,2024-08-03,2024-10-23,15,78,4.9
6481,Puente de Vallecas,part_time,2024-11-06,2024-12-31,30,263,3.6
6482,San Blas - Canillejas,casual,2024-07-17,2024-12-31,42,202,4.7
6483,Vicálvaro,full_time,2024-12-15,2024-12-31,13,245,4.7
6484,Retiro,part_time,2024-01-22,2024-04-21,44,411,4.3
6485,Moncloa - Aravaca,full_time,2024-01-01,2024-03-16,63,1288,3.9
6486,Retiro,full_time,2024-01-01,2024-03-20,67,1306,4.2
6487,Usera,casual,2024-10-14,2024-12-31,21,114,4.0
6488,Puente de Vallecas,part_time,2024-01-01,2024-01-29,14,123,3.7
6489,Chamartín,casual,2024-10-08,2024-12-24,21,116,4.4
6490,Hortaleza,full_time,2024-01-01,2024-12-05,281,5716,3.8
6491,San Blas - Canillejas,casual,2024-08-09,2024-11-20,18,109,5.0
6492,Villa de Vallecas,part_time,2024-08-12,2024-12-31,77,662,4.4
6493,Carabanchel,part_time,2024-01-01,2024-11-06,147,1373,3.7
6494,Barajas,casual,2024-01-01,2024-04-16,24,105,4.4
6495,Latina,part_time,2024-07-04,2024-10-17,58,531,4.1
6496,Ciudad Lineal,casual,2024-12-11,2024-12-31,5,29,3.8
6497,San Blas - Canillejas,casual,2024-01-01,2024-01-15,3,16,3.9
6498,Hortaleza,casual,2024-01-27,2024-04-09,17,78,3.9
6499,Puente de Vallecas,casual,2024-10-25,2024-12-31,13,59,4.4
6500,Latina,part_time,2024-01-01,2024-02-03,17,140,3.9
6501,Puente de Vallecas,full_time,2024-01-01,2024-01-05,3,63,3.6
6502,Chamartín,casual,2024-11-06,2024-12-31,15,70,4.7
6503,Carabanchel,part_time,2024-08-26,2024-12-31,57,530,3.9
6504,Tetuán,full_time,2024-01-01,2024-05-17,110,2196,4.0
6505,Latina,part_time,2024-12-16,2024-12-31,9,79,4.1
6506,Arganzuela,casual,2024-08-28,2024-11-08,12,69,4.7
6507,San Blas - Canillejas,full_time,2024-01-01,2024-02-22,49,914,4.4
6508,Carabanchel,casual,2024-03-17,2024-09-04,35,143,3.6
6509,Villa de Vallecas,part_time,2024-10-21,2024-12-31,43,411,4.2
6510,Salamanca,part_time,2024-05-04,2024-12-31,118,1028,4.6
6511,Ciudad Lineal,part_time,2024-03-04,2024-12-31,138,1263,3.6
6512,Puente de Vallecas,casual,2024-03-31,2024-07-16,26,111,3.6
6513,Chamartín,casual,2024-01-01,2024-06-30,42,225,4.6
6514,Barajas,part_time,2024-07-04,2024-10-12,51,440,4.3
6515,Moncloa - Aravaca,casual,2024-01-01,2024-03-22,17,84,3.7
6516,Carabanchel,casual,2024-10-09,2024-12-19,13,56,4.5
6517,Usera,part_time,2024-01-01,2024-04-23,47,424,3.6
6518,Fuencarral - El Pardo,part_time,2024-01-01,2024-03-05,24,215,4.2
6519,Tetuán,casual,2024-01-01,2024-02-03,5,28,4.7
6520,Arganzuela,casual,2024-08-18,2024-12-31,25,113,3.8
6521,Hortaleza,full_time,2024-01-01,2024-12-07,282,5691,4.4
6522,Salamanca,casual,2024-01-01,2024-10-18,75,360,4.1
6523,Villa de Vallecas,casual,2024-05-20,2024-09-01,28,141,4.8
6524,Vicálvaro,casual,2024-03-05,2024-12-31,71,380,4.5
6525,Latina,casual,2024-10-28,2024-12-31,12,54,4.0
6526,Fuencarral - El Pardo,full_time,2024-01-17,2024-07-02,151,2949,4.2
6527,Chamartín,casual,2024-01-12,2024-03-22,18,102,4.3
6528,Carabanchel,casual,2024-09-29,2024-12-31,22,112,5.0
6529,Puente de Vallecas,casual,2024-03-17,2024-09-25,42,207,4.6
6530,Ciudad Lineal,casual,2024-05-23,2024-11-03,25,125,4.6
6531,Barajas,casual,2024-01-01,2024-04-25,28,149,5.0
6532,Fuencarral - El Pardo,full_time,2024-10-30,2024-12-31,56,1086,3.7
6533,Carabanchel,part_time,2024-11-28,2024-12-31,15,130,4.2
6534,Carabanchel,casual,2024-05-04,2024-07-15,11,60,4.9
6535,Villa de Vallecas,casual,2024-01-01,2024-01-10,3,9,4.8
6536,Centro,casual,2024-01-01,2024-01-13,3,25,3.8
6537,Moncloa - Aravaca,casual,2024-02-23,2024-05-15,26,131,4.1
6538,Villa de Vallecas,part_time,2024-05-08,2024-08-18,49,440,3.8
6539,Moncloa - Aravaca,casual,2024-04-19,2024-07-15,21,111,4.6
6540,Chamartín,part_time,2024-06-20,2024-09-13,39,327,4.4
6541,Ciudad Lineal,full_time,2024-01-01,2024-05-15,113,2250,4.4
6542,Arganzuela,casual,2024-01-01,2024-04-09,24,120,4.9
6543,Puente de Vallecas,full_time,2024-12-20,2024-12-31,10,169,3.7
6544,Vicálvaro,casual,2024-02-01,2024-05-10,26,145,4.9
6545,Carabanchel,casual,2024-12-07,2024-12-31,4,15,4.2
6546,Latina,part_time,2024-06-24,2024-09-11,34,285,3.5
6547,San Blas - Canillejas,casual,2024-01-01,2024-02-20,14,65,4.9
6548,Hortaleza,part_time,2024-06-02,2024-11-08,64,616,4.9
6549,Arganzuela,part_time,2024-12-25,2024-12-31,4,28,4.9
6550,Vicálvaro,casual,2024-10-19,2024-12-31,21,118,4.8
6551,Chamartín,full_time,2024-02-23,2024-05-16,72,1533,3.9
6552,Moncloa - Aravaca,casual,2024-01-01,2024-02-22,13,63,3.9
6553,Vicálvaro,part_time,2024-01-01,2024-11-25,166,1474,4.0
6554,San Blas - Canillejas,casual,2024-01-01,2024-02-14,9,44,3.8
6555,Tetuán,casual,2024-02-18,2024-05-14,16,62,4.9
6556,Tetuán,casual,2024-11-15,2024-12-31,11,57,4.3
6557,Villa de Vallecas,full_time,2024-07-23,2024-11-01,82,1563,3.9
6558,San Blas - Canillejas,casual,2024-09-22,2024-12-31,31,169,4.7
6559,Barajas,full_time,2024-04-30,2024-10-16,137,2896,4.4
6560,Centro,casual,2024-01-01,2024-04-01,23,121,4.1
6561,Vicálvaro,casual,2024-01-01,2024-03-12,11,50,4.9
6562,Centro,casual,2024-07-18,2024-12-31,35,184,4.3
6563,Barajas,casual,2024-04-12,2024-07-16,21,105,4.4
6564,Puente de Vallecas,full_time,2024-05-21,2024-08-11,64,1187,3.5
6565,Fuencarral - El Pardo,casual,2024-01-01,2024-04-09,22,98,4.4
6566,Chamberí,part_time,2024-01-19,2024-07-16,90,819,4.1
6567,Centro,part_time,2024-01-01,2024-03-14,35,331,4.6
6568,Arganzuela,casual,2024-01-01,2024-04-19,30,144,3.6
6569,Usera,part_time,2024-10-30,2024-12-31,29,268,4.1
6570,Latina,full_time,2024-06-07,2024-12-31,159,3226,3.6
6571,Hortaleza,part_time,2024-10-11,2024-12-31,36,305,4.9
6572,Carabanchel,casual,2024-11-05,2024-12-31,12,63,4.1
6573,Hortaleza,part_time,2024-05-28,2024-11-09,71,627,3.7
6574,Barajas,part_time,2024-02-27,2024-05-14,36,306,4.6
6575,Hortaleza,casual,2024-04-01,2024-09-23,39,202,4.8
6576,Hortaleza,part_time,2024-01-01,2024-01-09,4,31,4.7
6577,Carabanchel,casual,2024-10-06,2024-12-31,19,102,4.8
6578,Latina,part_time,2024-09-14,2024-12-31,51,474,4.8
6579,Latina,full_time,2024-03-30,2024-10-13,171,3544,5.0
6580,Vicálvaro,full_time,2024-03-31,2024-06-16,65,1288,4.0
6581,Barajas,part_time,2024-01-01,2024-03-21,34,280,4.0
6582,Moncloa - Aravaca,part_time,2024-01-01,2024-02-25,29,258,3.7
6583,Puente de Vallecas,part_time,2024-01-01,2024-08-20,118,1039,4.8
6584,Ciudad Lineal,casual,2024-12-03,2024-12-31,7,36,4.9
6585,Fuencarral - El Pardo,casual,2024-01-01,2024-02-02,6,29,3.9
6586,Hortaleza,casual,2024-12-08,2024-12-31,5,21,4.4
6587,Villa de Vallecas,casual,2024-06-05,2024-08-23,14,72,3.9
6588,Carabanchel,full_time,2024-04-26,2024-07-16,67,1362,4.8
6589,Barajas,full_time,2024-01-01,2024-03-30,72,1461,3.5
6590,Villaverde,casual,2024-01-01,2024-02-03,7,26,4.5
6591,Centro,casual,2024-06-13,2024-08-29,20,86,4.3
6592,Centro,part_time,2024-06-29,2024-10-04,41,395,3.9
6593,Hortaleza,casual,2024-04-12,2024-07-20,18,100,4.9
6594,Carabanchel,part_time,2024-02-25,2024-05-04,33,291,4.2
6595,Tetuán,full_time,2024-01-01,2024-01-06,4,87,4.3
6596,Villa de Vallecas,casual,2024-02-10,2024-04-28,23,126,3.6
6597,Fuencarral - El Pardo,casual,2024-07-26,2024-12-31,38,184,4.1
6598,Puente de Vallecas,casual,2024-07-03,2024-10-06,20,91,3.7
6599,San Blas - Canillejas,casual,2024-01-01,2024-03-27,22,106,4.3
6600,Moncloa - Aravaca,casual,2024-08-05,2024-12-31,43,232,4.4
6601,Hortaleza,casual,2024-01-01,2024-03-08,14,75,3.9
6602,Hortaleza,casual,2024-09-26,2024-12-31,30,154,4.9
6603,Usera,casual,2024-01-10,2024-12-31,92,466,4.0
6604,Moncloa - Aravaca,casual,2024-08-29,2024-11-12,13,70,4.5
6605,Hortaleza,part_time,2024-01-01,2024-02-07,13,122,5.0
6606,San Blas - Canillejas,casual,2024-06-25,2024-12-31,43,228,4.7
6607,Moncloa - Aravaca,full_time,2024-08-04,2024-12-31,117,2289,4.6
6608,Fuencarral - El Pardo,casual,2024-01-01,2024-05-08,28,152,3.6
6609,Retiro,casual,2024-01-01,2024-03-03,14,66,4.3
6610,Barajas,casual,2024-09-10,2024-12-02,20,96,4.6
6611,Moncloa - Aravaca,part_time,2024-03-30,2024-07-15,57,494,4.5
6612,Hortaleza,casual,2024-07-23,2024-10-24,19,99,4.4
6613,Barajas,casual,2024-01-01,2024-01-04,1,7,4.9
6614,Centro,casual,2024-01-08,2024-03-21,14,71,4.3
6615,San Blas - Canillejas,full_time,2024-09-02,2024-12-20,88,1765,4.8
6616,Fuencarral - El Pardo,casual,2024-01-01,2024-04-01,24,135,4.8
6617,Latina,casual,2024-01-01,2024-02-07,6,17,4.7
6618,Moncloa - Aravaca,full_time,2024-01-01,2024-03-24,61,1157,3.7
6619,Latina,casual,2024-09-29,2024-12-31,18,84,4.7
6620,Arganzuela,casual,2024-02-26,2024-06-13,23,110,4.7
6621,San Blas - Canillejas,part_time,2024-04-10,2024-10-25,98,896,4.5
6622,Villa de Vallecas,casual,2024-06-24,2024-09-17,14,66,4.1
6623,Chamartín,casual,2024-03-17,2024-06-20,21,93,3.9
6624,Centro,casual,2024-01-01,2024-03-09,19,88,4.5
6625,Salamanca,casual,2024-01-01,2024-07-06,51,288,4.6
6626,Moratalaz,full_time,2024-01-01,2024-03-14,64,1321,4.9
6627,Centro,part_time,2024-11-19,2024-12-31,19,192,4.0
6628,Chamberí,part_time,2024-06-26,2024-12-31,85,824,3.9
6629,Chamberí,casual,2024-10-13,2024-12-31,21,97,4.6
6630,Centro,part_time,2024-10-05,2024-12-31,40,361,5.0
6631,San Blas - Canillejas,part_time,2024-01-01,2024-01-01,1,1,3.9
6632,Carabanchel,casual,2024-09-12,2024-11-26,17,74,3.9
6633,Carabanchel,full_time,2024-03-18,2024-09-25,154,2993,4.8
6634,Fuencarral - El Pardo,part_time,2024-08-26,2024-12-31,64,614,3.9
6635,Hortaleza,part_time,2024-12-13,2024-12-31,11,87,4.1
6636,Barajas,casual,2024-03-05,2024-06-17,17,90,5.0
6637,Centro,casual,2024-07-07,2024-09-28,23,109,4.7
6638,Tetuán,part_time,2024-01-01,2024-06-15,92,811,3.9
6639,Salamanca,part_time,2024-10-15,2024-12-31,36,321,4.9
6640,Latina,casual,2024-01-31,2024-04-24,31,146,4.8
6641,Usera,casual,2024-01-03,2024-07-16,37,185,5.0
6642,Puente de Vallecas,part_time,2024-11-08,2024-12-31,23,234,4.1
6643,Hortaleza,casual,2024-01-01,2024-02-25,11,48,4.5
6644,Villaverde,casual,2024-05-24,2024-08-03,21,101,4.1
6645,Ciudad Lineal,part_time,2024-06-16,2024-10-02,48,432,4.2
6646,Vicálvaro,casual,2024-06-23,2024-09-20,20,108,4.5
6647,Centro,casual,2024-01-01,2024-03-27,29,133,4.1
6648,San Blas - Canillejas,casual,2024-01-01,2024-01-18,4,25,4.1
6649,Puente de Vallecas,full_time,2024-04-11,2024-07-07,78,1610,4.3
6650,Arganzuela,casual,2024-01-01,2024-11-25,80,384,3.7
6651,Salamanca,part_time,2024-11-30,2024-12-31,12,115,5.0
6652,Moncloa - Aravaca,full_time,2024-09-15,2024-11-27,59,1213,4.7
6653,Tetuán,part_time,2024-06-30,2024-10-02,42,399,4.2
6654,Hortaleza,casual,2024-01-01,2024-05-31,34,144,4.6
6655,Tetuán,casual,2024-11-15,2024-12-31,13,56,5.0
6656,Hortaleza,casual,2024-01-01,2024-04-01,18,84,4.3
6657,San Blas - Canillejas,part_time,2024-12-08,2024-12-31,10,94,4.6
6658,Puente de Vallecas,full_time,2024-12-06,2024-12-31,20,406,3.6
6659,Villa de Vallecas,part_time,2024-12-20,2024-12-31,4,33,4.9
6660,Centro,casual,2024-01-01,2024-07-25,41,192,3.7
6661,Arganzuela,casual,2024-01-01,2024-03-03,17,87,4.7
6662,Moncloa - Aravaca,full_time,2024-04-04,2024-12-31,219,4457,4.2
6663,Hortaleza,casual,2024-03-01,2024-08-11,33,173,4.5
6664,Hortaleza,part_time,2024-01-29,2024-08-02,80,717,4.4
6665,Hortaleza,casual,2024-06-07,2024-09-16,20,104,4.1
6666,Chamartín,part_time,2024-08-12,2024-11-09,42,366,4.9
6667,Puente de Vallecas,part_time,2024-01-12,2024-06-25,81,734,4.0
6668,San Blas - Canillejas,casual,2024-01-01,2024-07-03,42,203,3.8
6669,Chamberí,casual,2024-07-05,2024-10-07,26,130,4.8
6670,Villa de Vallecas,part_time,2024-01-01,2024-02-03,16,146,3.9
6671,Puente de Vallecas,casual,2024-08-11,2024-11-27,22,109,3.7
6672,Villaverde,casual,2024-10-03,2024-12-20,13,57,3.7
6673,Moncloa - Aravaca,casual,2024-11-08,2024-12-31,13,66,4.0
6674,Centro,casual,2024-09-06,2024-12-22,21,91,4.8
6675,Salamanca,part_time,2024-05-29,2024-08-10,42,362,4.5
6676,Chamberí,casual,2024-09-30,2024-12-31,21,101,3.7
6677,Usera,casual,2024-01-02,2024-12-18,89,452,4.3
6678,Ciudad Lineal,full_time,2024-09-26,2024-12-21,71,1365,4.4
6679,Villa de Vallecas,casual,2024-01-01,2024-01-28,7,36,4.7
6680,Moncloa - Aravaca,casual,2024-08-15,2024-12-02,25,127,4.3
6681,Puente de Vallecas,part_time,2024-01-01,2024-02-08,16,147,4.0
6682,Chamartín,full_time,2024-01-01,2024-01-21,14,293,5.0
6683,Chamartín,part_time,2024-05-28,2024-08-06,32,286,3.9
6684,Hortaleza,part_time,2024-01-01,2024-03-26,39,360,4.9
6685,Ciudad Lineal,casual,2024-02-28,2024-05-28,23,107,3.8
6686,Hortaleza,casual,2024-07-24,2024-12-31,36,182,4.3
6687,Villaverde,full_time,2024-04-30,2024-10-28,150,2944,3.7
6688,San Blas - Canillejas,full_time,2024-08-06,2024-12-31,119,2333,4.8
6689,Latina,part_time,2024-07-26,2024-12-31,71,636,4.2
6690,Salamanca,casual,2024-05-03,2024-08-12,21,116,4.8
6691,Chamberí,casual,2024-12-25,2024-12-31,1,1,4.7
6692,Villa de Vallecas,casual,2024-01-11,2024-03-30,19,82,3.8
6693,Puente de Vallecas,full_time,2024-01-01,2024-03-01,51,976,3.6
6694,San Blas - Canillejas,part_time,2024-01-01,2024-08-20,99,905,4.9
6695,Latina,casual,2024-09-15,2024-12-09,30,123,4.3
6696,Villaverde,casual,2024-01-01,2024-02-22,11,56,4.8
6697,Tetuán,casual,2024-05-10,2024-07-24,20,86,4.5
6698,Hortaleza,casual,2024-06-20,2024-09-15,16,82,4.7
6699,San Blas - Canillejas,part_time,2024-09-16,2024-12-31,46,390,4.2
6700,Vicálvaro,part_time,2024-10-25,2024-12-31,31,299,4.6
6701,Carabanchel,casual,2024-01-11,2024-04-21,22,97,4.9
6702,Moncloa - Aravaca,part_time,2024-01-01,2024-05-26,61,541,4.6
6703,Villa de Vallecas,full_time,2024-08-05,2024-11-17,88,1824,4.9
6704,Salamanca,casual,2024-10-27,2024-12-31,20,107,3.9
6705,Fuencarral - El Pardo,casual,2024-01-01,2024-03-17,22,113,4.7
6706,Arganzuela,casual,2024-09-01,2024-11-11,9,48,4.3
6707,Usera,casual,2024-01-01,2024-05-08,34,158,3.6
6708,Moncloa - Aravaca,casual,2024-01-01,2024-05-12,23,129,4.5
6709,Moncloa - Aravaca,part_time,2024-03-10,2024-05-31,36,356,4.4
6710,San Blas - Canillejas,casual,2024-08-03,2024-12-31,30,175,5.0
6711,Villa de Vallecas,casual,2024-08-10,2024-12-31,34,165,4.5
6712,San Blas - Canillejas,full_time,2024-01-01,2024-12-15,292,5880,3.7
6713,Villa de Vallecas,casual,2024-07-30,2024-12-31,36,175,5.0
6714,Moncloa - Aravaca,part_time,2024-03-24,2024-07-11,46,415,4.0
6715,Hortaleza,part_time,2024-01-01,2024-04-22,46,420,4.5
6716,Tetuán,part_time,2024-10-18,2024-12-31,32,297,4.4
6717,Latina,part_time,2024-01-01,2024-01-24,11,101,4.0
6718,Puente de Vallecas,part_time,2024-11-16,2024-12-31,26,236,4.1
6719,Usera,part_time,2024-09-25,2024-12-30,38,344,4.5
6720,Moncloa - Aravaca,casual,2024-09-02,2024-11-11,8,35,4.8
6721,Puente de Vallecas,casual,2024-02-21,2024-12-31,67,328,4.9
6722,Arganzuela,casual,2024-10-08,2024-12-27,17,93,5.0
6723,Arganzuela,casual,2024-01-01,2024-01-14,3,14,3.7
6724,Centro,casual,2024-03-08,2024-12-31,53,267,3.8
6725,Puente de Vallecas,casual,2024-02-11,2024-04-24,20,109,3.8
6726,Carabanchel,casual,2024-07-27,2024-10-05,13,71,5.0
6727,Fuencarral - El Pardo,casual,2024-05-14,2024-12-31,63,303,3.6
6728,Carabanchel,casual,2024-01-01,2024-06-01,28,130,4.5
6729,Latina,part_time,2024-01-01,2024-03-25,32,263,4.9
6730,Chamberí,part_time,2024-06-30,2024-09-20,23,199,4.4
6731,Moncloa - Aravaca,part_time,2024-12-05,2024-12-31,13,128,3.5
6732,Retiro,casual,2024-05-01,2024-12-31,50,268,3.6
6733,Puente de Vallecas,full_time,2024-01-01,2024-12-18,302,6081,4.6
6734,Carabanchel,part_time,2024-12-02,2024-12-31,13,122,4.1
6735,Fuencarral - El Pardo,casual,2024-08-21,2024-12-31,34,177,4.3
6736,San Blas - Canillejas,full_time,2024-08-03,2024-12-31,128,2527,3.6
6737,Fuencarral - El Pardo,casual,2024-04-22,2024-07-15,21,88,4.8
6738,Vicálvaro,part_time,2024-05-16,2024-08-09,37,355,4.9
6739,Hortaleza,part_time,2024-02-04,2024-04-29,32,295,4.4
6740,Villaverde,casual,2024-08-23,2024-12-31,30,142,4.2
6741,Fuencarral - El Pardo,part_time,2024-02-03,2024-05-12,45,452,4.1
6742,Chamartín,casual,2024-07-22,2024-12-31,45,209,3.8
6743,Latina,casual,2024-11-05,2024-12-31,9,51,4.9
6744,Villa de Vallecas,casual,2024-05-04,2024-10-24,39,188,4.2
6745,Ciudad Lineal,casual,2024-01-01,2024-03-12,17,68,3.7
6746,Latina,casual,2024-01-01,2024-01-19,3,15,4.7
6747,Arganzuela,part_time,2024-08-06,2024-10-30,41,378,5.0
6748,Barajas,casual,2024-01-01,2024-05-01,24,124,3.9
6749,Barajas,casual,2024-01-01,2024-01-21,3,14,4.5
6750,Hortaleza,part_time,2024-03-12,2024-06-02,39,374,5.0
6751,Tetuán,casual,2024-03-01,2024-12-31,70,385,3.7
6752,Ciudad Lineal,casual,2024-06-06,2024-09-12,25,124,4.7
6753,Usera,part_time,2024-01-01,2024-05-02,58,495,4.2
6754,Ciudad Lineal,full_time,2024-07-04,2024-10-01,72,1437,4.5
6755,Fuencarral - El Pardo,casual,2024-02-05,2024-08-18,40,186,3.8
6756,Hortaleza,casual,2024-01-01,2024-12-15,93,458,3.8
6757,San Blas - Canillejas,part_time,2024-10-03,2024-12-31,33,307,4.3
6758,Chamartín,full_time,2024-01-01,2024-02-04,28,576,3.9
6759,Puente de Vallecas,casual,2024-05-31,2024-08-28,17,87,4.4
6760,Usera,casual,2024-01-01,2024-05-06,28,140,3.6
6761,Usera,casual,2024-01-08,2024-03-21,20,94,4.7
6762,Villaverde,part_time,2024-03-29,2024-12-31,121,1132,3.9
6763,San Blas - Canillejas,full_time,2024-08-02,2024-11-04,75,1478,4.6
6764,Villaverde,part_time,2024-07-01,2024-10-08,55,533,3.7
6765,Usera,casual,2024-11-21,2024-12-31,8,32,4.7
6766,Ciudad Lineal,part_time,2024-10-01,2024-12-19,37,353,3.5
6767,Ciudad Lineal,part_time,2024-01-01,2024-03-31,42,380,3.8
6768,Hortaleza,casual,2024-07-25,2024-10-06,21,113,4.0
6769,Centro,part_time,2024-03-29,2024-12-31,112,1058,4.7
6770,Vicálvaro,casual,2024-06-20,2024-12-20,45,232,3.5
6771,Arganzuela,casual,2024-01-01,2024-11-07,69,350,4.6
6772,Vicálvaro,part_time,2024-12-08,2024-12-31,15,117,3.9
6773,Centro,casual,2024-05-09,2024-07-23,11,46,5.0
6774,Villaverde,full_time,2024-09-28,2024-12-18,60,1202,3.9
6775,San Blas - Canillejas,casual,2024-05-09,2024-08-07,22,115,3.7
6776,Centro,casual,2024-09-22,2024-12-31,32,141,4.5
6777,Centro,casual,2024-03-23,2024-07-04,28,122,3.9
6778,Villa de Vallecas,casual,2024-01-01,2024-01-01,1,1,4.3
6779,Usera,casual,2024-04-06,2024-09-25,51,253,4.7
6780,Centro,part_time,2024-06-01,2024-09-15,47,440,4.7
6781,Fuencarral - El Pardo,casual,2024-01-01,2024-02-20,14,63,3.8
6782,Latina,casual,2024-08-04,2024-10-24,27,136,3.8
6783,Usera,part_time,2024-10-26,2024-12-31,25,249,3.9
6784,Moncloa - Aravaca,casual,2024-10-20,2024-12-31,20,115,4.1
6785,San Blas - Canillejas,part_time,2024-01-01,2024-10-02,125,1083,4.6
6786,Carabanchel,casual,2024-01-01,2024-10-25,76,371,4.3
6787,Chamartín,casual,2024-10-26,2024-12-31,9,47,4.8
6788,Hortaleza,part_time,2024-12-31,2024-12-31,1,1,4.5
6789,Puente de Vallecas,part_time,2024-01-01,2024-02-08,22,205,4.4
6790,Centro,part_time,2024-01-01,2024-02-13,15,117,4.3
6791,San Blas - Canillejas,casual,2024-01-01,2024-01-24,3,16,4.1
6792,Vicálvaro,casual,2024-05-07,2024-07-24,26,146,4.0
6793,Moncloa - Aravaca,part_time,2024-09-09,2024-12-31,56,482,3.8
6794,Vicálvaro,part_time,2024-01-01,2024-03-09,27,265,3.9
6795,Hortaleza,part_time,2024-08-10,2024-11-12,47,405,4.9
6796,Villaverde,part_time,2024-01-01,2024-03-21,38,342,4.7
6797,Moncloa - Aravaca,part_time,2024-01-01,2024-01-24,11,93,3.5
6798,Villa de Vallecas,casual,2024-06-01,2024-11-11,37,171,3.8
6799,Vicálvaro,part_time,2024-07-03,2024-09-23,43,387,4.7
6800,Moncloa - Aravaca,casual,2024-02-24,2024-05-03,21,109,4.4
6801,Barajas,casual,2024-01-03,2024-06-22,43,189,3.6
6802,Carabanchel,part_time,2024-01-25,2024-07-06,76,672,4.7
6803,Moncloa - Aravaca,casual,2024-11-24,2024-12-31,10,45,4.6
6804,Fuencarral - El Pardo,casual,2024-10-31,2024-12-31,16,65,3.9
6805,Fuencarral - El Pardo,full_time,2024-05-22,2024-09-07,98,1963,4.6
6806,Arganzuela,part_time,2024-12-12,2024-12-31,8,72,4.8
6807,Puente de Vallecas,casual,2024-06-16,2024-10-03,21,102,4.5
6808,Fuencarral - El Pardo,full_time,2024-01-01,2024-02-17,42,862,4.6
6809,Latina,casual,2024-05-20,2024-08-01,24,110,3.6
6810,Villaverde,part_time,2024-11-16,2024-12-31,25,239,4.3
6811,Chamberí,casual,2024-07-06,2024-12-16,31,168,4.6
6812,Chamartín,casual,2024-12-10,2024-12-31,2,10,4.2
6813,Moncloa - Aravaca,casual,2024-04-17,2024-10-20,46,219,4.1
6814,Moncloa - Aravaca,casual,2024-11-12,2024-12-31,15,97,4.3
6815,Salamanca,casual,2024-09-16,2024-12-15,14,65,4.5
6816,Villaverde,casual,2024-08-27,2024-12-31,34,158,4.7
6817,Moncloa - Aravaca,part_time,2024-12-27,2024-12-31,3,24,4.7
6818,Villa de Vallecas,casual,2024-01-01,2024-08-08,56,276,4.6
6819,Moncloa - Aravaca,casual,2024-07-12,2024-10-18,23,103,5.0
6820,Puente de Vallecas,full_time,2024-01-01,2024-07-06,165,3336,4.3
6821,Carabanchel,part_time,2024-10-27,2024-12-31,28,245,4.2
6822,Chamberí,full_time,2024-05-19,2024-11-15,149,3025,4.0
6823,Centro,casual,2024-01-01,2024-03-21,22,101,3.7
6824,Moncloa - Aravaca,casual,2024-04-17,2024-07-06,19,95,3.8
6825,Villa de Vallecas,part_time,2024-01-01,2024-03-27,32,287,4.0
6826,Puente de Vallecas,part_time,2024-04-27,2024-07-28,38,342,4.3
6827,Ciudad Lineal,casual,2024-01-01,2024-02-06,6,26,5.0
6828,Usera,full_time,2024-12-16,2024-12-31,9,172,4.7
6829,Hortaleza,part_time,2024-05-26,2024-11-21,68,596,4.8
6830,Latina,part_time,2024-12-27,2024-12-31,2,15,3.8
6831,Fuencarral - El Pardo,casual,2024-01-01,2024-03-17,17,97,3.5
6832,Usera,part_time,2024-01-01,2024-10-08,137,1239,3.5
6833,Centro,casual,2024-11-23,2024-12-31,9,39,4.3
6834,San Blas - Canillejas,full_time,2024-08-10,2024-11-19,83,1637,3.7
6835,Tetuán,casual,2024-01-01,2024-02-02,6,24,3.8
6836,Arganzuela,casual,2024-11-08,2024-12-31,14,65,3.8
6837,Centro,casual,2024-01-01,2024-04-09,19,91,4.6
6838,Moncloa - Aravaca,part_time,2024-01-01,2024-07-08,81,733,4.9
6839,Latina,full_time,2024-08-04,2024-12-31,123,2434,3.7
6840,Carabanchel,full_time,2024-06-03,2024-12-31,171,3413,3.7
6841,Puente de Vallecas,part_time,2024-07-02,2024-12-22,81,779,4.0
6842,Puente de Vallecas,full_time,2024-01-01,2024-01-04,2,33,4.5
6843,San Blas - Canillejas,part_time,2024-01-01,2024-05-14,59,543,4.1
6844,Puente de Vallecas,casual,2024-01-13,2024-07-05,40,216,3.9
6845,Tetuán,part_time,2024-02-11,2024-08-04,88,759,3.7
6846,Hortaleza,casual,2024-01-01,2024-02-09,10,54,4.2
6847,Latina,casual,2024-08-06,2024-11-03,25,131,3.6
6848,Centro,casual,2024-11-10,2024-12-31,11,62,4.4
6849,Ciudad Lineal,casual,2024-12-27,2024-12-31,1,6,4.7
6850,Puente de Vallecas,full_time,2024-10-02,2024-12-23,67,1301,5.0
6851,Fuencarral - El Pardo,full_time,2024-01-01,2024-05-27,128,2533,4.0
6852,Chamartín,casual,2024-04-02,2024-10-13,42,218,4.7
6853,Hortaleza,part_time,2024-11-23,2024-12-31,20,169,4.3
6854,Puente de Vallecas,casual,2024-01-01,2024-01-30,4,19,3.9
6855,Puente de Vallecas,casual,2024-01-14,2024-04-14,21,104,3.6
6856,Arganzuela,casual,2024-01-01,2024-07-12,50,233,4.2
6857,Tetuán,casual,2024-03-23,2024-12-31,63,287,4.8
6858,Ciudad Lineal,casual,2024-12-09,2024-12-31,7,33,4.9
6859,Moncloa - Aravaca,casual,2024-05-04,2024-08-12,20,98,4.2
6860,Centro,casual,2024-02-24,2024-12-31,66,328,4.7
6861,Carabanchel,casual,2024-06-11,2024-12-26,44,213,3.8
6862,Latina,full_time,2024-09-17,2024-12-31,90,1776,4.6
6863,Moncloa - Aravaca,casual,2024-02-22,2024-05-05,16,70,3.5
6864,Carabanchel,casual,2024-07-17,2024-10-06,18,112,4.1
6865,Centro,casual,2024-11-22,2024-12-31,8,39,4.7
6866,Villaverde,casual,2024-12-03,2024-12-31,4,18,4.0
6867,Puente de Vallecas,casual,2024-01-01,2024-10-06,59,309,3.7
6868,Moncloa - Aravaca,casual,2024-01-01,2024-03-01,16,65,5.0
6869,Latina,part_time,2024-11-26,2024-12-31,15,127,3.9
6870,San Blas - Canillejas,part_time,2024-11-26,2024-12-31,14,120,3.6
6871,Retiro,part_time,2024-01-01,2024-02-24,23,205,4.1
6872,Moncloa - Aravaca,part_time,2024-01-01,2024-02-29,36,339,4.5
6873,Vicálvaro,casual,2024-01-01,2024-03-26,21,102,4.1
6874,Tetuán,casual,2024-06-15,2024-12-30,48,268,4.9
6875,Usera,casual,2024-02-25,2024-05-14,22,115,3.8
6876,Usera,casual,2024-01-01,2024-06-20,43,207,4.4
6877,Puente de Vallecas,casual,2024-09-11,2024-12-31,31,136,3.7
6878,Villaverde,casual,2024-01-18,2024-04-22,27,131,3.7
6879,Puente de Vallecas,part_time,2024-12-10,2024-12-31,7,55,3.8
6880,Barajas,casual,2024-02-20,2024-09-03,47,242,3.8
6881,Tetuán,casual,2024-02-16,2024-08-22,44,235,4.5
6882,Carabanchel,part_time,2024-12-06,2024-12-31,16,139,4.8
6883,Fuencarral - El Pardo,casual,2024-01-01,2024-03-04,18,104,4.8
6884,Arganzuela,part_time,2024-01-01,2024-03-25,36,313,4.4
6885,Chamartín,full_time,2024-04-17,2024-07-16,78,1570,4.1
6886,Villaverde,full_time,2024-06-25,2024-09-26,81,1547,3.9
6887,Usera,casual,2024-01-16,2024-12-27,82,410,3.9
6888,Carabanchel,casual,2024-12-07,2024-12-31,4,23,4.2
6889,Moncloa - Aravaca,part_time,2024-12-28,2024-12-31,4,40,4.4
6890,Salamanca,part_time,2024-01-01,2024-01-30,12,97,4.3
6891,Ciudad Lineal,part_time,2024-01-01,2024-03-15,33,283,4.6
6892,Tetuán,casual,2024-02-15,2024-12-31,69,327,3.7
6893,Puente de Vallecas,casual,2024-12-09,2024-12-31,3,14,3.7
6894,Hortaleza,casual,2024-02-06,2024-05-07,19,85,5.0
6895,Moncloa - Aravaca,casual,2024-01-01,2024-09-22,69,355,4.0
6896,Fuencarral - El Pardo,casual,2024-01-01,2024-05-07,26,119,5.0
6897,Moncloa - Aravaca,full_time,2024-12-16,2024-12-31,12,290,3.9
6898,Salamanca,casual,2024-01-01,2024-04-20,29,144,3.6
6899,Barajas,part_time,2024-02-22,2024-12-31,142,1273,4.3
6900,Villaverde,full_time,2024-01-01,2024-01-17,15,317,3.8
6901,Carabanchel,casual,2024-07-08,2024-09-22,12,65,4.8
6902,Latina,casual,2024-03-23,2024-07-01,23,114,4.1
6903,Hortaleza,part_time,2024-05-17,2024-10-25,73,641,4.2
6904,Carabanchel,casual,2024-01-01,2024-02-27,18,87,4.1
6905,Carabanchel,casual,2024-01-01,2024-02-10,15,72,3.7
6906,Tetuán,part_time,2024-01-01,2024-02-11,18,148,4.4
6907,Puente de Vallecas,part_time,2024-10-16,2024-12-31,36,315,3.7
6908,Chamartín,part_time,2024-09-01,2024-11-14,33,291,4.5
6909,Villaverde,full_time,2024-01-01,2024-03-12,62,1264,4.1
6910,San Blas - Canillejas,casual,2024-03-04,2024-05-19,22,129,4.8
6911,Moncloa - Aravaca,part_time,2024-02-18,2024-09-02,92,884,4.3
6912,Salamanca,part_time,2024-01-01,2024-02-23,23,212,4.8
6913,Ciudad Lineal,part_time,2024-10-18,2024-12-31,25,231,3.5
6914,Fuencarral - El Pardo,part_time,2024-01-01,2024-09-15,109,966,4.6
6915,Vicálvaro,part_time,2024-08-01,2024-11-07,35,319,4.3
6916,Puente de Vallecas,full_time,2024-07-23,2024-10-17,75,1528,3.8
6917,Villa de Vallecas,casual,2024-11-23,2024-12-31,15,79,3.7
6918,Tetuán,part_time,2024-09-10,2024-11-19,36,307,4.6
6919,Hortaleza,casual,2024-01-01,2024-01-16,3,9,4.1
6920,Tetuán,part_time,2024-01-01,2024-04-23,46,415,3.6
6921,Chamartín,part_time,2024-04-12,2024-07-30,49,432,4.5
6922,Vicálvaro,part_time,2024-01-01,2024-02-13,14,131,3.9
6923,Puente de Vallecas,casual,2024-01-01,2024-10-13,68,321,4.0
6924,Moncloa - Aravaca,casual,2024-12-15,2024-12-31,7,34,3.6
6925,Carabanchel,casual,2024-01-09,2024-04-02,11,66,4.1
6926,Villa de Vallecas,casual,2024-08-24,2024-11-03,13,76,4.9
6927,Hortaleza,casual,2024-02-07,2024-04-25,19,101,4.8
6928,Chamartín,full_time,2024-01-01,2024-01-16,10,200,4.0
6929,Usera,casual,2024-01-01,2024-02-15,7,41,4.0
6930,Retiro,full_time,2024-01-01,2024-02-24,48,951,4.8
6931,Chamberí,casual,2024-02-04,2024-05-21,25,122,4.6
6932,Villa de Vallecas,part_time,2024-12-13,2024-12-31,7,50,3.8
6933,Latina,part_time,2024-06-05,2024-12-08,82,758,4.8
6934,Hortaleza,part_time,2024-01-01,2024-02-26,22,215,4.9
6935,Carabanchel,part_time,2024-01-01,2024-02-01,14,134,4.0
6936,Fuencarral - El Pardo,part_time,2024-12-10,2024-12-31,10,99,4.8
6937,Hortaleza,full_time,2024-01-01,2024-03-19,60,1159,4.5
6938,Latina,part_time,2024-01-24,2024-05-06,48,409,4.8
6939,Ciudad Lineal,casual,2024-10-19,2024-12-31,18,92,4.1
6940,Chamberí,casual,2024-04-27,2024-11-05,42,189,4.1
6941,Puente de Vallecas,part_time,2024-01-01,2024-05-03,58,500,4.3
6942,Salamanca,casual,2024-08-02,2024-10-26,20,117,3.9
6943,Villa de Vallecas,casual,2024-03-13,2024-06-22,28,139,4.3
6944,Tetuán,part_time,2024-06-22,2024-09-24,48,449,4.3
6945,Fuencarral - El Pardo,casual,2024-01-01,2024-02-13,8,40,3.8
6946,Ciudad Lineal,part_time,2024-10-05,2024-12-31,47,390,4.8
6947,Chamartín,part_time,2024-03-11,2024-12-31,135,1223,3.7
6948,Villa de Vallecas,part_time,2024-01-01,2024-01-02,1,1,4.8
6949,Chamartín,part_time,2024-06-17,2024-09-08,41,374,4.3
6950,Retiro,full_time,2024-01-28,2024-07-11,132,2613,4.2
6951,Fuencarral - El Pardo,part_time,2024-11-17,2024-12-31,17,159,4.8
6952,Fuencarral - El Pardo,full_time,2024-01-01,2024-03-02,48,933,4.2
6953,Tetuán,casual,2024-01-01,2024-08-27,59,307,4.0
6954,Moratalaz,part_time,2024-09-18,2024-12-06,34,335,3.7
6955,Hortaleza,part_time,2024-01-02,2024-04-15,45,402,4.5
6956,Carabanchel,casual,2024-03-04,2024-05-18,18,99,4.7
6957,Vicálvaro,casual,2024-08-27,2024-12-31,28,130,4.3
6958,Villaverde,part_time,2024-07-29,2024-12-31,80,692,3.9
6959,Latina,casual,2024-03-13,2024-06-14,19,94,4.9
6960,Fuencarral - El Pardo,full_time,2024-03-11,2024-09-15,156,2950,4.5
6961,San Blas - Canillejas,casual,2024-06-16,2024-09-02,14,67,4.3
6962,Centro,casual,2024-10-11,2024-12-31,17,84,4.7
6963,Fuencarral - El Pardo,part_time,2024-07-26,2024-11-04,48,430,4.0
6964,Latina,casual,2024-06-21,2024-10-08,28,139,4.6
6965,Carabanchel,casual,2024-09-17,2024-12-31,19,97,4.0
6966,Tetuán,part_time,2024-02-25,2024-05-16,33,323,3.9
6967,Villaverde,casual,2024-03-10,2024-08-25,34,184,3.8
6968,Chamberí,casual,2024-08-05,2024-11-20,26,126,4.8
6969,Barajas,part_time,2024-03-30,2024-07-05,57,491,4.7
6970,Hortaleza,part_time,2024-05-15,2024-07-30,40,346,3.8
6971,Centro,part_time,2024-01-01,2024-03-14,30,258,3.6
6972,San Blas - Canillejas,casual,2024-07-10,2024-09-30,21,95,3.7
6973,Tetuán,casual,2024-07-26,2024-10-09,16,87,4.0
6974,Carabanchel,full_time,2024-10-29,2024-12-31,53,1067,4.4
6975,Retiro,part_time,2024-01-01,2024-03-03,25,233,4.5
6976,Tetuán,casual,2024-11-08,2024-12-31,13,66,3.7
6977,Usera,part_time,2024-01-01,2024-02-10,15,111,4.2
6978,Vicálvaro,casual,2024-09-10,2024-11-24,14,87,4.3
6979,Arganzuela,part_time,2024-07-03,2024-09-17,41,380,3.9
6980,Villa de Vallecas,part_time,2024-04-02,2024-07-05,47,459,4.6
6981,San Blas - Canillejas,full_time,2024-11-27,2024-12-31,24,493,4.4
6982,Tetuán,full_time,2024-05-05,2024-07-21,63,1242,4.6
6983,Salamanca,casual,2024-01-01,2024-01-18,3,15,4.5
6984,Salamanca,part_time,2024-04-22,2024-10-01,71,654,4.8
6985,Arganzuela,casual,2024-06-06,2024-08-25,24,118,4.5
6986,Villaverde,part_time,2024-09-09,2024-11-27,32,273,4.7
6987,Ciudad Lineal,part_time,2024-03-13,2024-06-13,44,427,4.3
6988,Chamartín,casual,2024-01-01,2024-02-04,8,43,3.9
6989,Fuencarral - El Pardo,casual,2024-03-20,2024-06-03,18,93,3.6
6990,San Blas - Canillejas,casual,2024-07-05,2024-09-29,15,76,4.2
6991,Moncloa - Aravaca,casual,2024-06-08,2024-09-04,20,105,4.7
6992,Moncloa - Aravaca,casual,2024-10-25,2024-12-31,16,97,4.4
6993,Fuencarral - El Pardo,full_time,2024-01-01,2024-05-27,121,2429,3.5
6994,San Blas - Canillejas,casual,2024-06-26,2024-09-05,14,85,3.9
6995,Moncloa - Aravaca,part_time,2024-12-14,2024-12-31,10,89,4.2
6996,Usera,part_time,2024-02-17,2024-05-25,42,408,4.1
6997,Arganzuela,part_time,2024-04-25,2024-07-13,40,341,4.5
6998,Vicálvaro,casual,2024-12-29,2024-12-31,1,7,3.8
6999,Latina,full_time,2024-01-01,2024-03-04,54,1073,4.1
7000,Retiro,part_time,2024-06-21,2024-09-16,45,392,4.3
7001,Centro,part_time,2024-03-10,2024-06-23,50,445,5.0
7002,Ciudad Lineal,full_time,2024-01-01,2024-01-22,16,323,4.9
7003,Villa de Vallecas,part_time,2024-09-11,2024-12-22,52,460,4.1
7004,Tetuán,casual,2024-01-11,2024-03-29,18,105,4.0
7005,Usera,full_time,2024-11-04,2024-12-31,50,942,4.9
7006,Hortaleza,casual,2024-02-19,2024-08-15,32,196,4.8
7007,Villa de Vallecas,part_time,2024-01-01,2024-03-18,36,343,4.6
7008,Carabanchel,casual,2024-01-01,2024-06-28,47,222,4.4
7009,Chamartín,casual,2024-10-17,2024-12-31,20,99,4.6
7010,Carabanchel,casual,2024-01-01,2024-09-30,56,260,4.6
7011,Centro,casual,2024-02-11,2024-04-21,16,88,4.8
7012,Chamartín,full_time,2024-01-30,2024-04-21,67,1371,4.6
7013,Tetuán,casual,2024-05-23,2024-11-07,45,227,4.5
7014,Latina,part_time,2024-01-23,2024-04-28,41,358,4.9
7015,Salamanca,casual,2024-12-03,2024-12-31,9,40,4.9
7016,Latina,full_time,2024-01-01,2024-01-23,21,442,4.1
7017,Carabanchel,casual,2024-01-01,2024-03-10,16,71,5.0
7018,Fuencarral - El Pardo,casual,2024-04-10,2024-07-18,25,115,4.1
7019,Usera,casual,2024-01-01,2024-04-22,22,135,3.9
7020,Salamanca,part_time,2024-09-20,2024-12-26,43,411,3.8
7021,Vicálvaro,full_time,2024-11-25,2024-12-31,28,576,3.7
7022,Villaverde,full_time,2024-06-29,2024-10-06,80,1571,4.0
7023,Ciudad Lineal,casual,2024-09-16,2024-12-31,25,109,5.0
7024,Ciudad Lineal,casual,2024-08-11,2024-12-31,30,136,4.0
7025,Arganzuela,casual,2024-01-01,2024-03-24,17,90,4.9
7026,San Blas - Canillejas,casual,2024-01-01,2024-02-05,2,11,3.7
7027,Vicálvaro,part_time,2024-07-08,2024-10-25,48,423,3.7
7028,Vicálvaro,casual,2024-12-24,2024-12-31,1,6,3.7
7029,Puente de Vallecas,part_time,2024-10-01,2024-12-31,31,318,4.3
7030,San Blas - Canillejas,full_time,2024-07-11,2024-10-06,77,1510,5.0
7031,Centro,casual,2024-01-01,2024-02-29,15,72,3.8
7032,Retiro,casual,2024-09-22,2024-12-19,19,89,4.0
7033,Moncloa - Aravaca,casual,2024-05-18,2024-12-31,49,270,4.8
7034,Hortaleza,casual,2024-12-01,2024-12-31,4,17,4.3
7035,Villaverde,casual,2024-08-25,2024-11-08,11,62,4.0
7036,Centro,part_time,2024-01-01,2024-02-17,21,196,4.1
7037,Vicálvaro,casual,2024-06-04,2024-11-23,35,165,4.6
7038,Tetuán,part_time,2024-01-01,2024-10-22,128,1134,4.0
7039,Chamartín,full_time,2024-04-11,2024-07-11,71,1459,4.5
7040,Puente de Vallecas,full_time,2024-04-07,2024-12-31,225,4383,4.7
7041,Tetuán,part_time,2024-11-15,2024-12-31,19,174,3.6
7042,Carabanchel,casual,2024-09-15,2024-12-04,19,105,4.6
7043,Tetuán,casual,2024-01-01,2024-01-11,4,17,4.9
7044,Chamartín,casual,2024-01-01,2024-03-06,14,62,3.6
7045,Usera,full_time,2024-01-01,2024-09-20,223,4486,3.6
7046,Tetuán,full_time,2024-08-14,2024-10-30,59,1262,4.4
7047,Chamartín,casual,2024-07-18,2024-10-16,23,133,4.5
7048,Villaverde,casual,2024-05-14,2024-08-22,28,141,4.2
7049,Fuencarral - El Pardo,casual,2024-02-23,2024-08-24,38,175,4.9
7050,Puente de Vallecas,casual,2024-08-03,2024-12-31,36,181,3.7
7051,Latina,full_time,2024-01-01,2024-03-09,57,1138,3.7
7052,Villaverde,casual,2024-07-03,2024-09-22,13,67,3.5
7053,Fuencarral - El Pardo,casual,2024-10-05,2024-12-31,22,105,4.7
7054,Tetuán,casual,2024-02-11,2024-05-01,16,94,3.6
7055,Hortaleza,casual,2024-01-01,2024-05-27,26,135,4.4
7056,Fuencarral - El Pardo,casual,2024-08-04,2024-11-05,24,127,4.9
7057,Puente de Vallecas,full_time,2024-01-01,2024-05-08,100,2031,3.6
7058,Fuencarral - El Pardo,casual,2024-01-01,2024-12-22,79,381,3.7
7059,San Blas - Canillejas,part_time,2024-11-21,2024-12-31,20,162,4.8
7060,Latina,casual,2024-01-01,2024-02-04,10,46,3.9
7061,Puente de Vallecas,casual,2024-11-22,2024-12-31,10,38,4.1
7062,Salamanca,casual,2024-01-11,2024-03-24,14,73,4.4
7063,Vicálvaro,casual,2024-05-09,2024-08-08,21,115,4.6
7064,Puente de Vallecas,casual,2024-01-01,2024-03-01,12,64,3.8
7065,Salamanca,casual,2024-07-25,2024-12-31,40,174,4.8
7066,Centro,part_time,2024-12-31,2024-12-31,1,1,4.7
7067,Ciudad Lineal,part_time,2024-01-01,2024-08-04,110,1053,3.6
7068,San Blas - Canillejas,full_time,2024-11-06,2024-12-31,46,907,3.7
7069,Barajas,casual,2024-08-30,2024-12-01,30,142,4.6
7070,San Blas - Canillejas,part_time,2024-12-16,2024-12-31,6,50,4.2
7071,Carabanchel,part_time,2024-08-08,2024-10-23,38,346,4.2
7072,Centro,casual,2024-08-13,2024-10-29,18,88,3.8
7073,Centro,casual,2024-12-01,2024-12-31,6,29,4.6
7074,Puente de Vallecas,casual,2024-08-05,2024-12-31,29,155,3.7
7075,Tetuán,part_time,2024-10-07,2024-12-31,36,326,4.1
7076,Tetuán,casual,2024-02-12,2024-05-08,18,74,4.6
7077,Moncloa - Aravaca,casual,2024-01-01,2024-05-02,20,118,5.0
7078,Carabanchel,full_time,2024-06-12,2024-12-26,164,3317,3.8
7079,Fuencarral - El Pardo,casual,2024-01-01,2024-06-29,33,170,4.5
7080,San Blas - Canillejas,full_time,2024-01-01,2024-11-02,258,5142,3.6
7081,Chamartín,part_time,2024-10-11,2024-12-31,36,330,3.9
7082,San Blas - Canillejas,part_time,2024-07-10,2024-10-25,37,314,3.6
7083,Villa de Vallecas,part_time,2024-11-21,2024-12-31,14,140,4.7
7084,Latina,casual,2024-03-20,2024-06-06,17,95,4.1
7085,Tetuán,part_time,2024-02-19,2024-05-03,30,290,4.8
7086,Chamberí,part_time,2024-01-21,2024-04-04,32,270,3.6
7087,Vicálvaro,part_time,2024-12-20,2024-12-31,4,41,4.5
7088,Ciudad Lineal,casual,2024-04-10,2024-07-18,22,106,4.3
7089,Villaverde,casual,2024-11-24,2024-12-31,8,33,4.5
7090,Latina,casual,2024-01-01,2024-09-09,56,292,5.0
7091,Arganzuela,casual,2024-01-01,2024-06-07,32,153,5.0
7092,Ciudad Lineal,part_time,2024-07-17,2024-12-31,69,611,4.7
7093,Arganzuela,part_time,2024-03-30,2024-12-31,139,1284,3.8
7094,San Blas - Canillejas,part_time,2024-05-28,2024-08-27,45,398,4.6
7095,Hortaleza,part_time,2024-03-06,2024-08-23,85,821,4.9
7096,Usera,casual,2024-03-16,2024-09-11,42,206,4.0
7097,Fuencarral - El Pardo,casual,2024-10-19,2024-12-31,18,98,4.0
7098,Retiro,casual,2024-01-01,2024-04-20,30,144,4.2
7099,Arganzuela,casual,2024-01-01,2024-02-07,8,36,4.5
7100,Puente de Vallecas,casual,2024-01-01,2024-01-03,1,3,3.9
7101,Usera,casual,2024-01-02,2024-12-23,74,387,3.7
7102,Arganzuela,casual,2024-10-08,2024-12-31,21,89,3.9
7103,Puente de Vallecas,part_time,2024-05-05,2024-12-31,100,908,4.5
7104,Barajas,casual,2024-12-26,2024-12-31,1,1,3.6
7105,Vicálvaro,casual,2024-07-13,2024-09-25,11,60,4.9
7106,Centro,casual,2024-01-08,2024-12-31,84,399,4.3
7107,San Blas - Canillejas,part_time,2024-06-19,2024-09-28,46,442,3.7
7108,Arganzuela,part_time,2024-11-10,2024-12-31,23,224,4.6
7109,Ciudad Lineal,casual,2024-01-01,2024-01-08,2,6,3.9
7110,Ciudad Lineal,casual,2024-03-08,2024-09-18,33,160,4.6
7111,Tetuán,full_time,2024-04-14,2024-07-01,67,1379,4.8
7112,Villaverde,part_time,2024-12-06,2024-12-31,9,80,4.3
7113,Centro,part_time,2024-01-01,2024-03-28,45,397,3.8
7114,Usera,casual,2024-01-01,2024-01-12,3,12,4.2
7115,Chamartín,part_time,2024-06-16,2024-12-07,81,688,4.4
7116,Chamberí,full_time,2024-07-11,2024-10-17,82,1549,4.0
7117,Chamartín,casual,2024-02-14,2024-05-31,28,138,4.7
7118,Fuencarral - El Pardo,part_time,2024-01-31,2024-12-31,152,1363,3.9
7119,Carabanchel,casual,2024-03-12,2024-12-31,55,307,4.8
7120,Vicálvaro,part_time,2024-01-07,2024-07-15,84,808,4.2
7121,Chamartín,casual,2024-02-16,2024-08-19,40,179,4.4
7122,Barajas,casual,2024-01-01,2024-04-13,25,126,3.6
7123,Usera,full_time,2024-07-20,2024-12-31,140,2778,3.8
7124,Puente de Vallecas,full_time,2024-04-10,2024-06-18,58,1173,4.2
7125,Moratalaz,casual,2024-07-19,2024-10-29,27,146,4.6
7126,Usera,full_time,2024-04-09,2024-07-16,85,1723,5.0
7127,Carabanchel,casual,2024-01-01,2024-03-17,15,75,3.6
7128,Centro,casual,2024-08-17,2024-11-14,14,83,4.9
7129,Ciudad Lineal,full_time,2024-02-21,2024-08-13,147,2840,4.0
7130,Carabanchel,casual,2024-01-01,2024-04-13,17,71,5.0
7131,Hortaleza,casual,2024-11-13,2024-12-31,11,61,3.6
7132,Chamartín,part_time,2024-11-12,2024-12-31,26,224,4.3
7133,Retiro,casual,2024-08-26,2024-12-06,22,102,4.7
7134,Barajas,casual,2024-06-28,2024-09-11,20,98,4.0
7135,Carabanchel,casual,2024-07-08,2024-10-20,28,128,5.0
7136,Villa de Vallecas,part_time,2024-03-28,2024-06-05,37,337,4.9
7137,Moncloa - Aravaca,casual,2024-01-01,2024-07-11,48,244,4.0
7138,Arganzuela,casual,2024-07-04,2024-09-19,14,75,3.5
7139,Vicálvaro,part_time,2024-08-17,2024-12-31,63,557,3.8
7140,Moncloa - Aravaca,casual,2024-05-11,2024-08-18,24,115,3.5
7141,Chamberí,casual,2024-11-15,2024-12-31,10,43,4.5
7142,Moncloa - Aravaca,part_time,2024-01-01,2024-10-10,138,1252,3.7
7143,Fuencarral - El Pardo,part_time,2024-01-01,2024-09-28,122,1088,4.2
7144,Carabanchel,casual,2024-04-10,2024-07-16,21,96,3.8
7145,Puente de Vallecas,full_time,2024-05-29,2024-12-31,182,3570,4.8
7146,Fuencarral - El Pardo,part_time,2024-01-01,2024-01-13,4,39,3.9
7147,Moratalaz,casual,2024-01-01,2024-09-15,55,270,4.5
7148,Latina,part_time,2024-09-04,2024-12-06,43,368,4.4
7149,Villaverde,part_time,2024-06-15,2024-09-06,33,292,4.1
7150,Hortaleza,part_time,2024-01-01,2024-06-17,77,698,4.6
7151,Hortaleza,part_time,2024-04-25,2024-12-31,118,1105,3.7
7152,San Blas - Canillejas,part_time,2024-10-20,2024-12-31,39,368,4.6
7153,Villaverde,full_time,2024-05-27,2024-08-11,64,1204,3.8
7154,Ciudad Lineal,part_time,2024-06-28,2024-12-31,83,704,3.6
7155,San Blas - Canillejas,part_time,2024-01-03,2024-03-31,42,384,5.0
7156,Moncloa - Aravaca,part_time,2024-05-07,2024-08-01,38,320,3.8
7157,San Blas - Canillejas,full_time,2024-02-02,2024-05-17,81,1670,3.9
7158,Ciudad Lineal,full_time,2024-12-28,2024-12-31,3,54,3.5
7159,Carabanchel,casual,2024-01-22,2024-04-06,17,78,4.5
7160,Ciudad Lineal,casual,2024-12-04,2024-12-31,5,22,4.6
7161,Retiro,part_time,2024-03-28,2024-07-11,50,446,3.5
7162,Fuencarral - El Pardo,casual,2024-03-31,2024-09-30,40,211,4.3
7163,Hortaleza,part_time,2024-05-19,2024-09-05,51,465,4.8
7164,San Blas - Canillejas,part_time,2024-01-01,2024-05-09,63,563,4.7
7165,Tetuán,full_time,2024-02-02,2024-04-14,61,1239,4.7
7166,San Blas - Canillejas,casual,2024-03-24,2024-06-19,22,99,3.6
7167,Moncloa - Aravaca,part_time,2024-08-18,2024-12-31,46,397,3.9
7168,Tetuán,casual,2024-05-31,2024-12-31,32,152,4.3
7169,Latina,casual,2024-12-30,2024-12-31,1,1,4.3
7170,Villaverde,casual,2024-01-01,2024-02-09,8,35,4.6
7171,Hortaleza,casual,2024-07-13,2024-12-31,35,182,4.9
7172,Chamberí,casual,2024-01-01,2024-04-13,19,84,4.6
7173,Fuencarral - El Pardo,part_time,2024-01-12,2024-12-31,157,1456,4.2
7174,Retiro,part_time,2024-01-01,2024-04-02,37,360,4.4
7175,Moncloa - Aravaca,casual,2024-12-02,2024-12-31,7,37,3.5
7176,Hortaleza,casual,2024-05-21,2024-08-19,25,136,4.2
7177,Moncloa - Aravaca,casual,2024-01-01,2024-12-09,75,384,3.7
7178,Villa de Vallecas,full_time,2024-02-12,2024-05-23,87,1789,4.6
7179,Vicálvaro,full_time,2024-05-02,2024-07-17,58,1206,4.7
7180,Latina,casual,2024-01-01,2024-03-01,18,108,5.0
7181,Salamanca,casual,2024-05-16,2024-12-31,57,283,4.2
7182,Fuencarral - El Pardo,casual,2024-05-20,2024-10-27,36,205,3.6
7183,Centro,part_time,2024-01-01,2024-02-24,22,193,3.7
7184,Carabanchel,casual,2024-01-01,2024-02-17,8,41,4.9
7185,Puente de Vallecas,casual,2024-01-01,2024-08-02,41,207,3.8
7186,Carabanchel,casual,2024-05-16,2024-07-25,22,98,4.0
7187,Fuencarral - El Pardo,casual,2024-01-16,2024-04-10,13,64,3.7
7188,Fuencarral - El Pardo,casual,2024-01-01,2024-02-29,15,85,4.7
7189,Chamartín,casual,2024-01-01,2024-02-12,11,65,4.0
7190,Hortaleza,part_time,2024-01-01,2024-06-15,68,608,4.1
7191,Moncloa - Aravaca,casual,2024-06-12,2024-12-09,41,209,4.6
7192,Vicálvaro,casual,2024-08-04,2024-11-12,28,151,4.4
7193,Fuencarral - El Pardo,part_time,2024-02-01,2024-05-11,39,369,4.4
7194,Fuencarral - El Pardo,casual,2024-04-12,2024-07-26,23,105,3.6
7195,Chamartín,part_time,2024-07-17,2024-10-11,40,350,3.8
7196,Chamberí,full_time,2024-01-01,2024-09-15,204,4138,3.9
7197,Villa de Vallecas,casual,2024-12-20,2024-12-31,3,11,5.0
7198,Villa de Vallecas,full_time,2024-08-12,2024-11-16,82,1674,3.8
7199,Vicálvaro,part_time,2024-06-26,2024-09-16,34,355,4.1
7200,Hortaleza,part_time,2024-01-01,2024-12-29,161,1455,3.8
7201,Chamartín,casual,2024-01-01,2024-12-25,75,366,4.2
7202,Villa de Vallecas,casual,2024-01-01,2024-08-01,38,202,3.5
7203,Fuencarral - El Pardo,casual,2024-01-01,2024-02-05,8,49,4.7
7204,Retiro,full_time,2024-10-16,2024-12-31,61,1255,4.8
7205,Villa de Vallecas,part_time,2024-11-20,2024-12-31,19,161,4.2
7206,Chamartín,casual,2024-12-18,2024-12-31,2,9,4.8
7207,San Blas - Canillejas,casual,2024-04-10,2024-06-28,22,115,3.5
7208,Villaverde,casual,2024-12-03,2024-12-31,5,25,4.2
7209,Retiro,casual,2024-08-15,2024-11-24,27,145,3.8
7210,Hortaleza,part_time,2024-02-14,2024-08-23,83,757,4.1
7211,Moncloa - Aravaca,casual,2024-11-25,2024-12-31,6,28,4.1
7212,Ciudad Lineal,part_time,2024-12-08,2024-12-31,10,92,4.5
7213,Centro,part_time,2024-06-01,2024-09-02,50,432,4.7
7214,Hortaleza,part_time,2024-08-30,2024-12-31,51,500,4.9
7215,Puente de Vallecas,part_time,2024-09-25,2024-12-03,26,202,3.9
7216,Ciudad Lineal,casual,2024-05-31,2024-11-29,33,153,4.5
7217,Fuencarral - El Pardo,part_time,2024-03-02,2024-08-10,79,725,4.8
7218,San Blas - Canillejas,part_time,2024-01-01,2024-03-04,28,258,4.1
7219,San Blas - Canillejas,casual,2024-12-31,2024-12-31,1,1,4.3
7220,Fuencarral - El Pardo,casual,2024-01-01,2024-02-01,7,44,4.5
7221,Carabanchel,casual,2024-01-01,2024-03-04,18,90,3.6
7222,Fuencarral - El Pardo,casual,2024-01-20,2024-07-27,45,224,4.4
7223,Carabanchel,casual,2024-03-23,2024-07-06,25,112,4.3
7224,Carabanchel,casual,2024-02-06,2024-04-29,19,95,4.0
7225,Chamartín,part_time,2024-01-01,2024-02-04,16,133,5.0
7226,Moratalaz,casual,2024-11-15,2024-12-31,12,59,3.6
7227,Centro,casual,2024-05-15,2024-08-30,24,134,4.9
7228,Usera,casual,2024-12-15,2024-12-31,1,4,4.5
7229,Puente de Vallecas,casual,2024-11-06,2024-12-31,14,71,3.6
7230,Vicálvaro,full_time,2024-01-01,2024-12-27,290,5791,3.8
7231,San Blas - Canillejas,casual,2024-01-25,2024-08-04,42,205,4.7
7232,Chamberí,casual,2024-01-20,2024-04-28,17,81,3.8
7233,Ciudad Lineal,casual,2024-12-26,2024-12-31,2,10,3.6
7234,Chamartín,casual,2024-06-05,2024-11-17,38,172,4.3
7235,Centro,part_time,2024-10-05,2024-12-31,46,449,5.0
7236,Villa de Vallecas,part_time,2024-12-25,2024-12-31,4,42,4.1
7237,Moratalaz,casual,2024-01-01,2024-05-01,33,144,4.2
7238,Hortaleza,part_time,2024-11-27,2024-12-31,11,111,4.7
7239,Moncloa - Aravaca,casual,2024-10-03,2024-12-12,24,112,4.4
7240,Chamberí,part_time,2024-04-29,2024-07-24,46,387,3.9
7241,Tetuán,part_time,2024-12-09,2024-12-31,13,108,4.3
7242,Carabanchel,casual,2024-05-29,2024-11-08,47,233,4.2
7243,Fuencarral - El Pardo,part_time,2024-03-27,2024-06-30,43,395,3.5
7244,Villaverde,part_time,2024-01-01,2024-03-15,26,240,3.7
7245,Arganzuela,casual,2024-06-16,2024-12-31,46,229,4.4
7246,Carabanchel,full_time,2024-09-18,2024-12-24,82,1688,3.7
7247,Moncloa - Aravaca,full_time,2024-01-16,2024-04-01,66,1275,4.7
7248,Moncloa - Aravaca,casual,2024-03-31,2024-06-11,18,93,4.2
7249,Salamanca,part_time,2024-01-01,2024-02-10,19,162,3.6
7250,Salamanca,part_time,2024-05-13,2024-10-20,84,703,4.9
7251,Ciudad Lineal,casual,2024-05-30,2024-11-20,40,197,4.8
7252,Puente de Vallecas,casual,2024-09-12,2024-12-31,22,109,4.5
7253,Chamartín,full_time,2024-01-01,2024-01-14,12,227,4.6
7254,Ciudad Lineal,part_time,2024-01-01,2024-03-28,39,370,4.5
7255,Usera,casual,2024-01-01,2024-01-18,4,26,3.5
7256,Vicálvaro,casual,2024-11-21,2024-12-31,11,57,4.4
7257,Vicálvaro,casual,2024-04-11,2024-10-06,34,169,3.9
7258,Chamberí,full_time,2024-01-26,2024-04-21,73,1439,4.9
7259,Fuencarral - El Pardo,part_time,2024-01-01,2024-01-09,4,29,4.1
7260,Villaverde,casual,2024-01-01,2024-02-12,15,70,4.6
7261,Salamanca,full_time,2024-08-22,2024-12-03,91,1943,3.7
7262,Fuencarral - El Pardo,part_time,2024-01-01,2024-12-17,153,1367,4.2
7263,Puente de Vallecas,casual,2024-08-03,2024-12-31,32,169,3.7
7264,Puente de Vallecas,casual,2024-01-01,2024-05-20,31,166,4.1
7265,Usera,part_time,2024-03-03,2024-08-26,88,852,4.3
7266,Chamartín,casual,2024-04-01,2024-12-31,69,330,4.4
7267,Ciudad Lineal,casual,2024-01-01,2024-04-29,19,87,4.1
7268,Ciudad Lineal,part_time,2024-02-14,2024-05-09,37,367,3.7
7269,San Blas - Canillejas,full_time,2024-01-01,2024-03-03,49,966,4.5
7270,Fuencarral - El Pardo,casual,2024-08-17,2024-12-01,33,165,3.5
7271,Carabanchel,full_time,2024-07-02,2024-09-12,64,1283,4.7
7272,Hortaleza,full_time,2024-04-18,2024-07-24,80,1646,4.5
7273,Chamberí,casual,2024-06-20,2024-09-12,23,114,4.7
7274,Villa de Vallecas,casual,2024-01-05,2024-03-14,17,93,5.0
7275,Fuencarral - El Pardo,part_time,2024-10-07,2024-12-31,43,384,4.0
7276,Hortaleza,part_time,2024-07-07,2024-12-31,90,766,4.3
7277,Latina,casual,2024-01-01,2024-03-23,22,101,4.4
7278,Vicálvaro,part_time,2024-10-10,2024-12-31,37,323,4.4
7279,Carabanchel,part_time,2024-03-27,2024-07-01,54,471,4.5
7280,Carabanchel,part_time,2024-01-01,2024-11-30,153,1408,4.9
7281,Ciudad Lineal,part_time,2024-04-27,2024-10-09,78,708,4.2
7282,Ciudad Lineal,casual,2024-08-03,2024-12-31,36,161,4.8
7283,Chamartín,casual,2024-01-01,2024-03-13,17,86,4.4
7284,Centro,casual,2024-01-01,2024-05-24,37,183,4.7
7285,San Blas - Canillejas,full_time,2024-12-03,2024-12-31,24,463,4.0
7286,Vicálvaro,full_time,2024-12-02,2024-12-31,15,305,4.0
7287,Hortaleza,part_time,2024-09-15,2024-12-31,52,492,4.9
7288,Carabanchel,casual,2024-01-02,2024-03-14,19,88,4.7
7289,San Blas - Canillejas,part_time,2024-07-08,2024-09-16,34,327,4.3
7290,Tetuán,casual,2024-01-01,2024-11-21,70,334,4.2
7291,Fuencarral - El Pardo,casual,2024-01-01,2024-02-05,9,39,3.9
7292,Centro,casual,2024-01-01,2024-02-12,8,35,3.8
7293,Centro,part_time,2024-10-25,2024-12-31,24,199,3.8
7294,Villa de Vallecas,casual,2024-01-01,2024-02-10,11,48,4.9
7295,Chamberí,part_time,2024-01-21,2024-05-08,55,476,3.9
7296,Latina,full_time,2024-01-01,2024-03-09,55,1101,4.2
7297,Puente de Vallecas,part_time,2024-02-25,2024-12-31,142,1285,4.5
7298,Ciudad Lineal,casual,2024-07-09,2024-12-31,42,228,4.5
7299,Chamberí,full_time,2024-01-31,2024-05-01,78,1558,4.7
7300,Villaverde,part_time,2024-09-21,2024-12-28,46,419,4.1
7301,Carabanchel,casual,2024-01-01,2024-05-05,22,122,4.0
7302,Puente de Vallecas,part_time,2024-03-14,2024-06-11,42,405,4.3
7303,Fuencarral - El Pardo,full_time,2024-01-12,2024-04-23,84,1730,4.5
7304,Moncloa - Aravaca,casual,2024-04-17,2024-08-03,25,129,5.0
7305,Vicálvaro,casual,2024-12-21,2024-12-31,4,19,4.4
7306,Tetuán,casual,2024-09-08,2024-11-17,13,79,4.7
7307,San Blas - Canillejas,casual,2024-01-02,2024-04-04,24,120,4.9
7308,San Blas - Canillejas,part_time,2024-12-08,2024-12-31,12,107,3.5
7309,Centro,casual,2024-05-13,2024-12-31,63,330,3.9
7310,Retiro,casual,2024-03-11,2024-09-03,42,226,3.5
7311,Hortaleza,casual,2024-11-15,2024-12-31,9,53,4.9
7312,Fuencarral - El Pardo,casual,2024-07-14,2024-12-31,40,188,4.1
7313,Salamanca,casual,2024-08-11,2024-12-31,31,164,4.4
7314,Chamartín,part_time,2024-01-01,2024-04-17,52,444,4.2
7315,Moncloa - Aravaca,casual,2024-01-01,2024-02-25,13,69,4.6
7316,Villa de Vallecas,casual,2024-11-02,2024-12-31,16,74,4.1
7317,Ciudad Lineal,full_time,2024-05-12,2024-12-31,188,3722,3.5
7318,Villa de Vallecas,full_time,2024-09-21,2024-12-31,83,1578,4.0
7319,Ciudad Lineal,casual,2024-09-15,2024-12-18,22,124,4.2
7320,Usera,casual,2024-11-09,2024-12-31,10,57,4.1
7321,Tetuán,casual,2024-01-01,2024-09-27,65,309,3.9
7322,Vicálvaro,casual,2024-03-02,2024-06-13,22,99,3.6
7323,Usera,casual,2024-01-01,2024-05-12,22,112,3.5
7324,Hortaleza,full_time,2024-01-01,2024-02-16,37,747,4.9
7325,Carabanchel,part_time,2024-03-16,2024-09-27,95,871,3.6
7326,Carabanchel,casual,2024-01-01,2024-12-30,89,427,4.1
7327,Fuencarral - El Pardo,full_time,2024-01-01,2024-03-23,69,1341,3.6
7328,San Blas - Canillejas,casual,2024-03-21,2024-12-31,63,273,3.7
7329,Carabanchel,casual,2024-01-17,2024-07-18,41,206,4.5
7330,Vicálvaro,casual,2024-05-09,2024-07-17,11,45,4.9
7331,Retiro,casual,2024-04-12,2024-09-30,39,182,4.0
7332,Puente de Vallecas,full_time,2024-02-16,2024-05-23,84,1683,4.6
7333,Latina,casual,2024-07-13,2024-12-31,39,185,4.7
7334,Retiro,part_time,2024-05-30,2024-08-12,32,301,4.5
7335,Moncloa - Aravaca,casual,2024-04-29,2024-07-13,20,101,4.8
7336,Puente de Vallecas,full_time,2024-04-02,2024-07-08,76,1537,3.8
7337,Chamberí,part_time,2024-01-01,2024-01-12,2,18,3.6
7338,Moncloa - Aravaca,casual,2024-09-17,2024-12-23,17,66,4.2
7339,Barajas,casual,2024-12-17,2024-12-31,6,28,4.3
7340,Puente de Vallecas,full_time,2024-01-01,2024-03-01,53,1163,4.1
7341,Latina,casual,2024-02-19,2024-05-09,20,98,4.9
7342,Villa de Vallecas,casual,2024-09-11,2024-12-31,23,94,3.7
7343,Chamberí,full_time,2024-08-20,2024-11-21,78,1528,4.9
7344,Carabanchel,casual,2024-01-01,2024-08-16,54,259,4.1
7345,Centro,casual,2024-07-20,2024-10-30,24,138,4.7
7346,Hortaleza,casual,2024-11-02,2024-12-31,15,67,4.1
7347,San Blas - Canillejas,casual,2024-01-01,2024-04-25,24,110,4.3
7348,Moncloa - Aravaca,casual,2024-05-11,2024-12-31,48,220,4.5
7349,Centro,casual,2024-08-18,2024-12-31,35,177,4.2
7350,Ciudad Lineal,casual,2024-01-01,2024-02-20,14,77,4.8
7351,Villa de Vallecas,casual,2024-12-03,2024-12-31,8,36,4.3
7352,Retiro,casual,2024-12-13,2024-12-31,8,38,3.5
7353,Hortaleza,full_time,2024-08-28,2024-12-11,85,1702,4.7
7354,Chamberí,part_time,2024-01-12,2024-12-31,165,1553,4.2
7355,Centro,casual,2024-03-17,2024-12-31,60,297,4.5
7356,Salamanca,casual,2024-07-28,2024-10-16,16,75,4.0
7357,Villaverde,part_time,2024-01-01,2024-03-26,52,442,4.5
7358,Puente de Vallecas,casual,2024-02-05,2024-05-18,35,198,4.6
7359,Chamberí,casual,2024-01-01,2024-02-24,9,51,5.0
7360,Carabanchel,part_time,2024-01-21,2024-07-22,79,722,4.0
7361,Villaverde,casual,2024-09-07,2024-12-05,17,88,3.8
7362,Vicálvaro,part_time,2024-10-09,2024-12-31,42,332,4.2
7363,Moncloa - Aravaca,full_time,2024-03-17,2024-06-19,85,1653,4.5
7364,Hortaleza,part_time,2024-06-13,2024-11-20,70,590,4.2
7365,San Blas - Canillejas,casual,2024-05-19,2024-11-29,41,204,4.8
7366,Hortaleza,casual,2024-05-04,2024-08-03,14,71,4.9
7367,Salamanca,casual,2024-08-15,2024-11-09,17,91,5.0
7368,Moncloa - Aravaca,part_time,2024-01-01,2024-03-07,29,267,3.7
7369,Chamartín,full_time,2024-01-01,2024-02-11,36,730,3.9
7370,Latina,full_time,2024-01-01,2024-09-04,195,3841,3.9
7371,Latina,casual,2024-12-18,2024-12-31,3,12,4.9
7372,Moncloa - Aravaca,part_time,2024-12-10,2024-12-31,9,73,4.7
7373,San Blas - Canillejas,casual,2024-07-21,2024-10-09,16,88,3.7
7374,Arganzuela,part_time,2024-06-19,2024-09-26,57,513,4.2
7375,Fuencarral - El Pardo,casual,2024-07-21,2024-10-08,16,75,4.9
7376,Carabanchel,casual,2024-02-19,2024-08-26,44,222,3.8
7377,Retiro,casual,2024-02-07,2024-05-13,23,101,4.3
7378,Arganzuela,full_time,2024-01-01,2024-01-05,4,66,4.5
7379,Chamartín,casual,2024-01-01,2024-01-09,2,10,3.6
7380,Barajas,casual,2024-12-16,2024-12-31,6,37,4.1
7381,Chamberí,casual,2024-09-08,2024-12-01,23,97,4.9
7382,Fuencarral - El Pardo,casual,2024-08-13,2024-11-09,19,93,3.5
7383,Fuencarral - El Pardo,full_time,2024-10-25,2024-12-31,60,1210,4.5
7384,Latina,casual,2024-06-03,2024-11-23,23,113,4.8
7385,Tetuán,casual,2024-05-03,2024-12-31,65,321,4.1
7386,Villa de Vallecas,part_time,2024-09-25,2024-12-31,56,492,3.9
7387,San Blas - Canillejas,casual,2024-01-01,2024-02-29,11,41,4.6
7388,Carabanchel,casual,2024-01-01,2024-04-13,18,80,4.1
7389,Carabanchel,casual,2024-06-19,2024-09-01,17,85,4.0
7390,Usera,casual,2024-01-01,2024-03-10,13,58,3.9
7391,Chamartín,casual,2024-07-29,2024-10-27,23,96,4.9
7392,Carabanchel,casual,2024-08-31,2024-12-31,28,141,4.6
7393,Vicálvaro,casual,2024-10-01,2024-12-31,22,111,3.7
7394,Ciudad Lineal,part_time,2024-03-07,2024-05-22,38,312,3.9
7395,Puente de Vallecas,full_time,2024-01-01,2024-04-21,94,1846,4.8
7396,Usera,full_time,2024-12-12,2024-12-31,16,293,4.7
7397,Hortaleza,casual,2024-11-14,2024-12-31,12,53,4.0
7398,Villaverde,casual,2024-01-01,2024-08-14,44,179,4.6
7399,Centro,full_time,2024-11-05,2024-12-31,49,1003,3.7
7400,Chamartín,part_time,2024-11-07,2024-12-31,21,211,3.7
7401,Moratalaz,casual,2024-03-02,2024-06-04,24,106,4.9
7402,Ciudad Lineal,casual,2024-03-10,2024-06-17,25,127,4.3
7403,Chamartín,casual,2024-11-23,2024-12-31,6,33,3.7
7404,Chamartín,casual,2024-08-08,2024-12-31,25,131,4.2
7405,Vicálvaro,casual,2024-07-15,2024-09-29,23,117,4.2
7406,Villa de Vallecas,casual,2024-12-06,2024-12-31,3,18,5.0
7407,Villa de Vallecas,full_time,2024-10-20,2024-12-31,61,1254,3.5
7408,Villaverde,part_time,2024-01-01,2024-02-11,15,130,4.6
7409,Centro,part_time,2024-05-25,2024-08-06,35,328,4.6
7410,Hortaleza,casual,2024-11-13,2024-12-31,7,47,4.7
7411,Puente de Vallecas,part_time,2024-01-01,2024-02-19,25,260,4.7
7412,Latina,part_time,2024-01-01,2024-02-21,27,241,4.6
7413,Villa de Vallecas,casual,2024-09-19,2024-12-31,20,110,4.1
7414,Latina,part_time,2024-07-23,2024-12-31,89,784,3.6
7415,Centro,part_time,2024-01-01,2024-03-18,42,388,5.0
7416,Latina,part_time,2024-01-01,2024-04-07,49,432,3.9
7417,Carabanchel,casual,2024-09-02,2024-12-31,22,103,4.0
7418,Latina,full_time,2024-01-19,2024-04-01,55,1069,3.7
7419,Latina,casual,2024-01-01,2024-03-04,13,63,4.0
7420,Chamartín,casual,2024-11-20,2024-12-31,14,82,4.0
7421,Usera,casual,2024-09-18,2024-12-31,21,93,4.0
7422,Chamartín,casual,2024-04-14,2024-06-26,24,107,4.1
7423,Chamartín,casual,2024-07-17,2024-10-06,28,138,4.5
7424,Vicálvaro,casual,2024-04-08,2024-07-20,19,113,5.0
7425,Chamberí,part_time,2024-01-01,2024-06-02,70,607,4.3
7426,Tetuán,casual,2024-12-22,2024-12-31,1,1,5.0
7427,Fuencarral - El Pardo,full_time,2024-04-27,2024-10-24,152,2933,3.6
7428,Puente de Vallecas,casual,2024-04-15,2024-12-31,56,252,4.1
7429,Moncloa - Aravaca,part_time,2024-02-15,2024-08-08,62,602,3.5
7430,Carabanchel,full_time,2024-01-02,2024-12-31,297,6015,4.4
7431,Villa de Vallecas,part_time,2024-02-26,2024-05-05,33,293,5.0
7432,Centro,part_time,2024-01-01,2024-11-09,136,1237,3.8
7433,Hortaleza,part_time,2024-04-03,2024-12-31,123,1056,4.6
7434,San Blas - Canillejas,casual,2024-09-17,2024-12-31,15,72,4.6
7435,Fuencarral - El Pardo,casual,2024-10-05,2024-12-21,18,91,3.7
7436,Carabanchel,casual,2024-01-01,2024-01-06,1,1,4.1
7437,Vicálvaro,casual,2024-06-10,2024-08-22,21,98,3.7
7438,Fuencarral - El Pardo,casual,2024-03-11,2024-06-24,24,127,4.0
7439,Carabanchel,casual,2024-07-12,2024-09-24,17,78,4.7
7440,Tetuán,full_time,2024-11-08,2024-12-31,46,911,3.9
7441,Salamanca,full_time,2024-09-16,2024-12-31,89,1739,4.9
7442,Moncloa - Aravaca,part_time,2024-01-01,2024-08-29,114,1028,4.7
7443,San Blas - Canillejas,part_time,2024-08-14,2024-12-31,62,524,3.9
7444,Fuencarral - El Pardo,casual,2024-01-01,2024-03-14,14,65,4.1
7445,Carabanchel,casual,2024-01-01,2024-02-27,6,26,4.4
7446,Puente de Vallecas,part_time,2024-01-01,2024-04-16,38,351,4.4
7447,Villa de Vallecas,part_time,2024-04-05,2024-06-29,41,373,4.3
7448,Centro,casual,2024-01-17,2024-12-30,63,292,4.1
7449,Moncloa - Aravaca,casual,2024-04-10,2024-06-24,23,118,4.9
7450,Ciudad Lineal,casual,2024-06-11,2024-12-09,36,175,3.6
7451,Usera,casual,2024-01-01,2024-02-24,17,103,4.4
7452,Centro,casual,2024-06-02,2024-08-20,18,101,3.6
7453,San Blas - Canillejas,casual,2024-02-02,2024-05-05,25,138,4.3
7454,Fuencarral - El Pardo,part_time,2024-03-09,2024-06-20,45,429,3.8
7455,Moratalaz,full_time,2024-05-30,2024-08-10,67,1358,3.6
7456,Retiro,casual,2024-01-01,2024-04-06,17,91,3.6
7457,Villa de Vallecas,part_time,2024-03-31,2024-06-24,31,253,4.9
7458,Carabanchel,part_time,2024-09-10,2024-12-23,44,409,3.7
7459,Centro,casual,2024-01-29,2024-05-09,25,141,4.0
7460,Fuencarral - El Pardo,part_time,2024-07-12,2024-12-31,76,652,4.2
7461,Moncloa - Aravaca,casual,2024-01-01,2024-05-06,25,126,3.5
7462,Puente de Vallecas,part_time,2024-08-23,2024-12-31,64,598,4.9
7463,Puente de Vallecas,casual,2024-01-01,2024-04-01,24,121,3.5
7464,Retiro,full_time,2024-11-26,2024-12-31,29,607,4.9
7465,Tetuán,full_time,2024-01-01,2024-03-12,60,1155,3.5
7466,Carabanchel,casual,2024-12-31,2024-12-31,1,1,4.1
7467,Carabanchel,casual,2024-01-01,2024-06-16,41,217,4.7
7468,Retiro,casual,2024-08-23,2024-11-16,19,107,3.5
7469,Villa de Vallecas,part_time,2024-02-24,2024-05-16,43,404,4.7
7470,Carabanchel,part_time,2024-01-01,2024-02-06,14,135,4.2
7471,Usera,casual,2024-01-01,2024-01-12,3,18,4.2
7472,San Blas - Canillejas,part_time,2024-01-01,2024-03-08,31,262,3.8
7473,Villaverde,casual,2024-04-13,2024-06-30,16,74,3.9
7474,Chamartín,casual,2024-06-26,2024-09-17,23,135,4.7
7475,Vicálvaro,casual,2024-03-28,2024-09-12,35,184,3.5
7476,Centro,casual,2024-07-13,2024-10-20,22,118,4.0
7477,Latina,casual,2024-01-01,2024-02-21,14,73,4.0
7478,Fuencarral - El Pardo,casual,2024-08-03,2024-11-11,15,71,3.9
7479,Puente de Vallecas,casual,2024-09-27,2024-12-14,20,106,4.0
7480,Moncloa - Aravaca,full_time,2024-01-20,2024-04-14,71,1432,3.7
7481,Vicálvaro,casual,2024-08-05,2024-12-31,37,187,3.8
7482,Carabanchel,full_time,2024-02-09,2024-04-18,60,1144,4.3
7483,Hortaleza,part_time,2024-03-14,2024-08-21,65,570,4.3
7484,Moncloa - Aravaca,part_time,2024-08-15,2024-12-31,68,601,4.9
7485,Vicálvaro,casual,2024-07-08,2024-12-31,35,167,4.3
7486,San Blas - Canillejas,part_time,2024-05-24,2024-08-12,39,356,4.2
7487,Centro,casual,2024-03-19,2024-06-17,22,98,3.6
7488,San Blas - Canillejas,casual,2024-04-29,2024-11-13,44,217,4.6
7489,Fuencarral - El Pardo,casual,2024-04-14,2024-10-09,34,162,4.2
7490,Barajas,casual,2024-12-16,2024-12-31,3,14,4.6
7491,Centro,full_time,2024-09-26,2024-12-31,83,1629,3.8
7492,Vicálvaro,full_time,2024-01-01,2024-02-24,50,986,4.4
7493,Salamanca,part_time,2024-02-25,2024-08-06,84,724,4.6
7494,Moncloa - Aravaca,casual,2024-05-13,2024-11-26,42,207,4.0
7495,Vicálvaro,full_time,2024-06-04,2024-12-31,178,3506,4.2
7496,Carabanchel,part_time,2024-01-01,2024-04-05,44,376,3.6
7497,Retiro,casual,2024-10-12,2024-12-31,23,99,3.9
7498,Centro,casual,2024-06-12,2024-12-11,41,207,3.7
7499,Hortaleza,part_time,2024-01-01,2024-02-06,17,150,4.1
7500,Centro,casual,2024-01-01,2024-01-28,5,35,3.6
7501,Moratalaz,casual,2024-08-11,2024-11-06,16,75,4.7
7502,Hortaleza,part_time,2024-09-10,2024-12-13,38,335,4.6
7503,Arganzuela,casual,2024-02-20,2024-05-21,20,105,4.8
7504,Arganzuela,casual,2024-01-01,2024-03-26,16,92,4.9
7505,Usera,casual,2024-01-18,2024-04-08,24,120,4.3
7506,Fuencarral - El Pardo,part_time,2024-01-29,2024-08-06,84,775,4.6
7507,Vicálvaro,full_time,2024-07-20,2024-10-10,70,1375,4.2
7508,Puente de Vallecas,part_time,2024-01-01,2024-05-17,62,550,4.7
7509,San Blas - Canillejas,part_time,2024-09-05,2024-12-31,46,411,4.3
7510,Moncloa - Aravaca,part_time,2024-01-01,2024-05-18,77,716,4.6
7511,Chamberí,part_time,2024-10-10,2024-12-18,36,310,3.9
7512,Hortaleza,casual,2024-11-06,2024-12-31,16,76,4.5
7513,Usera,casual,2024-01-01,2024-03-18,10,54,4.4
7514,Carabanchel,part_time,2024-11-16,2024-12-31,24,211,3.9
7515,Villa de Vallecas,part_time,2024-08-18,2024-11-21,34,303,4.5
7516,Villa de Vallecas,casual,2024-11-10,2024-12-31,12,59,4.1
7517,Hortaleza,full_time,2024-01-11,2024-07-08,156,3087,4.4
7518,Chamartín,part_time,2024-11-01,2024-12-31,30,273,4.5
7519,Hortaleza,casual,2024-05-08,2024-08-04,22,115,4.5
7520,Fuencarral - El Pardo,casual,2024-01-01,2024-03-30,18,83,4.5
7521,Ciudad Lineal,casual,2024-12-30,2024-12-31,1,5,4.1
7522,Tetuán,casual,2024-11-24,2024-12-31,9,36,4.4
7523,Tetuán,casual,2024-01-01,2024-03-10,8,45,4.9
7524,Usera,casual,2024-04-21,2024-08-01,25,132,3.6
7525,Tetuán,casual,2024-12-24,2024-12-31,2,10,4.7
7526,Puente de Vallecas,casual,2024-05-02,2024-10-22,40,195,3.7
7527,Chamberí,part_time,2024-04-09,2024-09-19,77,748,4.2
7528,Retiro,part_time,2024-01-01,2024-04-17,36,331,3.7
7529,San Blas - Canillejas,casual,2024-04-10,2024-07-10,18,96,4.7
7530,Chamberí,casual,2024-05-11,2024-08-21,21,116,3.6
7531,Chamberí,casual,2024-07-30,2024-12-31,37,191,4.6
7532,Villaverde,casual,2024-02-29,2024-09-07,38,188,4.1
7533,Villa de Vallecas,casual,2024-06-09,2024-12-24,57,280,3.9
7534,Moncloa - Aravaca,casual,2024-01-01,2024-02-14,10,43,4.9
7535,Hortaleza,casual,2024-07-12,2024-12-31,35,162,3.9
7536,Moncloa - Aravaca,full_time,2024-01-01,2024-01-02,1,20,3.8
7537,Moncloa - Aravaca,casual,2024-06-21,2024-12-13,34,181,4.1
7538,Villaverde,part_time,2024-10-16,2024-12-31,41,330,4.0
7539,Fuencarral - El Pardo,casual,2024-08-30,2024-12-31,28,144,4.6
7540,Puente de Vallecas,casual,2024-01-01,2024-04-15,19,96,3.5
7541,San Blas - Canillejas,full_time,2024-10-23,2024-12-31,58,1130,4.5
7542,Carabanchel,casual,2024-01-01,2024-02-13,14,81,4.1
7543,Usera,part_time,2024-01-01,2024-02-06,18,163,4.7
7544,Usera,full_time,2024-10-08,2024-12-31,75,1530,4.0
7545,Carabanchel,part_time,2024-01-01,2024-03-25,43,387,3.5
7546,Chamartín,casual,2024-02-23,2024-09-09,40,180,4.6
7547,Chamartín,casual,2024-12-02,2024-12-31,7,37,3.7
7548,Ciudad Lineal,casual,2024-01-04,2024-04-05,15,70,4.2
7549,Hortaleza,casual,2024-07-24,2024-12-31,36,193,4.7
7550,Fuencarral - El Pardo,casual,2024-05-14,2024-11-20,47,247,4.9
7551,Moncloa - Aravaca,full_time,2024-02-04,2024-08-14,163,3232,3.9
7552,Tetuán,part_time,2024-03-17,2024-09-02,81,682,4.8
7553,San Blas - Canillejas,casual,2024-04-02,2024-07-09,19,103,4.7
7554,Ciudad Lineal,casual,2024-09-30,2024-12-31,22,105,4.9
7555,Chamartín,part_time,2024-10-09,2024-12-30,38,335,4.7
7556,Vicálvaro,full_time,2024-03-16,2024-06-21,81,1619,3.6
7557,Tetuán,casual,2024-07-20,2024-12-31,39,189,4.9
7558,Fuencarral - El Pardo,casual,2024-01-24,2024-12-31,88,438,3.5
7559,Vicálvaro,full_time,2024-09-06,2024-12-13,75,1472,4.0
7560,Hortaleza,full_time,2024-01-01,2024-02-06,30,591,4.1
7561,Carabanchel,full_time,2024-01-14,2024-06-27,141,2845,4.2
7562,Villa de Vallecas,casual,2024-03-15,2024-05-27,17,81,3.9
7563,Villaverde,casual,2024-07-05,2024-09-22,18,73,3.7
7564,Villaverde,casual,2024-01-11,2024-04-03,13,72,4.8
7565,Puente de Vallecas,casual,2024-04-14,2024-10-23,43,211,4.5
7566,Villaverde,full_time,2024-12-23,2024-12-31,8,152,4.2
7567,Hortaleza,casual,2024-01-01,2024-01-20,8,46,4.7
7568,Hortaleza,part_time,2024-05-14,2024-08-23,50,453,4.9
7569,Centro,full_time,2024-01-01,2024-04-10,88,1848,3.8
7570,Tetuán,full_time,2024-06-28,2024-09-17,71,1429,4.0
7571,Hortaleza,part_time,2024-01-30,2024-04-16,36,334,4.9
7572,Carabanchel,full_time,2024-11-17,2024-12-31,37,733,4.3
7573,Hortaleza,casual,2024-02-22,2024-05-26,26,132,3.9
7574,San Blas - Canillejas,casual,2024-12-12,2024-12-31,5,23,3.7
7575,Centro,casual,2024-01-01,2024-01-03,1,1,5.0
7576,Tetuán,full_time,2024-10-04,2024-12-31,72,1472,4.3
7577,Carabanchel,full_time,2024-02-06,2024-04-26,71,1378,4.8
7578,Vicálvaro,casual,2024-01-01,2024-05-26,27,138,4.5
7579,Centro,casual,2024-11-09,2024-12-31,8,38,4.2
7580,Fuencarral - El Pardo,casual,2024-01-01,2024-08-10,57,260,4.8
7581,Hortaleza,casual,2024-07-02,2024-09-13,16,89,4.0
7582,Fuencarral - El Pardo,part_time,2024-06-24,2024-12-31,84,737,4.7
7583,Usera,casual,2024-01-01,2024-10-25,75,343,4.2
7584,Hortaleza,part_time,2024-01-01,2024-03-15,33,291,4.8
7585,Villa de Vallecas,part_time,2024-11-25,2024-12-31,18,173,4.3
7586,Hortaleza,casual,2024-07-17,2024-11-03,26,150,4.0
7587,Carabanchel,casual,2024-10-16,2024-12-31,18,91,4.6
7588,Carabanchel,full_time,2024-09-21,2024-12-03,57,1097,4.8
7589,Centro,part_time,2024-09-19,2024-12-20,39,379,4.8
7590,Usera,casual,2024-07-02,2024-09-19,21,109,4.2
7591,Chamartín,casual,2024-01-01,2024-01-03,2,10,4.2
7592,Vicálvaro,full_time,2024-11-07,2024-12-31,49,991,3.7
7593,Puente de Vallecas,part_time,2024-10-17,2024-12-31,33,292,3.6
7594,Hortaleza,part_time,2024-08-04,2024-12-31,81,754,4.9
7595,Ciudad Lineal,part_time,2024-11-08,2024-12-31,19,181,4.6
7596,Chamartín,full_time,2024-01-01,2024-03-28,72,1397,4.4
7597,Carabanchel,casual,2024-02-21,2024-05-03,20,104,4.4
7598,Chamartín,part_time,2024-01-01,2024-04-21,50,433,3.5
7599,Ciudad Lineal,casual,2024-06-23,2024-12-16,40,207,4.2
7600,Centro,part_time,2024-02-21,2024-09-02,83,767,4.9
7601,Centro,full_time,2024-01-01,2024-02-26,46,922,4.2
7602,Villa de Vallecas,full_time,2024-05-14,2024-11-09,150,2992,4.4
7603,Puente de Vallecas,casual,2024-03-12,2024-05-31,14,70,4.1
7604,Hortaleza,part_time,2024-04-03,2024-09-18,81,753,3.7
7605,Villaverde,full_time,2024-01-26,2024-04-30,79,1494,4.0
7606,Chamberí,full_time,2024-01-01,2024-03-28,76,1487,3.6
7607,Fuencarral - El Pardo,part_time,2024-04-23,2024-07-26,44,382,4.4
7608,Puente de Vallecas,casual,2024-01-01,2024-06-13,36,199,5.0
7609,Carabanchel,casual,2024-04-10,2024-06-30,21,124,4.0
7610,San Blas - Canillejas,full_time,2024-04-02,2024-06-17,62,1252,4.8
7611,Hortaleza,part_time,2024-11-30,2024-12-31,14,108,3.6
7612,Villa de Vallecas,part_time,2024-01-06,2024-03-23,37,330,4.3
7613,Arganzuela,part_time,2024-02-11,2024-05-10,40,360,4.5
7614,Moncloa - Aravaca,casual,2024-08-03,2024-12-31,47,215,4.0
7615,Usera,casual,2024-01-01,2024-06-13,36,165,3.6
7616,Fuencarral - El Pardo,part_time,2024-03-22,2024-09-19,92,823,3.8
7617,Centro,casual,2024-09-16,2024-12-06,22,107,3.6
7618,Barajas,part_time,2024-01-01,2024-01-02,1,8,4.8
7619,Centro,part_time,2024-12-12,2024-12-31,11,95,3.5
7620,Carabanchel,part_time,2024-03-23,2024-09-01,82,702,3.6
7621,Carabanchel,casual,2024-08-24,2024-12-31,26,115,4.7
7622,Centro,part_time,2024-11-26,2024-12-31,16,168,3.9
7623,Barajas,casual,2024-11-08,2024-12-31,16,87,4.0
7624,Moncloa - Aravaca,casual,2024-01-06,2024-04-12,18,89,4.0
7625,Fuencarral - El Pardo,casual,2024-06-12,2024-09-10,16,73,4.8
7626,Retiro,casual,2024-03-27,2024-07-14,25,134,4.9
7627,Puente de Vallecas,full_time,2024-05-25,2024-09-07,95,1878,4.9
7628,Barajas,full_time,2024-09-27,2024-12-05,59,1159,4.0
7629,Puente de Vallecas,casual,2024-03-08,2024-06-13,19,113,3.8
7630,Latina,part_time,2024-04-28,2024-08-14,47,400,4.7
7631,Salamanca,casual,2024-07-01,2024-10-10,24,129,4.8
7632,Retiro,part_time,2024-01-01,2024-07-16,88,809,4.0
7633,Fuencarral - El Pardo,full_time,2024-07-11,2024-09-23,60,1175,4.4
7634,Vicálvaro,part_time,2024-01-01,2024-03-11,33,268,4.1
7635,Puente de Vallecas,casual,2024-07-07,2024-10-17,17,69,3.5
7636,Moncloa - Aravaca,casual,2024-01-01,2024-03-06,14,68,4.1
7637,Carabanchel,casual,2024-09-17,2024-12-31,23,106,4.8
7638,Latina,full_time,2024-01-01,2024-03-28,75,1485,4.8
7639,Moncloa - Aravaca,part_time,2024-07-23,2024-10-21,37,296,3.7
7640,Salamanca,casual,2024-02-29,2024-12-31,68,358,4.0
7641,Hortaleza,casual,2024-01-01,2024-11-06,74,363,3.6
7642,San Blas - Canillejas,full_time,2024-07-22,2024-10-21,78,1550,3.9
7643,Tetuán,casual,2024-10-21,2024-12-31,16,71,3.9
7644,Latina,part_time,2024-01-01,2024-03-28,46,420,3.6
7645,Puente de Vallecas,part_time,2024-08-04,2024-11-07,46,407,4.8
7646,Ciudad Lineal,casual,2024-01-01,2024-10-26,67,322,4.8
7647,Fuencarral - El Pardo,casual,2024-07-08,2024-12-30,40,205,4.9
7648,San Blas - Canillejas,casual,2024-11-05,2024-12-31,17,88,4.6
7649,Retiro,casual,2024-07-24,2024-10-27,20,90,4.6
7650,Villaverde,part_time,2024-01-01,2024-03-14,36,329,4.7
7651,Centro,part_time,2024-01-01,2024-10-25,152,1354,4.5
7652,Arganzuela,casual,2024-06-10,2024-09-05,17,65,3.8
7653,Barajas,casual,2024-01-01,2024-03-08,13,79,3.8
7654,Hortaleza,casual,2024-07-19,2024-10-24,21,89,4.3
7655,Salamanca,casual,2024-06-05,2024-12-31,40,209,4.5
7656,San Blas - Canillejas,part_time,2024-08-22,2024-12-31,62,548,3.5
7657,Salamanca,part_time,2024-01-01,2024-02-26,19,159,4.3
7658,Chamartín,part_time,2024-08-18,2024-11-21,48,380,4.8
7659,Moncloa - Aravaca,casual,2024-03-21,2024-06-13,25,120,3.7
7660,Moncloa - Aravaca,part_time,2024-01-01,2024-05-30,74,685,4.0
7661,Latina,casual,2024-04-25,2024-10-02,29,141,5.0
7662,Carabanchel,full_time,2024-06-12,2024-09-28,84,1697,4.0
7663,Villaverde,part_time,2024-01-01,2024-11-29,138,1226,3.5
7664,Centro,full_time,2024-10-21,2024-12-31,62,1288,4.5
7665,Carabanchel,casual,2024-01-01,2024-03-14,18,83,5.0
7666,Ciudad Lineal,casual,2024-01-01,2024-10-20,62,300,3.8
7667,Ciudad Lineal,part_time,2024-01-25,2024-05-04,49,431,3.8
7668,Moncloa - Aravaca,casual,2024-01-01,2024-02-05,8,47,4.1
7669,Fuencarral - El Pardo,part_time,2024-02-29,2024-06-06,46,426,4.3
7670,Villaverde,casual,2024-08-05,2024-12-31,40,196,4.7
7671,Moncloa - Aravaca,full_time,2024-05-25,2024-08-29,90,1839,5.0
7672,Carabanchel,casual,2024-04-12,2024-07-08,15,95,4.7
7673,Moratalaz,full_time,2024-05-05,2024-08-05,77,1581,3.9
7674,Hortaleza,casual,2024-01-05,2024-06-13,34,157,4.7
7675,Barajas,casual,2024-01-01,2024-02-24,9,43,4.4
7676,Puente de Vallecas,casual,2024-07-04,2024-09-17,13,55,4.2
7677,Retiro,casual,2024-10-08,2024-12-31,25,133,4.5
7678,Puente de Vallecas,full_time,2024-10-01,2024-12-09,56,1122,4.2
7679,Villaverde,full_time,2024-01-01,2024-05-11,116,2278,4.4
7680,Retiro,full_time,2024-03-06,2024-08-19,143,2787,4.6
7681,Hortaleza,full_time,2024-05-01,2024-10-28,150,3041,3.5
7682,Carabanchel,part_time,2024-09-29,2024-12-31,39,369,4.4
7683,San Blas - Canillejas,casual,2024-01-04,2024-03-29,19,103,3.7
7684,Villaverde,full_time,2024-01-01,2024-03-01,54,1035,4.0
7685,Chamartín,casual,2024-11-29,2024-12-31,7,37,4.2
7686,Usera,part_time,2024-01-01,2024-04-13,45,411,5.0
7687,Hortaleza,casual,2024-12-27,2024-12-31,1,5,4.0
7688,Carabanchel,part_time,2024-03-13,2024-12-31,135,1174,4.7
7689,Fuencarral - El Pardo,casual,2024-05-13,2024-08-19,24,112,4.0
7690,Fuencarral - El Pardo,casual,2024-01-01,2024-04-13,23,116,3.8
7691,Centro,casual,2024-10-17,2024-12-31,17,81,4.2
7692,Centro,casual,2024-01-01,2024-04-04,23,115,3.6
7693,Hortaleza,casual,2024-02-15,2024-08-03,44,207,4.7
7694,Moncloa - Aravaca,casual,2024-01-01,2024-01-22,4,16,4.2
7695,Latina,casual,2024-01-01,2024-01-13,1,4,4.5
7696,Tetuán,part_time,2024-08-29,2024-12-02,49,466,4.7
7697,Arganzuela,casual,2024-01-01,2024-04-05,24,129,4.1
7698,Hortaleza,part_time,2024-07-09,2024-09-21,29,234,4.2
7699,Vicálvaro,casual,2024-08-29,2024-11-21,14,79,3.9
7700,Latina,part_time,2024-01-01,2024-12-20,163,1436,4.6
7701,Barajas,casual,2024-07-22,2024-11-06,28,128,4.7
7702,Vicálvaro,casual,2024-01-06,2024-04-24,32,165,4.4
7703,Fuencarral - El Pardo,part_time,2024-10-11,2024-12-31,36,332,3.6
7704,Hortaleza,part_time,2024-01-01,2024-04-21,42,378,4.6
7705,Ciudad Lineal,casual,2024-05-19,2024-11-22,38,186,4.5
7706,Villaverde,casual,2024-09-05,2024-12-31,36,169,4.0
7707,Carabanchel,casual,2024-09-09,2024-12-31,22,122,4.1
7708,Ciudad Lineal,casual,2024-01-01,2024-01-23,5,21,4.2
7709,Fuencarral - El Pardo,casual,2024-03-18,2024-06-16,18,102,4.7
7710,Salamanca,part_time,2024-10-24,2024-12-31,30,215,4.5
7711,Retiro,casual,2024-10-10,2024-12-31,20,91,4.3
7712,Usera,part_time,2024-04-16,2024-12-31,108,942,4.7
7713,Usera,casual,2024-01-01,2024-02-18,9,38,4.8
7714,Retiro,casual,2024-04-08,2024-06-30,23,132,3.6
7715,Hortaleza,casual,2024-12-10,2024-12-31,6,35,3.6
7716,Latina,casual,2024-01-01,2024-02-27,12,67,4.2
7717,Moncloa - Aravaca,casual,2024-09-15,2024-12-31,14,56,4.7
7718,San Blas - Canillejas,part_time,2024-04-17,2024-07-04,30,290,3.7
7719,Moncloa - Aravaca,part_time,2024-09-08,2024-11-30,34,295,4.8
7720,Vicálvaro,casual,2024-01-01,2024-01-25,10,54,3.7
7721,Carabanchel,casual,2024-01-01,2024-01-05,2,6,4.5
7722,Usera,full_time,2024-01-01,2024-06-08,135,2693,4.7
7723,Usera,casual,2024-11-04,2024-12-31,18,96,3.6
7724,Retiro,casual,2024-08-08,2024-11-03,21,107,4.8
7725,Carabanchel,full_time,2024-03-28,2024-12-31,233,4628,4.8
7726,Villa de Vallecas,casual,2024-12-30,2024-12-31,1,1,3.7
7727,Hortaleza,casual,2024-02-29,2024-06-11,20,90,3.8
7728,Fuencarral - El Pardo,casual,2024-09-13,2024-12-31,22,109,4.8
7729,Villaverde,part_time,2024-01-01,2024-02-19,18,153,4.9
7730,Moncloa - Aravaca,casual,2024-01-01,2024-04-03,18,99,4.2
7731,Barajas,part_time,2024-05-15,2024-07-29,25,203,3.7
7732,Barajas,casual,2024-12-03,2024-12-31,4,23,3.9
7733,Chamartín,casual,2024-08-24,2024-11-04,12,55,4.0
7734,Puente de Vallecas,casual,2024-01-01,2024-02-19,10,36,4.4
7735,Barajas,part_time,2024-11-29,2024-12-31,14,118,4.6
7736,Tetuán,casual,2024-08-23,2024-12-31,33,180,4.4
7737,Carabanchel,part_time,2024-08-31,2024-12-09,49,442,4.8
7738,Puente de Vallecas,casual,2024-06-06,2024-09-12,13,63,3.5
7739,Puente de Vallecas,casual,2024-04-05,2024-06-24,21,107,4.1
7740,Usera,casual,2024-01-01,2024-02-19,7,28,3.9
7741,Barajas,casual,2024-07-14,2024-10-05,17,93,4.6
7742,Latina,casual,2024-01-01,2024-02-26,17,79,4.5
7743,Moncloa - Aravaca,part_time,2024-03-07,2024-12-31,136,1181,4.8
7744,Ciudad Lineal,full_time,2024-04-24,2024-10-21,153,2927,4.0
7745,San Blas - Canillejas,part_time,2024-03-16,2024-12-31,132,1184,4.8
7746,Puente de Vallecas,part_time,2024-10-15,2024-12-31,34,300,4.3
7747,Chamberí,casual,2024-04-08,2024-07-05,21,96,3.7
7748,Moratalaz,part_time,2024-03-09,2024-08-18,76,646,4.7
7749,Puente de Vallecas,casual,2024-01-01,2024-01-28,6,28,3.9
7750,Salamanca,part_time,2024-02-16,2024-05-09,42,355,4.6
7751,Hortaleza,full_time,2024-01-01,2024-02-29,48,989,4.3
7752,Fuencarral - El Pardo,casual,2024-01-01,2024-03-19,19,89,4.3
7753,Vicálvaro,full_time,2024-04-18,2024-07-11,74,1513,4.3
7754,Latina,part_time,2024-04-09,2024-07-01,40,361,5.0
7755,Villaverde,casual,2024-12-02,2024-12-31,8,38,4.4
7756,Moncloa - Aravaca,full_time,2024-01-01,2024-03-03,57,1142,3.6
7757,San Blas - Canillejas,casual,2024-01-01,2024-03-06,19,105,4.9
7758,Vicálvaro,casual,2024-07-06,2024-12-31,39,187,3.9
7759,Latina,casual,2024-01-01,2024-01-10,1,5,4.2
7760,Hortaleza,part_time,2024-07-24,2024-10-25,44,426,4.7
7761,Latina,casual,2024-08-18,2024-12-31,27,146,3.6
7762,Chamartín,full_time,2024-04-04,2024-12-31,222,4398,3.8
7763,Chamartín,casual,2024-01-01,2024-07-29,40,210,4.8
7764,Chamartín,casual,2024-01-01,2024-02-17,7,44,3.7
7765,San Blas - Canillejas,part_time,2024-12-29,2024-12-31,1,9,4.3
7766,Centro,casual,2024-10-15,2024-12-31,19,96,3.8
7767,Carabanchel,part_time,2024-06-18,2024-12-31,91,827,4.0
7768,Carabanchel,casual,2024-01-01,2024-05-16,29,140,4.7
7769,Latina,full_time,2024-04-10,2024-07-20,82,1687,4.9
7770,Usera,part_time,2024-07-27,2024-12-31,69,653,4.4
7771,Villaverde,casual,2024-01-01,2024-02-15,14,73,4.0
7772,Latina,casual,2024-12-11,2024-12-31,3,15,3.6
7773,Ciudad Lineal,casual,2024-12-10,2024-12-31,4,29,4.1
7774,Chamberí,full_time,2024-01-01,2024-03-11,61,1221,4.7
7775,Retiro,part_time,2024-01-01,2024-04-02,37,347,4.6
7776,Moratalaz,casual,2024-03-20,2024-06-12,18,87,4.0
7777,Carabanchel,casual,2024-02-26,2024-09-11,44,205,3.8
7778,Ciudad Lineal,full_time,2024-02-27,2024-08-30,149,2966,4.3
7779,Villaverde,casual,2024-08-07,2024-11-20,25,120,4.7
7780,Moncloa - Aravaca,part_time,2024-03-28,2024-09-03,77,658,4.3
7781,Centro,part_time,2024-01-08,2024-03-21,27,248,4.3
7782,Fuencarral - El Pardo,casual,2024-02-14,2024-04-23,21,92,4.6
7783,Puente de Vallecas,casual,2024-01-01,2024-10-27,75,362,3.7
7784,San Blas - Canillejas,casual,2024-05-30,2024-08-20,16,96,4.4
7785,Fuencarral - El Pardo,casual,2024-11-28,2024-12-31,8,53,3.6
7786,San Blas - Canillejas,full_time,2024-01-01,2024-02-23,46,878,3.7
7787,Fuencarral - El Pardo,part_time,2024-10-01,2024-12-31,48,441,3.6
7788,Arganzuela,part_time,2024-02-10,2024-05-26,45,435,4.4
7789,Fuencarral - El Pardo,casual,2024-08-04,2024-12-31,33,151,4.9
7790,Latina,casual,2024-01-01,2024-05-22,27,124,3.7
7791,Centro,part_time,2024-03-24,2024-06-26,39,355,4.2
7792,Puente de Vallecas,casual,2024-01-01,2024-11-20,66,331,4.8
7793,Puente de Vallecas,casual,2024-09-09,2024-12-08,27,161,4.8
7794,Chamberí,casual,2024-01-03,2024-03-13,18,93,4.1
7795,Vicálvaro,part_time,2024-03-18,2024-06-01,28,219,4.6
7796,Carabanchel,part_time,2024-05-23,2024-09-07,42,408,3.6
7797,Usera,casual,2024-05-02,2024-12-31,62,325,4.6
7798,Latina,full_time,2024-01-01,2024-02-10,32,654,4.6
7799,Moncloa - Aravaca,casual,2024-01-01,2024-02-14,13,58,4.4
7800,San Blas - Canillejas,casual,2024-08-20,2024-12-05,34,169,3.7
7801,Moncloa - Aravaca,casual,2024-03-19,2024-06-14,19,88,3.9
7802,Chamartín,part_time,2024-01-01,2024-03-28,44,375,3.8
7803,Puente de Vallecas,casual,2024-01-28,2024-04-30,21,107,3.6
7804,Carabanchel,casual,2024-03-20,2024-12-31,70,359,4.8
7805,Vicálvaro,casual,2024-12-11,2024-12-31,5,24,3.8
7806,Hortaleza,part_time,2024-08-31,2024-12-01,42,375,3.8
7807,Villaverde,part_time,2024-08-05,2024-12-31,58,508,4.6
7808,Arganzuela,casual,2024-03-27,2024-12-31,68,363,4.0
7809,Hortaleza,full_time,2024-03-18,2024-06-19,80,1665,4.1
7810,Centro,casual,2024-12-15,2024-12-31,3,21,3.6
7811,Carabanchel,casual,2024-01-01,2024-02-29,17,104,4.9
7812,San Blas - Canillejas,part_time,2024-09-17,2024-12-31,46,398,5.0
7813,Usera,part_time,2024-01-01,2024-05-15,64,570,4.1
7814,Moncloa - Aravaca,casual,2024-05-28,2024-12-03,32,156,3.8
7815,Fuencarral - El Pardo,part_time,2024-12-19,2024-12-31,8,77,4.6
7816,Villaverde,casual,2024-10-22,2024-12-31,14,57,4.6
7817,Ciudad Lineal,part_time,2024-10-23,2024-12-31,30,266,3.7
7818,Fuencarral - El Pardo,part_time,2024-10-12,2024-12-31,36,322,4.2
7819,Fuencarral - El Pardo,full_time,2024-02-29,2024-09-12,164,3282,3.8
7820,Carabanchel,casual,2024-03-28,2024-06-29,18,85,3.9
7821,Carabanchel,part_time,2024-05-21,2024-08-30,52,450,4.2
7822,Puente de Vallecas,part_time,2024-01-01,2024-05-31,66,551,4.1
7823,Moncloa - Aravaca,casual,2024-05-13,2024-07-31,21,114,4.2
7824,Hortaleza,casual,2024-01-01,2024-04-02,18,68,4.1
7825,Barajas,full_time,2024-11-11,2024-12-31,42,868,3.6
7826,Carabanchel,casual,2024-08-08,2024-12-31,29,146,3.6
7827,Villa de Vallecas,part_time,2024-01-01,2024-02-03,12,116,3.9
7828,Puente de Vallecas,casual,2024-07-24,2024-11-06,27,140,4.3
7829,Puente de Vallecas,part_time,2024-09-12,2024-12-15,49,460,3.8
7830,Chamberí,casual,2024-10-30,2024-12-31,15,75,4.4
7831,Chamartín,full_time,2024-01-04,2024-06-26,144,2880,4.6
7832,Carabanchel,part_time,2024-06-10,2024-12-14,80,692,4.8
7833,Villa de Vallecas,casual,2024-01-26,2024-05-10,14,71,4.9
7834,Chamartín,part_time,2024-10-24,2024-12-31,28,239,4.0
7835,Villaverde,part_time,2024-10-01,2024-12-31,42,394,4.9
7836,Moncloa - Aravaca,casual,2024-01-01,2024-02-05,4,26,4.8
7837,Hortaleza,casual,2024-01-01,2024-07-22,46,240,4.0
7838,Arganzuela,part_time,2024-01-01,2024-02-18,27,244,4.1
7839,Puente de Vallecas,part_time,2024-04-01,2024-07-01,43,382,3.8
7840,Latina,casual,2024-01-01,2024-01-03,3,14,4.8
7841,Ciudad Lineal,full_time,2024-09-23,2024-12-26,84,1686,4.3
7842,Latina,casual,2024-01-01,2024-11-03,74,377,3.8
7843,Villaverde,casual,2024-04-14,2024-10-27,53,259,4.7
7844,Fuencarral - El Pardo,part_time,2024-08-09,2024-12-31,69,617,4.8
7845,Arganzuela,casual,2024-07-22,2024-12-31,40,156,4.5
7846,Carabanchel,casual,2024-01-01,2024-06-21,38,163,4.1
7847,Latina,casual,2024-09-06,2024-12-31,21,121,3.8
7848,Moratalaz,casual,2024-06-17,2024-12-17,42,217,4.6
7849,Vicálvaro,casual,2024-01-01,2024-06-06,46,236,4.7
7850,San Blas - Canillejas,part_time,2024-01-01,2024-01-16,4,43,4.3
7851,Retiro,casual,2024-09-09,2024-12-19,22,118,4.6
7852,Carabanchel,part_time,2024-01-01,2024-03-14,29,251,3.8
7853,Puente de Vallecas,part_time,2024-01-01,2024-02-21,26,219,4.3
7854,Arganzuela,casual,2024-04-12,2024-07-09,22,128,4.0
7855,Vicálvaro,casual,2024-11-24,2024-12-31,10,45,5.0
7856,Centro,part_time,2024-08-25,2024-11-24,45,398,4.1
7857,Chamberí,casual,2024-10-02,2024-12-23,26,144,3.8
7858,Villaverde,casual,2024-01-01,2024-07-14,39,192,3.8
7859,Chamberí,part_time,2024-10-04,2024-12-31,35,325,5.0
7860,Chamartín,part_time,2024-04-18,2024-07-02,30,240,5.0
7861,Carabanchel,part_time,2024-12-16,2024-12-31,7,63,4.7
7862,Chamberí,casual,2024-02-21,2024-12-31,82,408,4.2
7863,Villa de Vallecas,casual,2024-03-23,2024-12-31,68,310,4.5
7864,Chamartín,casual,2024-11-23,2024-12-31,9,51,4.6
7865,Fuencarral - El Pardo,part_time,2024-12-08,2024-12-31,14,128,3.7
7866,Barajas,casual,2024-01-01,2024-01-09,1,5,3.7
7867,Ciudad Lineal,casual,2024-01-01,2024-05-02,32,166,4.1
7868,Carabanchel,casual,2024-06-12,2024-11-19,35,175,4.1
7869,San Blas - Canillejas,part_time,2024-01-01,2024-01-02,2,17,4.2
7870,Chamberí,part_time,2024-01-01,2024-06-22,78,688,4.0
7871,Chamartín,casual,2024-01-01,2024-05-23,25,116,4.4
7872,Tetuán,casual,2024-04-24,2024-10-03,46,209,4.6
7873,Vicálvaro,casual,2024-03-12,2024-12-31,71,352,4.8
7874,Latina,casual,2024-01-01,2024-05-18,29,127,4.1
7875,Vicálvaro,casual,2024-05-26,2024-09-11,31,146,3.9
7876,Fuencarral - El Pardo,casual,2024-01-01,2024-10-17,78,389,3.7
7877,Centro,part_time,2024-12-27,2024-12-31,2,23,4.3
7878,Barajas,part_time,2024-01-01,2024-01-30,13,119,3.6
7879,Hortaleza,full_time,2024-09-08,2024-12-31,92,1878,4.8
7880,Puente de Vallecas,full_time,2024-12-31,2024-12-31,1,17,4.2
7881,Moncloa - Aravaca,casual,2024-06-05,2024-09-03,14,73,4.4
7882,Salamanca,casual,2024-05-14,2024-12-31,51,272,4.1
7883,Hortaleza,casual,2024-01-01,2024-02-28,12,70,3.5
7884,Chamartín,part_time,2024-03-13,2024-06-07,48,431,4.7
7885,Puente de Vallecas,casual,2024-01-01,2024-03-25,13,83,4.2
7886,Centro,casual,2024-06-21,2024-09-28,25,141,4.1
7887,Fuencarral - El Pardo,casual,2024-12-06,2024-12-31,7,33,4.6
7888,Moratalaz,casual,2024-01-01,2024-01-14,1,4,4.0
7889,Hortaleza,part_time,2024-01-01,2024-12-27,171,1612,4.5
7890,Puente de Vallecas,part_time,2024-08-26,2024-11-29,38,336,4.6
7891,Fuencarral - El Pardo,casual,2024-02-20,2024-08-26,39,186,5.0
7892,Ciudad Lineal,full_time,2024-05-26,2024-09-12,94,1909,4.7
7893,Moncloa - Aravaca,casual,2024-04-30,2024-07-22,17,70,3.5
7894,Vicálvaro,casual,2024-05-23,2024-11-26,38,191,4.4
7895,Latina,casual,2024-01-01,2024-01-30,6,26,4.4
7896,Ciudad Lineal,part_time,2024-06-15,2024-08-29,32,294,3.7
7897,Carabanchel,part_time,2024-05-19,2024-08-24,48,409,4.6
7898,Vicálvaro,casual,2024-01-04,2024-03-21,14,71,4.1
7899,Carabanchel,full_time,2024-05-28,2024-09-06,85,1734,4.4
7900,Arganzuela,casual,2024-04-23,2024-08-05,19,86,3.9
7901,Villa de Vallecas,casual,2024-06-23,2024-10-06,15,89,3.8
7902,Moncloa - Aravaca,part_time,2024-06-24,2024-09-02,35,311,4.1
7903,Chamartín,full_time,2024-04-09,2024-06-30,66,1344,3.8
7904,Retiro,part_time,2024-07-25,2024-12-31,72,605,5.0
7905,Hortaleza,full_time,2024-03-27,2024-06-04,58,1191,4.6
7906,Carabanchel,casual,2024-03-11,2024-09-23,49,249,3.6
7907,Puente de Vallecas,part_time,2024-02-12,2024-08-28,71,659,4.1
7908,Moncloa - Aravaca,part_time,2024-05-06,2024-08-14,42,367,4.9
7909,Villaverde,casual,2024-10-03,2024-12-22,16,79,4.4
7910,Arganzuela,casual,2024-08-26,2024-11-07,24,120,4.2
7911,San Blas - Canillejas,full_time,2024-01-01,2024-01-20,17,341,4.3
7912,Moratalaz,casual,2024-05-10,2024-08-17,30,165,4.0
7913,Fuencarral - El Pardo,casual,2024-01-01,2024-02-29,13,63,4.1
7914,Arganzuela,full_time,2024-06-18,2024-12-31,169,3296,3.8
7915,Centro,full_time,2024-12-24,2024-12-31,8,166,4.6
7916,Arganzuela,full_time,2024-07-05,2024-10-18,84,1662,3.9
7917,Arganzuela,full_time,2024-01-01,2024-09-28,238,4823,4.1
7918,Centro,casual,2024-01-01,2024-02-03,12,59,4.9
7919,Carabanchel,full_time,2024-03-03,2024-05-30,76,1470,4.1
7920,Centro,casual,2024-05-29,2024-08-28,15,87,4.0
7921,San Blas - Canillejas,part_time,2024-10-06,2024-12-31,40,371,4.1
7922,Chamberí,casual,2024-06-03,2024-08-11,16,90,3.9
7923,Vicálvaro,part_time,2024-12-23,2024-12-31,5,39,4.6
7924,Ciudad Lineal,part_time,2024-01-29,2024-07-16,77,670,4.5
7925,Ciudad Lineal,part_time,2024-01-01,2024-01-01,1,1,3.9
7926,Puente de Vallecas,casual,2024-07-17,2024-10-10,25,100,4.1
7927,Vicálvaro,casual,2024-01-18,2024-04-07,19,90,4.3
7928,Hortaleza,casual,2024-01-01,2024-05-15,38,231,4.8
7929,Villaverde,casual,2024-01-01,2024-01-08,1,5,4.0
7930,Vicálvaro,part_time,2024-06-01,2024-08-30,36,318,4.4
7931,Villaverde,casual,2024-01-25,2024-04-22,20,98,4.9
7932,Moncloa - Aravaca,part_time,2024-12-28,2024-12-31,1,9,3.9
7933,Chamartín,casual,2024-10-06,2024-12-31,22,130,4.6
7934,Fuencarral - El Pardo,casual,2024-09-01,2024-11-10,13,59,4.5
7935,Centro,part_time,2024-03-03,2024-06-15,49,473,3.7
7936,Villa de Vallecas,casual,2024-01-01,2024-02-02,7,22,5.0
7937,Puente de Vallecas,casual,2024-07-31,2024-11-06,19,87,4.7
7938,Carabanchel,casual,2024-01-01,2024-01-11,3,17,4.1
7939,Barajas,casual,2024-02-25,2024-09-02,48,234,4.3
7940,Moncloa - Aravaca,part_time,2024-01-01,2024-01-25,12,110,4.0
7941,Latina,casual,2024-06-19,2024-09-06,21,103,3.9
7942,San Blas - Canillejas,casual,2024-06-14,2024-09-11,19,85,4.8
7943,Puente de Vallecas,part_time,2024-06-05,2024-08-25,40,342,4.4
7944,Carabanchel,casual,2024-07-30,2024-12-31,36,190,4.1
7945,Hortaleza,part_time,2024-01-01,2024-05-04,54,467,4.8
7946,Moncloa - Aravaca,casual,2024-02-04,2024-04-15,14,77,4.2
7947,Fuencarral - El Pardo,full_time,2024-04-21,2024-06-30,60,1151,3.8
7948,Moncloa - Aravaca,casual,2024-07-20,2024-12-31,33,184,3.7
7949,Villa de Vallecas,casual,2024-01-01,2024-03-02,14,71,4.9
7950,Moncloa - Aravaca,full_time,2024-10-09,2024-12-31,69,1334,4.1
7951,Centro,part_time,2024-01-01,2024-07-03,77,685,4.1
7952,Chamartín,part_time,2024-01-01,2024-04-03,43,374,4.3
7953,Carabanchel,full_time,2024-03-14,2024-12-31,252,5084,4.4
7954,Latina,casual,2024-01-01,2024-07-20,45,212,4.1
7955,San Blas - Canillejas,part_time,2024-02-21,2024-08-05,72,646,4.9
7956,Usera,part_time,2024-01-01,2024-02-03,12,112,4.0
7957,Moncloa - Aravaca,casual,2024-03-19,2024-09-06,39,184,3.7
7958,Carabanchel,casual,2024-02-11,2024-05-21,23,128,5.0
7959,Moncloa - Aravaca,casual,2024-01-01,2024-03-17,16,108,3.8
7960,San Blas - Canillejas,full_time,2024-01-01,2024-10-09,227,4530,4.9
7961,Moncloa - Aravaca,casual,2024-09-14,2024-12-28,14,79,4.8
7962,Ciudad Lineal,casual,2024-09-20,2024-11-28,17,82,4.7
7963,Villa de Vallecas,part_time,2024-03-27,2024-06-06,35,323,3.7
7964,Chamartín,part_time,2024-12-20,2024-12-31,5,55,3.6
7965,Centro,casual,2024-01-01,2024-02-27,17,77,3.8
7966,San Blas - Canillejas,part_time,2024-10-24,2024-12-31,32,301,4.1
7967,Hortaleza,casual,2024-12-22,2024-12-31,2,4,4.7
7968,Usera,part_time,2024-06-14,2024-09-25,44,443,4.1
7969,Centro,casual,2024-01-01,2024-01-28,9,58,3.5
7970,Usera,casual,2024-11-25,2024-12-31,10,47,3.6
7971,Retiro,part_time,2024-04-10,2024-07-25,49,438,4.2
7972,Hortaleza,casual,2024-01-01,2024-03-17,22,106,3.5
7973,Usera,casual,2024-11-02,2024-12-31,14,76,4.6
7974,Usera,casual,2024-04-08,2024-07-18,26,126,3.9
7975,Ciudad Lineal,part_time,2024-01-01,2024-12-31,176,1511,4.2
7976,Usera,full_time,2024-05-16,2024-10-31,143,2861,4.7
7977,Puente de Vallecas,part_time,2024-11-18,2024-12-31,17,151,4.3
7978,Ciudad Lineal,full_time,2024-05-25,2024-08-11,60,1240,4.8
7979,Puente de Vallecas,full_time,2024-11-09,2024-12-31,46,935,4.8
7980,Moratalaz,casual,2024-01-01,2024-03-18,16,82,3.8
7981,Latina,casual,2024-03-26,2024-12-31,59,304,3.5
7982,Hortaleza,full_time,2024-04-15,2024-10-14,159,3105,4.8
7983,Vicálvaro,full_time,2024-01-10,2024-06-20,131,2599,4.5
7984,Villaverde,full_time,2024-01-01,2024-04-24,92,1793,4.9
7985,Usera,part_time,2024-01-01,2024-02-21,30,259,3.6
7986,Carabanchel,casual,2024-01-01,2024-07-10,41,204,5.0
7987,Villaverde,full_time,2024-08-08,2024-11-07,78,1553,5.0
7988,Latina,full_time,2024-02-01,2024-05-09,78,1591,3.9
7989,Tetuán,part_time,2024-08-29,2024-11-29,41,415,3.6
7990,Latina,full_time,2024-11-06,2024-12-31,47,912,4.1
7991,Centro,part_time,2024-08-20,2024-10-31,27,257,4.2
7992,Carabanchel,full_time,2024-10-06,2024-12-25,68,1304,3.9
7993,Centro,casual,2024-05-19,2024-10-30,41,207,3.6
7994,Vicálvaro,full_time,2024-12-07,2024-12-31,24,475,4.8
7995,Carabanchel,casual,2024-08-20,2024-12-31,24,106,3.8
7996,Arganzuela,casual,2024-02-15,2024-06-01,16,78,4.8
7997,Puente de Vallecas,casual,2024-08-27,2024-11-27,24,96,3.9
7998,Carabanchel,casual,2024-05-06,2024-12-31,56,283,4.8
7999,Barajas,casual,2024-09-08,2024-12-12,23,97,3.9
8000,Fuencarral - El Pardo,full_time,2024-01-06,2024-06-18,146,3021,3.7
8001,Carabanchel,part_time,2024-01-08,2024-12-31,173,1542,4.7
8002,Carabanchel,full_time,2024-11-07,2024-12-31,44,896,3.9
8003,Latina,casual,2024-12-20,2024-12-31,6,27,4.0
8004,Hortaleza,casual,2024-03-08,2024-06-17,20,101,4.1
8005,Usera,part_time,2024-05-02,2024-08-19,47,424,4.4
8006,Latina,part_time,2024-01-01,2024-08-26,113,1061,4.5
8007,Hortaleza,casual,2024-06-14,2024-12-31,43,205,3.6
8008,Chamartín,part_time,2024-01-01,2024-01-18,8,68,4.9
8009,Salamanca,part_time,2024-12-07,2024-12-31,15,143,3.6
8010,Usera,part_time,2024-02-07,2024-12-31,150,1342,4.8
8011,Moncloa - Aravaca,full_time,2024-01-22,2024-05-08,91,1838,4.6
8012,Barajas,part_time,2024-01-01,2024-01-18,7,61,3.9
8013,Centro,part_time,2024-02-14,2024-12-31,138,1296,4.4
8014,Puente de Vallecas,casual,2024-05-28,2024-11-04,38,202,4.3
8015,Latina,casual,2024-08-12,2024-11-17,16,86,4.5
8016,Villaverde,casual,2024-06-02,2024-08-22,16,92,4.6
8017,Puente de Vallecas,part_time,2024-06-02,2024-08-13,30,266,4.3
8018,Vicálvaro,part_time,2024-01-01,2024-06-12,76,658,4.6
8019,Fuencarral - El Pardo,casual,2024-01-01,2024-04-19,31,149,3.8
8020,Hortaleza,part_time,2024-01-28,2024-04-23,41,374,4.5
8021,Salamanca,casual,2024-01-15,2024-07-29,48,238,4.1
8022,Puente de Vallecas,casual,2024-09-23,2024-12-05,17,85,4.9
8023,Tetuán,full_time,2024-01-01,2024-03-06,51,1066,4.8
8024,Carabanchel,casual,2024-06-21,2024-12-14,43,231,3.5
8025,Carabanchel,casual,2024-01-01,2024-01-17,4,20,4.6
8026,Carabanchel,casual,2024-01-01,2024-01-20,4,22,4.4
8027,Tetuán,casual,2024-02-01,2024-05-05,21,123,4.6
8028,Carabanchel,part_time,2024-01-28,2024-07-06,61,572,3.9
8029,Ciudad Lineal,full_time,2024-01-01,2024-04-14,90,1801,4.7
8030,Hortaleza,part_time,2024-11-11,2024-12-31,27,247,3.7
8031,Moncloa - Aravaca,part_time,2024-01-01,2024-08-10,104,914,4.8
8032,Vicálvaro,casual,2024-01-01,2024-12-02,70,347,4.2
8033,Latina,part_time,2024-12-29,2024-12-31,2,15,3.7
8034,Barajas,casual,2024-01-13,2024-04-30,26,126,4.6
8035,Tetuán,casual,2024-07-15,2024-10-02,21,99,4.1
8036,Centro,full_time,2024-09-11,2024-11-24,65,1236,3.9
8037,Moncloa - Aravaca,casual,2024-01-01,2024-07-17,46,195,4.5
8038,Ciudad Lineal,casual,2024-01-01,2024-02-01,10,60,4.0
8039,Centro,casual,2024-09-27,2024-12-28,19,81,3.8
8040,Fuencarral - El Pardo,part_time,2024-02-15,2024-05-10,39,328,4.4
8041,Chamartín,casual,2024-03-09,2024-05-21,17,85,4.0
8042,Vicálvaro,casual,2024-04-14,2024-07-03,15,67,3.6
8043,Hortaleza,part_time,2024-01-01,2024-01-18,9,78,3.8
8044,Tetuán,casual,2024-09-14,2024-12-31,29,126,4.2
8045,Carabanchel,full_time,2024-10-19,2024-12-31,67,1338,4.4
8046,Tetuán,casual,2024-09-28,2024-12-31,27,142,4.2
8047,Moncloa - Aravaca,part_time,2024-01-03,2024-03-22,36,306,4.9
8048,Vicálvaro,full_time,2024-12-21,2024-12-31,10,194,4.0
8049,Puente de Vallecas,casual,2024-05-04,2024-12-31,57,296,4.8
8050,Moncloa - Aravaca,part_time,2024-07-06,2024-09-16,37,364,4.2
8051,Carabanchel,casual,2024-08-29,2024-11-18,11,41,4.5
8052,Usera,part_time,2024-07-09,2024-12-31,83,755,4.3
8053,Barajas,full_time,2024-02-21,2024-08-11,134,2644,3.7
8054,Puente de Vallecas,part_time,2024-03-06,2024-12-31,148,1283,4.1
8055,Vicálvaro,full_time,2024-06-22,2024-09-27,86,1690,4.5
8056,Barajas,part_time,2024-01-01,2024-01-05,3,28,3.9
8057,Moncloa - Aravaca,part_time,2024-01-01,2024-01-05,1,9,4.0
8058,Latina,casual,2024-04-26,2024-08-10,30,150,4.6
8059,Puente de Vallecas,part_time,2024-06-11,2024-09-14,42,380,4.6
8060,Fuencarral - El Pardo,full_time,2024-06-02,2024-12-31,184,3703,4.3
8061,Hortaleza,part_time,2024-09-10,2024-12-08,43,377,4.6
8062,Arganzuela,casual,2024-05-23,2024-11-11,32,162,4.8
8063,Vicálvaro,casual,2024-01-01,2024-07-25,39,208,4.3
8064,Ciudad Lineal,part_time,2024-06-14,2024-11-22,74,626,4.5
8065,Ciudad Lineal,full_time,2024-01-19,2024-05-01,98,1891,3.5
8066,Puente de Vallecas,casual,2024-09-24,2024-12-31,29,122,3.5
8067,Villa de Vallecas,casual,2024-04-08,2024-07-14,18,90,4.4
8068,Villaverde,casual,2024-11-16,2024-12-31,6,30,4.5
8069,San Blas - Canillejas,casual,2024-01-01,2024-02-26,11,53,3.9
8070,Moncloa - Aravaca,full_time,2024-07-26,2024-12-31,128,2565,4.4
8071,Moncloa - Aravaca,casual,2024-03-06,2024-08-13,37,183,3.7
8072,Villa de Vallecas,casual,2024-01-01,2024-04-03,29,150,4.7
8073,Tetuán,casual,2024-06-22,2024-08-31,20,104,4.0
8074,San Blas - Canillejas,casual,2024-01-06,2024-04-06,15,78,4.4
8075,Moncloa - Aravaca,full_time,2024-02-18,2024-05-11,66,1333,5.0
8076,Villaverde,casual,2024-01-01,2024-11-24,79,366,4.3
8077,Centro,casual,2024-01-01,2024-09-17,61,328,4.3
8078,Villaverde,casual,2024-01-01,2024-10-08,67,321,3.7
8079,Tetuán,full_time,2024-04-12,2024-06-22,58,1198,3.6
8080,Salamanca,full_time,2024-01-01,2024-01-08,7,159,4.9
8081,Carabanchel,casual,2024-01-29,2024-07-15,40,220,4.8
8082,Ciudad Lineal,part_time,2024-04-12,2024-06-20,37,363,4.7
8083,Villa de Vallecas,casual,2024-07-06,2024-09-17,15,77,5.0
8084,Hortaleza,part_time,2024-05-01,2024-08-14,44,393,3.6
8085,Tetuán,casual,2024-01-01,2024-03-17,17,94,4.6
8086,Hortaleza,part_time,2024-06-26,2024-09-26,37,307,3.7
8087,Ciudad Lineal,full_time,2024-01-01,2024-01-26,20,380,4.5
8088,Vicálvaro,casual,2024-01-03,2024-06-30,43,203,4.6
8089,Barajas,casual,2024-06-02,2024-12-13,48,243,4.5
8090,Retiro,casual,2024-07-10,2024-10-16,28,139,3.9
8091,Moratalaz,casual,2024-01-01,2024-04-08,26,136,4.8
8092,Vicálvaro,casual,2024-03-14,2024-05-30,19,122,4.3
8093,Chamartín,casual,2024-04-21,2024-08-02,23,122,4.9
8094,Vicálvaro,full_time,2024-04-19,2024-06-27,62,1257,4.2
8095,Villaverde,casual,2024-08-10,2024-11-09,19,105,4.0
8096,Villa de Vallecas,full_time,2024-06-25,2024-12-31,157,3168,4.8
8097,Hortaleza,casual,2024-01-01,2024-01-30,8,40,4.7
8098,Tetuán,casual,2024-09-10,2024-11-24,13,71,3.6
8099,Fuencarral - El Pardo,casual,2024-10-27,2024-12-31,15,76,4.2
8100,Moncloa - Aravaca,full_time,2024-11-24,2024-12-31,34,693,3.6
8101,Villa de Vallecas,casual,2024-01-01,2024-01-25,4,20,4.8
8102,Chamartín,casual,2024-10-27,2024-12-31,14,69,4.2
8103,San Blas - Canillejas,part_time,2024-01-01,2024-03-26,47,438,3.9
8104,Puente de Vallecas,part_time,2024-01-01,2024-07-07,97,892,3.6
8105,Hortaleza,part_time,2024-03-14,2024-06-29,45,407,3.9
8106,Chamartín,casual,2024-02-28,2024-05-11,16,89,4.0
8107,Moncloa - Aravaca,casual,2024-02-19,2024-05-12,19,94,5.0
8108,Vicálvaro,part_time,2024-01-01,2024-03-20,35,324,5.0
8109,San Blas - Canillejas,part_time,2024-07-26,2024-11-01,42,379,4.2
8110,Ciudad Lineal,part_time,2024-07-01,2024-09-10,27,217,4.9
8111,Carabanchel,casual,2024-07-03,2024-10-15,28,158,4.7
8112,Puente de Vallecas,casual,2024-05-22,2024-08-31,24,113,4.7
8113,Puente de Vallecas,full_time,2024-01-01,2024-04-28,95,1875,3.9
8114,Chamartín,part_time,2024-06-28,2024-09-21,40,319,4.6
8115,Arganzuela,casual,2024-07-30,2024-10-19,15,68,5.0
8116,Tetuán,full_time,2024-01-01,2024-02-07,34,669,4.8
8117,Villa de Vallecas,part_time,2024-12-23,2024-12-31,3,24,4.3
8118,Villaverde,casual,2024-06-20,2024-09-24,21,96,3.5
8119,Fuencarral - El Pardo,casual,2024-07-13,2024-10-29,27,110,4.1
8120,Latina,part_time,2024-06-26,2024-09-07,34,283,4.5
8121,Tetuán,casual,2024-05-19,2024-12-31,49,227,3.7
8122,Latina,part_time,2024-07-23,2024-11-06,42,382,4.1
8123,Retiro,part_time,2024-10-02,2024-12-25,38,343,4.6
8124,Latina,casual,2024-01-01,2024-03-26,19,110,4.8
8125,Latina,full_time,2024-01-01,2024-03-28,74,1434,4.6
8126,Moncloa - Aravaca,casual,2024-01-01,2024-04-13,18,83,4.4
8127,Carabanchel,casual,2024-12-16,2024-12-31,5,21,3.8
8128,Carabanchel,part_time,2024-03-25,2024-06-05,36,308,4.5
8129,Moncloa - Aravaca,part_time,2024-03-08,2024-05-18,36,347,4.8
8130,Vicálvaro,casual,2024-01-26,2024-04-11,14,64,4.2
8131,Fuencarral - El Pardo,part_time,2024-01-01,2024-12-17,163,1510,4.8
8132,Moncloa - Aravaca,full_time,2024-11-12,2024-12-31,42,907,4.0
8133,Ciudad Lineal,part_time,2024-07-01,2024-12-31,85,789,4.4
8134,Usera,part_time,2024-01-01,2024-04-11,52,452,4.8
8135,Carabanchel,casual,2024-10-18,2024-12-31,22,90,4.8
8136,Latina,casual,2024-12-06,2024-12-31,5,21,4.2
8137,Fuencarral - El Pardo,part_time,2024-07-24,2024-12-31,63,575,4.2
8138,Arganzuela,casual,2024-06-28,2024-09-30,22,110,4.9
8139,Puente de Vallecas,part_time,2024-08-10,2024-10-20,33,305,4.2
8140,Ciudad Lineal,casual,2024-08-30,2024-12-10,17,80,3.5
8141,Puente de Vallecas,casual,2024-10-18,2024-12-31,20,103,4.2
8142,Villa de Vallecas,casual,2024-06-28,2024-12-25,42,227,4.4
8143,San Blas - Canillejas,casual,2024-05-25,2024-09-06,18,99,4.6
8144,Salamanca,casual,2024-01-01,2024-03-24,18,88,3.6
8145,Centro,part_time,2024-01-01,2024-09-29,120,1103,4.4
8146,Tetuán,part_time,2024-01-01,2024-02-07,19,171,4.4
8147,Moncloa - Aravaca,casual,2024-08-27,2024-12-06,33,158,4.5
8148,Fuencarral - El Pardo,casual,2024-12-27,2024-12-31,1,1,3.9
8149,Latina,part_time,2024-01-01,2024-02-23,25,217,4.6
8150,Hortaleza,casual,2024-04-11,2024-07-26,21,100,4.7
8151,Carabanchel,casual,2024-08-16,2024-11-17,24,116,3.7
8152,Hortaleza,casual,2024-01-01,2024-01-22,4,21,4.7
8153,Hortaleza,part_time,2024-04-18,2024-07-20,38,320,4.4
8154,Ciudad Lineal,full_time,2024-08-05,2024-12-31,129,2584,4.2
8155,Fuencarral - El Pardo,part_time,2024-01-01,2024-06-05,74,646,4.7
8156,Salamanca,full_time,2024-04-29,2024-12-31,201,4016,3.7
8157,Hortaleza,full_time,2024-07-06,2024-10-02,77,1592,4.0
8158,Retiro,casual,2024-08-20,2024-11-06,15,74,4.8
8159,Puente de Vallecas,casual,2024-01-27,2024-04-17,28,156,3.7
8160,Tetuán,casual,2024-01-01,2024-03-18,19,90,4.9
8161,Vicálvaro,casual,2024-01-01,2024-01-08,2,4,4.4
8162,Hortaleza,part_time,2024-05-17,2024-07-29,35,300,3.5
8163,San Blas - Canillejas,casual,2024-01-01,2024-03-28,17,93,3.7
8164,Fuencarral - El Pardo,casual,2024-06-20,2024-12-30,40,205,3.6
8165,Barajas,casual,2024-06-13,2024-09-02,28,138,4.7
8166,Barajas,part_time,2024-10-19,2024-12-31,39,361,3.9
8167,Centro,part_time,2024-10-03,2024-12-29,45,380,4.4
8168,Puente de Vallecas,full_time,2024-01-27,2024-07-11,133,2615,4.8
8169,Centro,casual,2024-02-05,2024-05-19,27,129,4.9
8170,Hortaleza,casual,2024-01-01,2024-02-13,16,83,4.8
8171,Moncloa - Aravaca,full_time,2024-09-12,2024-12-10,75,1524,4.3
8172,Ciudad Lineal,part_time,2024-04-03,2024-09-24,78,728,3.7
8173,Villaverde,part_time,2024-01-05,2024-07-01,82,718,4.0
8174,Centro,casual,2024-08-15,2024-11-23,18,80,4.0
8175,Latina,casual,2024-01-01,2024-05-26,28,166,5.0
8176,Carabanchel,full_time,2024-01-01,2024-12-15,283,5705,4.7
8177,Ciudad Lineal,part_time,2024-04-08,2024-07-26,54,469,4.0
8178,Centro,part_time,2024-02-06,2024-05-02,41,376,4.1
8179,Moncloa - Aravaca,casual,2024-08-01,2024-12-31,33,166,3.9
8180,Carabanchel,casual,2024-06-04,2024-12-31,47,223,4.1
8181,Puente de Vallecas,casual,2024-04-07,2024-10-16,47,244,3.6
8182,Vicálvaro,part_time,2024-08-10,2024-11-16,47,427,4.8
8183,Hortaleza,casual,2024-01-01,2024-02-10,11,55,4.3
8184,Fuencarral - El Pardo,casual,2024-01-01,2024-11-10,75,373,4.4
8185,Ciudad Lineal,casual,2024-05-30,2024-11-20,46,231,3.8
8186,Chamartín,full_time,2024-03-26,2024-06-30,83,1656,4.2
8187,Centro,casual,2024-08-20,2024-11-30,28,134,4.2
8188,Usera,casual,2024-04-16,2024-10-10,37,173,3.6
8189,Chamartín,part_time,2024-01-26,2024-07-30,86,750,3.5
8190,Villa de Vallecas,part_time,2024-01-01,2024-10-30,153,1392,4.4
8191,Salamanca,part_time,2024-08-29,2024-11-08,31,297,4.4
8192,Vicálvaro,full_time,2024-01-01,2024-01-29,19,396,4.5
8193,Hortaleza,casual,2024-10-20,2024-12-31,12,58,4.8
8194,Vicálvaro,full_time,2024-01-01,2024-01-26,25,522,5.0
8195,Puente de Vallecas,full_time,2024-01-01,2024-02-28,54,1040,4.8
8196,Fuencarral - El Pardo,casual,2024-10-03,2024-12-31,27,136,3.5
8197,Fuencarral - El Pardo,part_time,2024-03-19,2024-06-20,41,342,4.0
8198,Moncloa - Aravaca,casual,2024-05-10,2024-07-19,14,70,4.7
8199,San Blas - Canillejas,casual,2024-01-01,2024-09-29,56,278,4.9
8200,Chamartín,casual,2024-01-01,2024-02-11,5,31,4.9
8201,Chamberí,casual,2024-06-29,2024-10-16,20,115,4.5
8202,Vicálvaro,full_time,2024-07-18,2024-12-31,137,2716,4.8
8203,Hortaleza,casual,2024-01-12,2024-03-24,15,74,3.7
8204,Usera,part_time,2024-09-13,2024-11-26,31,283,4.1
8205,Chamberí,casual,2024-01-01,2024-03-13,17,84,3.6
8206,Puente de Vallecas,casual,2024-08-27,2024-12-31,27,127,3.9
8207,Barajas,casual,2024-08-17,2024-11-16,17,81,4.7
8208,Villaverde,casual,2024-10-30,2024-12-31,9,45,3.8
8209,Centro,part_time,2024-08-18,2024-12-31,57,533,4.6
8210,Carabanchel,full_time,2024-09-09,2024-12-31,85,1692,4.7
8211,Tetuán,casual,2024-12-12,2024-12-31,4,27,4.8
8212,Retiro,full_time,2024-10-05,2024-12-31,78,1576,5.0
8213,Moncloa - Aravaca,part_time,2024-10-04,2024-12-13,33,309,4.6
8214,Arganzuela,part_time,2024-01-17,2024-03-26,32,281,4.5
8215,Fuencarral - El Pardo,casual,2024-09-09,2024-12-16,24,92,4.7
8216,Latina,casual,2024-04-13,2024-12-31,67,340,3.8
8217,Chamartín,full_time,2024-12-14,2024-12-31,14,268,4.6
8218,Fuencarral - El Pardo,part_time,2024-06-12,2024-12-31,87,732,4.9
8219,Carabanchel,casual,2024-01-01,2024-07-07,42,193,4.2
8220,Fuencarral - El Pardo,part_time,2024-01-01,2024-03-13,35,311,3.5
8221,Puente de Vallecas,casual,2024-02-01,2024-05-11,22,110,4.0
8222,Fuencarral - El Pardo,part_time,2024-01-01,2024-12-10,163,1475,3.6
8223,Vicálvaro,casual,2024-08-02,2024-10-10,11,62,4.4
8224,San Blas - Canillejas,full_time,2024-01-01,2024-04-28,100,2061,4.8
8225,Centro,casual,2024-01-28,2024-04-12,18,70,3.6
8226,Hortaleza,casual,2024-02-28,2024-05-13,23,123,4.1
8227,Vicálvaro,part_time,2024-10-07,2024-12-23,45,413,4.5
8228,Barajas,casual,2024-03-14,2024-06-17,22,114,4.9
8229,Ciudad Lineal,full_time,2024-01-01,2024-02-27,48,1015,3.8
8230,Puente de Vallecas,part_time,2024-05-31,2024-09-14,39,362,4.3
8231,Carabanchel,casual,2024-01-01,2024-01-03,1,1,3.5
8232,Villa de Vallecas,casual,2024-07-10,2024-12-25,40,191,4.1
8233,Latina,full_time,2024-09-09,2024-12-31,98,2062,4.0
8234,Carabanchel,part_time,2024-01-01,2024-03-14,34,273,3.8
8235,Tetuán,full_time,2024-10-10,2024-12-31,74,1463,3.7
8236,Hortaleza,casual,2024-08-14,2024-10-22,17,84,4.1
8237,Hortaleza,full_time,2024-01-01,2024-03-13,63,1330,3.6
8238,Vicálvaro,casual,2024-01-01,2024-04-29,29,125,4.9
8239,Fuencarral - El Pardo,part_time,2024-01-01,2024-06-10,67,601,4.9
8240,Centro,casual,2024-01-01,2024-04-21,31,153,4.8
8241,Tetuán,casual,2024-01-01,2024-09-01,52,283,3.5
8242,Centro,full_time,2024-11-19,2024-12-31,37,732,4.0
8243,Moncloa - Aravaca,full_time,2024-01-01,2024-05-01,97,1938,4.2
8244,Moncloa - Aravaca,casual,2024-11-23,2024-12-31,10,56,4.0
8245,Latina,full_time,2024-06-06,2024-09-10,86,1655,4.7
8246,Moratalaz,casual,2024-01-17,2024-12-31,78,394,4.5
8247,Latina,casual,2024-06-30,2024-12-31,43,209,3.8
8248,Chamberí,casual,2024-08-14,2024-12-31,29,162,3.6
8249,Arganzuela,casual,2024-12-12,2024-12-31,7,32,4.4
8250,Barajas,casual,2024-01-01,2024-01-02,1,1,4.8
8251,San Blas - Canillejas,casual,2024-04-05,2024-06-27,23,119,4.5
8252,Chamartín,casual,2024-01-01,2024-05-10,24,124,3.9
8253,Ciudad Lineal,part_time,2024-01-01,2024-03-12,36,337,4.3
8254,Carabanchel,part_time,2024-01-01,2024-03-22,34,306,4.3
8255,Carabanchel,part_time,2024-08-27,2024-11-05,29,243,4.7
8256,Retiro,casual,2024-01-01,2024-01-28,1,6,4.1
8257,San Blas - Canillejas,part_time,2024-10-17,2024-12-31,34,288,4.6
8258,Usera,casual,2024-07-05,2024-12-31,50,257,3.9
8259,Moncloa - Aravaca,part_time,2024-01-01,2024-10-26,133,1169,3.5
8260,Hortaleza,part_time,2024-04-11,2024-07-14,46,386,4.7
8261,Carabanchel,casual,2024-05-13,2024-12-31,52,247,5.0
8262,Villaverde,casual,2024-01-01,2024-01-06,1,10,5.0
8263,Hortaleza,part_time,2024-04-08,2024-06-17,26,238,4.6
8264,Villa de Vallecas,full_time,2024-01-01,2024-03-24,66,1347,4.5
8265,Villaverde,part_time,2024-01-01,2024-03-25,31,263,4.1
8266,Moncloa - Aravaca,full_time,2024-06-12,2024-09-04,73,1483,4.9
8267,Hortaleza,full_time,2024-01-24,2024-04-21,75,1483,4.2
8268,Latina,casual,2024-03-22,2024-06-20,17,72,4.6
8269,Villa de Vallecas,part_time,2024-08-20,2024-12-03,49,443,4.4
8270,Villa de Vallecas,casual,2024-03-29,2024-12-31,71,375,4.8
8271,Latina,casual,2024-02-29,2024-05-31,15,71,4.5
8272,Vicálvaro,casual,2024-01-01,2024-02-06,7,43,4.0
8273,Salamanca,full_time,2024-01-01,2024-01-20,15,303,4.9
8274,Puente de Vallecas,part_time,2024-03-23,2024-09-26,76,712,3.8
8275,Moncloa - Aravaca,casual,2024-04-02,2024-07-17,26,114,3.8
8276,Moncloa - Aravaca,casual,2024-10-03,2024-12-15,16,80,4.0
8277,Puente de Vallecas,casual,2024-01-01,2024-02-28,9,52,4.1
8278,Moncloa - Aravaca,part_time,2024-10-11,2024-12-31,34,317,4.7
8279,Barajas,full_time,2024-01-01,2024-06-04,126,2452,4.2
8280,Latina,casual,2024-03-22,2024-06-02,14,74,4.8
8281,Villaverde,casual,2024-10-15,2024-12-31,22,103,4.0
8282,Moratalaz,part_time,2024-10-20,2024-12-31,34,292,4.1
8283,Puente de Vallecas,casual,2024-04-17,2024-09-30,33,197,4.6
8284,Villa de Vallecas,casual,2024-01-01,2024-02-13,13,68,3.9
8285,Tetuán,casual,2024-06-28,2024-09-26,22,96,3.7
8286,Hortaleza,casual,2024-09-13,2024-12-15,20,107,3.7
8287,Moncloa - Aravaca,casual,2024-02-01,2024-04-28,25,122,3.8
8288,Carabanchel,full_time,2024-01-01,2024-03-25,69,1399,4.4
8289,Villa de Vallecas,casual,2024-05-10,2024-08-20,25,114,3.6
8290,Chamberí,casual,2024-09-05,2024-12-17,17,105,4.5
8291,Puente de Vallecas,part_time,2024-05-16,2024-08-22,49,455,4.6
8292,Latina,full_time,2024-01-01,2024-05-10,110,2148,4.6
8293,Fuencarral - El Pardo,casual,2024-10-23,2024-12-31,12,74,4.4
8294,Villaverde,casual,2024-11-02,2024-12-31,14,62,4.2
8295,Carabanchel,part_time,2024-07-27,2024-10-31,40,352,5.0
8296,Moncloa - Aravaca,casual,2024-01-01,2024-02-11,11,54,3.6
8297,Salamanca,part_time,2024-01-10,2024-04-17,39,315,4.6
8298,Centro,casual,2024-07-17,2024-09-29,17,79,4.1
8299,Latina,casual,2024-09-22,2024-12-23,23,131,4.7
8300,San Blas - Canillejas,casual,2024-01-01,2024-12-12,71,342,4.4
8301,Fuencarral - El Pardo,part_time,2024-02-05,2024-05-24,55,505,3.7
8302,Tetuán,casual,2024-10-09,2024-12-31,17,96,4.8
8303,Arganzuela,casual,2024-03-16,2024-06-28,29,161,3.6
8304,Chamartín,casual,2024-11-24,2024-12-31,10,56,4.7
8305,Hortaleza,part_time,2024-06-04,2024-08-27,44,379,4.4
8306,Usera,casual,2024-05-28,2024-12-12,42,206,3.7
8307,Hortaleza,part_time,2024-01-01,2024-02-25,22,189,4.4
8308,Villa de Vallecas,part_time,2024-01-01,2024-05-22,57,535,4.3
8309,Usera,casual,2024-12-13,2024-12-31,2,12,4.0
8310,Usera,full_time,2024-08-21,2024-12-05,91,1838,4.7
8311,Tetuán,full_time,2024-05-16,2024-07-28,56,1171,3.7
8312,Retiro,casual,2024-04-08,2024-10-17,45,231,3.7
8313,Barajas,casual,2024-01-01,2024-02-10,8,41,3.9
8314,Salamanca,casual,2024-09-01,2024-12-31,23,135,4.8
8315,Puente de Vallecas,casual,2024-01-01,2024-02-22,15,86,3.7
8316,Hortaleza,casual,2024-03-25,2024-06-26,30,152,4.7
8317,Moratalaz,full_time,2024-04-14,2024-07-01,66,1335,4.7
8318,Moncloa - Aravaca,full_time,2024-05-28,2024-11-26,147,2883,4.4
8319,Chamartín,casual,2024-04-11,2024-07-06,21,120,4.2
8320,Vicálvaro,casual,2024-12-14,2024-12-31,1,7,4.0
8321,Centro,casual,2024-10-02,2024-12-21,21,110,3.8
8322,Hortaleza,casual,2024-12-13,2024-12-31,3,13,4.5
8323,Moncloa - Aravaca,casual,2024-06-02,2024-08-16,17,94,4.2
8324,Carabanchel,full_time,2024-01-01,2024-06-17,146,2966,3.9
8325,Chamberí,full_time,2024-12-23,2024-12-31,7,145,4.0
8326,San Blas - Canillejas,casual,2024-01-01,2024-02-06,10,53,3.7
8327,Hortaleza,part_time,2024-11-08,2024-12-31,27,234,3.6
8328,Fuencarral - El Pardo,part_time,2024-01-01,2024-02-13,15,117,4.2
8329,Hortaleza,part_time,2024-10-03,2024-12-31,38,346,5.0
8330,Latina,casual,2024-07-24,2024-12-31,42,193,4.9
8331,Hortaleza,casual,2024-07-25,2024-11-06,26,151,3.7
8332,Hortaleza,part_time,2024-07-27,2024-12-31,61,555,4.3
8333,Chamberí,casual,2024-01-01,2024-02-18,14,60,4.0
8334,Chamartín,part_time,2024-03-13,2024-06-23,50,448,4.5
8335,Moncloa - Aravaca,casual,2024-03-05,2024-06-02,20,114,3.5
8336,Villaverde,part_time,2024-12-23,2024-12-31,3,18,4.3
8337,Carabanchel,part_time,2024-01-01,2024-12-11,161,1439,4.2
8338,Centro,casual,2024-01-01,2024-01-22,3,13,4.3
8339,Centro,casual,2024-01-01,2024-05-25,36,194,3.7
8340,Vicálvaro,part_time,2024-09-09,2024-12-31,53,510,4.4
8341,Carabanchel,casual,2024-11-04,2024-12-31,18,86,3.9
8342,Chamartín,part_time,2024-11-29,2024-12-31,15,139,4.3
8343,Latina,part_time,2024-01-01,2024-03-16,40,370,4.8
8344,Centro,casual,2024-07-11,2024-12-31,40,203,3.6
8345,San Blas - Canillejas,part_time,2024-04-03,2024-07-02,41,381,4.1
8346,San Blas - Canillejas,casual,2024-06-26,2024-12-31,43,201,4.3
8347,Chamberí,part_time,2024-10-13,2024-12-31,37,349,4.1
8348,Vicálvaro,casual,2024-01-01,2024-07-05,46,224,4.2
8349,Hortaleza,casual,2024-05-21,2024-08-13,18,80,4.6
8350,Villa de Vallecas,casual,2024-02-19,2024-06-02,29,127,4.5
8351,San Blas - Canillejas,full_time,2024-03-07,2024-09-08,148,2953,4.2
8352,Moncloa - Aravaca,full_time,2024-02-13,2024-05-11,82,1647,3.9
8353,Moncloa - Aravaca,part_time,2024-03-06,2024-06-03,41,364,3.9
8354,Chamartín,casual,2024-02-04,2024-05-03,19,80,4.6
8355,Fuencarral - El Pardo,casual,2024-01-01,2024-08-01,46,228,4.2
8356,Usera,part_time,2024-06-27,2024-09-13,38,352,4.0
8357,Fuencarral - El Pardo,part_time,2024-05-22,2024-11-30,94,846,4.5
8358,Puente de Vallecas,casual,2024-11-17,2024-12-31,7,39,4.3
8359,Chamartín,full_time,2024-04-07,2024-06-20,67,1377,4.2
8360,Moratalaz,casual,2024-07-23,2024-11-06,19,94,3.7
8361,Carabanchel,casual,2024-12-16,2024-12-31,5,18,4.9
8362,Ciudad Lineal,full_time,2024-01-01,2024-12-06,287,5709,4.7
8363,Latina,casual,2024-08-30,2024-12-31,28,134,4.8
8364,San Blas - Canillejas,casual,2024-12-10,2024-12-31,7,27,3.8
8365,Hortaleza,part_time,2024-09-04,2024-12-31,58,537,4.3
8366,Carabanchel,full_time,2024-01-01,2024-02-28,51,1031,4.9
8367,Villa de Vallecas,casual,2024-01-01,2024-05-20,30,148,4.9
8368,Villaverde,part_time,2024-02-03,2024-05-18,51,473,3.6
8369,Moncloa - Aravaca,casual,2024-05-21,2024-12-31,43,202,3.5
8370,Latina,casual,2024-08-04,2024-11-02,26,145,4.3
8371,Centro,casual,2024-01-01,2024-03-02,20,105,3.8
8372,Moncloa - Aravaca,casual,2024-04-22,2024-07-25,19,85,3.8
8373,San Blas - Canillejas,casual,2024-04-18,2024-07-06,24,106,4.2
8374,Carabanchel,casual,2024-08-13,2024-11-08,19,89,3.6
8375,San Blas - Canillejas,part_time,2024-01-23,2024-05-01,55,479,4.5
8376,Moncloa - Aravaca,part_time,2024-01-29,2024-04-15,41,331,4.0
8377,Centro,part_time,2024-03-12,2024-12-31,131,1139,3.6
8378,Puente de Vallecas,part_time,2024-01-01,2024-02-08,18,152,4.8
8379,Carabanchel,casual,2024-08-06,2024-10-24,14,58,4.3
8380,Ciudad Lineal,casual,2024-02-26,2024-08-30,46,208,4.9
8381,Latina,casual,2024-04-26,2024-10-15,36,183,3.5
8382,Vicálvaro,part_time,2024-08-09,2024-12-31,64,596,4.4
8383,Villa de Vallecas,casual,2024-01-01,2024-03-24,14,77,4.2
8384,Centro,casual,2024-01-01,2024-04-08,23,119,4.9
8385,Latina,casual,2024-10-21,2024-12-31,12,65,3.8
8386,Villaverde,casual,2024-09-05,2024-12-01,24,123,4.3
8387,Centro,full_time,2024-01-01,2024-05-22,121,2378,3.8
8388,Chamartín,part_time,2024-08-22,2024-12-04,39,330,4.8
8389,Chamartín,casual,2024-04-21,2024-08-02,22,110,4.0
8390,Hortaleza,part_time,2024-03-31,2024-12-31,129,1114,4.2
8391,Latina,part_time,2024-09-29,2024-12-11,32,277,4.5
8392,Hortaleza,casual,2024-01-01,2024-01-22,4,18,3.9
8393,Moncloa - Aravaca,casual,2024-06-08,2024-11-20,40,208,3.7
8394,Villa de Vallecas,part_time,2024-03-13,2024-05-29,31,291,4.2
8395,Usera,casual,2024-06-02,2024-08-14,27,115,4.1
8396,Villa de Vallecas,casual,2024-03-26,2024-06-09,22,114,4.0
8397,Ciudad Lineal,casual,2024-12-06,2024-12-31,5,25,3.5
8398,Carabanchel,part_time,2024-05-24,2024-11-23,89,812,4.7
8399,Latina,full_time,2024-10-23,2024-12-31,55,1128,4.6
8400,Retiro,part_time,2024-02-10,2024-04-22,34,337,4.6
8401,Arganzuela,casual,2024-03-14,2024-06-17,24,129,4.1
8402,Villa de Vallecas,casual,2024-08-01,2024-12-31,33,170,4.2
8403,Vicálvaro,part_time,2024-01-17,2024-04-17,42,368,4.5
8404,Latina,part_time,2024-12-31,2024-12-31,1,1,4.9
8405,San Blas - Canillejas,full_time,2024-07-31,2024-10-25,72,1450,3.9
8406,Chamartín,part_time,2024-11-15,2024-12-31,21,182,4.6
8407,San Blas - Canillejas,casual,2024-01-01,2024-02-28,14,73,4.4
8408,Puente de Vallecas,part_time,2024-04-02,2024-07-12,49,380,4.5
8409,Chamartín,full_time,2024-01-01,2024-07-06,146,2825,3.6
8410,Arganzuela,part_time,2024-12-11,2024-12-31,8,76,4.6
8411,Fuencarral - El Pardo,part_time,2024-01-01,2024-04-14,46,415,4.1
8412,Moncloa - Aravaca,casual,2024-09-09,2024-12-02,23,126,4.0
8413,Fuencarral - El Pardo,part_time,2024-06-18,2024-11-30,76,657,4.1
8414,Tetuán,casual,2024-10-26,2024-12-31,18,88,4.8
8415,Barajas,casual,2024-12-19,2024-12-31,4,23,4.5
8416,Villaverde,part_time,2024-10-04,2024-12-31,46,410,3.5
8417,Puente de Vallecas,full_time,2024-01-19,2024-04-26,82,1727,3.9
8418,Chamartín,full_time,2024-10-18,2024-12-31,66,1336,4.5
8419,Carabanchel,casual,2024-05-26,2024-09-01,20,90,4.8
8420,San Blas - Canillejas,casual,2024-06-27,2024-12-18,35,187,4.3
8421,Villaverde,casual,2024-02-08,2024-05-07,15,63,4.4
8422,Villa de Vallecas,part_time,2024-10-10,2024-12-31,41,361,3.9
8423,Ciudad Lineal,part_time,2024-03-13,2024-08-22,79,691,3.7
8424,Usera,full_time,2024-10-09,2024-12-17,62,1280,4.2
8425,Centro,casual,2024-01-01,2024-11-02,66,317,4.3
8426,Moncloa - Aravaca,part_time,2024-07-08,2024-10-10,46,437,4.3
8427,Latina,part_time,2024-01-01,2024-02-15,17,167,3.8
8428,Moratalaz,casual,2024-01-01,2024-02-11,6,38,3.6
8429,Barajas,full_time,2024-12-11,2024-12-31,16,309,4.0
8430,Barajas,part_time,2024-08-30,2024-11-22,38,347,4.7
8431,Ciudad Lineal,casual,2024-01-01,2024-04-02,21,121,3.9
8432,Retiro,casual,2024-07-06,2024-09-21,18,100,4.5
8433,Chamartín,full_time,2024-07-25,2024-12-31,137,2657,3.9
8434,San Blas - Canillejas,part_time,2024-06-25,2024-10-08,55,472,3.9
8435,Vicálvaro,part_time,2024-03-03,2024-09-04,82,738,3.8
8436,Chamartín,part_time,2024-10-19,2024-12-31,33,318,4.1
8437,Tetuán,casual,2024-01-01,2024-01-24,6,35,3.9
8438,Puente de Vallecas,part_time,2024-07-11,2024-10-25,44,380,4.0
8439,Chamberí,full_time,2024-04-30,2024-08-08,85,1690,4.4
8440,Salamanca,casual,2024-06-27,2024-12-11,42,200,4.7
8441,Villa de Vallecas,part_time,2024-02-23,2024-05-08,29,271,4.6
8442,Carabanchel,casual,2024-01-01,2024-03-18,23,103,4.2
8443,Hortaleza,casual,2024-12-13,2024-12-31,5,28,4.0
8444,Salamanca,casual,2024-10-31,2024-12-31,10,63,4.5
8445,Villa de Vallecas,full_time,2024-11-20,2024-12-31,29,613,4.1
8446,Hortaleza,casual,2024-09-17,2024-12-16,16,80,4.6
8447,Chamartín,casual,2024-01-01,2024-01-31,5,22,4.8
8448,Carabanchel,part_time,2024-07-18,2024-10-07,35,329,3.9
8449,Usera,casual,2024-01-25,2024-07-29,42,219,4.1
8450,San Blas - Canillejas,part_time,2024-01-01,2024-07-07,83,706,3.5
8451,San Blas - Canillejas,full_time,2024-01-01,2024-05-13,108,2194,4.1
8452,Moncloa - Aravaca,casual,2024-01-01,2024-03-21,13,63,4.2
8453,Carabanchel,casual,2024-01-01,2024-03-02,15,82,4.9
8454,Salamanca,full_time,2024-01-01,2024-03-08,57,1150,4.1
8455,Tetuán,casual,2024-08-25,2024-11-13,20,108,4.1
8456,Hortaleza,casual,2024-12-01,2024-12-31,5,37,4.0
8457,Carabanchel,full_time,2024-03-25,2024-06-22,75,1588,3.7
8458,Ciudad Lineal,full_time,2024-01-01,2024-02-27,49,972,4.4
8459,Barajas,part_time,2024-01-28,2024-04-06,40,374,3.8
8460,San Blas - Canillejas,part_time,2024-06-30,2024-12-31,87,812,4.3
8461,Vicálvaro,full_time,2024-03-09,2024-06-08,78,1627,4.7
8462,Retiro,part_time,2024-04-29,2024-12-31,127,1135,4.6
8463,San Blas - Canillejas,part_time,2024-01-10,2024-04-02,34,290,3.7
8464,Villa de Vallecas,part_time,2024-08-19,2024-12-31,65,614,4.1
8465,Centro,part_time,2024-07-24,2024-10-31,48,417,4.7
8466,Carabanchel,casual,2024-01-01,2024-06-11,31,161,3.5
8467,Usera,casual,2024-12-01,2024-12-31,10,39,3.7
8468,Retiro,casual,2024-01-18,2024-12-31,75,374,4.1
8469,Carabanchel,casual,2024-01-01,2024-04-27,26,143,4.3
8470,Ciudad Lineal,casual,2024-05-15,2024-10-29,36,153,4.3
8471,Tetuán,casual,2024-04-01,2024-07-14,28,138,4.8
8472,Barajas,part_time,2024-11-24,2024-12-31,17,141,4.6
8473,Vicálvaro,casual,2024-01-01,2024-08-11,48,243,4.9
8474,Villa de Vallecas,casual,2024-10-09,2024-12-31,13,72,4.9
8475,Tetuán,casual,2024-09-03,2024-12-09,24,132,3.6
8476,Puente de Vallecas,casual,2024-08-11,2024-10-30,18,83,3.7
8477,Moncloa - Aravaca,part_time,2024-01-06,2024-03-22,37,332,4.7
8478,Barajas,casual,2024-01-01,2024-02-09,7,32,4.9
8479,Retiro,casual,2024-10-29,2024-12-31,14,69,4.5
8480,Carabanchel,part_time,2024-02-28,2024-12-31,142,1307,3.5
8481,Tetuán,casual,2024-12-16,2024-12-31,3,14,3.6
8482,Moncloa - Aravaca,casual,2024-01-13,2024-12-31,78,392,4.9
8483,Tetuán,part_time,2024-03-08,2024-12-31,134,1166,3.6
8484,Fuencarral - El Pardo,part_time,2024-12-30,2024-12-31,1,4,4.9
8485,Chamberí,part_time,2024-08-26,2024-11-16,35,287,4.1
8486,Villaverde,part_time,2024-03-16,2024-06-12,46,392,4.9
8487,Tetuán,full_time,2024-10-16,2024-12-31,62,1251,3.8
8488,Fuencarral - El Pardo,casual,2024-01-01,2024-06-13,39,224,5.0
8489,Hortaleza,part_time,2024-04-17,2024-10-13,86,805,4.3
8490,Chamartín,part_time,2024-01-11,2024-04-21,45,400,4.7
8491,Fuencarral - El Pardo,casual,2024-12-28,2024-12-31,2,10,3.8
8492,Centro,full_time,2024-12-03,2024-12-31,26,527,3.7
8493,Arganzuela,casual,2024-11-02,2024-12-31,18,96,3.8
8494,San Blas - Canillejas,full_time,2024-01-01,2024-10-17,233,4573,4.6
8495,Centro,part_time,2024-09-01,2024-11-22,37,336,3.5
8496,Usera,casual,2024-02-01,2024-04-28,17,87,4.5
8497,Vicálvaro,casual,2024-04-03,2024-06-23,18,106,3.7
8498,San Blas - Canillejas,full_time,2024-10-05,2024-12-26,65,1312,4.5
8499,Villaverde,part_time,2024-01-01,2024-01-27,12,90,4.0
8500,Fuencarral - El Pardo,casual,2024-01-01,2024-01-27,4,16,4.9
8501,Moncloa - Aravaca,casual,2024-07-29,2024-10-30,21,102,4.0
8502,Hortaleza,part_time,2024-09-01,2024-12-31,57,555,4.9
8503,Centro,casual,2024-03-30,2024-06-20,16,83,4.4
8504,Arganzuela,part_time,2024-08-10,2024-10-23,31,261,3.8
8505,Retiro,part_time,2024-10-22,2024-12-31,35,347,4.8
8506,Carabanchel,casual,2024-01-01,2024-02-22,14,65,4.0
8507,Barajas,part_time,2024-09-30,2024-12-31,49,489,4.4
8508,Villa de Vallecas,casual,2024-06-28,2024-09-15,14,81,4.3
8509,Fuencarral - El Pardo,full_time,2024-04-01,2024-07-19,96,1863,4.7
8510,San Blas - Canillejas,full_time,2024-01-01,2024-02-06,33,644,3.9
8511,San Blas - Canillejas,casual,2024-01-01,2024-10-06,61,288,3.7
8512,Fuencarral - El Pardo,casual,2024-09-10,2024-12-31,34,172,4.9
8513,Puente de Vallecas,casual,2024-05-28,2024-09-14,23,122,4.0
8514,Fuencarral - El Pardo,full_time,2024-01-03,2024-03-18,62,1263,4.4
8515,Chamartín,casual,2024-01-06,2024-04-18,19,100,4.8
8516,Centro,part_time,2024-10-26,2024-12-31,32,309,3.6
8517,San Blas - Canillejas,full_time,2024-04-23,2024-07-12,70,1410,3.9
8518,San Blas - Canillejas,casual,2024-01-01,2024-02-14,8,26,3.6
8519,Latina,part_time,2024-12-19,2024-12-31,5,37,4.9
8520,Fuencarral - El Pardo,casual,2024-01-01,2024-05-19,34,186,4.9
8521,Carabanchel,part_time,2024-09-12,2024-12-31,56,480,4.9
8522,Chamartín,casual,2024-01-01,2024-01-08,1,1,4.0
8523,Centro,full_time,2024-02-10,2024-04-22,59,1194,4.2
8524,Carabanchel,casual,2024-02-21,2024-06-09,26,112,4.9
8525,Puente de Vallecas,casual,2024-09-21,2024-12-31,16,66,4.8
8526,Chamberí,part_time,2024-09-07,2024-12-09,49,442,3.5
8527,Ciudad Lineal,part_time,2024-01-01,2024-08-10,96,859,3.8
8528,Tetuán,part_time,2024-09-23,2024-12-31,45,428,4.1
8529,Usera,part_time,2024-09-17,2024-12-31,43,397,4.6
8530,Vicálvaro,casual,2024-05-30,2024-08-13,18,86,4.1
8531,San Blas - Canillejas,part_time,2024-04-12,2024-09-28,79,649,3.8
8532,Barajas,casual,2024-01-08,2024-12-31,69,374,4.7
8533,Centro,casual,2024-01-01,2024-03-17,23,118,4.0
8534,Hortaleza,full_time,2024-09-20,2024-12-31,89,1833,3.7
8535,Hortaleza,part_time,2024-06-07,2024-12-31,83,748,4.5
8536,Centro,casual,2024-10-09,2024-12-31,14,63,4.8
8537,Villaverde,casual,2024-10-05,2024-12-31,18,98,4.4
8538,Moncloa - Aravaca,full_time,2024-09-28,2024-12-10,62,1195,5.0
8539,Latina,casual,2024-07-24,2024-12-31,36,166,4.8
8540,Ciudad Lineal,casual,2024-11-30,2024-12-31,6,32,3.9
8541,Salamanca,casual,2024-03-22,2024-12-31,60,310,4.0
8542,Puente de Vallecas,casual,2024-10-15,2024-12-31,16,74,3.8
8543,San Blas - Canillejas,casual,2024-09-14,2024-12-31,28,139,4.3
8544,Vicálvaro,full_time,2024-01-01,2024-07-16,157,3070,4.5
8545,Fuencarral - El Pardo,casual,2024-02-18,2024-12-31,74,349,4.6
8546,Puente de Vallecas,casual,2024-08-01,2024-12-31,35,177,4.3
8547,Carabanchel,part_time,2024-01-01,2024-02-17,19,183,3.7
8548,Carabanchel,part_time,2024-04-13,2024-10-24,94,861,3.9
8549,Puente de Vallecas,part_time,2024-01-01,2024-01-02,1,1,4.2
8550,Villa de Vallecas,part_time,2024-01-27,2024-04-17,40,354,3.9
8551,Puente de Vallecas,part_time,2024-05-08,2024-08-12,39,377,3.6
8552,Chamartín,part_time,2024-01-01,2024-08-11,90,772,4.8
8553,San Blas - Canillejas,part_time,2024-09-17,2024-12-21,39,336,4.3
8554,Puente de Vallecas,part_time,2024-07-17,2024-10-20,45,422,4.4
8555,Ciudad Lineal,part_time,2024-01-01,2024-05-21,65,596,3.7
8556,Retiro,casual,2024-01-01,2024-01-13,1,6,4.9
8557,Chamartín,part_time,2024-01-01,2024-05-13,58,542,4.8
8558,Usera,part_time,2024-05-29,2024-08-22,42,388,4.1
8559,Centro,casual,2024-09-13,2024-12-17,14,71,3.8
8560,Hortaleza,full_time,2024-07-02,2024-10-05,80,1602,4.7
8561,Carabanchel,casual,2024-01-01,2024-01-25,10,48,4.4
8562,Chamartín,casual,2024-01-01,2024-12-07,68,339,4.7
8563,Tetuán,full_time,2024-12-13,2024-12-31,17,335,4.2
8564,Ciudad Lineal,casual,2024-11-19,2024-12-31,8,49,4.8
8565,Usera,casual,2024-06-27,2024-12-31,46,253,4.6
8566,Fuencarral - El Pardo,casual,2024-02-20,2024-05-04,21,107,4.0
8567,Vicálvaro,full_time,2024-01-01,2024-01-10,6,117,4.6
8568,San Blas - Canillejas,casual,2024-04-24,2024-07-29,19,98,4.0
8569,Centro,part_time,2024-03-12,2024-06-25,44,393,4.1
8570,San Blas - Canillejas,part_time,2024-08-05,2024-11-06,43,416,4.1
8571,Tetuán,part_time,2024-01-01,2024-02-20,20,205,4.1
8572,Barajas,full_time,2024-11-05,2024-12-31,46,944,4.6
8573,Ciudad Lineal,part_time,2024-08-09,2024-12-31,68,620,3.9
8574,Vicálvaro,casual,2024-12-15,2024-12-31,3,14,4.0
8575,Salamanca,full_time,2024-10-30,2024-12-31,56,1106,4.3
8576,Tetuán,casual,2024-01-01,2024-11-08,61,311,3.9
8577,Fuencarral - El Pardo,casual,2024-08-07,2024-10-15,19,105,3.7
8578,Villaverde,casual,2024-10-21,2024-12-31,11,62,4.6
8579,Moncloa - Aravaca,part_time,2024-01-01,2024-04-06,38,350,4.4
8580,Moncloa - Aravaca,casual,2024-01-01,2024-01-05,1,6,4.9
8581,Retiro,part_time,2024-02-10,2024-05-24,43,375,4.6
8582,Moncloa - Aravaca,casual,2024-04-23,2024-07-15,15,70,4.4
8583,Usera,casual,2024-07-07,2024-10-21,19,101,3.9
8584,Vicálvaro,casual,2024-02-15,2024-04-24,22,120,3.8
8585,Villaverde,part_time,2024-04-26,2024-07-16,35,352,4.3
8586,Chamartín,casual,2024-06-21,2024-12-22,41,196,4.2
8587,Villaverde,casual,2024-10-14,2024-12-31,17,85,4.1
8588,Retiro,casual,2024-01-01,2024-04-29,30,155,4.2
8589,Tetuán,casual,2024-10-04,2024-12-19,27,126,3.8
8590,Centro,part_time,2024-12-03,2024-12-31,10,80,4.1
8591,Barajas,casual,2024-02-15,2024-08-09,47,215,3.6
8592,San Blas - Canillejas,casual,2024-05-08,2024-10-20,42,204,4.3
8593,Fuencarral - El Pardo,full_time,2024-01-01,2024-01-05,4,78,4.3
8594,Arganzuela,casual,2024-08-23,2024-11-15,20,105,4.5
8595,Puente de Vallecas,casual,2024-09-29,2024-12-31,18,88,4.6
8596,Hortaleza,part_time,2024-01-01,2024-01-10,4,31,4.5
8597,Ciudad Lineal,part_time,2024-10-21,2024-12-31,37,315,4.7
8598,Moratalaz,part_time,2024-01-01,2024-03-06,39,368,3.7
8599,Usera,casual,2024-09-07,2024-12-31,13,70,4.8
8600,Hortaleza,casual,2024-06-15,2024-08-23,15,82,4.1
8601,Tetuán,casual,2024-01-01,2024-09-27,54,313,4.5
8602,Hortaleza,casual,2024-11-30,2024-12-31,8,35,3.7
8603,Latina,casual,2024-06-07,2024-11-24,39,177,3.8
8604,Moncloa - Aravaca,full_time,2024-01-01,2024-01-19,13,282,4.9
8605,Hortaleza,part_time,2024-08-29,2024-12-31,41,356,3.7
8606,Moratalaz,casual,2024-01-01,2024-03-27,22,108,4.2
8607,San Blas - Canillejas,casual,2024-11-27,2024-12-31,7,27,3.6
8608,Tetuán,part_time,2024-01-01,2024-03-15,32,262,3.6
8609,San Blas - Canillejas,casual,2024-03-18,2024-10-01,38,184,5.0
8610,Carabanchel,casual,2024-04-11,2024-10-17,51,245,4.5
8611,Vicálvaro,casual,2024-02-20,2024-12-31,73,396,4.5
8612,Puente de Vallecas,part_time,2024-05-28,2024-09-04,42,402,3.9
8613,Hortaleza,part_time,2024-01-01,2024-11-16,143,1277,3.7
8614,Fuencarral - El Pardo,casual,2024-06-09,2024-12-31,48,285,4.4
8615,San Blas - Canillejas,casual,2024-01-01,2024-04-22,18,75,3.9
8616,Arganzuela,part_time,2024-09-09,2024-12-31,50,464,3.9
8617,Centro,part_time,2024-01-01,2024-01-18,6,49,4.1
8618,Chamartín,part_time,2024-09-07,2024-12-31,53,422,3.8
8619,Carabanchel,casual,2024-08-16,2024-12-31,32,176,4.9
8620,Tetuán,part_time,2024-09-14,2024-12-31,48,405,4.4
8621,Villaverde,full_time,2024-02-13,2024-05-16,83,1628,3.6
8622,Puente de Vallecas,part_time,2024-10-24,2024-12-31,29,279,4.2
8623,San Blas - Canillejas,casual,2024-08-15,2024-11-07,17,73,4.3
8624,Carabanchel,part_time,2024-12-18,2024-12-31,6,49,4.0
8625,Arganzuela,casual,2024-01-01,2024-01-10,1,3,4.8
8626,Chamartín,casual,2024-07-31,2024-12-31,37,170,4.3
8627,Moncloa - Aravaca,casual,2024-07-14,2024-10-08,17,90,3.9
8628,Villaverde,full_time,2024-12-27,2024-12-31,4,75,4.3
8629,Villaverde,casual,2024-05-01,2024-07-13,15,71,4.6
8630,Fuencarral - El Pardo,full_time,2024-02-16,2024-05-03,64,1359,4.0
8631,San Blas - Canillejas,casual,2024-11-06,2024-12-31,16,96,4.8
8632,San Blas - Canillejas,casual,2024-01-12,2024-06-20,30,148,3.6
8633,Puente de Vallecas,casual,2024-06-03,2024-12-31,44,234,3.9
8634,Usera,part_time,2024-02-18,2024-06-06,52,464,4.9
8635,Tetuán,casual,2024-12-07,2024-12-31,6,33,3.9
8636,Barajas,casual,2024-04-25,2024-10-05,30,162,3.6
8637,Latina,casual,2024-02-13,2024-05-31,21,117,3.6
8638,Villa de Vallecas,casual,2024-09-26,2024-12-31,13,66,4.6
8639,Hortaleza,casual,2024-01-01,2024-02-02,7,37,4.0
8640,Hortaleza,casual,2024-01-01,2024-03-09,8,36,4.6
8641,San Blas - Canillejas,casual,2024-10-21,2024-12-29,18,91,4.5
8642,San Blas - Canillejas,full_time,2024-01-01,2024-08-21,189,3763,4.6
8643,Carabanchel,casual,2024-01-01,2024-05-09,32,155,4.9
8644,Chamartín,casual,2024-06-22,2024-10-01,23,83,4.7
8645,Carabanchel,casual,2024-01-30,2024-04-25,21,99,3.7
8646,Fuencarral - El Pardo,casual,2024-12-26,2024-12-31,4,17,4.9
8647,Centro,part_time,2024-10-10,2024-12-31,37,359,4.0
8648,Usera,casual,2024-10-11,2024-12-31,21,95,4.7
8649,Fuencarral - El Pardo,casual,2024-10-15,2024-12-31,17,103,4.3
8650,Puente de Vallecas,part_time,2024-11-09,2024-12-31,26,260,3.8
8651,Ciudad Lineal,casual,2024-03-17,2024-05-28,19,106,4.5
8652,Moncloa - Aravaca,full_time,2024-07-02,2024-12-31,156,3152,4.5
8653,Carabanchel,full_time,2024-10-25,2024-12-31,54,1058,4.9
8654,Carabanchel,casual,2024-07-09,2024-12-31,38,177,4.1
8655,Retiro,casual,2024-12-30,2024-12-31,1,5,4.6
8656,Carabanchel,casual,2024-11-02,2024-12-31,12,58,4.3
8657,Vicálvaro,casual,2024-01-01,2024-02-08,7,28,4.3
8658,Carabanchel,casual,2024-05-14,2024-08-21,30,153,4.0
8659,Villa de Vallecas,part_time,2024-02-10,2024-05-03,36,321,4.0
8660,Vicálvaro,casual,2024-10-23,2024-12-31,12,67,4.7
8661,Chamberí,casual,2024-11-16,2024-12-31,11,50,4.5
8662,Salamanca,casual,2024-05-02,2024-11-14,45,228,4.5
8663,Retiro,full_time,2024-01-01,2024-02-02,24,453,4.9
8664,Carabanchel,full_time,2024-02-26,2024-06-13,85,1753,4.5
8665,Chamartín,casual,2024-01-06,2024-03-24,20,123,4.6
8666,Villaverde,part_time,2024-05-27,2024-09-03,40,407,4.7
8667,Moncloa - Aravaca,casual,2024-12-23,2024-12-31,4,29,4.1
8668,Fuencarral - El Pardo,part_time,2024-01-10,2024-07-05,83,783,4.2
8669,Puente de Vallecas,part_time,2024-08-12,2024-12-31,62,549,5.0
8670,Usera,full_time,2024-10-17,2024-12-31,64,1265,4.3
8671,Villa de Vallecas,casual,2024-10-15,2024-12-31,17,79,4.1
8672,Villa de Vallecas,casual,2024-01-01,2024-03-11,14,68,3.6
8673,Hortaleza,full_time,2024-01-01,2024-05-13,112,2322,3.8
8674,Villaverde,casual,2024-01-01,2024-06-12,40,204,4.7
8675,Moncloa - Aravaca,casual,2024-02-03,2024-05-20,21,115,4.9
8676,Retiro,part_time,2024-01-01,2024-01-25,9,84,4.7
8677,San Blas - Canillejas,part_time,2024-04-15,2024-10-31,78,708,4.7
8678,Tetuán,part_time,2024-09-04,2024-12-04,49,461,4.8
8679,Chamberí,part_time,2024-02-11,2024-04-24,36,319,4.2
8680,Puente de Vallecas,part_time,2024-07-26,2024-10-08,40,357,3.7
8681,Centro,casual,2024-02-08,2024-12-31,62,299,4.4
8682,Centro,part_time,2024-01-01,2024-02-14,20,177,4.9
8683,Moncloa - Aravaca,part_time,2024-02-02,2024-04-15,40,357,4.2
8684,Vicálvaro,full_time,2024-01-25,2024-04-18,70,1358,4.7
8685,Moratalaz,casual,2024-03-27,2024-09-24,49,265,4.8
8686,Barajas,casual,2024-07-18,2024-10-07,18,95,3.6
8687,Retiro,part_time,2024-01-01,2024-08-08,106,953,4.1
8688,Fuencarral - El Pardo,casual,2024-01-01,2024-02-28,15,81,4.2
8689,Carabanchel,casual,2024-01-01,2024-07-14,44,251,4.1
8690,Hortaleza,part_time,2024-01-01,2024-01-22,11,99,3.9
8691,Ciudad Lineal,casual,2024-09-10,2024-11-30,15,70,4.2
8692,Tetuán,casual,2024-07-19,2024-12-31,51,262,4.6
8693,Villaverde,casual,2024-07-06,2024-12-28,36,162,4.5
8694,Carabanchel,casual,2024-07-09,2024-10-09,13,55,4.9
8695,Ciudad Lineal,part_time,2024-01-01,2024-06-15,79,760,4.6
8696,Hortaleza,casual,2024-01-01,2024-03-05,12,76,4.6
8697,Hortaleza,casual,2024-05-25,2024-11-25,45,200,3.9
8698,Villaverde,casual,2024-08-12,2024-12-31,25,131,3.5
8699,Barajas,casual,2024-09-18,2024-12-31,24,118,4.3
8700,Chamartín,casual,2024-08-31,2024-11-21,20,109,4.7
8701,Carabanchel,casual,2024-07-30,2024-10-24,25,130,4.1
8702,Centro,casual,2024-10-11,2024-12-31,22,94,4.7
8703,Salamanca,casual,2024-08-20,2024-12-31,34,162,4.4
8704,Ciudad Lineal,casual,2024-12-06,2024-12-31,9,38,4.0
8705,Usera,casual,2024-01-01,2024-01-03,2,8,4.0
8706,San Blas - Canillejas,casual,2024-01-01,2024-03-20,18,89,4.5
8707,San Blas - Canillejas,casual,2024-06-26,2024-09-17,22,119,4.4
8708,Chamartín,casual,2024-04-04,2024-06-30,19,104,3.6
8709,Usera,casual,2024-01-01,2024-09-05,63,321,4.3
8710,Salamanca,casual,2024-08-10,2024-12-31,30,170,3.6
8711,Latina,part_time,2024-04-24,2024-10-16,88,775,4.3
8712,Retiro,casual,2024-06-02,2024-08-23,19,95,4.9
8713,Villaverde,part_time,2024-01-01,2024-01-28,9,84,3.6
8714,Villaverde,part_time,2024-01-01,2024-11-26,164,1467,4.2
8715,Salamanca,casual,2024-07-08,2024-10-01,16,92,4.7
8716,Moncloa - Aravaca,casual,2024-01-25,2024-05-12,25,109,4.1
8717,Carabanchel,casual,2024-01-08,2024-04-22,29,144,4.0
8718,Moncloa - Aravaca,casual,2024-02-07,2024-12-31,65,310,4.4
8719,Chamartín,casual,2024-11-20,2024-12-31,13,77,4.8
8720,Usera,casual,2024-01-01,2024-02-21,8,44,4.8
8721,Carabanchel,part_time,2024-03-05,2024-05-15,34,328,3.9
8722,Latina,casual,2024-01-01,2024-02-12,8,29,5.0
8723,Ciudad Lineal,part_time,2024-02-29,2024-05-28,40,336,3.7
8724,Ciudad Lineal,part_time,2024-08-18,2024-11-05,36,312,3.8
8725,Hortaleza,casual,2024-01-01,2024-08-20,47,243,4.6
8726,Hortaleza,full_time,2024-03-25,2024-07-05,84,1714,4.8
8727,Carabanchel,full_time,2024-11-26,2024-12-31,29,562,3.8
8728,Fuencarral - El Pardo,casual,2024-03-06,2024-06-08,26,135,4.0
8729,Carabanchel,casual,2024-06-05,2024-09-03,24,108,3.6
8730,San Blas - Canillejas,casual,2024-12-01,2024-12-31,10,61,4.2
8731,Vicálvaro,casual,2024-05-13,2024-08-29,21,106,4.3
8732,Ciudad Lineal,casual,2024-01-01,2024-03-21,18,83,4.4
8733,Tetuán,casual,2024-01-01,2024-03-18,19,99,3.8
8734,Moncloa - Aravaca,casual,2024-11-14,2024-12-31,11,54,3.9
8735,Chamartín,part_time,2024-11-08,2024-12-31,22,204,4.6
8736,Fuencarral - El Pardo,casual,2024-01-01,2024-05-13,32,176,3.7
8737,Ciudad Lineal,casual,2024-03-31,2024-12-31,54,249,3.5
8738,Villa de Vallecas,casual,2024-01-01,2024-03-18,14,52,4.1
8739,Ciudad Lineal,part_time,2024-01-05,2024-04-18,40,341,4.4
8740,Puente de Vallecas,part_time,2024-11-24,2024-12-31,22,196,4.8
8741,Puente de Vallecas,casual,2024-01-01,2024-10-20,55,272,3.6
8742,Chamartín,part_time,2024-01-01,2024-06-01,72,687,4.0
8743,Barajas,casual,2024-06-07,2024-08-17,18,94,4.8
8744,Vicálvaro,part_time,2024-10-26,2024-12-31,28,242,4.6
8745,Moncloa - Aravaca,part_time,2024-10-19,2024-12-31,38,360,4.4
8746,Villaverde,casual,2024-07-04,2024-12-19,31,153,3.5
8747,Carabanchel,part_time,2024-10-07,2024-12-31,45,397,4.2
8748,Puente de Vallecas,full_time,2024-09-18,2024-12-31,82,1660,5.0
8749,Puente de Vallecas,part_time,2024-12-15,2024-12-31,10,86,4.5
8750,Ciudad Lineal,casual,2024-06-28,2024-12-21,39,200,4.7
8751,Usera,part_time,2024-03-13,2024-12-31,159,1466,4.3
8752,Hortaleza,casual,2024-11-18,2024-12-31,12,62,4.0
8753,Ciudad Lineal,part_time,2024-01-01,2024-09-19,136,1268,4.0
8754,Chamartín,part_time,2024-05-13,2024-08-14,37,351,4.7
8755,Ciudad Lineal,casual,2024-10-13,2024-12-31,14,81,4.2
8756,Carabanchel,casual,2024-12-16,2024-12-31,2,10,4.0
8757,Latina,casual,2024-02-24,2024-08-15,40,196,4.5
8758,Salamanca,casual,2024-07-05,2024-09-15,14,79,5.0
8759,Hortaleza,casual,2024-10-16,2024-12-31,20,113,4.1
8760,Villaverde,casual,2024-01-20,2024-12-31,83,397,3.7
8761,Tetuán,part_time,2024-02-07,2024-08-10,73,660,4.5
8762,Chamberí,casual,2024-01-01,2024-01-29,8,46,4.1
8763,Centro,casual,2024-01-01,2024-04-25,21,104,4.4
8764,Usera,part_time,2024-02-21,2024-06-05,45,383,5.0
8765,Hortaleza,casual,2024-03-23,2024-07-09,21,109,4.2
8766,San Blas - Canillejas,casual,2024-07-24,2024-12-31,35,157,4.0
8767,San Blas - Canillejas,part_time,2024-01-01,2024-03-18,38,384,5.0
8768,Tetuán,full_time,2024-01-01,2024-02-02,26,555,4.5
8769,Hortaleza,part_time,2024-06-23,2024-09-29,47,407,4.0
8770,Centro,casual,2024-01-01,2024-01-06,1,5,4.0
8771,Chamberí,casual,2024-11-29,2024-12-31,8,42,4.4
8772,Vicálvaro,full_time,2024-01-16,2024-04-30,95,1874,4.0
8773,Chamartín,part_time,2024-10-18,2024-12-31,38,327,4.7
8774,Carabanchel,part_time,2024-04-04,2024-06-14,42,372,3.8
8775,Moratalaz,part_time,2024-12-31,2024-12-31,1,10,3.8
8776,Villaverde,casual,2024-05-25,2024-08-10,11,47,3.8
8777,Chamberí,casual,2024-12-15,2024-12-31,7,36,4.8
8778,Centro,part_time,2024-03-12,2024-09-16,81,740,3.6
8779,Moncloa - Aravaca,full_time,2024-08-19,2024-12-03,91,1818,4.4
8780,Villaverde,casual,2024-01-01,2024-01-30,8,54,4.8
8781,Tetuán,part_time,2024-03-03,2024-08-30,77,673,3.8
8782,Barajas,casual,2024-02-01,2024-05-04,20,119,4.9
8783,Carabanchel,full_time,2024-09-25,2024-12-31,83,1632,4.6
8784,Chamartín,casual,2024-02-03,2024-12-31,74,362,3.8
8785,Moncloa - Aravaca,part_time,2024-06-18,2024-12-15,74,641,5.0
8786,San Blas - Canillejas,casual,2024-01-01,2024-05-22,34,199,4.7
8787,Moratalaz,part_time,2024-01-01,2024-02-21,24,204,3.6
8788,Villaverde,part_time,2024-05-12,2024-12-31,100,905,4.7
8789,Hortaleza,casual,2024-05-03,2024-07-11,18,87,4.4
8790,Ciudad Lineal,part_time,2024-04-02,2024-07-14,50,442,4.8
8791,San Blas - Canillejas,full_time,2024-12-05,2024-12-31,18,328,4.4
8792,San Blas - Canillejas,full_time,2024-01-01,2024-02-26,48,944,4.7
8793,Carabanchel,casual,2024-06-23,2024-12-11,35,191,4.7
8794,Ciudad Lineal,part_time,2024-01-01,2024-01-29,17,155,4.7
8795,Ciudad Lineal,part_time,2024-08-07,2024-11-15,56,514,3.6
8796,Moncloa - Aravaca,part_time,2024-05-14,2024-10-21,66,599,4.5
8797,Moncloa - Aravaca,casual,2024-08-26,2024-12-04,27,144,4.8
8798,San Blas - Canillejas,part_time,2024-08-15,2024-12-31,69,575,4.9
8799,Latina,casual,2024-01-01,2024-03-01,13,67,4.7
8800,Fuencarral - El Pardo,casual,2024-02-03,2024-05-05,24,119,4.0
8801,Usera,casual,2024-01-01,2024-05-20,35,172,4.8
8802,Tetuán,casual,2024-07-12,2024-09-23,20,98,3.5
8803,Fuencarral - El Pardo,casual,2024-01-01,2024-05-19,33,199,4.7
8804,Villa de Vallecas,casual,2024-05-30,2024-08-18,19,109,4.2
8805,Chamartín,part_time,2024-04-14,2024-07-26,46,443,4.8
8806,Centro,casual,2024-07-02,2024-09-15,20,101,4.3
8807,Usera,casual,2024-01-25,2024-07-04,34,182,4.1
8808,Latina,part_time,2024-11-26,2024-12-31,18,169,4.8
8809,San Blas - Canillejas,full_time,2024-12-16,2024-12-31,15,297,4.0
8810,Carabanchel,full_time,2024-01-01,2024-09-13,217,4370,4.2
8811,Villa de Vallecas,part_time,2024-11-23,2024-12-31,19,160,4.8
8812,Hortaleza,full_time,2024-09-08,2024-12-31,95,1952,3.5
8813,Hortaleza,part_time,2024-01-01,2024-04-16,48,410,4.0
8814,Usera,full_time,2024-06-11,2024-09-19,78,1504,4.7
8815,Moncloa - Aravaca,full_time,2024-03-28,2024-06-17,63,1260,4.8
8816,Retiro,casual,2024-10-01,2024-12-31,21,105,3.7
8817,Centro,full_time,2024-11-02,2024-12-31,53,1011,4.2
8818,Centro,part_time,2024-07-07,2024-10-19,45,389,4.0
8819,Tetuán,part_time,2024-07-19,2024-10-08,36,344,5.0
8820,Centro,full_time,2024-08-05,2024-12-31,121,2333,4.3
8821,Hortaleza,casual,2024-04-02,2024-09-25,29,175,4.1
8822,Fuencarral - El Pardo,casual,2024-05-10,2024-07-28,15,87,4.8
8823,Centro,part_time,2024-06-12,2024-09-18,42,375,4.6
8824,Chamberí,part_time,2024-10-09,2024-12-31,35,337,4.6
8825,Moncloa - Aravaca,full_time,2024-04-18,2024-12-31,220,4333,4.4
8826,Salamanca,full_time,2024-01-01,2024-03-21,66,1268,4.1
8827,Chamartín,part_time,2024-01-01,2024-03-15,41,368,3.6
8828,Vicálvaro,full_time,2024-04-02,2024-07-14,89,1794,4.5
8829,Villa de Vallecas,casual,2024-07-28,2024-10-28,25,160,4.1
8830,Carabanchel,full_time,2024-03-17,2024-07-04,97,1889,4.2
8831,Chamberí,casual,2024-03-23,2024-06-24,17,87,4.9
8832,Villaverde,part_time,2024-11-13,2024-12-31,24,201,4.6
8833,Villa de Vallecas,casual,2024-11-03,2024-12-31,12,50,4.7
8834,Puente de Vallecas,part_time,2024-05-13,2024-07-30,35,334,4.6
8835,Chamartín,casual,2024-08-25,2024-11-24,19,93,4.1
8836,Chamartín,casual,2024-05-02,2024-07-19,27,141,4.3
8837,Moncloa - Aravaca,part_time,2024-07-11,2024-09-19,37,323,4.3
8838,Fuencarral - El Pardo,part_time,2024-01-01,2024-05-29,74,682,3.9
8839,Villaverde,casual,2024-04-07,2024-09-23,31,141,4.4
8840,San Blas - Canillejas,part_time,2024-07-20,2024-10-23,47,434,4.1
8841,Fuencarral - El Pardo,casual,2024-03-01,2024-08-30,42,241,3.6
8842,Usera,casual,2024-09-13,2024-12-12,24,121,5.0
8843,Fuencarral - El Pardo,casual,2024-01-23,2024-05-05,20,121,4.1
8844,Salamanca,part_time,2024-01-01,2024-01-10,5,51,4.0
8845,Villaverde,part_time,2024-11-21,2024-12-31,14,105,4.4
8846,Villa de Vallecas,part_time,2024-01-19,2024-07-15,90,807,4.2
8847,Latina,part_time,2024-01-20,2024-04-26,52,433,5.0
8848,Latina,part_time,2024-04-30,2024-08-10,47,386,3.6
8849,Moncloa - Aravaca,part_time,2024-01-31,2024-04-21,34,330,4.7
8850,Salamanca,full_time,2024-09-04,2024-11-21,64,1268,3.5
8851,Puente de Vallecas,casual,2024-02-13,2024-05-22,26,140,3.8
8852,Chamartín,casual,2024-12-28,2024-12-31,1,1,3.8
8853,Carabanchel,casual,2024-02-16,2024-05-02,13,59,4.0
8854,Fuencarral - El Pardo,part_time,2024-03-22,2024-06-10,40,356,4.8
8855,Barajas,casual,2024-05-29,2024-09-10,20,114,3.9
8856,San Blas - Canillejas,casual,2024-01-01,2024-01-02,1,7,4.3
8857,Puente de Vallecas,full_time,2024-01-01,2024-01-02,1,1,4.2
8858,Hortaleza,full_time,2024-01-12,2024-04-18,82,1571,3.9
8859,Retiro,casual,2024-01-01,2024-02-13,7,39,4.2
8860,Vicálvaro,casual,2024-07-12,2024-12-31,48,256,4.8
8861,San Blas - Canillejas,casual,2024-11-01,2024-12-31,11,60,4.5
8862,Retiro,casual,2024-04-03,2024-07-11,22,104,4.1
8863,Chamartín,full_time,2024-01-13,2024-12-31,297,5982,3.9
8864,Salamanca,part_time,2024-06-01,2024-12-04,97,879,4.3
8865,Fuencarral - El Pardo,casual,2024-01-01,2024-03-09,13,68,3.8
8866,Puente de Vallecas,casual,2024-03-22,2024-09-09,34,155,3.7
8867,Latina,casual,2024-12-09,2024-12-31,4,15,3.6
8868,Fuencarral - El Pardo,casual,2024-01-01,2024-04-07,15,70,3.5
8869,Ciudad Lineal,casual,2024-01-01,2024-02-09,12,62,5.0
8870,Tetuán,part_time,2024-01-01,2024-06-05,74,656,4.0
8871,Hortaleza,casual,2024-06-02,2024-09-14,23,108,3.6
8872,Puente de Vallecas,full_time,2024-10-21,2024-12-31,61,1198,4.4
8873,Salamanca,casual,2024-01-01,2024-09-13,66,348,4.2
8874,Chamartín,part_time,2024-03-20,2024-05-31,34,314,4.4
8875,Vicálvaro,casual,2024-03-13,2024-06-02,20,109,4.3
8876,Villa de Vallecas,casual,2024-09-07,2024-12-31,35,159,3.7
8877,Fuencarral - El Pardo,full_time,2024-01-01,2024-12-01,282,5599,4.6
8878,Tetuán,part_time,2024-01-01,2024-08-27,102,935,4.1
8879,Barajas,casual,2024-01-01,2024-04-09,22,108,5.0
8880,Retiro,casual,2024-01-01,2024-03-31,16,88,4.4
8881,Moncloa - Aravaca,part_time,2024-12-20,2024-12-31,5,45,4.2
8882,Fuencarral - El Pardo,full_time,2024-05-09,2024-08-12,80,1622,4.0
8883,Carabanchel,part_time,2024-01-01,2024-02-04,14,143,4.3
8884,Puente de Vallecas,casual,2024-11-17,2024-12-31,11,65,4.2
8885,Centro,casual,2024-11-28,2024-12-31,12,49,4.3
8886,Chamartín,casual,2024-01-30,2024-04-14,18,92,5.0
8887,Hortaleza,casual,2024-01-05,2024-06-16,32,174,4.1
8888,Tetuán,part_time,2024-12-13,2024-12-31,7,56,3.9
8889,Retiro,part_time,2024-01-01,2024-01-09,2,28,4.1
8890,Moncloa - Aravaca,casual,2024-02-25,2024-05-29,19,87,3.6
8891,Fuencarral - El Pardo,part_time,2024-04-07,2024-07-22,46,419,4.2
8892,Fuencarral - El Pardo,part_time,2024-09-16,2024-12-21,39,376,4.9
8893,Chamberí,part_time,2024-03-23,2024-06-14,40,382,3.8
8894,Chamartín,casual,2024-02-25,2024-06-07,17,78,3.6
8895,Centro,casual,2024-08-03,2024-12-31,35,184,3.5
8896,Puente de Vallecas,casual,2024-10-25,2024-12-31,15,83,4.5
8897,Villa de Vallecas,casual,2024-01-01,2024-03-09,20,96,4.6
8898,Villaverde,casual,2024-01-01,2024-04-14,24,101,4.5
8899,Puente de Vallecas,casual,2024-08-04,2024-10-16,18,87,4.5
8900,Hortaleza,casual,2024-03-01,2024-05-20,23,107,4.7
8901,Retiro,casual,2024-08-06,2024-10-23,19,70,4.8
8902,Usera,full_time,2024-01-01,2024-03-18,66,1278,4.0
8903,Carabanchel,part_time,2024-10-03,2024-12-31,41,357,4.4
8904,Latina,casual,2024-01-01,2024-08-22,56,273,4.5
8905,Carabanchel,full_time,2024-01-01,2024-09-01,199,3839,4.0
8906,Latina,casual,2024-01-09,2024-03-18,19,102,4.5
8907,Salamanca,casual,2024-01-01,2024-04-27,26,124,4.5
8908,Carabanchel,part_time,2024-03-17,2024-12-31,136,1223,3.5
8909,Centro,casual,2024-06-27,2024-09-18,22,85,3.6
8910,Latina,casual,2024-08-28,2024-12-31,23,104,4.6
8911,Hortaleza,casual,2024-04-13,2024-12-31,61,308,3.6
8912,Moncloa - Aravaca,casual,2024-01-01,2024-11-01,64,326,4.3
8913,Hortaleza,part_time,2024-09-18,2024-12-31,45,406,3.6
8914,Puente de Vallecas,casual,2024-01-01,2024-01-08,1,7,4.7
8915,Centro,casual,2024-08-20,2024-11-09,16,72,4.3
8916,Moratalaz,casual,2024-02-09,2024-12-31,80,392,3.8
8917,Retiro,casual,2024-01-17,2024-04-08,23,124,4.8
8918,Ciudad Lineal,casual,2024-07-25,2024-10-08,19,69,3.7
8919,Carabanchel,full_time,2024-12-25,2024-12-31,6,112,4.9
8920,Carabanchel,part_time,2024-03-05,2024-06-09,44,408,5.0
8921,Tetuán,casual,2024-07-27,2024-10-06,16,96,4.5
8922,Vicálvaro,part_time,2024-01-01,2024-11-17,140,1286,4.8
8923,Fuencarral - El Pardo,casual,2024-03-20,2024-07-04,24,126,4.7
8924,Barajas,casual,2024-02-08,2024-05-25,36,192,4.2
8925,Tetuán,casual,2024-01-30,2024-04-10,18,92,3.7
8926,Fuencarral - El Pardo,casual,2024-01-01,2024-05-12,29,134,3.6
8927,Arganzuela,part_time,2024-08-31,2024-12-31,60,571,3.7
8928,Tetuán,full_time,2024-01-01,2024-08-24,198,3949,4.3
8929,Arganzuela,casual,2024-01-28,2024-12-31,85,415,3.6
8930,Barajas,casual,2024-01-02,2024-04-08,24,129,4.2
8931,Carabanchel,part_time,2024-01-01,2024-06-04,70,640,3.9
8932,Latina,casual,2024-07-01,2024-09-18,20,104,4.8
8933,Moncloa - Aravaca,casual,2024-05-14,2024-11-19,52,253,3.6
8934,Centro,full_time,2024-04-12,2024-09-25,137,2765,4.5
8935,Hortaleza,part_time,2024-08-11,2024-11-17,46,390,3.6
8936,Latina,full_time,2024-07-13,2024-10-28,87,1779,4.3
8937,Usera,casual,2024-01-01,2024-04-17,23,99,4.0
8938,Moncloa - Aravaca,casual,2024-01-01,2024-01-27,8,46,4.3
8939,San Blas - Canillejas,casual,2024-01-01,2024-05-28,28,142,3.6
8940,Usera,full_time,2024-04-17,2024-07-15,77,1514,4.3
8941,San Blas - Canillejas,casual,2024-01-01,2024-04-22,28,150,4.3
8942,Hortaleza,casual,2024-01-01,2024-12-18,84,422,4.8
8943,Chamartín,casual,2024-01-01,2024-01-18,6,33,3.6
8944,Carabanchel,part_time,2024-05-18,2024-07-26,29,245,3.7
8945,San Blas - Canillejas,part_time,2024-01-03,2024-07-15,83,709,5.0
8946,Latina,part_time,2024-12-13,2024-12-31,8,77,4.2
8947,Fuencarral - El Pardo,casual,2024-11-04,2024-12-31,10,41,4.6
8948,Hortaleza,part_time,2024-12-05,2024-12-31,17,137,3.9
8949,Moncloa - Aravaca,casual,2024-07-24,2024-11-06,24,115,4.4
8950,Barajas,casual,2024-12-17,2024-12-31,6,31,4.1
8951,Carabanchel,casual,2024-01-13,2024-03-23,16,87,4.7
8952,Barajas,casual,2024-06-02,2024-08-29,22,102,4.2
8953,Retiro,casual,2024-09-03,2024-12-12,27,151,4.5
8954,Chamartín,full_time,2024-01-01,2024-12-18,295,5974,4.0
8955,Barajas,casual,2024-01-01,2024-04-09,21,115,3.8
8956,Latina,casual,2024-07-23,2024-11-01,22,107,3.8
8957,Carabanchel,part_time,2024-12-18,2024-12-31,6,55,4.3
8958,Hortaleza,part_time,2024-04-08,2024-10-19,96,880,4.2
8959,Chamberí,casual,2024-01-01,2024-05-11,25,125,4.6
8960,Villa de Vallecas,part_time,2024-01-01,2024-01-18,5,36,4.8
8961,Chamberí,casual,2024-01-01,2024-02-15,11,53,3.6
8962,Puente de Vallecas,casual,2024-09-22,2024-12-17,25,115,4.7
8963,Fuencarral - El Pardo,part_time,2024-03-31,2024-09-16,72,685,4.8
8964,Hortaleza,part_time,2024-01-01,2024-06-01,61,500,4.6
8965,Villa de Vallecas,casual,2024-10-16,2024-12-31,18,118,4.5
8966,Fuencarral - El Pardo,casual,2024-02-26,2024-08-26,39,195,4.9
8967,Ciudad Lineal,casual,2024-09-28,2024-12-31,21,112,4.8
8968,Arganzuela,casual,2024-09-16,2024-12-31,27,121,4.1
8969,Villa de Vallecas,full_time,2024-08-04,2024-12-31,122,2371,4.5
8970,Puente de Vallecas,casual,2024-12-19,2024-12-31,3,23,4.3
8971,Puente de Vallecas,full_time,2024-10-17,2024-12-31,61,1195,3.7
8972,Chamartín,casual,2024-01-01,2024-02-24,9,47,3.8
8973,San Blas - Canillejas,part_time,2024-01-01,2024-07-10,87,767,4.3
8974,Hortaleza,casual,2024-12-07,2024-12-31,2,17,4.2
8975,Moncloa - Aravaca,casual,2024-04-29,2024-12-31,66,322,4.4
8976,Centro,casual,2024-04-22,2024-07-21,21,90,4.7
8977,Moncloa - Aravaca,casual,2024-09-24,2024-12-31,21,122,4.7
8978,Carabanchel,full_time,2024-07-22,2024-10-14,68,1395,3.9
8979,Barajas,part_time,2024-03-16,2024-06-19,48,439,3.9
8980,Vicálvaro,part_time,2024-01-01,2024-07-15,92,821,4.4
8981,Retiro,casual,2024-10-23,2024-12-31,11,51,4.1
8982,Villaverde,part_time,2024-10-11,2024-12-31,28,255,4.9
8983,Tetuán,part_time,2024-11-26,2024-12-31,14,126,4.5
8984,San Blas - Canillejas,part_time,2024-07-28,2024-12-31,65,618,3.9
8985,Ciudad Lineal,part_time,2024-01-01,2024-04-08,50,438,3.7
8986,Moncloa - Aravaca,part_time,2024-03-23,2024-06-28,50,426,4.6
8987,Vicálvaro,casual,2024-01-01,2024-08-27,60,326,4.0
8988,Ciudad Lineal,full_time,2024-02-08,2024-04-23,64,1203,3.8
8989,San Blas - Canillejas,casual,2024-09-12,2024-12-31,32,162,3.9
8990,Vicálvaro,casual,2024-01-01,2024-03-10,14,84,4.5
8991,Villa de Vallecas,full_time,2024-03-16,2024-09-24,164,3318,4.5
8992,Puente de Vallecas,casual,2024-10-18,2024-12-31,15,76,3.7
8993,Centro,casual,2024-07-30,2024-12-31,34,156,4.5
8994,Hortaleza,casual,2024-01-01,2024-05-21,27,135,4.4
8995,Barajas,casual,2024-01-01,2024-01-26,4,27,4.7
8996,Retiro,full_time,2024-04-21,2024-06-29,59,1200,3.6
8997,Villa de Vallecas,part_time,2024-06-28,2024-09-29,36,331,3.9
8998,Vicálvaro,casual,2024-10-16,2024-12-31,16,66,4.7
8999,Usera,full_time,2024-06-03,2024-08-25,60,1163,4.2
9000,Villaverde,part_time,2024-02-14,2024-04-26,32,286,4.9
9001,Hortaleza,full_time,2024-07-19,2024-12-31,139,2713,4.5
9002,Hortaleza,casual,2024-03-31,2024-07-04,18,93,3.6
9003,Barajas,casual,2024-10-11,2024-12-31,22,111,4.2
9004,Usera,casual,2024-01-01,2024-01-12,2,13,3.9
9005,Hortaleza,casual,2024-03-31,2024-07-18,22,116,4.6
9006,Hortaleza,part_time,2024-04-21,2024-07-04,31,309,3.7
9007,Retiro,casual,2024-06-20,2024-10-04,18,90,4.8
9008,Chamartín,casual,2024-01-01,2024-09-15,54,274,4.6
9009,Villaverde,part_time,2024-03-25,2024-07-08,49,438,4.4
9010,Carabanchel,casual,2024-06-21,2024-12-31,41,198,4.3
9011,Latina,casual,2024-01-01,2024-05-05,31,174,4.9
9012,Puente de Vallecas,part_time,2024-01-20,2024-04-18,43,405,4.8
9013,Hortaleza,full_time,2024-01-01,2024-03-15,59,1165,4.9
9014,Centro,casual,2024-01-31,2024-04-26,15,90,4.7
9015,Usera,full_time,2024-04-14,2024-09-23,142,2889,4.0
9016,Carabanchel,part_time,2024-01-01,2024-05-18,58,549,3.8
9017,Tetuán,part_time,2024-01-01,2024-02-22,17,146,3.9
9018,Latina,casual,2024-12-30,2024-12-31,1,1,4.9
9019,Puente de Vallecas,part_time,2024-05-06,2024-07-19,41,370,4.9
9020,Barajas,part_time,2024-10-18,2024-12-31,31,282,3.8
9021,Villaverde,casual,2024-06-24,2024-12-31,55,255,3.8
9022,Ciudad Lineal,full_time,2024-01-01,2024-03-19,72,1462,4.5
9023,Puente de Vallecas,full_time,2024-05-17,2024-08-28,85,1734,4.3
9024,Arganzuela,casual,2024-06-15,2024-09-18,21,106,4.3
9025,Salamanca,part_time,2024-01-01,2024-03-15,34,291,4.9
9026,Tetuán,casual,2024-01-01,2024-02-19,16,87,4.3
9027,Puente de Vallecas,part_time,2024-01-19,2024-05-04,51,452,4.4
9028,Chamberí,part_time,2024-01-01,2024-05-27,66,612,4.5
9029,Carabanchel,casual,2024-02-17,2024-05-02,13,60,4.3
9030,Usera,casual,2024-01-29,2024-04-23,19,101,4.4
9031,Hortaleza,casual,2024-06-12,2024-08-31,18,97,4.6
9032,San Blas - Canillejas,full_time,2024-02-25,2024-05-09,63,1229,4.9
9033,Moncloa - Aravaca,casual,2024-09-01,2024-12-31,27,132,4.9
9034,San Blas - Canillejas,full_time,2024-01-01,2024-01-25,21,421,4.5
9035,Hortaleza,casual,2024-07-17,2024-10-01,19,103,3.9
9036,Centro,casual,2024-09-17,2024-12-22,22,123,4.8
9037,Chamartín,full_time,2024-04-11,2024-07-24,78,1549,4.5
9038,Chamberí,part_time,2024-01-01,2024-08-21,93,783,4.1
9039,Fuencarral - El Pardo,casual,2024-01-01,2024-08-08,50,243,4.4
9040,Centro,casual,2024-03-14,2024-05-22,15,65,4.1
9041,Hortaleza,casual,2024-01-01,2024-02-23,10,56,4.8
9042,Latina,casual,2024-06-28,2024-09-16,21,83,4.0
9043,Hortaleza,casual,2024-06-04,2024-12-15,40,223,4.2
9044,Fuencarral - El Pardo,part_time,2024-03-18,2024-07-03,47,465,4.7
9045,Vicálvaro,casual,2024-11-30,2024-12-31,5,26,3.8
9046,Fuencarral - El Pardo,casual,2024-11-22,2024-12-31,13,67,4.3
9047,Chamartín,casual,2024-01-01,2024-08-05,51,238,4.2
9048,Carabanchel,casual,2024-08-28,2024-12-10,24,114,4.1
9049,Tetuán,full_time,2024-01-01,2024-02-25,48,979,3.7
9050,Carabanchel,casual,2024-09-10,2024-12-19,15,82,3.5
9051,Vicálvaro,casual,2024-09-03,2024-11-30,26,125,4.4
9052,Moncloa - Aravaca,part_time,2024-01-01,2024-09-15,104,951,4.3
9053,Tetuán,full_time,2024-04-08,2024-06-18,57,1085,4.9
9054,Moncloa - Aravaca,part_time,2024-06-20,2024-10-03,51,474,4.0
9055,Centro,part_time,2024-01-01,2024-07-23,100,916,3.6
9056,Tetuán,full_time,2024-06-13,2024-09-27,90,1762,4.2
9057,Ciudad Lineal,part_time,2024-11-10,2024-12-31,20,160,3.6
9058,Hortaleza,full_time,2024-04-15,2024-07-28,90,1781,3.9
9059,San Blas - Canillejas,casual,2024-01-20,2024-03-29,17,65,4.5
9060,Centro,part_time,2024-02-14,2024-12-31,138,1241,4.2
9061,Carabanchel,full_time,2024-08-01,2024-10-13,64,1264,4.0
9062,Chamartín,full_time,2024-04-15,2024-10-15,151,3030,4.7
9063,Moratalaz,casual,2024-01-01,2024-01-11,3,14,4.0
9064,Latina,part_time,2024-08-06,2024-10-26,41,355,3.7
9065,Puente de Vallecas,casual,2024-01-01,2024-01-20,6,28,3.9
9066,San Blas - Canillejas,part_time,2024-02-27,2024-08-09,75,643,4.9
9067,Tetuán,casual,2024-02-26,2024-08-06,48,236,3.9
9068,Moncloa - Aravaca,part_time,2024-10-20,2024-12-31,30,279,4.0
9069,San Blas - Canillejas,part_time,2024-10-31,2024-12-31,22,226,3.8
9070,Fuencarral - El Pardo,casual,2024-08-26,2024-12-31,31,169,4.5
9071,Ciudad Lineal,casual,2024-09-25,2024-12-31,23,113,3.9
9072,Retiro,casual,2024-01-25,2024-04-05,12,44,3.8
9073,Hortaleza,part_time,2024-08-29,2024-11-10,42,405,4.4
9074,Puente de Vallecas,part_time,2024-08-15,2024-12-31,53,483,4.6
9075,Hortaleza,part_time,2024-09-26,2024-12-04,38,325,4.4
9076,Puente de Vallecas,casual,2024-09-07,2024-12-31,25,126,4.2
9077,San Blas - Canillejas,part_time,2024-01-01,2024-03-28,45,401,5.0
9078,Villaverde,part_time,2024-01-25,2024-04-27,28,271,3.9
9079,Chamartín,casual,2024-09-25,2024-12-21,17,101,4.2
9080,Latina,casual,2024-01-01,2024-03-05,8,34,3.8
9081,Carabanchel,casual,2024-01-01,2024-03-09,15,71,4.3
9082,Carabanchel,casual,2024-12-15,2024-12-31,2,8,4.2
9083,Usera,casual,2024-12-16,2024-12-31,3,20,4.7
9084,Usera,casual,2024-03-05,2024-06-02,21,106,4.2
9085,Moncloa - Aravaca,casual,2024-01-01,2024-01-04,1,1,3.7
9086,Barajas,casual,2024-01-28,2024-08-12,47,241,4.9
9087,Chamberí,casual,2024-01-01,2024-01-12,3,11,3.9
9088,Tetuán,part_time,2024-01-01,2024-03-17,38,352,3.9
9089,San Blas - Canillejas,casual,2024-01-09,2024-04-13,22,107,4.9
9090,Fuencarral - El Pardo,casual,2024-10-20,2024-12-31,16,81,4.5
9091,Barajas,part_time,2024-03-23,2024-06-19,32,266,4.8
9092,Centro,casual,2024-01-01,2024-01-07,1,1,3.9
9093,Hortaleza,casual,2024-06-10,2024-12-23,42,223,3.6
9094,Chamartín,casual,2024-01-01,2024-02-02,8,34,4.1
9095,Arganzuela,casual,2024-11-15,2024-12-31,8,51,3.9
9096,Barajas,part_time,2024-01-01,2024-06-28,84,771,4.6
9097,Villa de Vallecas,casual,2024-01-01,2024-06-22,40,197,3.8
9098,Centro,casual,2024-03-24,2024-07-05,32,168,3.6
9099,Villaverde,part_time,2024-01-01,2024-02-27,26,236,4.2
9100,Arganzuela,full_time,2024-01-01,2024-01-17,9,172,3.9
9101,Usera,casual,2024-11-21,2024-12-31,13,61,3.9
9102,Ciudad Lineal,casual,2024-10-28,2024-12-31,18,80,4.0
9103,Chamartín,casual,2024-11-23,2024-12-31,10,54,4.0
9104,Usera,part_time,2024-08-05,2024-11-07,44,390,4.2
9105,Latina,part_time,2024-01-01,2024-01-07,5,49,4.4
9106,Hortaleza,part_time,2024-12-19,2024-12-31,6,64,4.3
9107,San Blas - Canillejas,casual,2024-08-22,2024-11-16,20,109,4.4
9108,Usera,casual,2024-04-21,2024-06-29,18,98,3.7
9109,Carabanchel,part_time,2024-08-03,2024-12-31,76,671,3.6
9110,Puente de Vallecas,casual,2024-06-18,2024-09-13,19,113,4.9
9111,Usera,full_time,2024-08-01,2024-11-09,82,1701,3.8
9112,Latina,casual,2024-10-16,2024-12-25,15,83,4.7
9113,Puente de Vallecas,casual,2024-11-15,2024-12-31,11,53,3.6
9114,Tetuán,casual,2024-09-27,2024-12-31,17,86,4.5
9115,Ciudad Lineal,casual,2024-11-12,2024-12-31,7,32,4.4
9116,Chamartín,part_time,2024-05-18,2024-10-24,83,738,4.2
9117,Hortaleza,casual,2024-02-24,2024-06-08,25,104,4.1
9118,Arganzuela,part_time,2024-07-07,2024-12-25,83,745,4.8
9119,Moncloa - Aravaca,part_time,2024-06-18,2024-09-03,35,307,4.6
9120,Vicálvaro,full_time,2024-01-01,2024-02-11,35,701,4.5
9121,Vicálvaro,part_time,2024-06-21,2024-09-19,39,356,4.9
9122,Moncloa - Aravaca,full_time,2024-04-03,2024-07-13,88,1778,3.6
9123,Moncloa - Aravaca,full_time,2024-03-29,2024-06-11,58,1182,4.6
9124,Centro,casual,2024-06-13,2024-12-31,41,233,5.0
9125,Moncloa - Aravaca,full_time,2024-10-09,2024-12-31,73,1466,5.0
9126,Retiro,full_time,2024-01-01,2024-04-01,83,1698,3.8
9127,Usera,casual,2024-09-28,2024-12-31,25,114,4.7
9128,Retiro,part_time,2024-01-04,2024-03-15,30,286,3.6
9129,Moratalaz,casual,2024-06-15,2024-09-27,27,137,4.5
9130,Fuencarral - El Pardo,part_time,2024-10-25,2024-12-31,40,346,4.5
9131,Villaverde,casual,2024-10-24,2024-12-31,21,110,4.2
9132,San Blas - Canillejas,part_time,2024-02-13,2024-05-24,51,492,4.0
9133,Carabanchel,casual,2024-08-21,2024-12-31,32,153,3.9
9134,Latina,part_time,2024-11-04,2024-12-31,23,191,4.0
9135,Moncloa - Aravaca,casual,2024-01-01,2024-05-05,26,125,3.6
9136,Chamberí,part_time,2024-03-30,2024-06-21,47,433,4.0
9137,Usera,casual,2024-09-18,2024-12-29,27,123,4.3
9138,Villa de Vallecas,part_time,2024-01-01,2024-01-08,5,41,4.3
9139,Carabanchel,casual,2024-07-12,2024-10-15,15,84,4.4
9140,Carabanchel,casual,2024-01-01,2024-10-25,69,323,4.6
9141,Hortaleza,casual,2024-04-18,2024-10-02,34,170,3.7
9142,Usera,full_time,2024-01-01,2024-11-01,252,5016,4.8
9143,Chamartín,casual,2024-01-01,2024-05-22,31,153,4.0
9144,Vicálvaro,part_time,2024-03-16,2024-06-04,35,304,3.8
9145,Moncloa - Aravaca,casual,2024-10-28,2024-12-31,11,48,3.8
9146,San Blas - Canillejas,part_time,2024-06-10,2024-11-16,73,673,4.7
9147,San Blas - Canillejas,casual,2024-05-03,2024-08-08,20,93,4.2
9148,Chamberí,casual,2024-08-21,2024-11-14,19,108,3.9
9149,Villaverde,casual,2024-01-09,2024-03-21,24,120,4.9
9150,Moncloa - Aravaca,casual,2024-01-01,2024-02-15,7,25,4.4
9151,San Blas - Canillejas,casual,2024-06-14,2024-08-31,18,94,4.5
9152,Villaverde,casual,2024-01-01,2024-01-06,2,6,3.9
9153,Villaverde,casual,2024-01-01,2024-04-15,28,136,4.1
9154,San Blas - Canillejas,full_time,2024-06-09,2024-12-31,168,3347,4.0
9155,Villa de Vallecas,casual,2024-11-18,2024-12-31,11,58,3.9
9156,San Blas - Canillejas,full_time,2024-02-16,2024-05-07,70,1383,4.8
9157,Carabanchel,casual,2024-02-11,2024-07-19,34,165,3.7
9158,Villa de Vallecas,casual,2024-08-11,2024-10-30,14,67,3.6
9159,Moratalaz,casual,2024-09-19,2024-12-31,25,114,4.1
9160,Hortaleza,casual,2024-01-01,2024-05-23,35,178,4.5
9161,Vicálvaro,casual,2024-10-14,2024-12-31,13,69,4.0
9162,Puente de Vallecas,full_time,2024-12-19,2024-12-31,12,221,3.8
9163,Puente de Vallecas,part_time,2024-01-01,2024-02-10,19,164,3.6
9164,Arganzuela,part_time,2024-01-01,2024-04-15,47,449,4.7
9165,Retiro,casual,2024-08-04,2024-12-31,37,177,4.6
9166,Moncloa - Aravaca,casual,2024-01-01,2024-01-17,4,17,4.5
9167,Tetuán,part_time,2024-01-01,2024-07-25,97,858,4.6
9168,Fuencarral - El Pardo,casual,2024-10-06,2024-12-31,22,115,4.8
9169,Latina,casual,2024-08-14,2024-10-26,18,75,3.9
9170,Villa de Vallecas,casual,2024-07-24,2024-10-14,24,123,4.7
9171,Fuencarral - El Pardo,casual,2024-07-08,2024-10-04,20,109,3.7
9172,Centro,part_time,2024-05-16,2024-08-19,43,372,4.9
9173,Salamanca,casual,2024-08-26,2024-12-31,25,125,4.3
9174,Puente de Vallecas,casual,2024-10-30,2024-12-31,17,102,4.6
9175,Carabanchel,full_time,2024-09-26,2024-12-31,87,1754,4.2
9176,Puente de Vallecas,full_time,2024-05-17,2024-08-01,64,1302,4.1
9177,San Blas - Canillejas,casual,2024-09-22,2024-12-19,18,87,4.6
9178,Villaverde,casual,2024-08-21,2024-12-31,34,175,4.0
9179,Centro,part_time,2024-01-01,2024-11-21,154,1440,4.4
9180,Moncloa - Aravaca,casual,2024-01-14,2024-06-26,42,184,3.5
9181,Villaverde,casual,2024-01-01,2024-10-26,68,366,4.8
9182,Puente de Vallecas,casual,2024-03-30,2024-09-25,41,196,3.8
9183,Carabanchel,casual,2024-01-01,2024-03-06,16,93,4.4
9184,Usera,full_time,2024-01-01,2024-06-08,135,2720,4.8
9185,Retiro,part_time,2024-01-01,2024-02-15,21,199,4.5
9186,Retiro,full_time,2024-01-01,2024-02-03,27,521,4.2
9187,Ciudad Lineal,part_time,2024-02-18,2024-12-31,136,1252,4.3
9188,Hortaleza,part_time,2024-07-18,2024-12-31,75,679,4.2
9189,Barajas,part_time,2024-03-24,2024-12-31,141,1314,3.6
9190,Fuencarral - El Pardo,part_time,2024-09-01,2024-11-20,45,409,4.7
9191,Villaverde,casual,2024-02-02,2024-08-16,50,268,4.9
9192,Barajas,casual,2024-10-01,2024-12-28,18,77,4.6
9193,Salamanca,casual,2024-09-10,2024-11-30,20,99,4.8
9194,Chamartín,casual,2024-06-03,2024-12-31,45,255,4.8
9195,Retiro,casual,2024-09-16,2024-12-15,19,95,4.0
9196,Carabanchel,casual,2024-01-01,2024-05-02,33,163,4.0
9197,Carabanchel,part_time,2024-02-29,2024-12-31,158,1396,4.2
9198,Villaverde,casual,2024-07-24,2024-12-31,38,187,3.6
9199,Moratalaz,casual,2024-01-01,2024-02-13,9,52,3.6
9200,Moncloa - Aravaca,casual,2024-02-01,2024-04-19,24,111,3.5
9201,Puente de Vallecas,casual,2024-01-01,2024-12-21,82,407,4.3
9202,Chamberí,full_time,2024-02-23,2024-08-09,141,2803,4.3
9203,Barajas,casual,2024-11-21,2024-12-31,13,79,3.6
9204,Puente de Vallecas,casual,2024-09-04,2024-12-21,25,115,3.8
9205,Barajas,casual,2024-01-01,2024-01-20,5,28,4.6
9206,San Blas - Canillejas,part_time,2024-01-01,2024-11-29,154,1379,4.3
9207,Centro,part_time,2024-09-14,2024-12-13,38,331,4.7
9208,Chamartín,casual,2024-07-09,2024-12-19,47,261,3.8
9209,Hortaleza,casual,2024-05-31,2024-09-06,24,130,4.4
9210,Vicálvaro,part_time,2024-01-01,2024-02-07,17,162,3.9
9211,Hortaleza,full_time,2024-11-16,2024-12-31,37,688,4.9
9212,Latina,casual,2024-01-01,2024-10-25,72,348,4.9
9213,Villaverde,casual,2024-01-01,2024-03-06,15,79,4.0
9214,Usera,casual,2024-01-01,2024-02-07,13,69,3.7
9215,Carabanchel,casual,2024-09-05,2024-12-31,31,148,3.7
9216,Tetuán,part_time,2024-07-13,2024-09-28,34,316,3.8
9217,Barajas,full_time,2024-01-26,2024-04-24,72,1506,4.4
9218,Tetuán,full_time,2024-04-29,2024-10-08,130,2654,3.8
9219,Hortaleza,part_time,2024-12-08,2024-12-31,8,71,3.8
9220,Villaverde,casual,2024-04-07,2024-09-18,42,202,4.1
9221,Villa de Vallecas,full_time,2024-04-04,2024-06-22,71,1422,4.7
9222,Fuencarral - El Pardo,casual,2024-01-01,2024-06-20,39,222,3.7
9223,Arganzuela,casual,2024-01-01,2024-05-11,27,113,3.7
9224,Hortaleza,part_time,2024-10-27,2024-12-31,31,273,3.6
9225,Salamanca,casual,2024-01-01,2024-04-04,21,97,3.6
9226,Latina,part_time,2024-01-01,2024-01-31,13,138,3.7
9227,Moncloa - Aravaca,full_time,2024-01-01,2024-03-06,56,1107,4.7
9228,Tetuán,part_time,2024-01-05,2024-03-21,37,354,5.0
9229,Chamartín,part_time,2024-04-10,2024-07-15,45,431,3.8
9230,Villaverde,casual,2024-11-13,2024-12-31,4,20,3.8
9231,Hortaleza,casual,2024-01-01,2024-03-02,13,49,3.7
9232,Carabanchel,part_time,2024-01-01,2024-03-10,30,285,3.6
9233,Fuencarral - El Pardo,part_time,2024-04-30,2024-07-10,38,358,4.8
9234,San Blas - Canillejas,full_time,2024-11-11,2024-12-31,44,840,4.3
9235,Carabanchel,casual,2024-11-29,2024-12-31,8,45,4.0
9236,Vicálvaro,casual,2024-12-09,2024-12-31,4,20,3.8
9237,Latina,casual,2024-01-01,2024-03-10,17,85,3.8
9238,Fuencarral - El Pardo,part_time,2024-06-02,2024-12-31,107,984,3.7
9239,Villa de Vallecas,part_time,2024-06-17,2024-12-29,97,873,4.5
9240,Vicálvaro,full_time,2024-01-01,2024-01-14,10,186,4.5
9241,Chamartín,casual,2024-05-06,2024-12-31,50,235,3.7
9242,Tetuán,casual,2024-08-15,2024-11-14,15,90,3.8
9243,Chamartín,casual,2024-07-25,2024-11-02,21,109,4.7
9244,Carabanchel,casual,2024-01-08,2024-04-08,17,81,4.3
9245,Latina,casual,2024-03-13,2024-05-26,11,55,3.8
9246,Hortaleza,part_time,2024-05-05,2024-10-24,76,736,4.5
9247,Villaverde,casual,2024-01-01,2024-03-02,11,59,4.8
9248,Vicálvaro,casual,2024-01-01,2024-04-25,26,128,4.0
9249,Chamartín,part_time,2024-07-15,2024-12-31,79,734,4.6
9250,Latina,part_time,2024-01-01,2024-03-15,34,309,4.8
9251,Hortaleza,casual,2024-01-01,2024-01-08,2,14,4.0
9252,Vicálvaro,casual,2024-01-01,2024-04-10,29,134,4.9
9253,Villa de Vallecas,part_time,2024-01-01,2024-02-03,19,194,4.1
9254,Puente de Vallecas,part_time,2024-01-30,2024-05-12,56,541,3.7
9255,Centro,part_time,2024-09-12,2024-12-17,50,477,4.6
9256,Salamanca,casual,2024-09-23,2024-12-30,25,133,3.8
9257,Villa de Vallecas,casual,2024-01-01,2024-02-02,7,41,3.8
9258,Carabanchel,full_time,2024-02-25,2024-12-31,261,5120,4.5
9259,Hortaleza,casual,2024-01-01,2024-02-09,7,33,4.3
9260,Usera,casual,2024-01-06,2024-03-24,16,83,3.6
9261,Villaverde,full_time,2024-09-09,2024-12-31,97,1931,4.7
9262,Fuencarral - El Pardo,casual,2024-12-11,2024-12-31,5,23,3.5
9263,San Blas - Canillejas,part_time,2024-01-01,2024-06-01,62,572,3.8
9264,Fuencarral - El Pardo,full_time,2024-09-23,2024-12-10,68,1368,4.4
9265,Chamartín,casual,2024-01-01,2024-09-07,57,271,4.7
9266,Moncloa - Aravaca,part_time,2024-09-21,2024-12-31,40,361,4.2
9267,Hortaleza,casual,2024-06-15,2024-09-22,23,100,4.2
9268,Moncloa - Aravaca,full_time,2024-04-22,2024-11-01,160,3160,4.9
9269,Salamanca,full_time,2024-10-02,2024-12-31,78,1611,4.0
9270,Fuencarral - El Pardo,full_time,2024-07-22,2024-12-31,136,2695,4.3
9271,Latina,casual,2024-12-11,2024-12-31,2,12,4.5
9272,Fuencarral - El Pardo,part_time,2024-03-09,2024-06-18,44,383,4.9
9273,Moncloa - Aravaca,full_time,2024-12-11,2024-12-31,17,358,4.6
9274,Carabanchel,part_time,2024-10-16,2024-12-31,31,313,3.7
9275,Moncloa - Aravaca,part_time,2024-05-06,2024-08-20,54,476,4.6
9276,Latina,casual,2024-04-13,2024-09-20,35,184,4.4
9277,Latina,full_time,2024-10-21,2024-12-31,61,1269,4.7
9278,Hortaleza,casual,2024-05-13,2024-11-27,57,277,3.6
9279,Salamanca,casual,2024-01-01,2024-09-01,58,274,4.9
9280,San Blas - Canillejas,full_time,2024-01-01,2024-01-20,16,353,4.7
9281,Villa de Vallecas,full_time,2024-03-01,2024-05-10,63,1248,4.8
9282,Latina,full_time,2024-01-10,2024-04-08,74,1538,4.8
9283,Hortaleza,casual,2024-01-01,2024-03-12,19,102,3.6
9284,Fuencarral - El Pardo,casual,2024-07-31,2024-11-11,24,125,4.7
9285,Fuencarral - El Pardo,casual,2024-04-02,2024-06-27,25,130,4.6
9286,Vicálvaro,casual,2024-01-01,2024-02-11,9,39,4.5
9287,Villaverde,full_time,2024-02-29,2024-05-29,74,1507,4.1
9288,Fuencarral - El Pardo,part_time,2024-01-01,2024-03-18,34,312,3.9
9289,Chamberí,casual,2024-03-14,2024-12-31,74,378,4.4
9290,Arganzuela,casual,2024-04-04,2024-07-21,24,120,3.9
9291,Hortaleza,casual,2024-12-02,2024-12-31,6,38,4.9
9292,Centro,full_time,2024-07-01,2024-10-11,87,1742,4.4
9293,Chamberí,part_time,2024-09-13,2024-12-21,51,451,4.0
9294,Moratalaz,casual,2024-03-06,2024-05-31,24,113,3.5
9295,Puente de Vallecas,casual,2024-08-24,2024-12-31,34,168,3.7
9296,Usera,casual,2024-08-11,2024-12-31,44,211,3.9
9297,Arganzuela,casual,2024-12-26,2024-12-31,1,4,3.7
9298,Barajas,full_time,2024-04-28,2024-12-31,209,4146,4.3
9299,Vicálvaro,part_time,2024-11-24,2024-12-31,14,150,4.6
9300,Puente de Vallecas,casual,2024-10-21,2024-12-31,17,81,4.8
9301,Latina,part_time,2024-11-16,2024-12-31,20,187,4.5
9302,Tetuán,casual,2024-06-13,2024-09-28,17,82,4.4
9303,Hortaleza,casual,2024-01-25,2024-04-08,24,104,3.9
9304,Tetuán,part_time,2024-06-29,2024-09-19,43,395,4.8
9305,Latina,casual,2024-11-25,2024-12-31,9,51,4.0
9306,Chamartín,casual,2024-12-20,2024-12-31,2,7,4.6
9307,Usera,part_time,2024-12-06,2024-12-31,15,144,4.6
9308,Salamanca,full_time,2024-01-01,2024-11-13,268,5367,3.6
9309,Centro,casual,2024-08-11,2024-12-31,25,126,4.5
9310,Villaverde,part_time,2024-03-27,2024-09-23,89,817,4.9
9311,Chamartín,casual,2024-07-18,2024-12-31,29,132,4.5
9312,Hortaleza,part_time,2024-01-01,2024-11-04,142,1203,4.2
9313,Ciudad Lineal,casual,2024-03-02,2024-05-11,15,82,4.1
9314,Vicálvaro,part_time,2024-04-24,2024-07-17,38,340,3.7
9315,Villa de Vallecas,casual,2024-01-01,2024-06-13,37,167,3.8
9316,Puente de Vallecas,full_time,2024-01-01,2024-11-05,259,5118,4.8
9317,Villa de Vallecas,full_time,2024-07-07,2024-12-31,148,2844,4.1
9318,Hortaleza,casual,2024-01-16,2024-03-28,12,55,3.7
9319,San Blas - Canillejas,part_time,2024-07-05,2024-12-31,81,733,4.1
9320,Ciudad Lineal,casual,2024-01-01,2024-02-03,4,21,4.2
9321,Chamartín,part_time,2024-01-01,2024-01-01,1,1,4.0
9322,Carabanchel,casual,2024-01-21,2024-04-15,18,98,3.5
9323,Centro,casual,2024-01-01,2024-04-22,26,142,4.1
9324,Centro,part_time,2024-10-16,2024-12-31,35,294,4.8
9325,Retiro,casual,2024-09-11,2024-12-12,19,108,3.9
9326,Retiro,casual,2024-07-03,2024-12-29,33,198,4.0
9327,Centro,casual,2024-08-17,2024-11-22,21,105,4.6
9328,Villaverde,casual,2024-04-29,2024-12-31,48,244,3.7
9329,Chamartín,casual,2024-10-16,2024-12-31,9,51,4.8
9330,Puente de Vallecas,part_time,2024-04-23,2024-10-15,75,673,4.3
9331,Villaverde,part_time,2024-01-01,2024-01-09,5,45,4.3
9332,Retiro,casual,2024-09-23,2024-12-31,17,82,3.7
9333,Centro,casual,2024-01-01,2024-12-03,79,395,3.6
9334,Fuencarral - El Pardo,part_time,2024-11-30,2024-12-31,15,131,4.8
9335,Retiro,part_time,2024-11-02,2024-12-31,34,311,3.8
9336,Tetuán,part_time,2024-02-08,2024-08-05,89,810,4.2
9337,Fuencarral - El Pardo,casual,2024-11-30,2024-12-31,10,38,4.3
9338,Carabanchel,casual,2024-01-01,2024-01-31,4,23,3.5
9339,Vicálvaro,part_time,2024-04-29,2024-12-31,119,1040,4.6
9340,Ciudad Lineal,casual,2024-08-08,2024-11-08,18,95,4.3
9341,Fuencarral - El Pardo,casual,2024-09-06,2024-12-31,29,133,4.9
9342,Ciudad Lineal,casual,2024-05-07,2024-08-01,20,97,3.7
9343,Moncloa - Aravaca,part_time,2024-01-01,2024-06-22,82,724,3.8
9344,Puente de Vallecas,casual,2024-01-01,2024-02-02,8,30,3.9
9345,Centro,part_time,2024-05-07,2024-07-28,35,332,4.0
9346,Usera,part_time,2024-04-28,2024-07-23,42,345,4.9
9347,Hortaleza,casual,2024-01-06,2024-07-18,37,198,4.4
9348,Hortaleza,part_time,2024-04-10,2024-12-31,115,1010,3.9
9349,Villaverde,part_time,2024-06-10,2024-08-19,27,267,3.8
9350,Carabanchel,casual,2024-01-01,2024-02-20,14,70,4.3
9351,Tetuán,part_time,2024-01-01,2024-01-27,12,100,3.8
9352,Carabanchel,casual,2024-11-11,2024-12-31,16,87,3.6
9353,Carabanchel,casual,2024-08-13,2024-12-31,39,201,4.4
9354,San Blas - Canillejas,part_time,2024-03-04,2024-09-18,85,780,4.5
9355,Retiro,part_time,2024-01-01,2024-12-28,160,1455,3.6
9356,Fuencarral - El Pardo,casual,2024-01-01,2024-02-21,10,57,4.3
9357,Centro,full_time,2024-01-01,2024-07-08,155,3207,4.4
9358,Vicálvaro,part_time,2024-10-01,2024-12-31,44,413,4.5
9359,Barajas,part_time,2024-01-01,2024-03-30,49,419,3.5
9360,San Blas - Canillejas,casual,2024-01-01,2024-02-17,6,21,4.7
9361,Latina,casual,2024-05-08,2024-10-27,32,160,4.3
9362,Centro,casual,2024-09-08,2024-12-31,32,172,4.1
9363,Puente de Vallecas,part_time,2024-02-08,2024-07-19,75,647,4.2
9364,Moncloa - Aravaca,casual,2024-07-24,2024-10-20,23,123,4.2
9365,Moncloa - Aravaca,part_time,2024-11-17,2024-12-31,17,150,4.8
9366,Tetuán,casual,2024-11-14,2024-12-31,5,24,4.5
9367,San Blas - Canillejas,part_time,2024-05-05,2024-07-30,38,359,3.9
9368,Villaverde,part_time,2024-01-01,2024-06-09,82,719,3.5
9369,Ciudad Lineal,part_time,2024-03-02,2024-12-31,144,1271,4.1
9370,Carabanchel,part_time,2024-11-19,2024-12-31,17,143,3.8
9371,Latina,full_time,2024-08-12,2024-10-29,70,1412,4.4
9372,Chamartín,casual,2024-12-12,2024-12-31,4,28,4.5
9373,Moncloa - Aravaca,part_time,2024-06-29,2024-09-11,34,297,4.0
9374,Retiro,full_time,2024-01-01,2024-01-10,9,190,4.8
9375,Villa de Vallecas,part_time,2024-01-01,2024-11-23,152,1347,5.0
9376,Arganzuela,casual,2024-11-18,2024-12-31,10,44,4.2
9377,Chamartín,full_time,2024-01-01,2024-01-16,12,254,4.2
9378,Usera,casual,2024-06-10,2024-11-26,38,195,3.6
9379,Fuencarral - El Pardo,casual,2024-04-01,2024-06-16,15,59,4.8
9380,Usera,casual,2024-04-01,2024-07-05,26,134,3.7
9381,Arganzuela,casual,2024-06-13,2024-09-21,15,67,4.4
9382,Carabanchel,casual,2024-04-02,2024-07-10,26,131,4.5
9383,Ciudad Lineal,casual,2024-11-18,2024-12-31,8,38,4.0
9384,Moncloa - Aravaca,full_time,2024-02-08,2024-05-22,87,1708,3.6
9385,Ciudad Lineal,casual,2024-08-19,2024-12-31,24,124,4.5
9386,Barajas,casual,2024-01-01,2024-02-11,9,42,4.0
9387,Fuencarral - El Pardo,full_time,2024-02-29,2024-06-02,79,1550,3.7
9388,San Blas - Canillejas,part_time,2024-01-01,2024-03-24,41,369,4.9
9389,Moncloa - Aravaca,casual,2024-01-25,2024-04-06,17,92,4.2
9390,Ciudad Lineal,casual,2024-06-17,2024-09-12,19,102,4.6
9391,Moncloa - Aravaca,part_time,2024-03-02,2024-06-07,46,408,4.0
9392,Chamberí,part_time,2024-01-01,2024-01-23,12,107,3.7
9393,Centro,part_time,2024-11-01,2024-12-31,18,180,3.6
9394,Fuencarral - El Pardo,casual,2024-05-08,2024-12-31,58,287,4.0
9395,Retiro,part_time,2024-12-11,2024-12-31,13,95,3.6
9396,Ciudad Lineal,part_time,2024-09-30,2024-12-31,35,296,5.0
9397,San Blas - Canillejas,part_time,2024-06-12,2024-09-14,46,401,3.8
9398,Villaverde,full_time,2024-04-22,2024-08-04,89,1795,3.7
9399,Usera,part_time,2024-12-03,2024-12-31,10,102,4.7
9400,Villa de Vallecas,part_time,2024-03-04,2024-08-11,73,687,4.7
9401,Centro,part_time,2024-02-03,2024-12-31,156,1422,5.0
9402,Puente de Vallecas,part_time,2024-02-19,2024-06-07,50,417,3.9
9403,Latina,casual,2024-02-20,2024-05-03,17,75,3.6
9404,Chamartín,casual,2024-10-05,2024-12-31,16,99,4.6
9405,Centro,part_time,2024-01-16,2024-04-25,43,378,4.7
9406,Moncloa - Aravaca,part_time,2024-01-01,2024-03-03,30,281,4.0
9407,San Blas - Canillejas,casual,2024-08-29,2024-11-28,22,106,4.9
9408,Villa de Vallecas,casual,2024-10-21,2024-12-31,14,63,4.7
9409,Hortaleza,part_time,2024-11-09,2024-12-31,24,219,4.1
9410,Puente de Vallecas,part_time,2024-05-02,2024-12-31,116,1067,4.6
9411,Hortaleza,casual,2024-01-15,2024-07-07,38,208,3.5
9412,Ciudad Lineal,casual,2024-05-23,2024-08-19,26,134,4.0
9413,Retiro,casual,2024-01-01,2024-04-07,14,62,3.8
9414,Fuencarral - El Pardo,full_time,2024-01-01,2024-04-21,99,1996,4.0
9415,Villaverde,full_time,2024-11-04,2024-12-31,49,947,3.8
9416,Vicálvaro,part_time,2024-10-25,2024-12-31,39,337,4.6
9417,Chamberí,casual,2024-01-01,2024-07-22,45,239,4.7
9418,Moncloa - Aravaca,part_time,2024-03-23,2024-06-23,45,403,3.8
9419,Arganzuela,casual,2024-12-09,2024-12-31,8,32,4.1
9420,Villa de Vallecas,full_time,2024-01-01,2024-10-13,229,4638,4.4
9421,Arganzuela,casual,2024-01-01,2024-08-21,52,236,3.7
9422,Villaverde,casual,2024-01-01,2024-05-26,36,164,4.0
9423,Hortaleza,part_time,2024-04-16,2024-06-27,40,364,3.8
9424,Puente de Vallecas,casual,2024-01-08,2024-07-23,48,236,4.3
9425,Moncloa - Aravaca,part_time,2024-09-01,2024-12-02,52,489,4.9
9426,Carabanchel,part_time,2024-01-11,2024-07-07,85,782,4.2
9427,Salamanca,casual,2024-04-26,2024-07-30,24,119,4.5
9428,Villa de Vallecas,casual,2024-02-19,2024-05-30,23,103,4.6
9429,Moncloa - Aravaca,part_time,2024-01-01,2024-08-18,105,959,5.0
9430,San Blas - Canillejas,part_time,2024-01-01,2024-06-28,95,830,4.4
9431,Hortaleza,casual,2024-05-08,2024-08-24,23,106,3.8
9432,Hortaleza,casual,2024-04-15,2024-07-14,21,87,3.5
9433,Barajas,part_time,2024-01-01,2024-01-26,9,75,3.7
9434,Moratalaz,casual,2024-11-29,2024-12-31,3,14,3.7
9435,Puente de Vallecas,part_time,2024-03-23,2024-06-01,39,354,4.3
9436,Villa de Vallecas,part_time,2024-07-07,2024-12-31,70,621,4.2
9437,Fuencarral - El Pardo,casual,2024-11-21,2024-12-31,10,46,4.4
9438,Villaverde,part_time,2024-01-01,2024-01-06,2,12,3.6
9439,Carabanchel,casual,2024-01-01,2024-03-05,17,84,4.7
9440,Centro,casual,2024-01-10,2024-03-25,19,86,3.7
9441,Chamartín,part_time,2024-11-10,2024-12-31,21,182,4.5
9442,Carabanchel,full_time,2024-06-14,2024-08-29,56,1186,4.5
9443,Moncloa - Aravaca,part_time,2024-03-06,2024-05-15,39,317,4.4
9444,Centro,casual,2024-01-01,2024-01-21,3,20,3.8
9445,San Blas - Canillejas,part_time,2024-01-01,2024-01-20,8,78,4.4
9446,Fuencarral - El Pardo,casual,2024-06-25,2024-09-15,19,105,4.9
9447,Centro,casual,2024-05-28,2024-12-31,47,239,4.7
9448,Fuencarral - El Pardo,casual,2024-01-01,2024-10-06,69,313,3.7
9449,Moncloa - Aravaca,casual,2024-01-01,2024-07-25,44,223,4.0
9450,Puente de Vallecas,casual,2024-08-12,2024-12-31,31,140,4.7
9451,Fuencarral - El Pardo,full_time,2024-09-24,2024-12-31,81,1617,3.8
9452,Vicálvaro,casual,2024-01-01,2024-09-29,58,299,4.6
9453,Fuencarral - El Pardo,part_time,2024-09-06,2024-12-12,47,388,4.9
9454,Fuencarral - El Pardo,part_time,2024-11-03,2024-12-31,24,235,3.9
9455,Centro,casual,2024-02-09,2024-07-19,40,206,3.6
9456,Moncloa - Aravaca,casual,2024-01-01,2024-04-25,33,152,4.2
9457,Carabanchel,casual,2024-01-01,2024-09-23,60,299,4.0
9458,Villaverde,casual,2024-01-01,2024-02-02,6,37,4.3
9459,Fuencarral - El Pardo,part_time,2024-01-01,2024-01-27,13,123,4.0
9460,Ciudad Lineal,full_time,2024-09-29,2024-12-31,79,1611,4.3
9461,Centro,full_time,2024-10-14,2024-12-31,69,1399,3.7
9462,Centro,casual,2024-07-29,2024-10-13,21,94,3.8
9463,Fuencarral - El Pardo,casual,2024-10-26,2024-12-31,13,64,4.1
9464,Hortaleza,casual,2024-12-02,2024-12-31,6,35,3.6
9465,Chamartín,full_time,2024-08-07,2024-11-17,89,1763,5.0
9466,Chamartín,casual,2024-11-22,2024-12-31,9,39,4.0
9467,Hortaleza,casual,2024-11-24,2024-12-31,9,55,3.8
9468,Fuencarral - El Pardo,part_time,2024-01-01,2024-07-19,85,757,4.6
9469,Centro,part_time,2024-12-09,2024-12-31,8,69,4.1
9470,Moncloa - Aravaca,casual,2024-12-22,2024-12-31,2,11,4.9
9471,Latina,part_time,2024-02-04,2024-05-08,46,429,3.6
9472,Villa de Vallecas,casual,2024-04-03,2024-12-31,69,347,4.2
9473,Ciudad Lineal,casual,2024-01-01,2024-04-13,25,134,3.9
9474,Carabanchel,casual,2024-02-01,2024-08-04,48,258,4.6
9475,Hortaleza,casual,2024-06-03,2024-12-17,51,272,4.3
9476,San Blas - Canillejas,full_time,2024-01-01,2024-01-18,15,286,3.9
9477,Arganzuela,casual,2024-06-19,2024-12-23,32,169,4.3
9478,Fuencarral - El Pardo,part_time,2024-03-26,2024-09-22,83,700,4.7
9479,Carabanchel,casual,2024-01-01,2024-03-31,17,77,5.0
9480,Latina,part_time,2024-08-13,2024-11-02,40,365,3.8
9481,Chamartín,full_time,2024-11-19,2024-12-31,35,722,3.6
9482,Chamberí,casual,2024-01-01,2024-01-02,1,1,4.3
9483,Latina,full_time,2024-04-26,2024-07-12,69,1298,4.0
9484,Carabanchel,part_time,2024-01-01,2024-02-27,23,176,4.6
9485,Vicálvaro,part_time,2024-01-21,2024-03-31,39,351,4.7
9486,Fuencarral - El Pardo,casual,2024-05-13,2024-08-13,19,101,3.8
9487,Villa de Vallecas,part_time,2024-01-01,2024-07-30,110,1002,4.2
9488,San Blas - Canillejas,casual,2024-06-23,2024-12-21,42,207,3.5
9489,Usera,full_time,2024-01-01,2024-07-09,158,3214,4.6
9490,Fuencarral - El Pardo,full_time,2024-09-18,2024-12-29,86,1786,4.3
9491,Chamartín,casual,2024-01-01,2024-04-13,24,120,5.0
9492,Tetuán,full_time,2024-11-19,2024-12-31,36,730,4.0
9493,Carabanchel,full_time,2024-03-31,2024-07-03,79,1633,4.5
9494,San Blas - Canillejas,part_time,2024-01-01,2024-01-26,14,128,4.4
9495,Vicálvaro,casual,2024-01-01,2024-02-23,11,50,4.3
9496,Ciudad Lineal,casual,2024-04-22,2024-10-16,42,217,4.1
9497,Moncloa - Aravaca,casual,2024-11-21,2024-12-31,6,31,4.1
9498,Carabanchel,casual,2024-05-20,2024-08-28,28,138,3.8
9499,Fuencarral - El Pardo,full_time,2024-04-21,2024-07-27,78,1551,4.5
9500,Hortaleza,casual,2024-09-21,2024-12-12,15,76,4.6
9501,Chamartín,part_time,2024-01-01,2024-05-04,54,522,4.5
9502,Carabanchel,part_time,2024-08-01,2024-11-16,39,360,5.0
9503,Hortaleza,part_time,2024-01-01,2024-06-07,65,569,4.0
9504,Hortaleza,casual,2024-09-09,2024-12-31,28,137,3.7
9505,Usera,part_time,2024-11-08,2024-12-31,21,200,3.6
9506,Centro,part_time,2024-01-01,2024-05-19,66,569,3.7
9507,Tetuán,part_time,2024-01-01,2024-03-17,29,272,3.9
9508,Villa de Vallecas,casual,2024-08-30,2024-11-20,19,84,3.6
9509,Tetuán,part_time,2024-04-22,2024-12-31,108,982,4.9
9510,Moncloa - Aravaca,casual,2024-07-06,2024-10-20,31,158,4.0
9511,Tetuán,part_time,2024-04-10,2024-10-02,83,754,4.9
9512,Usera,casual,2024-01-01,2024-03-10,18,100,4.1
9513,Puente de Vallecas,casual,2024-06-09,2024-12-31,43,195,4.3
9514,Barajas,part_time,2024-01-01,2024-03-28,41,381,4.4
9515,Vicálvaro,casual,2024-02-03,2024-12-31,76,402,4.1
9516,Tetuán,full_time,2024-03-17,2024-06-02,66,1214,4.0
9517,Latina,full_time,2024-01-01,2024-08-27,209,4213,4.5
9518,Puente de Vallecas,casual,2024-10-04,2024-12-31,17,70,4.9
9519,Centro,casual,2024-03-09,2024-09-07,39,210,4.6
9520,Villa de Vallecas,casual,2024-01-01,2024-12-26,90,461,4.2
9521,Usera,full_time,2024-11-16,2024-12-31,38,740,4.7
9522,Centro,part_time,2024-06-09,2024-09-16,36,331,4.4
9523,Ciudad Lineal,casual,2024-08-11,2024-12-31,42,217,4.3
9524,Tetuán,casual,2024-09-22,2024-12-31,19,104,4.8
9525,Fuencarral - El Pardo,casual,2024-07-23,2024-12-31,35,184,4.3
9526,Ciudad Lineal,part_time,2024-01-01,2024-03-03,28,282,4.2
9527,Centro,casual,2024-01-01,2024-02-22,14,65,4.5
9528,Hortaleza,casual,2024-04-18,2024-07-17,20,95,4.2
9529,Centro,part_time,2024-01-01,2024-01-28,18,158,3.9
9530,Centro,casual,2024-01-01,2024-08-05,54,260,4.3
9531,San Blas - Canillejas,casual,2024-01-01,2024-04-24,22,125,4.9
9532,Centro,part_time,2024-01-01,2024-01-18,5,48,4.3
9533,Tetuán,full_time,2024-03-26,2024-07-05,85,1682,5.0
9534,Arganzuela,casual,2024-01-01,2024-06-30,41,184,4.7
9535,Villaverde,full_time,2024-01-01,2024-02-23,44,859,4.2
9536,Chamartín,casual,2024-08-25,2024-12-12,30,151,4.0
9537,Vicálvaro,full_time,2024-11-21,2024-12-31,27,545,4.5
9538,Arganzuela,casual,2024-07-07,2024-10-17,23,129,4.9
9539,Chamartín,part_time,2024-11-28,2024-12-31,15,128,4.1
9540,Carabanchel,casual,2024-01-01,2024-04-02,29,144,3.8
9541,Hortaleza,full_time,2024-09-12,2024-12-30,84,1710,3.7
9542,Centro,full_time,2024-04-06,2024-07-05,74,1495,4.3
9543,Chamberí,casual,2024-05-12,2024-08-11,21,102,4.2
9544,Tetuán,casual,2024-07-30,2024-10-31,15,75,4.3
9545,Puente de Vallecas,part_time,2024-09-05,2024-12-31,53,485,4.2
9546,Centro,casual,2024-01-01,2024-02-02,5,34,4.4
9547,Retiro,part_time,2024-04-01,2024-06-22,39,375,4.0
9548,Villaverde,part_time,2024-09-13,2024-12-23,45,406,4.2
9549,Fuencarral - El Pardo,casual,2024-04-25,2024-10-14,43,222,4.1
9550,San Blas - Canillejas,casual,2024-01-01,2024-09-06,52,248,4.3
9551,Fuencarral - El Pardo,full_time,2024-01-01,2024-01-19,14,267,4.2
9552,Moratalaz,casual,2024-01-01,2024-01-04,2,10,4.5
9553,Chamartín,part_time,2024-01-01,2024-11-06,136,1200,4.6
9554,Moncloa - Aravaca,casual,2024-05-08,2024-08-09,24,122,4.1
9555,Centro,casual,2024-01-01,2024-06-14,35,184,4.6
9556,Latina,casual,2024-08-07,2024-12-31,26,152,4.9
9557,Latina,casual,2024-08-27,2024-11-27,23,125,4.7
9558,Fuencarral - El Pardo,part_time,2024-01-01,2024-03-25,39,350,4.7
9559,Vicálvaro,casual,2024-01-01,2024-05-14,24,129,4.6
9560,Hortaleza,part_time,2024-11-03,2024-12-31,25,209,4.1
9561,Chamberí,part_time,2024-11-26,2024-12-31,18,183,4.9
9562,Villa de Vallecas,casual,2024-12-24,2024-12-31,2,13,3.8
9563,San Blas - Canillejas,casual,2024-07-08,2024-12-31,28,127,3.9
9564,Centro,part_time,2024-11-10,2024-12-31,26,226,3.8
9565,Fuencarral - El Pardo,part_time,2024-01-01,2024-03-22,36,339,4.2
9566,Moncloa - Aravaca,part_time,2024-01-01,2024-03-14,34,329,4.6
9567,Villaverde,casual,2024-01-01,2024-01-22,5,21,3.9
9568,Barajas,part_time,2024-04-17,2024-10-29,96,873,4.9
9569,Latina,casual,2024-01-01,2024-04-14,19,108,4.5
9570,Barajas,part_time,2024-05-12,2024-11-03,72,647,4.9
9571,Retiro,casual,2024-01-01,2024-01-05,2,13,4.4
9572,Chamartín,part_time,2024-05-27,2024-09-02,40,377,4.4
9573,Hortaleza,casual,2024-10-14,2024-12-31,16,68,4.9
9574,Villa de Vallecas,part_time,2024-08-27,2024-11-30,46,398,4.9
9575,Fuencarral - El Pardo,casual,2024-03-23,2024-06-13,21,110,4.5
9576,Salamanca,part_time,2024-01-01,2024-02-01,14,118,3.7
9577,Fuencarral - El Pardo,casual,2024-01-10,2024-04-25,29,169,3.7
9578,Centro,part_time,2024-05-26,2024-08-09,39,354,3.6
9579,Moncloa - Aravaca,casual,2024-02-12,2024-04-22,15,71,3.7
9580,Hortaleza,casual,2024-08-31,2024-12-31,26,126,4.3
9581,Latina,part_time,2024-11-26,2024-12-31,22,196,4.2
9582,Puente de Vallecas,casual,2024-01-01,2024-03-19,13,63,4.5
9583,Ciudad Lineal,casual,2024-01-01,2024-01-03,1,6,4.8
9584,Centro,part_time,2024-01-01,2024-02-16,18,166,4.1
9585,Chamartín,part_time,2024-10-01,2024-12-31,46,425,4.8
9586,Ciudad Lineal,full_time,2024-01-01,2024-02-09,34,627,4.8
9587,Salamanca,casual,2024-09-03,2024-12-16,23,111,4.5
9588,Barajas,casual,2024-03-31,2024-07-07,25,125,4.8
9589,Hortaleza,part_time,2024-04-26,2024-07-04,29,253,4.9
9590,San Blas - Canillejas,casual,2024-09-03,2024-11-21,27,144,4.2
9591,Moncloa - Aravaca,part_time,2024-02-22,2024-05-27,38,354,4.3
9592,Fuencarral - El Pardo,casual,2024-10-06,2024-12-31,19,98,4.3
9593,Hortaleza,full_time,2024-01-01,2024-02-19,43,885,4.2
9594,Retiro,part_time,2024-06-09,2024-12-31,90,809,4.9
9595,Villaverde,casual,2024-11-08,2024-12-31,13,67,3.6
9596,Arganzuela,casual,2024-01-01,2024-03-31,18,78,4.0
9597,Hortaleza,casual,2024-04-25,2024-11-07,47,235,4.9
9598,Usera,casual,2024-06-24,2024-12-06,43,219,4.7
9599,Villaverde,part_time,2024-01-01,2024-03-03,31,256,3.9
9600,Moncloa - Aravaca,casual,2024-06-06,2024-09-04,16,94,4.5
9601,Centro,casual,2024-02-01,2024-04-22,17,86,3.5
9602,Tetuán,casual,2024-09-07,2024-12-20,26,149,4.3
9603,Centro,part_time,2024-05-17,2024-10-27,70,610,4.9
9604,Hortaleza,casual,2024-04-19,2024-06-28,17,99,4.4
9605,Moratalaz,casual,2024-09-03,2024-12-10,19,110,4.9
9606,San Blas - Canillejas,full_time,2024-08-29,2024-12-05,92,1885,3.6
9607,Centro,casual,2024-01-01,2024-04-21,24,118,4.3
9608,Centro,casual,2024-01-01,2024-01-13,3,15,4.5
9609,Ciudad Lineal,full_time,2024-01-14,2024-04-26,91,1855,3.5
9610,Ciudad Lineal,casual,2024-11-07,2024-12-31,14,51,4.8
9611,Usera,full_time,2024-04-03,2024-06-27,65,1284,3.9
9612,Vicálvaro,part_time,2024-01-01,2024-04-23,41,386,4.8
9613,Salamanca,part_time,2024-03-29,2024-06-11,30,274,3.9
9614,Chamartín,casual,2024-03-18,2024-06-27,18,89,5.0
9615,San Blas - Canillejas,casual,2024-01-01,2024-11-27,75,361,4.8
9616,Villaverde,casual,2024-04-25,2024-07-24,13,73,4.8
9617,Fuencarral - El Pardo,casual,2024-01-01,2024-06-09,34,136,4.5
9618,Ciudad Lineal,casual,2024-01-01,2024-06-11,35,172,4.1
9619,Puente de Vallecas,part_time,2024-10-05,2024-12-14,27,254,4.2
9620,Moncloa - Aravaca,part_time,2024-08-07,2024-10-16,31,263,4.4
9621,Centro,casual,2024-08-10,2024-10-31,18,94,3.9
9622,Ciudad Lineal,part_time,2024-01-14,2024-03-23,31,274,3.9
9623,Salamanca,full_time,2024-12-28,2024-12-31,3,65,4.2
9624,Chamartín,part_time,2024-01-01,2024-02-17,19,165,4.3
9625,Puente de Vallecas,part_time,2024-08-04,2024-11-16,59,505,4.7
9626,Barajas,part_time,2024-09-08,2024-11-27,30,251,4.6
9627,Fuencarral - El Pardo,casual,2024-01-01,2024-05-29,37,205,4.4
9628,Moncloa - Aravaca,casual,2024-01-01,2024-02-04,10,53,4.5
9629,Centro,full_time,2024-08-10,2024-12-31,120,2456,4.8
9630,Moncloa - Aravaca,part_time,2024-06-11,2024-09-21,44,377,3.6
9631,Puente de Vallecas,part_time,2024-12-13,2024-12-31,6,53,4.4
9632,Hortaleza,full_time,2024-06-20,2024-12-31,163,3202,3.6
9633,Fuencarral - El Pardo,casual,2024-11-29,2024-12-31,11,57,3.7
9634,Fuencarral - El Pardo,casual,2024-04-11,2024-12-31,56,305,4.2
9635,Hortaleza,part_time,2024-05-23,2024-08-08,41,328,4.1
9636,Latina,casual,2024-12-06,2024-12-31,4,22,4.6
9637,Carabanchel,part_time,2024-10-10,2024-12-31,39,356,4.7
9638,Ciudad Lineal,part_time,2024-01-01,2024-01-16,6,53,4.7
9639,Tetuán,part_time,2024-03-02,2024-12-31,129,1156,4.4
9640,Tetuán,casual,2024-01-01,2024-03-09,16,74,3.5
9641,Latina,part_time,2024-12-08,2024-12-31,12,131,3.5
9642,San Blas - Canillejas,casual,2024-05-14,2024-12-31,48,248,3.8
9643,Ciudad Lineal,full_time,2024-04-21,2024-07-27,77,1619,3.9
9644,Hortaleza,casual,2024-12-09,2024-12-31,6,23,4.2
9645,Moncloa - Aravaca,full_time,2024-02-27,2024-06-05,88,1772,4.1
9646,Latina,casual,2024-01-01,2024-11-20,83,424,3.7
9647,Barajas,casual,2024-03-24,2024-07-06,20,109,3.6
9648,San Blas - Canillejas,casual,2024-01-01,2024-03-13,23,114,3.5
9649,Hortaleza,casual,2024-01-01,2024-03-21,16,75,3.6
9650,Fuencarral - El Pardo,casual,2024-03-12,2024-12-31,62,309,3.5
9651,Carabanchel,part_time,2024-01-01,2024-02-20,27,241,3.5
9652,Salamanca,part_time,2024-11-23,2024-12-31,16,149,4.2
9653,Centro,casual,2024-03-14,2024-05-22,15,69,4.5
9654,Arganzuela,part_time,2024-03-03,2024-05-23,38,325,4.1
9655,Salamanca,full_time,2024-01-01,2024-04-11,88,1790,3.9
9656,San Blas - Canillejas,part_time,2024-01-11,2024-07-11,80,733,4.4
9657,Puente de Vallecas,casual,2024-05-24,2024-12-31,50,240,4.4
9658,Centro,casual,2024-12-09,2024-12-31,5,23,4.6
9659,Ciudad Lineal,full_time,2024-01-01,2024-03-31,75,1509,3.9
9660,Fuencarral - El Pardo,casual,2024-01-06,2024-03-18,16,82,4.9
9661,Centro,casual,2024-01-01,2024-03-01,14,59,3.8
9662,Hortaleza,part_time,2024-05-19,2024-11-01,65,567,4.9
9663,Puente de Vallecas,casual,2024-01-01,2024-02-22,9,43,4.4
9664,Carabanchel,part_time,2024-01-01,2024-02-09,20,192,3.9
9665,Latina,casual,2024-08-11,2024-12-31,42,233,3.8
9666,Moncloa - Aravaca,part_time,2024-10-01,2024-12-14,34,293,3.8
9667,Villaverde,full_time,2024-03-05,2024-05-18,57,1110,4.5
9668,Puente de Vallecas,full_time,2024-07-01,2024-09-12,64,1258,4.9
9669,Tetuán,full_time,2024-09-04,2024-12-08,79,1562,4.8
9670,Moncloa - Aravaca,full_time,2024-01-01,2024-01-24,21,414,5.0
9671,Chamartín,casual,2024-06-21,2024-12-03,30,144,4.0
9672,Fuencarral - El Pardo,full_time,2024-01-01,2024-07-28,177,3501,4.1
9673,Chamartín,full_time,2024-02-16,2024-08-08,140,2776,4.6
9674,Puente de Vallecas,casual,2024-01-01,2024-09-17,48,219,3.9
9675,Ciudad Lineal,casual,2024-08-24,2024-11-27,24,129,4.0
9676,Moncloa - Aravaca,casual,2024-05-09,2024-07-28,18,91,3.9
9677,Arganzuela,part_time,2024-09-12,2024-12-14,44,438,4.1
9678,San Blas - Canillejas,part_time,2024-01-06,2024-06-15,72,616,4.7
9679,Vicálvaro,casual,2024-06-06,2024-09-02,23,126,3.5
9680,Hortaleza,casual,2024-10-25,2024-12-31,17,81,3.5
9681,Tetuán,part_time,2024-02-20,2024-09-02,83,687,3.5
9682,Salamanca,casual,2024-03-04,2024-12-31,61,313,4.5
9683,Retiro,full_time,2024-08-10,2024-10-20,57,1178,4.0
9684,Villa de Vallecas,casual,2024-11-13,2024-12-31,10,60,4.2
9685,Puente de Vallecas,casual,2024-07-23,2024-10-08,20,101,4.2
9686,Fuencarral - El Pardo,casual,2024-07-05,2024-10-09,22,90,3.8
9687,Hortaleza,full_time,2024-10-01,2024-12-31,77,1505,4.7
9688,Villaverde,full_time,2024-12-28,2024-12-31,3,54,3.8
9689,Hortaleza,casual,2024-10-19,2024-12-31,20,90,4.5
9690,Hortaleza,casual,2024-01-01,2024-03-10,11,59,4.6
9691,Hortaleza,casual,2024-07-11,2024-12-27,47,221,3.9
9692,Centro,casual,2024-02-23,2024-06-02,19,106,4.6
9693,Latina,part_time,2024-04-16,2024-07-03,41,362,3.8
9694,Vicálvaro,casual,2024-07-17,2024-10-30,18,88,4.3
9695,Puente de Vallecas,casual,2024-01-01,2024-03-21,24,118,4.6
9696,Puente de Vallecas,casual,2024-08-13,2024-11-12,24,112,3.7
9697,Usera,casual,2024-01-01,2024-07-28,54,276,4.5
9698,Fuencarral - El Pardo,casual,2024-08-24,2024-12-31,27,132,3.7
9699,Ciudad Lineal,casual,2024-03-17,2024-06-19,19,103,3.6
9700,Chamartín,casual,2024-01-01,2024-01-28,8,50,4.0
9701,San Blas - Canillejas,casual,2024-07-08,2024-09-19,19,108,3.8
9702,Arganzuela,casual,2024-09-13,2024-11-25,16,79,3.7
9703,Carabanchel,full_time,2024-07-09,2024-10-10,77,1545,3.9
9704,Villa de Vallecas,casual,2024-07-24,2024-12-31,35,163,4.6
9705,Puente de Vallecas,casual,2024-08-11,2024-12-31,29,153,4.8
9706,Villa de Vallecas,casual,2024-01-01,2024-01-20,6,38,4.9
9707,San Blas - Canillejas,part_time,2024-01-01,2024-01-01,1,7,4.9
9708,Fuencarral - El Pardo,full_time,2024-01-21,2024-04-09,64,1291,4.4
9709,Chamartín,part_time,2024-01-08,2024-04-14,44,377,4.5
9710,Chamberí,part_time,2024-06-09,2024-09-21,51,438,4.0
9711,Moncloa - Aravaca,part_time,2024-01-01,2024-06-16,76,709,4.8
9712,Barajas,casual,2024-01-01,2024-09-23,56,322,4.0
9713,Ciudad Lineal,full_time,2024-05-08,2024-07-16,57,1164,4.6
9714,Villa de Vallecas,part_time,2024-03-21,2024-12-31,123,1139,4.7
9715,Villa de Vallecas,casual,2024-12-30,2024-12-31,1,10,5.0
9716,Moncloa - Aravaca,casual,2024-07-18,2024-12-31,36,176,3.5
9717,Puente de Vallecas,casual,2024-01-01,2024-07-10,41,210,3.9
9718,Chamartín,casual,2024-03-12,2024-06-08,25,121,4.2
9719,Villa de Vallecas,part_time,2024-01-01,2024-01-21,13,117,4.7
9720,Hortaleza,casual,2024-04-22,2024-07-01,11,52,4.6
9721,Retiro,part_time,2024-05-19,2024-11-20,88,797,3.6
9722,Carabanchel,full_time,2024-12-09,2024-12-31,17,348,4.8
9723,Chamartín,casual,2024-02-06,2024-04-30,18,77,4.1
9724,Ciudad Lineal,casual,2024-01-10,2024-04-24,22,96,4.8
9725,Chamartín,part_time,2024-01-01,2024-01-08,3,27,4.8
9726,Carabanchel,part_time,2024-06-29,2024-09-07,31,266,4.9
9727,San Blas - Canillejas,casual,2024-12-30,2024-12-31,1,1,4.7
9728,Fuencarral - El Pardo,casual,2024-01-01,2024-09-24,50,247,4.6
9729,Latina,part_time,2024-04-07,2024-09-23,82,730,4.3
9730,Centro,full_time,2024-01-01,2024-01-27,18,373,4.3
9731,Villa de Vallecas,casual,2024-02-28,2024-12-31,65,317,4.3
9732,Carabanchel,casual,2024-01-01,2024-05-29,35,151,4.3
9733,Puente de Vallecas,full_time,2024-01-01,2024-01-08,7,138,3.8
9734,Usera,casual,2024-07-08,2024-12-31,42,224,4.0
9735,Vicálvaro,casual,2024-01-01,2024-03-07,17,86,3.8
9736,Fuencarral - El Pardo,part_time,2024-01-01,2024-02-17,22,187,4.6
9737,Villa de Vallecas,casual,2024-01-01,2024-05-08,31,163,4.1
9738,Centro,casual,2024-01-01,2024-03-03,15,76,3.9
9739,Latina,part_time,2024-07-18,2024-10-01,37,373,4.7
9740,Chamartín,part_time,2024-02-11,2024-04-28,37,311,4.8
9741,Moncloa - Aravaca,casual,2024-07-29,2024-11-14,25,114,3.5
9742,Vicálvaro,casual,2024-06-01,2024-09-14,20,101,4.8
9743,Vicálvaro,part_time,2024-01-01,2024-09-15,122,1097,3.5
9744,Ciudad Lineal,part_time,2024-01-01,2024-03-30,36,317,4.6
9745,Vicálvaro,part_time,2024-08-07,2024-10-27,39,326,4.8
9746,Hortaleza,part_time,2024-04-16,2024-10-13,78,685,3.9
9747,Hortaleza,part_time,2024-08-28,2024-11-20,39,357,4.9
9748,Hortaleza,full_time,2024-04-08,2024-09-30,141,2869,4.6
9749,Hortaleza,part_time,2024-10-01,2024-12-31,36,341,5.0
9750,Centro,casual,2024-06-09,2024-09-08,19,124,3.8
9751,Hortaleza,full_time,2024-10-08,2024-12-31,69,1390,3.7
9752,Retiro,full_time,2024-06-14,2024-09-01,68,1286,4.5
9753,Moncloa - Aravaca,casual,2024-12-10,2024-12-31,6,28,4.3
9754,Usera,casual,2024-10-13,2024-12-31,13,75,4.7
9755,Centro,part_time,2024-02-10,2024-04-21,37,335,4.1
9756,Ciudad Lineal,casual,2024-08-28,2024-12-03,24,122,3.5
9757,Centro,part_time,2024-01-01,2024-04-05,45,401,4.2
9758,Arganzuela,casual,2024-11-21,2024-12-31,7,30,4.5
9759,Carabanchel,casual,2024-02-25,2024-06-13,28,127,4.0
9760,Hortaleza,casual,2024-03-18,2024-09-21,44,216,4.3
9761,Retiro,full_time,2024-01-01,2024-01-09,5,113,4.4
9762,Centro,casual,2024-09-26,2024-12-31,18,98,4.6
9763,Hortaleza,part_time,2024-12-08,2024-12-31,13,125,3.9
9764,Hortaleza,casual,2024-01-01,2024-12-09,76,382,3.9
9765,Moncloa - Aravaca,casual,2024-01-02,2024-03-25,15,60,4.5
9766,Centro,casual,2024-08-13,2024-11-13,32,150,4.0
9767,Centro,casual,2024-02-10,2024-05-17,20,99,4.6
9768,Hortaleza,part_time,2024-12-03,2024-12-31,12,118,3.9
9769,Moncloa - Aravaca,part_time,2024-03-03,2024-05-16,37,318,4.6
9770,Chamartín,casual,2024-06-18,2024-09-23,26,131,3.7
9771,Vicálvaro,casual,2024-01-01,2024-02-05,8,36,4.2
9772,Tetuán,part_time,2024-12-27,2024-12-31,3,21,3.8
9773,Fuencarral - El Pardo,part_time,2024-06-23,2024-09-17,34,302,4.3
9774,Ciudad Lineal,casual,2024-12-21,2024-12-31,3,14,4.6
9775,Barajas,part_time,2024-01-01,2024-08-07,112,1075,4.3
9776,Chamberí,casual,2024-05-23,2024-09-05,18,80,3.7
9777,Barajas,casual,2024-01-01,2024-01-09,1,1,4.9
9778,Moncloa - Aravaca,part_time,2024-07-17,2024-12-31,78,674,3.5
9779,Retiro,part_time,2024-01-01,2024-03-31,44,381,4.6
9780,Centro,part_time,2024-04-10,2024-07-15,48,452,4.6
9781,Carabanchel,casual,2024-07-08,2024-12-24,33,148,4.8
9782,Centro,casual,2024-01-01,2024-02-06,14,60,4.8
9783,Centro,part_time,2024-09-20,2024-12-31,39,381,3.7
9784,Vicálvaro,casual,2024-10-03,2024-12-31,23,105,4.9
9785,Chamberí,casual,2024-04-25,2024-10-11,37,200,3.7
9786,Tetuán,part_time,2024-06-02,2024-11-22,67,602,4.3
9787,Vicálvaro,casual,2024-01-01,2024-02-13,9,52,3.7
9788,Fuencarral - El Pardo,casual,2024-04-29,2024-07-19,21,112,4.1
9789,Tetuán,casual,2024-10-19,2024-12-31,12,53,4.7
9790,Hortaleza,full_time,2024-01-01,2024-02-16,39,739,4.9
9791,Hortaleza,casual,2024-12-25,2024-12-31,2,9,4.0
9792,Puente de Vallecas,casual,2024-03-22,2024-09-26,46,215,4.2
9793,Barajas,casual,2024-01-01,2024-01-10,3,16,4.7
9794,Fuencarral - El Pardo,casual,2024-01-01,2024-09-05,53,272,4.4
9795,Barajas,casual,2024-01-08,2024-12-25,83,426,4.8
9796,San Blas - Canillejas,part_time,2024-12-09,2024-12-31,12,132,4.0
9797,Carabanchel,casual,2024-08-21,2024-11-12,10,58,3.8
9798,Vicálvaro,casual,2024-05-19,2024-11-09,33,144,4.3
9799,Vicálvaro,casual,2024-12-16,2024-12-31,8,39,4.2
9800,Retiro,casual,2024-02-18,2024-05-13,14,49,4.8
9801,Centro,casual,2024-04-06,2024-06-14,16,89,3.6
9802,Moncloa - Aravaca,part_time,2024-09-18,2024-12-14,37,360,3.6
9803,San Blas - Canillejas,part_time,2024-06-01,2024-11-09,66,618,3.8
9804,Hortaleza,part_time,2024-01-12,2024-04-09,34,298,4.5
9805,Latina,casual,2024-09-07,2024-12-12,20,109,4.0
9806,Chamartín,full_time,2024-01-01,2024-07-10,156,3173,3.6
9807,Centro,part_time,2024-05-13,2024-10-21,77,740,4.8
9808,Retiro,casual,2024-10-28,2024-12-31,16,89,4.6
9809,Fuencarral - El Pardo,casual,2024-02-06,2024-05-04,23,97,4.8
9810,Fuencarral - El Pardo,part_time,2024-09-18,2024-11-28,32,321,3.7
9811,Puente de Vallecas,casual,2024-09-22,2024-12-31,12,59,4.0
9812,Latina,casual,2024-02-17,2024-05-27,23,121,4.4
9813,Latina,part_time,2024-01-01,2024-05-23,56,513,3.6
9814,Tetuán,casual,2024-10-31,2024-12-31,14,63,5.0
9815,Moncloa - Aravaca,full_time,2024-03-24,2024-09-03,138,2749,5.0
9816,Salamanca,casual,2024-02-14,2024-05-25,20,96,4.3
9817,Carabanchel,casual,2024-01-01,2024-01-05,2,16,5.0
9818,Ciudad Lineal,casual,2024-01-02,2024-03-28,16,91,4.9
9819,Latina,casual,2024-05-21,2024-08-23,22,110,4.4
9820,Hortaleza,full_time,2024-08-31,2024-12-31,106,2101,3.6
9821,Puente de Vallecas,part_time,2024-04-01,2024-10-04,82,728,3.7
9822,San Blas - Canillejas,full_time,2024-02-12,2024-05-03,67,1330,3.9
9823,Carabanchel,casual,2024-11-24,2024-12-31,5,21,4.7
9824,Centro,casual,2024-03-26,2024-06-12,20,109,4.3
9825,Puente de Vallecas,casual,2024-01-01,2024-04-28,28,123,4.7
9826,San Blas - Canillejas,casual,2024-12-07,2024-12-31,4,15,4.6
9827,San Blas - Canillejas,full_time,2024-04-08,2024-06-25,65,1350,4.7
9828,Chamberí,casual,2024-05-04,2024-08-13,24,111,3.9
9829,Barajas,casual,2024-10-17,2024-12-31,17,96,4.6
9830,Tetuán,casual,2024-01-01,2024-07-24,40,179,3.6
9831,Chamberí,part_time,2024-06-05,2024-08-22,36,338,4.5
9832,Centro,casual,2024-11-01,2024-12-31,15,72,4.2
9833,Centro,part_time,2024-01-01,2024-07-01,84,723,4.0
9834,San Blas - Canillejas,part_time,2024-11-15,2024-12-31,24,235,4.5
9835,Vicálvaro,part_time,2024-01-10,2024-03-25,34,323,3.5
9836,Tetuán,casual,2024-10-14,2024-12-31,15,85,4.7
9837,Vicálvaro,casual,2024-03-19,2024-07-05,20,100,4.3
9838,Fuencarral - El Pardo,casual,2024-02-05,2024-12-31,83,437,4.1
9839,Fuencarral - El Pardo,full_time,2024-05-09,2024-10-18,133,2653,4.3
9840,Centro,full_time,2024-01-19,2024-03-30,62,1235,3.9
9841,Puente de Vallecas,part_time,2024-01-03,2024-03-16,29,248,4.4
9842,Centro,casual,2024-08-27,2024-11-06,14,73,3.8
9843,Vicálvaro,casual,2024-10-13,2024-12-31,20,96,4.9
9844,Vicálvaro,part_time,2024-01-01,2024-03-16,34,323,4.7
9845,Centro,casual,2024-08-19,2024-12-31,30,125,4.8
9846,Villaverde,part_time,2024-03-03,2024-05-27,43,381,4.6
9847,Centro,part_time,2024-05-23,2024-11-22,85,744,3.6
9848,Carabanchel,casual,2024-06-06,2024-08-28,19,95,4.3
9849,Vicálvaro,casual,2024-06-27,2024-12-31,37,177,4.6
9850,Villa de Vallecas,casual,2024-06-02,2024-09-07,28,130,4.4
9851,Vicálvaro,casual,2024-01-01,2024-03-09,12,64,4.5
9852,Fuencarral - El Pardo,part_time,2024-02-20,2024-05-02,34,312,4.3
9853,Puente de Vallecas,casual,2024-04-03,2024-06-28,15,96,4.4
9854,Villa de Vallecas,casual,2024-06-13,2024-09-25,28,144,4.3
9855,Carabanchel,casual,2024-01-01,2024-05-03,28,132,3.6
9856,Salamanca,casual,2024-01-01,2024-09-03,48,250,4.4
9857,Carabanchel,part_time,2024-01-01,2024-02-04,15,135,4.2
9858,Fuencarral - El Pardo,part_time,2024-03-02,2024-05-25,36,309,4.3
9859,Ciudad Lineal,casual,2024-04-05,2024-10-11,42,213,3.6
9860,San Blas - Canillejas,casual,2024-12-03,2024-12-31,6,30,4.9
9861,Ciudad Lineal,casual,2024-01-01,2024-04-06,31,139,4.8
9862,San Blas - Canillejas,casual,2024-01-01,2024-01-13,3,16,3.6
9863,Usera,casual,2024-01-01,2024-09-27,75,363,4.8
9864,Retiro,full_time,2024-05-27,2024-12-04,170,3347,4.8
9865,Villaverde,casual,2024-06-30,2024-10-11,28,145,4.7
9866,Chamartín,casual,2024-01-22,2024-06-30,44,229,4.9
9867,Puente de Vallecas,casual,2024-01-01,2024-01-17,5,29,4.5
9868,Ciudad Lineal,part_time,2024-11-24,2024-12-31,19,159,3.7
9869,Villa de Vallecas,casual,2024-05-26,2024-08-09,18,85,3.7
9870,Villa de Vallecas,full_time,2024-09-23,2024-12-13,72,1438,3.6
9871,Carabanchel,casual,2024-03-21,2024-07-07,21,100,4.1
9872,Tetuán,part_time,2024-09-29,2024-12-31,40,373,3.7
9873,Fuencarral - El Pardo,part_time,2024-09-02,2024-12-31,62,539,3.6
9874,Latina,casual,2024-01-01,2024-02-15,13,47,4.3
9875,Villaverde,casual,2024-01-01,2024-02-07,7,27,4.0
9876,Retiro,casual,2024-01-01,2024-04-17,18,104,3.8
9877,Carabanchel,part_time,2024-10-09,2024-12-31,28,254,4.6
9878,Centro,full_time,2024-02-05,2024-05-02,70,1370,4.4
9879,Carabanchel,casual,2024-01-01,2024-10-16,74,369,4.3
9880,Villaverde,casual,2024-06-22,2024-09-21,26,144,4.0
9881,Fuencarral - El Pardo,casual,2024-07-25,2024-10-24,23,110,4.6
9882,Moncloa - Aravaca,casual,2024-01-01,2024-11-07,69,365,3.7
9883,Moncloa - Aravaca,part_time,2024-02-29,2024-09-06,87,789,4.2
9884,Tetuán,casual,2024-01-01,2024-08-23,52,276,4.1
9885,Moncloa - Aravaca,casual,2024-01-01,2024-03-09,9,44,4.7
9886,San Blas - Canillejas,full_time,2024-01-01,2024-03-08,60,1152,3.8
9887,Fuencarral - El Pardo,part_time,2024-11-01,2024-12-31,32,299,5.0
9888,Ciudad Lineal,part_time,2024-12-13,2024-12-31,8,81,3.7
9889,Moncloa - Aravaca,casual,2024-10-14,2024-12-31,20,96,4.2
9890,Hortaleza,full_time,2024-02-07,2024-05-24,85,1682,4.4
9891,Usera,part_time,2024-01-09,2024-03-18,30,274,4.1
9892,Carabanchel,casual,2024-04-04,2024-10-09,40,187,4.8
9893,Carabanchel,casual,2024-01-01,2024-02-20,11,54,4.5
9894,Tetuán,full_time,2024-10-30,2024-12-31,59,1145,4.5
9895,Fuencarral - El Pardo,casual,2024-09-22,2024-11-30,13,64,4.8
9896,Hortaleza,part_time,2024-12-17,2024-12-31,8,73,3.7
9897,Carabanchel,part_time,2024-10-28,2024-12-31,29,257,4.2
9898,Latina,part_time,2024-01-01,2024-10-19,134,1228,4.1
9899,Puente de Vallecas,part_time,2024-01-01,2024-06-18,81,742,4.6
9900,Usera,full_time,2024-10-01,2024-12-31,75,1486,4.8
9901,Moncloa - Aravaca,casual,2024-07-03,2024-09-16,20,85,4.2
9902,Moratalaz,casual,2024-11-06,2024-12-31,12,55,3.7
9903,Carabanchel,part_time,2024-02-29,2024-05-27,31,279,4.6
9904,Fuencarral - El Pardo,casual,2024-02-04,2024-12-31,77,368,4.7
9905,Moncloa - Aravaca,part_time,2024-04-28,2024-08-01,50,423,3.9
9906,Villaverde,part_time,2024-01-01,2024-05-13,60,566,3.8
9907,Hortaleza,casual,2024-05-31,2024-09-10,32,139,3.7
9908,Carabanchel,part_time,2024-01-01,2024-02-06,15,144,3.7
9909,Latina,casual,2024-03-20,2024-06-20,16,87,3.9
9910,Hortaleza,full_time,2024-06-07,2024-08-24,63,1250,4.6
9911,Ciudad Lineal,casual,2024-01-01,2024-03-06,19,85,3.9
9912,San Blas - Canillejas,part_time,2024-09-11,2024-12-08,38,348,4.8
9913,Moncloa - Aravaca,full_time,2024-01-01,2024-03-28,76,1561,4.0
9914,Arganzuela,casual,2024-08-08,2024-12-31,26,135,4.6
9915,Fuencarral - El Pardo,casual,2024-01-01,2024-01-12,1,4,3.8
9916,Carabanchel,casual,2024-07-19,2024-12-31,51,246,3.7
9917,Chamartín,part_time,2024-02-17,2024-07-31,67,584,3.9
9918,Villa de Vallecas,casual,2024-09-30,2024-12-12,22,130,4.4
9919,San Blas - Canillejas,casual,2024-06-16,2024-09-12,21,99,4.5
9920,Usera,full_time,2024-03-27,2024-06-20,70,1427,4.4
9921,Carabanchel,casual,2024-07-27,2024-11-06,22,134,4.1
9922,Hortaleza,casual,2024-04-01,2024-06-22,19,102,4.3
9923,Ciudad Lineal,part_time,2024-01-14,2024-07-14,72,655,4.9
9924,Villaverde,casual,2024-04-03,2024-07-20,33,168,3.6
9925,Carabanchel,casual,2024-06-03,2024-12-31,53,260,3.6
9926,Ciudad Lineal,full_time,2024-05-30,2024-12-10,159,3129,4.2
9927,Villaverde,part_time,2024-11-24,2024-12-31,23,186,4.7
9928,Moncloa - Aravaca,casual,2024-01-01,2024-01-01,1,1,4.8
9929,Moncloa - Aravaca,part_time,2024-01-01,2024-03-13,27,276,4.6
9930,Latina,casual,2024-05-10,2024-08-17,28,135,3.8
9931,Puente de Vallecas,casual,2024-05-09,2024-12-31,49,256,4.6
9932,Puente de Vallecas,part_time,2024-01-01,2024-02-10,27,243,3.8
9933,Barajas,casual,2024-02-14,2024-05-14,32,159,3.5
9934,Carabanchel,casual,2024-12-23,2024-12-31,2,8,3.7
9935,Tetuán,full_time,2024-01-01,2024-08-27,203,4098,5.0
9936,Villa de Vallecas,casual,2024-03-22,2024-06-23,27,129,4.6
9937,Puente de Vallecas,casual,2024-01-01,2024-05-07,23,123,3.7
9938,Vicálvaro,casual,2024-01-01,2024-01-10,1,1,4.0
9939,Chamartín,part_time,2024-01-01,2024-06-05,69,637,4.8
9940,Hortaleza,part_time,2024-01-01,2024-03-12,34,305,4.6
9941,Latina,full_time,2024-01-01,2024-10-05,224,4455,3.9
9942,Carabanchel,casual,2024-01-03,2024-04-20,31,136,5.0
9943,Villa de Vallecas,part_time,2024-04-12,2024-06-27,36,310,4.4
9944,Carabanchel,part_time,2024-01-22,2024-05-07,49,423,4.3
9945,Hortaleza,casual,2024-11-25,2024-12-31,7,50,4.4
9946,Puente de Vallecas,casual,2024-02-14,2024-05-12,23,114,4.6
9947,Latina,part_time,2024-01-01,2024-03-25,43,394,3.9
9948,Latina,casual,2024-09-14,2024-12-15,21,106,3.5
9949,Ciudad Lineal,part_time,2024-08-16,2024-12-31,57,511,4.5
9950,Arganzuela,casual,2024-06-15,2024-09-14,20,109,4.2
9951,San Blas - Canillejas,casual,2024-03-19,2024-05-31,22,111,4.7
9952,Vicálvaro,full_time,2024-09-01,2024-12-31,99,2010,4.9
9953,Moncloa - Aravaca,part_time,2024-07-28,2024-11-12,51,438,4.4
9954,Usera,casual,2024-01-30,2024-07-26,44,212,4.4
9955,Centro,part_time,2024-03-21,2024-07-03,44,424,4.5
9956,Chamartín,casual,2024-01-01,2024-01-02,1,1,3.6
9957,Chamberí,part_time,2024-01-01,2024-01-27,12,110,4.0
9958,Villaverde,casual,2024-01-01,2024-03-01,9,51,4.5
9959,Puente de Vallecas,casual,2024-01-01,2024-05-16,40,195,4.3
9960,San Blas - Canillejas,casual,2024-11-28,2024-12-31,11,66,4.7
9961,Moncloa - Aravaca,casual,2024-10-15,2024-12-24,15,83,3.7
9962,Ciudad Lineal,casual,2024-01-01,2024-01-19,2,6,4.5
9963,Chamartín,casual,2024-01-01,2024-01-09,2,11,4.8
9964,Chamartín,full_time,2024-06-21,2024-10-01,82,1623,4.5
9965,Hortaleza,casual,2024-02-06,2024-07-18,38,196,3.6
9966,Tetuán,casual,2024-09-11,2024-12-31,20,112,4.5
9967,Hortaleza,casual,2024-12-20,2024-12-31,5,24,4.8
9968,San Blas - Canillejas,part_time,2024-01-02,2024-12-21,163,1523,3.7
9969,Moncloa - Aravaca,casual,2024-01-01,2024-05-07,31,186,4.4
9970,Tetuán,casual,2024-11-11,2024-12-31,11,57,4.2
9971,Fuencarral - El Pardo,part_time,2024-04-11,2024-07-12,39,365,3.8
9972,Chamartín,casual,2024-04-05,2024-07-12,20,87,4.2
9973,Villa de Vallecas,full_time,2024-05-29,2024-12-31,186,3583,4.1
9974,Chamartín,casual,2024-03-17,2024-06-18,19,90,4.4
9975,Ciudad Lineal,part_time,2024-01-24,2024-04-14,42,391,4.6
9976,Barajas,casual,2024-06-30,2024-12-31,39,194,3.6
9977,Moratalaz,part_time,2024-01-01,2024-04-10,50,437,3.8
9978,Fuencarral - El Pardo,part_time,2024-01-01,2024-01-18,7,72,4.5
9979,San Blas - Canillejas,casual,2024-04-03,2024-09-26,44,211,3.7
9980,Centro,casual,2024-01-01,2024-01-20,3,10,4.5
9981,Carabanchel,casual,2024-10-01,2024-12-14,14,62,4.5
9982,Centro,casual,2024-12-21,2024-12-31,2,4,4.0
9983,Tetuán,full_time,2024-12-04,2024-12-31,23,436,5.0
9984,Usera,part_time,2024-01-01,2024-03-09,37,335,4.2
9985,Villa de Vallecas,part_time,2024-11-12,2024-12-31,23,196,4.9
9986,Carabanchel,full_time,2024-01-01,2024-02-18,39,760,3.8
9987,Puente de Vallecas,part_time,2024-01-16,2024-07-11,62,537,4.9
9988,Retiro,part_time,2024-01-01,2024-02-15,20,177,4.4
9989,Chamartín,casual,2024-10-12,2024-12-31,19,102,5.0
9990,Chamberí,casual,2024-01-13,2024-04-11,19,94,4.4
9991,Centro,casual,2024-05-01,2024-12-31,47,209,4.9
9992,Puente de Vallecas,casual,2024-08-23,2024-12-31,21,92,4.0
9993,San Blas - Canillejas,casual,2024-04-01,2024-06-17,14,72,4.4
9994,Usera,casual,2024-09-23,2024-12-31,28,154,3.5
9995,Hortaleza,casual,2024-02-19,2024-06-01,16,78,4.4
9996,San Blas - Canillejas,casual,2024-01-01,2024-03-08,12,58,4.1
9997,Villaverde,casual,2024-04-21,2024-08-05,25,124,4.7
9998,Centro,casual,2024-07-29,2024-12-31,36,188,4.2
9999,Puente de Vallecas,casual,2024-01-01,2024-01-18,2,9,4.3
10000,Barajas,casual,2024-09-19,2024-12-31,25,138,5.0
10001,Centro,part_time,2024-01-01,2024-07-05,88,819,4.8
10002,Latina,part_time,2024-05-17,2024-12-31,111,1010,4.9
10003,Carabanchel,casual,2024-01-01,2024-03-23,23,124,3.8
10004,Retiro,casual,2024-04-07,2024-06-20,21,95,4.8
10005,Vicálvaro,casual,2024-05-03,2024-07-29,26,108,4.1
10006,Retiro,casual,2024-05-08,2024-07-28,21,114,4.8
10007,Villa de Vallecas,casual,2024-01-26,2024-05-07,19,89,4.3
10008,Villaverde,full_time,2024-01-22,2024-12-31,278,5621,4.5
10009,Moncloa - Aravaca,casual,2024-01-01,2024-06-04,29,137,3.9
10010,San Blas - Canillejas,casual,2024-01-01,2024-03-31,27,141,3.8
10011,Carabanchel,part_time,2024-01-01,2024-03-01,27,256,4.3
10012,Chamartín,casual,2024-11-12,2024-12-31,11,64,3.7
10013,Retiro,casual,2024-01-01,2024-04-05,24,97,4.4
10014,Puente de Vallecas,casual,2024-03-20,2024-07-05,27,133,3.5
10015,Centro,full_time,2024-01-11,2024-04-29,92,1819,3.8
10016,Hortaleza,casual,2024-06-12,2024-11-21,42,193,3.9
10017,Chamartín,part_time,2024-01-17,2024-07-03,81,707,3.8
10018,Arganzuela,part_time,2024-02-04,2024-05-12,48,496,3.7
10019,Chamartín,casual,2024-12-18,2024-12-31,5,23,4.6
10020,Villaverde,part_time,2024-12-30,2024-12-31,2,18,4.1
10021,Centro,casual,2024-01-01,2024-04-04,29,158,3.9
10022,Puente de Vallecas,casual,2024-08-19,2024-10-29,10,45,4.0
10023,Hortaleza,casual,2024-11-01,2024-12-31,19,96,4.7
10024,Moncloa - Aravaca,full_time,2024-12-18,2024-12-31,12,240,3.8
10025,Usera,casual,2024-01-01,2024-06-16,33,185,4.6
10026,Tetuán,casual,2024-09-08,2024-12-31,23,117,4.6
10027,Moncloa - Aravaca,full_time,2024-01-01,2024-08-26,189,3759,3.6
10028,Latina,casual,2024-06-06,2024-12-09,37,165,4.9
10029,Ciudad Lineal,full_time,2024-05-27,2024-08-18,74,1492,4.3
10030,Usera,part_time,2024-08-18,2024-11-24,43,365,4.8
10031,Moncloa - Aravaca,part_time,2024-10-29,2024-12-31,27,232,4.0
10032,Moncloa - Aravaca,part_time,2024-01-01,2024-02-21,19,156,4.5
10033,Hortaleza,part_time,2024-01-01,2024-05-02,54,462,4.4
10034,Hortaleza,casual,2024-06-25,2024-09-25,21,116,3.9
10035,Moncloa - Aravaca,full_time,2024-03-01,2024-06-18,93,1881,4.8
10036,Barajas,full_time,2024-04-29,2024-11-06,159,3242,4.7
10037,Moratalaz,full_time,2024-09-28,2024-12-08,58,1158,4.5
10038,Vicálvaro,part_time,2024-05-26,2024-12-31,91,779,4.8
10039,Villaverde,casual,2024-09-20,2024-12-04,18,69,3.8
10040,Latina,casual,2024-01-01,2024-03-16,23,127,4.6
10041,Ciudad Lineal,casual,2024-01-01,2024-01-14,1,3,3.9
10042,Usera,casual,2024-11-02,2024-12-31,14,71,4.9
10043,Barajas,part_time,2024-03-02,2024-09-07,79,724,4.3
10044,Centro,part_time,2024-07-21,2024-10-12,38,326,4.8
10045,Villa de Vallecas,casual,2024-01-01,2024-02-04,5,24,3.8
10046,Carabanchel,casual,2024-06-01,2024-12-31,49,255,4.0
10047,Moncloa - Aravaca,part_time,2024-01-01,2024-02-15,26,228,4.6
10048,Hortaleza,casual,2024-09-26,2024-12-24,21,117,4.0
10049,San Blas - Canillejas,full_time,2024-01-01,2024-02-13,38,770,3.6
10050,Hortaleza,part_time,2024-01-01,2024-02-14,18,161,4.5
10051,Barajas,casual,2024-02-24,2024-06-12,25,122,3.7
10052,Latina,casual,2024-01-01,2024-06-03,34,160,4.3
10053,Puente de Vallecas,part_time,2024-12-24,2024-12-31,5,48,4.8
10054,Villa de Vallecas,casual,2024-04-17,2024-08-01,38,205,4.4
10055,Tetuán,part_time,2024-05-01,2024-08-03,44,390,4.3
10056,Villaverde,casual,2024-01-01,2024-02-03,8,40,3.8
10057,Centro,casual,2024-05-04,2024-08-21,24,138,3.7
10058,Centro,casual,2024-01-01,2024-02-16,11,53,3.5
10059,Hortaleza,part_time,2024-07-16,2024-10-11,37,341,4.7
10060,Villa de Vallecas,full_time,2024-12-23,2024-12-31,7,146,3.5
10061,Puente de Vallecas,full_time,2024-01-01,2024-08-28,209,4176,4.8
10062,Moncloa - Aravaca,casual,2024-08-16,2024-12-31,36,152,4.1
10063,Latina,part_time,2024-12-15,2024-12-31,5,53,4.9
10064,Fuencarral - El Pardo,casual,2024-12-17,2024-12-31,5,21,3.7
10065,Chamartín,part_time,2024-08-16,2024-12-31,59,529,4.7
10066,Latina,full_time,2024-11-02,2024-12-31,54,1041,4.8
10067,Hortaleza,casual,2024-02-29,2024-06-15,20,98,4.1
10068,Salamanca,full_time,2024-06-21,2024-09-29,82,1618,5.0
10069,San Blas - Canillejas,casual,2024-04-30,2024-12-31,58,278,3.8
10070,Latina,casual,2024-01-01,2024-04-12,19,91,3.7
10071,Tetuán,casual,2024-03-07,2024-05-16,12,65,5.0
10072,Ciudad Lineal,full_time,2024-03-23,2024-06-09,71,1479,3.9
10073,Carabanchel,casual,2024-01-01,2024-01-30,4,20,3.5
10074,San Blas - Canillejas,part_time,2024-05-01,2024-07-23,48,412,4.1
10075,Arganzuela,casual,2024-09-22,2024-12-27,26,137,5.0
10076,Barajas,part_time,2024-06-19,2024-12-27,90,819,4.8
10077,Moncloa - Aravaca,part_time,2024-07-21,2024-09-30,34,289,3.6
10078,Hortaleza,casual,2024-07-09,2024-09-26,17,79,4.0
10079,Hortaleza,part_time,2024-01-01,2024-01-17,10,83,4.3
10080,Arganzuela,part_time,2024-01-01,2024-01-02,1,1,4.7
10081,Retiro,casual,2024-01-01,2024-03-16,22,111,3.8
10082,San Blas - Canillejas,casual,2024-11-22,2024-12-31,7,32,3.6
10083,Vicálvaro,casual,2024-10-14,2024-12-31,20,79,4.6
10084,Fuencarral - El Pardo,full_time,2024-05-13,2024-11-12,152,3040,3.5
10085,Vicálvaro,part_time,2024-01-24,2024-08-03,85,760,4.3
10086,Carabanchel,part_time,2024-12-11,2024-12-31,8,77,4.6
10087,Carabanchel,part_time,2024-01-01,2024-01-31,12,117,4.5
10088,Puente de Vallecas,part_time,2024-01-01,2024-03-10,37,322,4.3
10089,Usera,casual,2024-07-13,2024-10-07,21,93,4.7
10090,Carabanchel,casual,2024-06-09,2024-09-05,32,159,4.4
10091,Centro,part_time,2024-12-23,2024-12-31,2,20,4.7
10092,Ciudad Lineal,casual,2024-09-29,2024-12-31,18,99,4.4
10093,Centro,casual,2024-12-04,2024-12-31,7,40,4.1
10094,Carabanchel,part_time,2024-08-29,2024-11-20,40,345,4.4
10095,Latina,full_time,2024-11-20,2024-12-31,37,743,4.1
10096,Moncloa - Aravaca,part_time,2024-07-11,2024-12-31,68,608,3.8
10097,Centro,casual,2024-04-18,2024-10-12,43,214,4.2
10098,Arganzuela,full_time,2024-06-16,2024-10-01,90,1803,4.9
10099,Chamartín,casual,2024-11-17,2024-12-31,5,31,4.4
10100,Tetuán,casual,2024-01-01,2024-03-16,15,75,4.6
10101,Fuencarral - El Pardo,full_time,2024-06-25,2024-09-02,62,1274,4.5
10102,Villaverde,part_time,2024-04-09,2024-06-20,35,328,4.2
10103,Fuencarral - El Pardo,full_time,2024-07-26,2024-11-07,88,1720,4.1
10104,Barajas,part_time,2024-07-11,2024-09-21,35,300,3.8
10105,Vicálvaro,part_time,2024-03-27,2024-07-05,51,456,3.5
10106,Vicálvaro,casual,2024-07-21,2024-12-29,41,229,4.8
10107,Fuencarral - El Pardo,casual,2024-02-01,2024-12-31,77,396,3.9
10108,Puente de Vallecas,full_time,2024-01-01,2024-05-15,112,2269,4.4
10109,Carabanchel,full_time,2024-07-24,2024-10-09,63,1278,4.2
10110,Centro,casual,2024-01-01,2024-01-12,3,19,3.7
10111,Carabanchel,casual,2024-09-22,2024-12-31,21,89,3.6
10112,Carabanchel,casual,2024-11-19,2024-12-31,7,31,4.9
10113,Fuencarral - El Pardo,casual,2024-01-01,2024-02-05,7,42,4.0
10114,Vicálvaro,full_time,2024-01-01,2024-05-22,116,2260,4.0
10115,Hortaleza,casual,2024-01-01,2024-02-29,18,77,3.6
10116,Arganzuela,casual,2024-09-21,2024-12-11,17,105,3.5
10117,Chamartín,full_time,2024-01-01,2024-02-02,30,589,4.6
10118,San Blas - Canillejas,casual,2024-04-26,2024-10-21,43,209,4.8
10119,Puente de Vallecas,casual,2024-04-03,2024-06-21,18,77,3.9
10120,San Blas - Canillejas,casual,2024-09-13,2024-11-26,15,84,4.2
10121,Fuencarral - El Pardo,casual,2024-07-14,2024-10-28,21,93,4.4
10122,Puente de Vallecas,casual,2024-02-02,2024-12-31,91,470,3.8
10123,Carabanchel,casual,2024-01-04,2024-12-31,104,491,4.1
10124,Puente de Vallecas,casual,2024-07-22,2024-12-31,35,197,4.2
10125,Puente de Vallecas,casual,2024-01-01,2024-12-14,93,511,4.5
10126,Carabanchel,casual,2024-04-20,2024-07-03,17,92,5.0
10127,Ciudad Lineal,casual,2024-01-01,2024-01-12,3,13,4.2
10128,Villaverde,full_time,2024-01-20,2024-05-07,90,1835,3.9
10129,Fuencarral - El Pardo,casual,2024-03-27,2024-06-13,17,95,4.5
10130,San Blas - Canillejas,casual,2024-05-11,2024-11-17,46,218,3.7
10131,Arganzuela,full_time,2024-08-08,2024-10-27,70,1378,3.5
10132,Arganzuela,casual,2024-12-04,2024-12-31,8,38,4.1
10133,Hortaleza,casual,2024-02-03,2024-05-07,15,73,3.6
10134,Fuencarral - El Pardo,part_time,2024-04-23,2024-10-28,85,769,4.2
10135,Fuencarral - El Pardo,part_time,2024-07-06,2024-12-31,83,758,4.0
10136,Chamartín,casual,2024-02-24,2024-05-20,14,63,4.8
10137,Usera,part_time,2024-04-23,2024-11-03,89,829,3.8
10138,Hortaleza,part_time,2024-02-23,2024-08-12,68,579,4.5
10139,Ciudad Lineal,casual,2024-01-27,2024-08-12,49,220,4.4
10140,Tetuán,casual,2024-01-01,2024-02-15,10,42,5.0
10141,Moncloa - Aravaca,casual,2024-01-01,2024-01-12,3,11,4.4
10142,Moncloa - Aravaca,part_time,2024-02-06,2024-05-18,49,437,4.7
10143,Moncloa - Aravaca,casual,2024-10-28,2024-12-31,11,47,4.0
10144,San Blas - Canillejas,casual,2024-01-01,2024-04-18,25,132,3.6
10145,Hortaleza,casual,2024-01-01,2024-02-04,9,51,4.1
10146,Centro,full_time,2024-07-10,2024-10-11,79,1594,4.5
10147,Chamberí,casual,2024-12-13,2024-12-31,2,11,3.9
10148,Centro,casual,2024-01-01,2024-01-26,4,23,3.7
10149,Centro,casual,2024-07-04,2024-12-31,44,239,3.7
10150,Tetuán,part_time,2024-01-01,2024-02-20,28,240,4.3
10151,Salamanca,casual,2024-01-01,2024-03-03,11,64,4.0
10152,Ciudad Lineal,full_time,2024-12-02,2024-12-31,27,516,4.6
10153,Villaverde,casual,2024-08-16,2024-11-18,20,92,4.5
10154,Fuencarral - El Pardo,casual,2024-06-18,2024-09-05,20,118,4.9
10155,Fuencarral - El Pardo,casual,2024-01-01,2024-04-03,23,117,5.0
10156,Moratalaz,casual,2024-06-15,2024-09-09,18,104,3.5
10157,Retiro,casual,2024-01-01,2024-01-29,11,53,3.9
10158,Centro,part_time,2024-04-09,2024-06-22,36,321,3.9
10159,Villa de Vallecas,casual,2024-08-18,2024-11-19,16,66,4.8
10160,Hortaleza,part_time,2024-02-22,2024-12-31,135,1242,3.7
10161,Carabanchel,casual,2024-05-08,2024-12-31,50,260,4.1
10162,Vicálvaro,part_time,2024-01-01,2024-03-05,35,348,3.6
10163,Latina,casual,2024-07-08,2024-12-31,39,205,4.2
10164,Carabanchel,casual,2024-12-12,2024-12-31,6,23,3.6
10165,Puente de Vallecas,casual,2024-10-25,2024-12-31,15,68,4.6
10166,Chamartín,full_time,2024-01-01,2024-02-10,32,664,4.3
10167,Puente de Vallecas,full_time,2024-01-01,2024-02-22,45,855,5.0
10168,Carabanchel,part_time,2024-04-14,2024-10-03,75,680,5.0
10169,Salamanca,full_time,2024-05-26,2024-08-30,76,1515,4.7
10170,Salamanca,casual,2024-10-29,2024-12-31,7,43,3.9
10171,Barajas,casual,2024-03-22,2024-06-15,21,89,3.7
10172,Tetuán,casual,2024-05-20,2024-08-27,22,109,3.7
10173,Arganzuela,full_time,2024-01-01,2024-04-05,80,1600,4.5
10174,Usera,casual,2024-11-22,2024-12-31,9,32,3.7
10175,Latina,casual,2024-01-01,2024-02-25,10,51,3.9
10176,Latina,part_time,2024-11-08,2024-12-31,23,219,3.6
10177,Ciudad Lineal,casual,2024-11-13,2024-12-31,9,48,3.6
10178,Hortaleza,part_time,2024-01-01,2024-01-24,11,104,4.1
10179,Moncloa - Aravaca,casual,2024-09-18,2024-12-26,15,69,4.1
10180,Salamanca,part_time,2024-02-25,2024-06-06,49,477,3.8
10181,San Blas - Canillejas,full_time,2024-01-11,2024-04-13,73,1482,4.9
10182,Moncloa - Aravaca,part_time,2024-04-12,2024-06-26,33,291,4.4
10183,Salamanca,casual,2024-11-28,2024-12-31,6,26,3.9
10184,Villa de Vallecas,casual,2024-03-30,2024-07-02,15,82,4.8
10185,Ciudad Lineal,casual,2024-01-01,2024-06-24,47,260,4.3
10186,Moratalaz,casual,2024-01-21,2024-12-31,75,334,4.2
10187,Villa de Vallecas,part_time,2024-04-08,2024-07-04,46,410,4.6
10188,Carabanchel,casual,2024-01-01,2024-01-11,2,9,4.1
10189,Tetuán,casual,2024-01-01,2024-05-15,30,155,4.7
10190,Moncloa - Aravaca,casual,2024-01-01,2024-01-08,4,22,3.5
10191,Villaverde,full_time,2024-05-28,2024-08-25,73,1444,3.9
10192,Hortaleza,casual,2024-07-28,2024-10-07,13,79,4.3
10193,Centro,casual,2024-08-23,2024-11-28,22,108,4.8
10194,Usera,casual,2024-01-01,2024-05-31,34,162,4.6
10195,Moncloa - Aravaca,casual,2024-08-13,2024-12-31,32,163,4.9
10196,Salamanca,full_time,2024-04-02,2024-07-10,86,1716,3.9
10197,Moncloa - Aravaca,casual,2024-01-01,2024-01-22,2,13,4.9
10198,Carabanchel,part_time,2024-11-09,2024-12-31,23,223,3.7
10199,Carabanchel,part_time,2024-08-17,2024-11-03,30,276,3.8
10200,Villa de Vallecas,part_time,2024-06-13,2024-09-16,40,342,4.2
10201,San Blas - Canillejas,part_time,2024-01-01,2024-01-20,11,105,3.8
10202,Latina,part_time,2024-01-01,2024-01-11,2,13,3.5
10203,Usera,casual,2024-05-15,2024-10-26,39,200,4.5
10204,Latina,casual,2024-10-29,2024-12-31,17,92,4.1
10205,Retiro,part_time,2024-06-18,2024-12-26,87,771,4.9
10206,Carabanchel,part_time,2024-01-01,2024-01-03,1,13,5.0
10207,Fuencarral - El Pardo,casual,2024-07-22,2024-10-13,17,91,4.9
10208,Villa de Vallecas,casual,2024-01-01,2024-09-11,58,303,4.3
10209,Arganzuela,casual,2024-01-01,2024-03-28,22,109,4.0
10210,Tetuán,casual,2024-10-10,2024-12-23,23,103,4.9
10211,Hortaleza,casual,2024-06-22,2024-09-19,16,85,4.1
10212,Usera,casual,2024-06-15,2024-12-31,41,196,4.1
10213,Fuencarral - El Pardo,casual,2024-01-01,2024-03-14,15,77,4.5
10214,San Blas - Canillejas,part_time,2024-01-01,2024-02-23,24,205,4.5
10215,Villaverde,part_time,2024-05-28,2024-08-17,36,328,3.7
10216,Puente de Vallecas,part_time,2024-05-29,2024-08-29,35,322,3.8
10217,Villa de Vallecas,part_time,2024-05-16,2024-11-14,77,710,3.5
10218,Ciudad Lineal,casual,2024-08-11,2024-12-31,32,159,3.6
10219,Usera,casual,2024-07-25,2024-11-11,27,138,4.0
10220,Hortaleza,part_time,2024-08-05,2024-11-07,44,366,4.9
10221,Ciudad Lineal,part_time,2024-01-01,2024-03-19,32,279,4.7
10222,Vicálvaro,part_time,2024-04-09,2024-07-10,42,382,3.8
10223,Puente de Vallecas,part_time,2024-07-03,2024-09-29,43,427,3.7
10224,Puente de Vallecas,part_time,2024-05-27,2024-08-22,39,371,5.0
10225,Arganzuela,part_time,2024-01-01,2024-08-08,105,982,4.6
10226,Fuencarral - El Pardo,part_time,2024-11-22,2024-12-31,19,173,4.3
10227,Moncloa - Aravaca,part_time,2024-01-01,2024-03-03,29,259,5.0
10228,Latina,casual,2024-12-18,2024-12-31,4,21,4.9
10229,Barajas,casual,2024-07-29,2024-12-31,48,221,3.7
10230,Chamberí,casual,2024-07-06,2024-09-19,15,84,4.5
10231,Arganzuela,casual,2024-01-01,2024-04-03,18,102,4.5
10232,Villaverde,part_time,2024-06-07,2024-09-24,46,413,4.8
10233,Moncloa - Aravaca,casual,2024-01-01,2024-02-16,10,46,4.2
10234,Ciudad Lineal,casual,2024-12-02,2024-12-31,12,66,4.5
10235,Vicálvaro,part_time,2024-02-15,2024-05-08,41,371,4.0
10236,San Blas - Canillejas,casual,2024-02-18,2024-07-29,38,188,4.1
10237,Usera,part_time,2024-06-11,2024-12-23,83,792,4.3
10238,Chamberí,casual,2024-01-01,2024-01-09,1,5,3.8
10239,Chamberí,casual,2024-05-03,2024-10-13,29,130,4.7
10240,Carabanchel,casual,2024-06-11,2024-12-31,41,221,4.2
10241,Carabanchel,casual,2024-01-01,2024-05-31,47,234,4.8
10242,Carabanchel,casual,2024-01-01,2024-03-24,18,99,4.7
10243,Centro,casual,2024-05-08,2024-08-13,18,85,4.3
10244,Villaverde,casual,2024-05-26,2024-09-10,27,127,4.5
10245,Chamartín,casual,2024-04-24,2024-07-15,19,98,4.8
10246,San Blas - Canillejas,part_time,2024-01-01,2024-08-04,105,943,4.0
10247,Tetuán,casual,2024-02-18,2024-08-08,31,156,4.6
10248,Hortaleza,casual,2024-01-01,2024-08-12,42,202,4.9
10249,Moratalaz,casual,2024-01-11,2024-04-28,25,118,3.5
10250,Hortaleza,full_time,2024-01-01,2024-12-06,287,5718,4.2
10251,Puente de Vallecas,part_time,2024-01-01,2024-10-10,127,1166,3.7
10252,Usera,full_time,2024-02-26,2024-08-27,159,3217,4.1
10253,Villa de Vallecas,full_time,2024-01-01,2024-01-01,1,14,4.7
10254,Moncloa - Aravaca,casual,2024-08-14,2024-11-10,17,94,3.8
10255,Carabanchel,part_time,2024-01-01,2024-01-21,11,87,3.6
10256,Vicálvaro,casual,2024-01-18,2024-03-31,16,66,3.9
10257,Vicálvaro,full_time,2024-10-01,2024-12-31,77,1577,4.7
10258,Barajas,casual,2024-12-25,2024-12-31,1,6,3.7
10259,Carabanchel,casual,2024-12-27,2024-12-31,1,3,4.4
10260,Barajas,full_time,2024-06-24,2024-10-03,83,1636,4.6
10261,Centro,part_time,2024-02-04,2024-04-26,47,443,4.4
10262,Centro,full_time,2024-10-18,2024-12-31,63,1332,4.9
10263,Ciudad Lineal,casual,2024-06-18,2024-12-31,48,239,4.6
10264,Usera,casual,2024-12-21,2024-12-31,2,5,3.6
10265,Puente de Vallecas,casual,2024-06-05,2024-09-11,22,112,4.8
10266,Carabanchel,casual,2024-04-23,2024-10-06,32,189,4.3
10267,Ciudad Lineal,casual,2024-01-01,2024-02-01,9,52,5.0
10268,Chamartín,casual,2024-01-01,2024-04-16,23,101,5.0
10269,Chamberí,part_time,2024-06-28,2024-12-31,74,683,3.7
10270,Latina,casual,2024-12-28,2024-12-31,1,1,3.9
10271,Ciudad Lineal,part_time,2024-01-01,2024-12-13,157,1401,4.5
10272,Barajas,full_time,2024-01-01,2024-01-14,14,283,3.6
10273,Hortaleza,part_time,2024-02-12,2024-08-03,78,736,4.1
10274,Carabanchel,casual,2024-01-01,2024-02-27,15,81,5.0
10275,Villaverde,casual,2024-12-13,2024-12-31,4,20,4.3
10276,Vicálvaro,casual,2024-01-01,2024-03-15,12,51,4.0
10277,Barajas,part_time,2024-01-01,2024-03-26,39,332,3.8
10278,Hortaleza,casual,2024-01-01,2024-11-30,78,376,4.6
10279,Puente de Vallecas,casual,2024-02-01,2024-12-31,82,442,4.9
10280,Carabanchel,full_time,2024-07-28,2024-12-31,126,2509,4.9
10281,Tetuán,part_time,2024-03-11,2024-06-21,50,450,3.6
10282,Fuencarral - El Pardo,part_time,2024-10-18,2024-12-31,31,280,3.6
10283,Chamartín,casual,2024-07-06,2024-09-22,13,55,5.0
10284,Latina,full_time,2024-01-01,2024-01-22,20,410,4.9
10285,Puente de Vallecas,casual,2024-01-01,2024-01-16,3,17,3.8
10286,Carabanchel,casual,2024-03-08,2024-09-19,50,244,3.8
10287,Ciudad Lineal,full_time,2024-03-08,2024-08-21,139,2826,4.4
10288,Latina,full_time,2024-01-01,2024-11-25,281,5657,4.0
10289,Hortaleza,casual,2024-01-01,2024-01-25,3,16,4.6
10290,Vicálvaro,casual,2024-01-01,2024-02-08,5,15,3.8
10291,Chamberí,casual,2024-01-01,2024-02-03,11,34,4.7
10292,Salamanca,part_time,2024-06-20,2024-12-31,93,847,3.9
10293,Barajas,part_time,2024-06-28,2024-10-09,53,495,3.7
10294,Villaverde,casual,2024-01-01,2024-03-12,23,125,4.0
10295,Villa de Vallecas,casual,2024-02-17,2024-08-29,36,187,3.5
10296,Tetuán,part_time,2024-12-05,2024-12-31,9,89,4.5
10297,Puente de Vallecas,part_time,2024-01-01,2024-01-31,17,166,3.6
10298,Fuencarral - El Pardo,casual,2024-01-07,2024-03-24,18,85,3.7
10299,Villaverde,part_time,2024-03-22,2024-06-30,41,382,4.7
10300,Ciudad Lineal,full_time,2024-01-13,2024-04-19,79,1618,4.3
10301,Villa de Vallecas,casual,2024-01-01,2024-03-25,20,100,4.4
10302,Retiro,part_time,2024-12-17,2024-12-31,8,59,3.9
10303,Puente de Vallecas,part_time,2024-08-23,2024-12-31,57,523,5.0
10304,Arganzuela,casual,2024-09-05,2024-11-13,15,86,5.0
10305,Carabanchel,full_time,2024-12-01,2024-12-31,26,595,4.0
10306,Hortaleza,part_time,2024-01-01,2024-04-14,42,388,4.7
10307,San Blas - Canillejas,casual,2024-11-04,2024-12-31,6,29,4.7
10308,Salamanca,casual,2024-12-22,2024-12-31,4,20,4.9
10309,Chamberí,part_time,2024-05-19,2024-11-16,75,619,4.8
10310,Latina,casual,2024-10-23,2024-12-31,15,74,4.2
10311,Chamartín,casual,2024-08-19,2024-12-31,39,175,4.0
10312,San Blas - Canillejas,casual,2024-01-01,2024-06-24,49,247,4.9
10313,Barajas,part_time,2024-03-09,2024-05-28,46,426,4.1
10314,Usera,full_time,2024-08-06,2024-11-03,78,1508,4.3
10315,Hortaleza,part_time,2024-05-01,2024-10-29,80,737,3.6
10316,Carabanchel,part_time,2024-04-07,2024-06-16,26,215,3.9
10317,Carabanchel,casual,2024-01-01,2024-01-21,6,30,3.7
10318,Arganzuela,casual,2024-01-01,2024-01-11,2,11,3.6
10319,Tetuán,full_time,2024-01-01,2024-03-12,60,1251,4.1
10320,Fuencarral - El Pardo,casual,2024-03-24,2024-07-10,20,98,4.3
10321,Tetuán,part_time,2024-01-01,2024-01-16,6,44,4.7
10322,Puente de Vallecas,casual,2024-01-01,2024-04-16,20,98,4.4
10323,Chamartín,casual,2024-12-13,2024-12-31,6,33,4.7
10324,Chamartín,part_time,2024-04-17,2024-07-30,49,447,3.8
10325,Vicálvaro,casual,2024-11-13,2024-12-31,5,33,4.7
10326,Hortaleza,casual,2024-01-01,2024-04-14,23,127,3.6
10327,Salamanca,casual,2024-03-20,2024-06-08,16,83,3.9
10328,Barajas,casual,2024-07-11,2024-12-20,43,222,4.2
10329,Carabanchel,casual,2024-12-27,2024-12-31,1,6,4.9
10330,Vicálvaro,full_time,2024-07-18,2024-12-31,133,2681,3.6
10331,Latina,casual,2024-10-21,2024-12-31,15,84,3.9
10332,Latina,part_time,2024-01-01,2024-01-23,10,93,3.7
10333,Moncloa - Aravaca,part_time,2024-01-01,2024-08-09,103,950,4.1
10334,Latina,casual,2024-11-07,2024-12-31,13,66,4.0
10335,Tetuán,casual,2024-01-18,2024-12-31,80,372,3.6
10336,Carabanchel,full_time,2024-01-01,2024-04-03,86,1755,4.2
10337,Puente de Vallecas,part_time,2024-01-01,2024-03-18,29,285,4.2
10338,Ciudad Lineal,full_time,2024-07-13,2024-12-31,138,2748,4.4
10339,Moncloa - Aravaca,casual,2024-01-01,2024-04-24,25,94,4.8
10340,Chamberí,part_time,2024-05-24,2024-08-06,39,354,5.0
10341,Vicálvaro,part_time,2024-01-01,2024-04-10,43,397,3.7
10342,Vicálvaro,full_time,2024-01-11,2024-04-03,71,1480,4.0
10343,San Blas - Canillejas,casual,2024-04-07,2024-06-25,15,81,5.0
10344,Moncloa - Aravaca,full_time,2024-01-01,2024-02-23,45,920,4.4
10345,Arganzuela,casual,2024-07-30,2024-10-26,14,56,4.1
10346,Carabanchel,part_time,2024-01-01,2024-03-19,38,367,4.2
10347,Villaverde,casual,2024-09-13,2024-11-28,12,51,4.8
10348,Fuencarral - El Pardo,part_time,2024-01-17,2024-12-31,155,1374,4.8
10349,Tetuán,casual,2024-03-17,2024-06-02,12,62,3.9
10350,San Blas - Canillejas,part_time,2024-03-25,2024-12-31,144,1393,4.0
10351,San Blas - Canillejas,casual,2024-04-05,2024-07-05,17,86,4.5
10352,Moratalaz,casual,2024-01-01,2024-02-07,9,49,3.6
10353,Moratalaz,part_time,2024-01-01,2024-06-19,84,762,4.8
10354,Carabanchel,part_time,2024-06-06,2024-08-17,40,355,3.5
10355,Arganzuela,casual,2024-01-01,2024-02-18,8,43,4.2
10356,Carabanchel,part_time,2024-06-19,2024-12-31,72,650,4.7
10357,Ciudad Lineal,casual,2024-03-21,2024-06-06,22,111,4.9
10358,Villa de Vallecas,part_time,2024-01-18,2024-03-30,39,389,4.4
10359,Centro,part_time,2024-01-01,2024-01-05,5,31,4.3
10360,Tetuán,part_time,2024-01-01,2024-02-07,24,219,4.5
10361,Ciudad Lineal,part_time,2024-01-01,2024-05-10,55,483,4.8
10362,San Blas - Canillejas,casual,2024-03-25,2024-06-12,18,73,3.5
10363,Usera,casual,2024-01-01,2024-03-12,16,73,4.4
10364,Vicálvaro,part_time,2024-05-31,2024-09-14,49,426,4.7
10365,Villa de Vallecas,casual,2024-01-01,2024-04-01,20,103,4.9
10366,Carabanchel,casual,2024-12-06,2024-12-31,7,46,4.1
10367,Fuencarral - El Pardo,part_time,2024-02-17,2024-12-31,159,1577,4.9
10368,Ciudad Lineal,casual,2024-09-15,2024-12-31,25,119,4.4
10369,Villa de Vallecas,casual,2024-04-02,2024-07-18,21,104,4.0
10370,Villaverde,full_time,2024-01-01,2024-05-29,116,2315,5.0
10371,San Blas - Canillejas,casual,2024-03-16,2024-08-24,37,174,3.6
10372,Villa de Vallecas,casual,2024-04-01,2024-07-11,26,131,4.8
10373,Barajas,casual,2024-07-19,2024-09-30,17,63,4.3
10374,Chamartín,casual,2024-11-20,2024-12-31,7,37,4.4
10375,Moncloa - Aravaca,part_time,2024-01-27,2024-04-15,31,263,4.7
10376,Ciudad Lineal,part_time,2024-01-01,2024-02-12,23,213,4.9
10377,Centro,part_time,2024-08-27,2024-11-13,37,317,4.8
10378,Centro,casual,2024-01-01,2024-01-01,1,1,4.2
10379,Barajas,casual,2024-09-30,2024-12-22,23,126,4.6
10380,Chamberí,casual,2024-09-01,2024-11-21,21,108,4.6
10381,Tetuán,part_time,2024-08-27,2024-12-31,64,558,4.0
10382,Centro,part_time,2024-01-01,2024-02-11,22,204,4.0
10383,Hortaleza,casual,2024-01-05,2024-04-02,17,89,4.7
10384,Carabanchel,part_time,2024-06-09,2024-09-10,45,401,4.3
10385,Carabanchel,part_time,2024-01-03,2024-06-25,78,711,3.8
10386,Carabanchel,casual,2024-10-24,2024-12-31,14,78,4.8
10387,Vicálvaro,part_time,2024-03-19,2024-08-31,72,710,4.2
10388,Fuencarral - El Pardo,part_time,2024-01-01,2024-11-06,134,1134,4.8
10389,Moncloa - Aravaca,casual,2024-01-01,2024-04-08,20,93,3.7
10390,Moratalaz,casual,2024-02-15,2024-12-31,74,378,4.8
10391,Tetuán,part_time,2024-01-06,2024-07-09,82,707,4.1
10392,Ciudad Lineal,full_time,2024-02-28,2024-09-08,146,2965,3.9
10393,Latina,part_time,2024-02-10,2024-05-01,39,317,4.1
10394,Retiro,part_time,2024-07-12,2024-09-24,35,319,4.4
10395,Ciudad Lineal,part_time,2024-10-17,2024-12-31,35,297,4.0
10396,Carabanchel,casual,2024-01-01,2024-01-10,1,6,4.5
10397,Chamartín,casual,2024-01-23,2024-04-13,15,80,4.3
10398,Puente de Vallecas,casual,2024-07-02,2024-12-31,38,204,4.5
10399,Moratalaz,full_time,2024-08-18,2024-11-21,78,1570,4.0
10400,San Blas - Canillejas,part_time,2024-01-01,2024-06-12,70,651,3.9
10401,Villaverde,full_time,2024-02-15,2024-05-08,71,1421,4.5
10402,Villa de Vallecas,casual,2024-06-30,2024-12-31,39,183,4.3
10403,Carabanchel,casual,2024-06-16,2024-09-07,17,91,3.7
10404,Retiro,part_time,2024-01-28,2024-08-03,80,731,4.5
10405,Latina,casual,2024-01-01,2024-01-31,1,7,3.9
10406,Usera,casual,2024-07-21,2024-11-02,22,97,4.0
10407,Ciudad Lineal,part_time,2024-01-01,2024-07-31,82,725,4.8
10408,San Blas - Canillejas,part_time,2024-02-26,2024-12-31,141,1271,3.8
10409,Hortaleza,part_time,2024-07-31,2024-12-31,75,648,4.1
10410,Fuencarral - El Pardo,casual,2024-01-01,2024-11-25,83,419,3.6
10411,Tetuán,casual,2024-01-18,2024-04-28,17,84,4.2
10412,Carabanchel,casual,2024-01-01,2024-06-02,41,203,4.9
10413,Hortaleza,casual,2024-06-03,2024-12-31,49,245,4.3
10414,Latina,casual,2024-11-04,2024-12-31,13,64,4.8
10415,Fuencarral - El Pardo,casual,2024-12-17,2024-12-31,2,14,4.3
10416,Chamartín,full_time,2024-09-19,2024-12-31,89,1816,3.6
10417,Centro,casual,2024-07-04,2024-10-01,17,99,4.3
10418,Hortaleza,casual,2024-10-17,2024-12-31,12,58,3.8
10419,Tetuán,casual,2024-03-28,2024-06-26,25,118,4.1
10420,Hortaleza,part_time,2024-10-29,2024-12-31,24,206,3.9
10421,Fuencarral - El Pardo,casual,2024-04-20,2024-07-11,23,111,3.7
10422,Fuencarral - El Pardo,casual,2024-05-21,2024-11-25,36,187,3.8
10423,Fuencarral - El Pardo,casual,2024-01-01,2024-03-17,23,103,4.1
10424,Carabanchel,casual,2024-05-13,2024-08-17,12,53,4.7
10425,Tetuán,part_time,2024-03-02,2024-06-07,46,425,4.7
10426,Chamartín,casual,2024-03-18,2024-06-16,20,103,3.6
10427,Carabanchel,casual,2024-05-29,2024-11-19,43,211,4.7
10428,San Blas - Canillejas,part_time,2024-11-10,2024-12-31,29,260,3.5
10429,Usera,casual,2024-10-12,2024-12-31,22,105,3.6
10430,San Blas - Canillejas,part_time,2024-03-15,2024-06-04,36,348,4.6
10431,Moratalaz,casual,2024-09-02,2024-11-28,20,99,4.1
10432,Moncloa - Aravaca,part_time,2024-06-17,2024-08-26,31,261,4.0
10433,Ciudad Lineal,casual,2024-03-03,2024-06-10,20,87,4.1
10434,Latina,casual,2024-11-10,2024-12-31,8,37,4.3
10435,Chamartín,casual,2024-01-01,2024-03-31,18,104,4.4
10436,Latina,full_time,2024-08-13,2024-12-31,118,2346,4.5
10437,Chamartín,casual,2024-01-21,2024-04-02,16,76,3.6
10438,Arganzuela,full_time,2024-11-14,2024-12-31,39,787,3.7
10439,Centro,full_time,2024-08-28,2024-11-20,66,1366,4.2
10440,Vicálvaro,casual,2024-03-26,2024-09-01,42,191,4.8
10441,Fuencarral - El Pardo,casual,2024-01-01,2024-02-04,10,50,4.6
10442,Centro,casual,2024-01-01,2024-03-23,14,84,3.8
10443,Latina,full_time,2024-01-01,2024-03-27,69,1381,3.9
10444,Tetuán,part_time,2024-09-13,2024-12-16,48,406,4.1
10445,Arganzuela,casual,2024-07-07,2024-10-19,18,95,4.8
10446,Tetuán,casual,2024-01-01,2024-05-02,30,162,5.0
10447,Vicálvaro,part_time,2024-01-01,2024-09-25,113,1082,3.6
10448,Puente de Vallecas,casual,2024-02-27,2024-05-17,20,82,4.2
10449,Hortaleza,casual,2024-07-24,2024-10-27,22,108,4.0
10450,Tetuán,casual,2024-03-15,2024-05-24,20,119,4.0
10451,Puente de Vallecas,casual,2024-09-20,2024-12-07,22,99,4.2
10452,Barajas,full_time,2024-08-11,2024-11-19,86,1687,4.6
10453,Usera,part_time,2024-01-31,2024-04-17,39,324,4.4
10454,Carabanchel,casual,2024-03-04,2024-05-24,15,81,4.1
10455,Carabanchel,casual,2024-06-11,2024-09-04,18,101,4.6
10456,San Blas - Canillejas,part_time,2024-11-12,2024-12-31,20,179,4.1
10457,Fuencarral - El Pardo,casual,2024-01-01,2024-03-22,20,101,4.5
10458,Hortaleza,casual,2024-03-04,2024-06-18,21,97,3.8
10459,Puente de Vallecas,casual,2024-05-26,2024-11-23,40,199,4.0
10460,Villaverde,part_time,2024-01-01,2024-08-25,117,1076,4.4
10461,Fuencarral - El Pardo,full_time,2024-02-05,2024-05-14,85,1637,4.9
10462,Retiro,part_time,2024-02-28,2024-08-21,93,847,3.5
10463,Ciudad Lineal,casual,2024-01-01,2024-03-28,20,98,4.6
10464,Villaverde,part_time,2024-03-17,2024-12-31,135,1246,4.2
10465,Fuencarral - El Pardo,casual,2024-11-07,2024-12-31,17,90,4.6
10466,Moncloa - Aravaca,full_time,2024-11-22,2024-12-31,35,657,3.7
10467,Centro,casual,2024-01-01,2024-12-01,93,475,4.4
10468,Barajas,casual,2024-01-01,2024-06-03,35,170,4.1
10469,Usera,casual,2024-03-19,2024-06-27,18,92,4.0
10470,Hortaleza,casual,2024-01-01,2024-05-01,36,163,3.5
10471,Puente de Vallecas,casual,2024-03-13,2024-12-31,60,325,4.3
10472,Latina,part_time,2024-01-01,2024-02-28,28,253,4.0
10473,Centro,part_time,2024-02-17,2024-05-28,39,364,4.9
10474,Retiro,part_time,2024-01-01,2024-03-17,40,378,4.6
10475,Vicálvaro,casual,2024-01-01,2024-05-30,32,148,3.6
10476,Puente de Vallecas,casual,2024-07-30,2024-11-10,28,139,4.0
10477,Carabanchel,casual,2024-12-28,2024-12-31,3,11,3.9
10478,Carabanchel,casual,2024-07-31,2024-11-16,27,123,4.5
10479,Latina,casual,2024-01-09,2024-04-25,21,110,4.4
10480,Villaverde,full_time,2024-04-01,2024-07-07,82,1650,4.0
10481,Ciudad Lineal,full_time,2024-07-15,2024-10-12,77,1585,3.8
10482,Villa de Vallecas,casual,2024-10-30,2024-12-31,19,111,4.2
10483,Villaverde,part_time,2024-08-18,2024-12-04,49,485,3.9
10484,Villa de Vallecas,part_time,2024-01-01,2024-03-06,31,260,3.8
10485,Ciudad Lineal,casual,2024-07-07,2024-09-27,21,119,4.7
10486,Usera,part_time,2024-01-08,2024-03-29,37,344,5.0
10487,Centro,casual,2024-01-14,2024-07-29,46,249,4.6
10488,Moncloa - Aravaca,casual,2024-12-16,2024-12-31,4,23,3.6
10489,Villa de Vallecas,full_time,2024-11-15,2024-12-31,37,745,4.9
10490,Hortaleza,part_time,2024-01-01,2024-05-19,56,484,4.2
10491,Hortaleza,casual,2024-07-31,2024-12-31,25,124,3.9
10492,Chamartín,casual,2024-01-06,2024-06-26,42,234,4.7
10493,Chamartín,full_time,2024-01-01,2024-01-06,4,82,3.5
10494,Carabanchel,casual,2024-10-27,2024-12-31,11,56,3.5
10495,Ciudad Lineal,full_time,2024-10-09,2024-12-31,71,1445,4.6
10496,Fuencarral - El Pardo,full_time,2024-02-02,2024-05-19,95,1896,3.7
10497,Moncloa - Aravaca,casual,2024-09-18,2024-12-21,18,93,4.2
10498,Retiro,part_time,2024-01-01,2024-01-23,10,77,4.3
10499,Hortaleza,part_time,2024-05-02,2024-10-12,72,701,5.0
10500,Puente de Vallecas,part_time,2024-12-21,2024-12-31,5,46,4.0
10501,Moncloa - Aravaca,casual,2024-08-02,2024-12-31,35,162,4.0
10502,Salamanca,casual,2024-03-04,2024-12-31,65,329,4.2
10503,Carabanchel,casual,2024-03-08,2024-06-21,31,150,4.2
10504,Carabanchel,part_time,2024-06-21,2024-12-31,93,826,4.3
10505,Puente de Vallecas,part_time,2024-12-20,2024-12-31,8,75,4.8
10506,Moncloa - Aravaca,part_time,2024-01-01,2024-03-29,38,343,4.6
10507,Fuencarral - El Pardo,part_time,2024-01-01,2024-01-23,11,108,4.8
10508,Hortaleza,casual,2024-01-01,2024-09-28,58,289,4.1
10509,San Blas - Canillejas,casual,2024-04-12,2024-10-09,49,241,4.7
10510,Barajas,part_time,2024-02-05,2024-04-17,36,331,4.9
10511,Puente de Vallecas,casual,2024-03-29,2024-12-31,70,350,3.6
10512,Villa de Vallecas,part_time,2024-02-17,2024-05-20,41,408,4.2
10513,Retiro,casual,2024-12-21,2024-12-31,1,1,4.4
10514,Usera,casual,2024-01-29,2024-05-01,23,128,4.4
10515,Usera,full_time,2024-10-01,2024-12-31,79,1592,4.3
10516,Villa de Vallecas,casual,2024-12-16,2024-12-31,3,15,4.7
10517,Moncloa - Aravaca,casual,2024-01-10,2024-12-22,78,392,3.8
10518,Fuencarral - El Pardo,part_time,2024-01-01,2024-05-24,75,652,4.9
10519,Hortaleza,part_time,2024-11-11,2024-12-31,17,151,4.7
10520,Vicálvaro,full_time,2024-04-15,2024-06-24,57,1103,3.9
10521,Puente de Vallecas,full_time,2024-05-31,2024-09-12,89,1766,3.5
10522,Latina,part_time,2024-01-01,2024-01-27,10,99,4.6
10523,Villa de Vallecas,casual,2024-03-05,2024-06-10,22,95,3.5
10524,Carabanchel,casual,2024-04-26,2024-11-07,45,231,4.2
10525,Usera,full_time,2024-08-12,2024-11-14,77,1524,4.4
10526,Chamartín,casual,2024-12-10,2024-12-31,7,32,5.0
10527,Chamartín,full_time,2024-03-06,2024-12-31,251,4982,4.0
10528,Hortaleza,part_time,2024-01-01,2024-05-27,61,595,4.6
10529,Fuencarral - El Pardo,casual,2024-06-04,2024-09-21,25,110,4.9
10530,Chamartín,casual,2024-01-01,2024-02-02,6,40,4.2
10531,Usera,part_time,2024-01-01,2024-03-09,28,279,3.7
10532,Villaverde,casual,2024-03-04,2024-06-13,24,130,3.7
10533,Villa de Vallecas,casual,2024-01-01,2024-01-10,3,17,4.1
10534,Centro,part_time,2024-01-01,2024-02-09,14,140,4.0
10535,Ciudad Lineal,casual,2024-01-01,2024-01-04,3,22,4.0
10536,Chamartín,casual,2024-01-01,2024-03-24,18,89,4.2
10537,Moncloa - Aravaca,part_time,2024-10-15,2024-12-31,32,282,4.3
10538,Latina,part_time,2024-03-08,2024-06-10,40,334,3.9
10539,Carabanchel,casual,2024-11-18,2024-12-31,11,53,4.2
10540,Tetuán,full_time,2024-10-10,2024-12-31,72,1467,4.5
10541,Barajas,full_time,2024-10-28,2024-12-31,51,970,4.3
10542,Barajas,casual,2024-01-01,2024-04-21,21,103,4.6
10543,Centro,casual,2024-03-06,2024-06-05,22,96,3.9
10544,Ciudad Lineal,part_time,2024-04-26,2024-08-07,47,429,4.1
10545,Villaverde,casual,2024-04-12,2024-07-19,22,100,4.3
10546,Ciudad Lineal,part_time,2024-01-01,2024-02-13,24,192,4.9
10547,Carabanchel,part_time,2024-01-26,2024-04-16,31,237,4.4
10548,Latina,casual,2024-06-14,2024-11-22,39,196,3.9
10549,Latina,part_time,2024-08-11,2024-10-24,37,343,3.6
10550,Villa de Vallecas,casual,2024-01-18,2024-07-18,43,229,4.3
10551,Villa de Vallecas,full_time,2024-02-15,2024-05-15,78,1568,4.9
10552,Vicálvaro,casual,2024-06-28,2024-09-20,26,122,4.5
10553,Moncloa - Aravaca,full_time,2024-07-04,2024-12-21,146,2887,4.1
10554,Chamartín,casual,2024-08-27,2024-11-07,23,92,3.6
10555,Barajas,part_time,2024-10-09,2024-12-22,32,292,3.7
10556,Fuencarral - El Pardo,full_time,2024-05-22,2024-11-08,136,2717,4.6
10557,Usera,casual,2024-01-17,2024-07-31,42,199,4.0
10558,Moncloa - Aravaca,casual,2024-01-16,2024-07-06,42,227,3.9
10559,Retiro,part_time,2024-01-01,2024-01-16,6,52,3.8
10560,Retiro,part_time,2024-04-08,2024-07-09,38,335,4.8
10561,Chamberí,casual,2024-11-04,2024-12-31,14,69,4.0
10562,Centro,casual,2024-07-17,2024-10-10,20,101,3.8
10563,Usera,part_time,2024-06-26,2024-10-02,45,421,4.1
10564,Centro,casual,2024-01-26,2024-04-08,13,68,4.6
10565,Moncloa - Aravaca,part_time,2024-06-24,2024-10-08,45,399,4.1
10566,Puente de Vallecas,casual,2024-01-01,2024-03-24,22,97,4.6
10567,Villa de Vallecas,casual,2024-02-24,2024-06-09,20,106,4.5
10568,Carabanchel,part_time,2024-06-22,2024-09-28,49,469,4.0
10569,San Blas - Canillejas,casual,2024-01-01,2024-01-22,6,24,4.8
10570,Ciudad Lineal,full_time,2024-02-22,2024-05-21,76,1485,3.6
10571,Villa de Vallecas,part_time,2024-01-01,2024-02-16,21,194,4.6
10572,Hortaleza,casual,2024-01-01,2024-03-12,14,86,4.3
10573,Moncloa - Aravaca,casual,2024-03-20,2024-06-04,13,53,4.0
10574,Fuencarral - El Pardo,casual,2024-05-26,2024-12-31,49,243,4.1
10575,Ciudad Lineal,part_time,2024-01-24,2024-05-05,47,444,4.4
10576,Ciudad Lineal,part_time,2024-01-01,2024-01-10,6,45,3.9
10577,Centro,part_time,2024-02-05,2024-08-07,83,749,4.4
10578,Latina,casual,2024-01-01,2024-04-27,23,110,4.3
10579,Puente de Vallecas,casual,2024-07-22,2024-12-31,44,209,4.7
10580,Moncloa - Aravaca,casual,2024-08-25,2024-12-31,28,152,3.8
10581,Moncloa - Aravaca,part_time,2024-06-30,2024-12-31,84,747,4.0
10582,Latina,casual,2024-07-05,2024-10-10,29,151,4.3
10583,Salamanca,casual,2024-09-01,2024-11-26,18,90,4.6
10584,San Blas - Canillejas,casual,2024-03-15,2024-06-24,26,122,4.0
10585,Latina,casual,2024-07-23,2024-10-27,21,99,4.0
10586,Villa de Vallecas,part_time,2024-01-01,2024-11-02,158,1393,4.8
10587,Latina,part_time,2024-04-14,2024-07-16,41,337,3.7
10588,Carabanchel,full_time,2024-07-31,2024-12-31,122,2419,4.6
10589,Puente de Vallecas,casual,2024-10-01,2024-12-12,15,80,4.7
10590,Carabanchel,part_time,2024-03-22,2024-07-09,49,427,3.9
10591,Arganzuela,casual,2024-11-16,2024-12-31,16,94,4.2
10592,Chamberí,part_time,2024-06-13,2024-08-25,30,280,4.3
10593,Fuencarral - El Pardo,part_time,2024-05-10,2024-08-11,52,501,4.7
10594,Latina,casual,2024-05-12,2024-08-22,25,133,4.8
10595,Carabanchel,part_time,2024-09-20,2024-12-26,42,394,4.1
10596,Fuencarral - El Pardo,casual,2024-12-17,2024-12-31,3,7,4.0
10597,Moncloa - Aravaca,casual,2024-07-20,2024-12-31,39,192,4.0
10598,Carabanchel,casual,2024-01-01,2024-09-06,44,230,3.8
10599,Vicálvaro,casual,2024-04-15,2024-10-06,30,161,3.6
10600,San Blas - Canillejas,full_time,2024-01-01,2024-08-12,183,3590,4.8
10601,Vicálvaro,part_time,2024-04-23,2024-12-31,120,1120,4.0
10602,Retiro,part_time,2024-12-31,2024-12-31,1,14,3.5
10603,Barajas,full_time,2024-10-20,2024-12-31,62,1234,3.7
10604,Carabanchel,part_time,2024-03-17,2024-09-16,75,700,4.9
10605,Puente de Vallecas,casual,2024-03-06,2024-06-05,25,136,3.6
10606,Salamanca,casual,2024-05-03,2024-07-19,21,99,4.5
10607,Retiro,casual,2024-01-01,2024-06-23,45,224,4.7
10608,Tetuán,full_time,2024-12-25,2024-12-31,5,98,4.6
10609,Hortaleza,full_time,2024-01-01,2024-05-27,126,2480,4.0
10610,Puente de Vallecas,part_time,2024-10-10,2024-12-19,27,246,4.5
10611,Hortaleza,casual,2024-02-25,2024-08-07,34,177,3.9
10612,Hortaleza,casual,2024-07-23,2024-10-29,34,167,4.1
10613,Hortaleza,full_time,2024-11-05,2024-12-31,48,932,4.7
10614,Vicálvaro,casual,2024-05-30,2024-11-09,36,187,4.4
10615,Tetuán,part_time,2024-04-03,2024-12-31,124,1132,4.2
10616,Chamartín,casual,2024-01-01,2024-01-26,6,33,4.5
10617,Salamanca,casual,2024-01-01,2024-02-26,16,85,4.6
10618,Villaverde,part_time,2024-02-04,2024-12-31,155,1360,4.9
10619,Puente de Vallecas,full_time,2024-01-18,2024-07-23,165,3272,4.7
10620,Villa de Vallecas,part_time,2024-07-02,2024-10-11,48,400,4.2
10621,Hortaleza,casual,2024-03-23,2024-06-25,26,122,3.8
10622,Puente de Vallecas,casual,2024-01-01,2024-04-04,33,151,4.2
10623,Carabanchel,full_time,2024-10-03,2024-12-17,61,1225,4.2
10624,Arganzuela,part_time,2024-10-22,2024-12-31,30,278,4.4
10625,Hortaleza,casual,2024-12-13,2024-12-31,4,24,4.4
10626,Moncloa - Aravaca,part_time,2024-01-12,2024-03-29,34,334,3.8
10627,Villaverde,casual,2024-02-21,2024-05-22,20,96,4.7
10628,Salamanca,casual,2024-01-01,2024-05-31,35,154,4.1
10629,Usera,full_time,2024-11-30,2024-12-31,21,420,4.7
10630,Centro,part_time,2024-05-26,2024-11-21,85,771,3.5
10631,Moratalaz,casual,2024-11-27,2024-12-31,4,33,4.7
10632,Hortaleza,casual,2024-10-14,2024-12-31,13,62,4.3
10633,Hortaleza,full_time,2024-02-06,2024-04-16,57,1162,4.1
10634,Fuencarral - El Pardo,part_time,2024-01-01,2024-11-08,143,1249,3.7
10635,Carabanchel,part_time,2024-02-06,2024-08-20,87,748,4.8
10636,Chamartín,casual,2024-01-01,2024-12-20,79,371,3.6
10637,Tetuán,full_time,2024-12-30,2024-12-31,1,1,3.7
10638,Ciudad Lineal,full_time,2024-01-01,2024-03-23,71,1380,4.8
10639,Latina,casual,2024-09-16,2024-12-25,17,79,4.5
10640,Ciudad Lineal,casual,2024-01-23,2024-04-11,17,101,4.8
10641,Barajas,part_time,2024-09-01,2024-12-10,46,414,5.0
10642,Centro,part_time,2024-01-01,2024-04-19,49,450,4.0
10643,San Blas - Canillejas,part_time,2024-05-21,2024-09-06,48,457,4.7
10644,Arganzuela,full_time,2024-07-28,2024-11-11,93,1839,3.6
10645,Hortaleza,part_time,2024-04-28,2024-07-07,36,300,4.9
10646,Carabanchel,casual,2024-12-13,2024-12-31,4,23,4.5
10647,Centro,casual,2024-07-27,2024-12-31,23,113,4.9
10648,Vicálvaro,part_time,2024-01-01,2024-03-12,32,263,4.3
10649,Carabanchel,casual,2024-03-15,2024-06-22,21,92,4.4
10650,Fuencarral - El Pardo,casual,2024-03-05,2024-05-18,9,33,4.9
10651,Puente de Vallecas,part_time,2024-01-01,2024-06-04,82,711,4.0
10652,Puente de Vallecas,casual,2024-01-01,2024-04-24,20,67,4.0
10653,Arganzuela,part_time,2024-01-01,2024-03-26,35,320,4.8
10654,Latina,casual,2024-11-02,2024-12-31,12,70,4.9
10655,Barajas,casual,2024-12-25,2024-12-31,3,18,4.5
10656,Puente de Vallecas,casual,2024-01-01,2024-03-26,21,105,4.1
10657,Chamartín,part_time,2024-09-26,2024-12-31,51,468,3.7
10658,Chamartín,part_time,2024-01-25,2024-04-10,37,324,4.4
10659,Fuencarral - El Pardo,casual,2024-05-29,2024-08-24,23,97,4.7
10660,Carabanchel,casual,2024-01-01,2024-04-17,26,111,3.7
10661,Hortaleza,casual,2024-02-06,2024-05-02,22,118,3.9
10662,Carabanchel,part_time,2024-02-22,2024-08-06,73,692,3.7
10663,Villaverde,full_time,2024-07-28,2024-12-31,130,2651,4.0
10664,Usera,part_time,2024-01-01,2024-12-12,171,1538,4.4
10665,Centro,casual,2024-08-15,2024-12-31,20,95,3.7
10666,Fuencarral - El Pardo,part_time,2024-01-01,2024-02-12,20,198,4.2
10667,Moncloa - Aravaca,casual,2024-05-17,2024-11-01,35,186,3.5
10668,Latina,casual,2024-01-01,2024-03-01,14,66,4.7
10669,San Blas - Canillejas,casual,2024-01-01,2024-03-25,17,86,4.5
10670,Salamanca,casual,2024-02-20,2024-05-21,14,73,4.5
10671,Arganzuela,casual,2024-01-01,2024-02-16,8,38,4.8
10672,Retiro,part_time,2024-07-20,2024-12-31,79,686,3.7
10673,Vicálvaro,casual,2024-05-16,2024-08-23,12,53,5.0
10674,Usera,part_time,2024-04-16,2024-12-31,124,1118,3.6
10675,Villa de Vallecas,full_time,2024-01-01,2024-01-25,21,432,4.2
10676,Hortaleza,part_time,2024-01-25,2024-04-09,42,392,3.5
10677,Ciudad Lineal,casual,2024-01-18,2024-12-31,84,425,4.9
10678,Latina,part_time,2024-01-01,2024-02-13,20,176,4.2
10679,Chamartín,casual,2024-01-01,2024-03-28,19,89,3.9
10680,San Blas - Canillejas,casual,2024-01-01,2024-01-10,1,10,4.2
10681,Hortaleza,casual,2024-11-23,2024-12-31,8,32,4.9
10682,Villa de Vallecas,part_time,2024-04-12,2024-07-19,51,451,3.8
10683,Moncloa - Aravaca,part_time,2024-01-01,2024-01-24,14,132,4.0
10684,Hortaleza,part_time,2024-05-08,2024-07-22,30,286,3.5
10685,Villa de Vallecas,part_time,2024-11-09,2024-12-31,20,159,3.8
10686,Arganzuela,casual,2024-01-01,2024-03-29,11,49,4.8
10687,Salamanca,part_time,2024-01-01,2024-06-20,67,610,4.2
10688,Retiro,full_time,2024-12-19,2024-12-31,13,241,3.6
10689,Moncloa - Aravaca,casual,2024-10-23,2024-12-31,22,113,4.7
10690,Latina,full_time,2024-02-07,2024-12-31,280,5649,4.8
10691,Fuencarral - El Pardo,full_time,2024-01-01,2024-03-25,70,1392,5.0
10692,San Blas - Canillejas,casual,2024-01-06,2024-04-11,22,121,3.6
10693,Tetuán,casual,2024-10-31,2024-12-31,7,38,4.2
10694,Chamberí,casual,2024-05-08,2024-12-31,51,245,4.8
10695,Retiro,part_time,2024-03-21,2024-06-03,38,304,3.7
10696,Chamartín,casual,2024-01-01,2024-01-13,5,23,4.0
10697,Puente de Vallecas,casual,2024-01-01,2024-04-09,20,111,4.9
10698,Centro,part_time,2024-08-10,2024-12-31,65,593,3.6
10699,Latina,full_time,2024-06-24,2024-12-18,150,2980,4.6
10700,Moncloa - Aravaca,part_time,2024-01-23,2024-07-11,77,726,4.9
10701,Puente de Vallecas,part_time,2024-05-16,2024-11-29,101,930,4.4
10702,Moncloa - Aravaca,casual,2024-09-11,2024-12-10,20,89,4.8
10703,Carabanchel,casual,2024-06-22,2024-12-13,52,289,4.7
10704,Retiro,part_time,2024-01-28,2024-04-16,34,308,4.7
10705,Centro,casual,2024-12-10,2024-12-31,5,27,4.4
10706,San Blas - Canillejas,part_time,2024-01-01,2024-01-18,3,22,3.6
10707,Vicálvaro,full_time,2024-06-13,2024-09-10,70,1438,4.1
10708,Latina,part_time,2024-01-01,2024-04-15,52,443,4.8
10709,Arganzuela,part_time,2024-08-19,2024-11-22,46,449,3.8
10710,Arganzuela,part_time,2024-02-16,2024-12-31,144,1218,4.0
10711,Hortaleza,part_time,2024-01-01,2024-05-22,70,647,4.3
10712,Puente de Vallecas,casual,2024-05-26,2024-08-13,19,105,4.1
10713,Fuencarral - El Pardo,casual,2024-05-24,2024-08-27,25,123,4.7
10714,Salamanca,casual,2024-02-28,2024-08-11,36,187,5.0
10715,Carabanchel,part_time,2024-01-01,2024-01-23,6,55,3.7
10716,Villa de Vallecas,casual,2024-01-01,2024-04-07,21,109,3.5
10717,Usera,casual,2024-12-18,2024-12-31,6,29,4.7
10718,Barajas,part_time,2024-01-01,2024-04-10,43,354,3.6
10719,Ciudad Lineal,casual,2024-04-28,2024-07-28,22,105,3.9
10720,Latina,part_time,2024-01-01,2024-06-05,73,692,4.0
10721,Ciudad Lineal,casual,2024-09-10,2024-12-15,12,72,3.9
10722,Fuencarral - El Pardo,casual,2024-02-27,2024-12-31,69,320,4.5
10723,Fuencarral - El Pardo,casual,2024-08-03,2024-12-31,35,171,3.9
10724,Villa de Vallecas,casual,2024-06-17,2024-12-11,43,247,4.4
10725,Latina,full_time,2024-03-29,2024-10-08,160,3150,4.5
10726,Salamanca,full_time,2024-12-14,2024-12-31,16,301,3.5
10727,Hortaleza,part_time,2024-08-16,2024-11-20,41,376,4.1
10728,Hortaleza,part_time,2024-08-11,2024-11-11,41,388,3.6
10729,Latina,part_time,2024-07-16,2024-12-31,78,704,4.6
10730,Carabanchel,full_time,2024-01-01,2024-12-07,294,5848,3.6
10731,Tetuán,casual,2024-07-22,2024-10-18,19,108,4.8
10732,Fuencarral - El Pardo,casual,2024-06-06,2024-11-14,31,141,4.8
10733,Chamartín,part_time,2024-11-11,2024-12-31,23,220,4.3
10734,Moncloa - Aravaca,full_time,2024-12-22,2024-12-31,8,164,4.9
10735,Puente de Vallecas,casual,2024-05-05,2024-08-13,17,92,4.0
10736,Chamartín,casual,2024-03-15,2024-12-31,57,272,4.0
10737,Latina,casual,2024-02-10,2024-05-12,26,113,3.7
10738,Chamberí,casual,2024-10-23,2024-12-31,19,82,4.6
10739,Vicálvaro,part_time,2024-07-25,2024-12-31,72,645,4.1
10740,Latina,casual,2024-11-25,2024-12-31,7,34,5.0
10741,Vicálvaro,full_time,2024-06-29,2024-10-10,85,1693,4.8
10742,Tetuán,part_time,2024-08-24,2024-11-10,38,363,4.3
10743,Retiro,casual,2024-01-01,2024-02-12,9,43,4.2
10744,Moncloa - Aravaca,part_time,2024-07-06,2024-10-03,39,347,3.9
10745,Tetuán,part_time,2024-03-19,2024-06-23,44,381,3.7
10746,Carabanchel,casual,2024-04-04,2024-10-07,40,193,3.9
10747,Carabanchel,casual,2024-01-01,2024-08-26,60,325,4.3
10748,Tetuán,part_time,2024-01-01,2024-07-28,106,910,3.7
10749,Chamartín,casual,2024-10-09,2024-12-31,18,90,4.8
10750,Villa de Vallecas,casual,2024-06-22,2024-08-31,13,67,5.0
10751,Puente de Vallecas,casual,2024-02-05,2024-04-22,13,68,3.9
10752,Moncloa - Aravaca,casual,2024-09-16,2024-12-15,27,117,4.5
10753,Ciudad Lineal,part_time,2024-01-01,2024-02-10,24,228,4.1
10754,Latina,casual,2024-01-31,2024-05-18,25,134,4.3
10755,Hortaleza,part_time,2024-01-01,2024-07-04,85,766,4.7
10756,San Blas - Canillejas,casual,2024-01-01,2024-05-09,33,163,4.4
10757,Latina,part_time,2024-10-20,2024-12-31,29,257,4.5
10758,Fuencarral - El Pardo,casual,2024-05-12,2024-12-31,57,284,3.7
10759,Tetuán,full_time,2024-08-05,2024-10-29,71,1429,3.9
10760,Ciudad Lineal,full_time,2024-03-17,2024-12-31,249,5012,4.8
10761,Carabanchel,casual,2024-02-05,2024-07-19,35,153,5.0
10762,Latina,part_time,2024-07-31,2024-10-24,41,366,4.3
10763,Hortaleza,casual,2024-09-08,2024-11-16,19,93,3.8
10764,Barajas,part_time,2024-06-11,2024-08-26,39,354,4.3
10765,San Blas - Canillejas,part_time,2024-03-10,2024-09-21,100,881,4.2
10766,Moncloa - Aravaca,casual,2024-01-02,2024-04-14,24,114,4.5
10767,Vicálvaro,casual,2024-01-01,2024-03-02,12,65,4.0
10768,Hortaleza,casual,2024-01-01,2024-01-20,5,18,4.8
10769,Retiro,part_time,2024-06-11,2024-12-31,86,741,5.0
10770,Carabanchel,part_time,2024-02-27,2024-06-13,52,476,4.9
10771,Moncloa - Aravaca,casual,2024-07-26,2024-12-31,29,144,5.0
10772,Moratalaz,casual,2024-01-09,2024-12-31,87,424,3.7
10773,Salamanca,casual,2024-04-17,2024-07-27,14,67,3.9
10774,Carabanchel,part_time,2024-07-16,2024-10-11,36,321,4.6
10775,Puente de Vallecas,casual,2024-01-01,2024-04-10,22,110,4.2
10776,Salamanca,casual,2024-12-21,2024-12-31,5,23,4.9
10777,Hortaleza,full_time,2024-01-01,2024-08-29,209,4181,3.7
10778,Usera,casual,2024-09-21,2024-12-04,15,54,4.0
10779,Latina,part_time,2024-01-01,2024-06-27,86,749,4.5
10780,Villa de Vallecas,casual,2024-01-01,2024-12-08,75,376,4.1
10781,Vicálvaro,casual,2024-03-25,2024-10-08,41,197,4.0
10782,Villa de Vallecas,part_time,2024-02-29,2024-05-15,45,436,4.3
10783,Centro,casual,2024-03-08,2024-06-08,19,72,4.7
10784,Chamberí,casual,2024-01-01,2024-11-06,72,386,4.1
10785,Puente de Vallecas,full_time,2024-10-03,2024-12-31,77,1524,3.6
10786,Carabanchel,full_time,2024-03-27,2024-10-06,169,3288,4.7
10787,Villaverde,part_time,2024-01-01,2024-03-05,28,257,4.6
10788,Fuencarral - El Pardo,casual,2024-01-01,2024-04-11,20,94,4.3
10789,Moncloa - Aravaca,casual,2024-12-24,2024-12-31,1,6,4.4
10790,Vicálvaro,casual,2024-01-01,2024-02-20,8,49,4.1
10791,Villaverde,full_time,2024-04-18,2024-12-31,215,4320,3.7
10792,Ciudad Lineal,part_time,2024-01-01,2024-04-23,49,481,4.7
10793,Hortaleza,casual,2024-04-23,2024-07-11,17,100,4.1
10794,Fuencarral - El Pardo,full_time,2024-03-04,2024-06-16,82,1646,5.0
10795,Centro,casual,2024-12-15,2024-12-31,5,25,5.0
10796,Vicálvaro,part_time,2024-05-03,2024-10-25,73,608,4.0
10797,Carabanchel,casual,2024-01-22,2024-04-24,17,92,3.8
10798,Usera,casual,2024-03-24,2024-12-31,65,305,4.6
10799,Retiro,full_time,2024-01-01,2024-02-01,27,524,4.6
10800,Barajas,full_time,2024-11-28,2024-12-31,28,597,3.5
10801,Puente de Vallecas,casual,2024-01-01,2024-09-05,51,264,4.3
10802,Latina,casual,2024-10-29,2024-12-31,15,74,3.9
10803,Latina,part_time,2024-08-15,2024-12-31,65,556,3.6
10804,Chamartín,casual,2024-01-01,2024-05-15,33,172,4.1
10805,Usera,part_time,2024-12-14,2024-12-31,7,68,3.7
10806,Usera,part_time,2024-12-28,2024-12-31,1,1,3.9
10807,Centro,casual,2024-08-13,2024-12-31,26,113,4.3
10808,Moncloa - Aravaca,casual,2024-04-29,2024-07-21,16,67,3.9
10809,Chamartín,casual,2024-07-04,2024-12-31,36,193,4.0
10810,Carabanchel,full_time,2024-01-01,2024-02-08,32,663,4.6
10811,Vicálvaro,casual,2024-11-25,2024-12-31,7,35,4.7
10812,Tetuán,part_time,2024-01-26,2024-04-07,33,314,4.2
10813,Vicálvaro,casual,2024-07-29,2024-12-31,27,115,4.4
10814,Hortaleza,part_time,2024-09-13,2024-12-31,40,346,4.0
10815,Tetuán,casual,2024-12-17,2024-12-31,3,16,4.8
10816,Hortaleza,casual,2024-10-09,2024-12-31,14,76,3.6
10817,Puente de Vallecas,part_time,2024-10-08,2024-12-31,47,447,3.6
10818,Tetuán,part_time,2024-07-23,2024-12-31,88,785,3.6
10819,Centro,casual,2024-06-28,2024-09-11,18,90,3.7
10820,Barajas,casual,2024-01-01,2024-01-24,6,32,4.4
10821,Centro,full_time,2024-12-17,2024-12-31,11,212,5.0
10822,Usera,casual,2024-04-20,2024-07-26,18,96,4.4
10823,Salamanca,casual,2024-09-10,2024-12-31,24,110,3.9
10824,Puente de Vallecas,casual,2024-01-01,2024-09-25,64,345,4.7
10825,Carabanchel,casual,2024-05-01,2024-07-24,22,103,4.0
10826,Hortaleza,part_time,2024-04-27,2024-08-01,43,422,4.4
10827,Villaverde,part_time,2024-12-27,2024-12-31,2,15,4.2
10828,Moncloa - Aravaca,casual,2024-01-01,2024-04-26,17,84,4.3
10829,Barajas,part_time,2024-01-02,2024-12-31,171,1569,3.7
10830,Chamartín,casual,2024-01-01,2024-03-22,12,67,4.9
10831,Villa de Vallecas,part_time,2024-01-01,2024-12-23,152,1417,4.0
10832,Villaverde,casual,2024-04-30,2024-10-22,40,188,4.4
10833,Villaverde,casual,2024-01-01,2024-03-02,9,42,3.5
10834,Carabanchel,part_time,2024-08-22,2024-10-31,33,318,4.2
10835,Tetuán,casual,2024-10-02,2024-12-31,10,42,4.7
10836,Vicálvaro,casual,2024-09-24,2024-12-31,29,145,4.4
10837,Ciudad Lineal,casual,2024-08-27,2024-12-08,22,139,4.0
10838,Usera,part_time,2024-01-01,2024-03-07,32,291,4.5
10839,Latina,casual,2024-07-07,2024-10-18,18,85,4.7
10840,Chamartín,part_time,2024-08-11,2024-11-26,48,395,3.7
10841,Latina,part_time,2024-08-18,2024-12-31,65,576,3.6
10842,Villaverde,part_time,2024-07-24,2024-12-31,64,584,4.2
10843,Salamanca,casual,2024-04-10,2024-12-31,56,274,4.2
10844,Chamartín,part_time,2024-08-31,2024-11-23,33,312,3.6
10845,Centro,casual,2024-09-15,2024-12-31,20,94,4.5
10846,Latina,full_time,2024-06-20,2024-09-13,69,1428,4.4
10847,Salamanca,part_time,2024-01-01,2024-03-05,33,308,4.0
10848,Fuencarral - El Pardo,casual,2024-08-22,2024-12-31,24,127,3.9
10849,Arganzuela,part_time,2024-04-30,2024-12-31,113,1018,3.9
10850,Usera,casual,2024-05-19,2024-12-31,44,223,3.7
10851,Centro,casual,2024-02-05,2024-05-17,19,94,4.9
10852,Barajas,casual,2024-01-01,2024-03-10,19,103,3.6
10853,Villaverde,part_time,2024-09-07,2024-12-31,49,464,3.6
10854,Retiro,part_time,2024-01-01,2024-02-06,16,140,4.7
10855,Latina,full_time,2024-03-24,2024-07-08,94,1891,4.2
10856,Tetuán,casual,2024-05-23,2024-08-19,21,115,4.7
10857,Centro,part_time,2024-01-01,2024-01-09,5,40,4.3
10858,Puente de Vallecas,part_time,2024-07-08,2024-09-18,37,332,4.8
10859,Fuencarral - El Pardo,part_time,2024-01-01,2024-02-23,22,217,4.0
10860,Chamartín,casual,2024-01-01,2024-05-15,29,154,4.4
10861,Carabanchel,casual,2024-12-29,2024-12-31,1,4,3.8
10862,Arganzuela,part_time,2024-05-10,2024-10-27,83,757,4.2
10863,Centro,casual,2024-12-14,2024-12-31,4,21,3.7
10864,Ciudad Lineal,casual,2024-05-17,2024-08-09,15,75,4.2
10865,Chamberí,casual,2024-10-01,2024-12-31,17,87,4.2
10866,Puente de Vallecas,casual,2024-01-01,2024-01-28,6,26,3.5
10867,Carabanchel,casual,2024-01-01,2024-06-05,30,142,3.6
10868,Puente de Vallecas,casual,2024-01-01,2024-07-24,42,192,4.3
10869,Chamberí,part_time,2024-01-01,2024-02-01,11,91,4.6
10870,Retiro,full_time,2024-12-05,2024-12-31,24,504,4.5
10871,Vicálvaro,casual,2024-01-04,2024-12-31,98,454,4.6
10872,Vicálvaro,casual,2024-06-27,2024-09-29,15,77,4.2
10873,San Blas - Canillejas,part_time,2024-06-05,2024-08-14,27,246,4.0
10874,Latina,casual,2024-01-01,2024-06-30,48,234,4.5
10875,Chamartín,full_time,2024-11-27,2024-12-31,28,592,3.9
10876,Puente de Vallecas,part_time,2024-08-09,2024-10-19,35,320,4.4
10877,Villa de Vallecas,casual,2024-01-01,2024-03-30,23,107,3.6
10878,Arganzuela,casual,2024-04-20,2024-08-06,31,144,4.3
10879,Usera,casual,2024-01-01,2024-01-01,1,1,4.6
10880,Hortaleza,part_time,2024-07-04,2024-12-31,85,758,4.0
10881,Fuencarral - El Pardo,casual,2024-04-22,2024-10-06,33,165,4.9
10882,Chamberí,full_time,2024-11-16,2024-12-31,39,756,3.6
10883,Moncloa - Aravaca,part_time,2024-12-07,2024-12-31,11,94,3.9
10884,Puente de Vallecas,full_time,2024-01-01,2024-03-11,62,1270,4.5
10885,Carabanchel,full_time,2024-01-01,2024-03-06,56,1106,4.7
10886,Fuencarral - El Pardo,casual,2024-11-14,2024-12-31,9,45,3.7
10887,Puente de Vallecas,casual,2024-05-15,2024-08-29,24,121,3.6
10888,Carabanchel,part_time,2024-04-29,2024-08-05,55,514,4.2
10889,Chamartín,casual,2024-06-15,2024-09-21,20,91,4.0
10890,Puente de Vallecas,casual,2024-01-01,2024-12-06,77,386,4.3
10891,Puente de Vallecas,casual,2024-03-30,2024-12-31,68,327,4.8
10892,Villaverde,casual,2024-12-09,2024-12-31,5,23,3.9
10893,Puente de Vallecas,full_time,2024-03-22,2024-12-31,230,4649,3.5
10894,Carabanchel,casual,2024-01-01,2024-08-19,56,297,4.5
10895,Vicálvaro,part_time,2024-01-01,2024-04-29,50,462,4.3
10896,Vicálvaro,full_time,2024-12-07,2024-12-31,20,398,4.3
10897,Latina,casual,2024-06-26,2024-09-16,18,92,4.7
10898,Carabanchel,part_time,2024-02-21,2024-12-31,139,1258,4.8
10899,Retiro,casual,2024-01-01,2024-01-16,3,15,3.7
10900,Centro,casual,2024-11-24,2024-12-31,4,25,4.7
10901,Centro,casual,2024-03-09,2024-09-20,43,215,4.3
10902,Fuencarral - El Pardo,casual,2024-12-31,2024-12-31,1,6,4.8
10903,Ciudad Lineal,casual,2024-01-01,2024-04-02,23,129,4.4
10904,Chamartín,casual,2024-02-22,2024-06-01,22,108,4.8
10905,Barajas,casual,2024-01-01,2024-04-08,22,118,4.7
10906,Ciudad Lineal,casual,2024-01-31,2024-07-23,33,157,4.0
10907,Hortaleza,part_time,2024-12-21,2024-12-31,7,62,4.5
10908,Villaverde,casual,2024-03-30,2024-07-14,22,122,4.4
10909,Hortaleza,part_time,2024-10-16,2024-12-30,28,252,4.3
10910,Arganzuela,full_time,2024-07-08,2024-12-31,154,3087,3.7
10911,Moncloa - Aravaca,part_time,2024-01-01,2024-06-06,75,722,3.5
10912,Puente de Vallecas,part_time,2024-06-17,2024-09-28,47,421,4.0
10913,Chamberí,part_time,2024-10-09,2024-12-31,42,340,4.2
10914,Villaverde,part_time,2024-06-04,2024-11-27,73,633,4.3
10915,Centro,full_time,2024-02-13,2024-04-26,58,1194,4.3
10916,Villaverde,full_time,2024-11-01,2024-12-31,49,983,3.7
10917,Carabanchel,casual,2024-05-02,2024-10-31,36,185,4.7
10918,Carabanchel,part_time,2024-12-23,2024-12-31,3,28,4.6
10919,Puente de Vallecas,part_time,2024-04-24,2024-12-31,119,1105,4.8
10920,Retiro,casual,2024-04-18,2024-07-28,26,126,4.8
10921,Chamartín,casual,2024-03-01,2024-08-24,42,234,4.7
10922,Moncloa - Aravaca,part_time,2024-11-06,2024-12-31,22,201,4.5
10923,Chamartín,part_time,2024-12-21,2024-12-31,4,47,4.2
10924,Arganzuela,casual,2024-01-01,2024-10-20,53,273,4.5
10925,Chamartín,casual,2024-01-01,2024-03-14,11,71,3.9
10926,Hortaleza,casual,2024-01-01,2024-01-18,2,9,4.9
10927,Chamberí,part_time,2024-01-11,2024-06-18,78,691,4.4
10928,Salamanca,full_time,2024-03-02,2024-06-07,80,1613,4.4
10929,San Blas - Canillejas,full_time,2024-04-26,2024-07-04,59,1211,4.4
10930,Usera,casual,2024-01-01,2024-03-18,20,100,4.5
10931,Centro,casual,2024-05-10,2024-08-16,26,129,4.5
10932,Fuencarral - El Pardo,part_time,2024-12-06,2024-12-31,9,72,3.6
10933,San Blas - Canillejas,part_time,2024-01-26,2024-04-13,29,261,4.1
10934,Barajas,casual,2024-08-07,2024-11-14,22,104,5.0
10935,Villaverde,casual,2024-01-01,2024-01-28,6,23,4.6
10936,Moratalaz,casual,2024-07-25,2024-10-15,17,66,3.8
10937,Villa de Vallecas,part_time,2024-12-03,2024-12-31,11,85,4.1
10938,Villaverde,part_time,2024-01-01,2024-05-28,63,585,4.2
10939,Usera,casual,2024-08-19,2024-12-31,29,147,5.0
10940,Carabanchel,full_time,2024-01-01,2024-02-07,31,623,4.9
10941,Tetuán,part_time,2024-01-22,2024-07-11,79,718,3.6
10942,Carabanchel,full_time,2024-01-01,2024-01-04,4,85,3.9
10943,Latina,casual,2024-03-25,2024-06-03,16,77,3.6
10944,San Blas - Canillejas,casual,2024-02-19,2024-05-22,11,57,3.8
10945,Villaverde,full_time,2024-07-17,2024-12-31,145,2871,4.2
10946,Salamanca,full_time,2024-02-27,2024-05-08,62,1236,4.4
10947,Fuencarral - El Pardo,full_time,2024-10-10,2024-12-31,71,1438,4.7
10948,Salamanca,part_time,2024-01-01,2024-06-07,71,664,3.6
10949,Tetuán,casual,2024-01-27,2024-04-07,14,91,3.9
10950,Ciudad Lineal,casual,2024-05-19,2024-08-10,18,82,4.4
10951,Tetuán,casual,2024-07-25,2024-11-01,22,104,4.2
10952,Fuencarral - El Pardo,full_time,2024-10-11,2024-12-31,68,1409,4.0
10953,Carabanchel,casual,2024-09-22,2024-12-31,17,90,3.8
10954,Fuencarral - El Pardo,part_time,2024-06-07,2024-08-16,34,315,4.6
10955,Centro,full_time,2024-12-22,2024-12-31,9,184,3.9
10956,Puente de Vallecas,full_time,2024-01-01,2024-08-02,181,3678,4.5
10957,Moncloa - Aravaca,full_time,2024-12-31,2024-12-31,1,21,4.9
10958,Villaverde,part_time,2024-01-28,2024-07-31,81,735,3.8
10959,Chamartín,casual,2024-02-01,2024-04-29,18,87,4.6
10960,Vicálvaro,full_time,2024-04-04,2024-06-17,60,1220,4.7
10961,Moncloa - Aravaca,casual,2024-06-24,2024-09-27,26,129,4.4
10962,Latina,casual,2024-01-01,2024-12-12,93,505,4.0
10963,Barajas,full_time,2024-01-01,2024-02-06,28,586,3.9
10964,Usera,part_time,2024-03-01,2024-06-18,59,508,4.7
10965,Tetuán,casual,2024-03-30,2024-09-24,38,190,4.0
10966,Ciudad Lineal,casual,2024-05-01,2024-12-31,58,260,4.7
10967,Salamanca,casual,2024-11-28,2024-12-31,8,30,4.8
10968,Moncloa - Aravaca,full_time,2024-12-11,2024-12-31,19,395,4.8
10969,Carabanchel,part_time,2024-05-25,2024-08-20,42,373,4.7
10970,Tetuán,casual,2024-02-21,2024-12-31,73,347,4.9
10971,Centro,part_time,2024-08-19,2024-11-08,33,281,4.9
10972,Moncloa - Aravaca,full_time,2024-10-20,2024-12-31,63,1285,4.2
10973,Salamanca,full_time,2024-09-05,2024-12-11,81,1620,3.9
10974,Carabanchel,casual,2024-08-28,2024-11-20,21,92,3.8
10975,Villa de Vallecas,part_time,2024-04-23,2024-07-22,39,359,4.1
10976,Puente de Vallecas,casual,2024-10-18,2024-12-31,17,93,3.9
10977,Puente de Vallecas,casual,2024-05-02,2024-12-31,49,237,4.8
10978,Puente de Vallecas,casual,2024-01-01,2024-03-11,17,72,4.8
10979,Centro,casual,2024-03-13,2024-12-31,62,303,4.2
10980,Moncloa - Aravaca,part_time,2024-01-01,2024-08-15,106,936,4.7
10981,Tetuán,casual,2024-01-01,2024-04-19,25,131,4.5
10982,Latina,casual,2024-06-22,2024-12-22,33,153,4.4
10983,Puente de Vallecas,casual,2024-04-14,2024-12-31,54,302,4.7
10984,Latina,casual,2024-12-07,2024-12-31,4,21,4.7
10985,San Blas - Canillejas,part_time,2024-12-20,2024-12-31,9,76,4.7
10986,Hortaleza,casual,2024-01-01,2024-10-25,69,319,4.3
10987,Moncloa - Aravaca,casual,2024-01-01,2024-03-24,17,83,4.0
10988,Villa de Vallecas,full_time,2024-01-01,2024-04-12,80,1632,4.1
10989,Tetuán,casual,2024-12-20,2024-12-31,3,15,4.5
10990,Fuencarral - El Pardo,full_time,2024-04-10,2024-06-22,60,1171,4.9
10991,Moncloa - Aravaca,part_time,2024-01-21,2024-06-28,79,727,4.6
10992,Chamartín,part_time,2024-06-13,2024-11-26,84,703,4.7
10993,Vicálvaro,part_time,2024-01-01,2024-01-26,7,57,3.9
10994,Chamartín,casual,2024-04-21,2024-12-31,57,306,4.2
10995,Hortaleza,part_time,2024-11-03,2024-12-31,25,249,4.6
10996,Tetuán,part_time,2024-08-25,2024-12-02,46,414,4.8
10997,Fuencarral - El Pardo,casual,2024-02-22,2024-08-13,49,236,4.3
10998,Latina,part_time,2024-01-01,2024-02-23,19,149,3.5
10999,Fuencarral - El Pardo,casual,2024-01-27,2024-04-17,20,90,4.8
11000,Centro,full_time,2024-02-01,2024-04-30,75,1577,3.6
11001,Latina,part_time,2024-04-01,2024-06-20,39,371,4.3
11002,Chamartín,casual,2024-01-01,2024-04-07,24,128,4.2
11003,Moncloa - Aravaca,full_time,2024-06-26,2024-09-12,64,1169,4.9
11004,Centro,full_time,2024-01-08,2024-07-25,160,3165,3.7
11005,Latina,part_time,2024-03-23,2024-10-06,88,837,4.5
11006,Villa de Vallecas,casual,2024-02-19,2024-05-06,16,98,4.0
11007,Hortaleza,part_time,2024-01-01,2024-11-27,164,1455,4.2
11008,Villa de Vallecas,part_time,2024-08-19,2024-11-29,43,389,4.1
11009,Retiro,casual,2024-01-01,2024-02-11,8,46,4.0
11010,Ciudad Lineal,full_time,2024-04-11,2024-10-02,141,2767,4.8
11011,Tetuán,part_time,2024-06-06,2024-12-04,92,866,4.6
11012,Villa de Vallecas,full_time,2024-08-07,2024-10-20,62,1216,4.8
11013,Barajas,part_time,2024-11-06,2024-12-31,22,191,4.7
11014,Moncloa - Aravaca,casual,2024-07-27,2024-12-31,34,167,4.1
11015,Centro,full_time,2024-09-06,2024-11-25,71,1453,3.6
11016,Latina,part_time,2024-10-21,2024-12-31,37,344,3.9
11017,Centro,casual,2024-11-22,2024-12-31,10,50,4.0
11018,Fuencarral - El Pardo,casual,2024-10-17,2024-12-31,15,75,3.7
11019,Arganzuela,casual,2024-07-08,2024-10-08,23,109,3.7
11020,Villaverde,part_time,2024-10-21,2024-12-31,37,319,3.5
11021,Fuencarral - El Pardo,casual,2024-01-01,2024-06-29,44,215,4.2
11022,Hortaleza,full_time,2024-12-09,2024-12-31,20,383,3.8
11023,Ciudad Lineal,full_time,2024-01-01,2024-03-19,69,1304,3.9
11024,San Blas - Canillejas,part_time,2024-01-30,2024-04-09,32,278,4.2
11025,Centro,casual,2024-01-01,2024-03-13,16,74,3.7
11026,Usera,part_time,2024-09-05,2024-12-31,56,524,3.6
11027,Salamanca,casual,2024-04-15,2024-07-18,19,78,4.6
11028,Centro,part_time,2024-08-30,2024-12-15,56,538,4.8
11029,Ciudad Lineal,casual,2024-05-17,2024-08-26,23,120,4.0
11030,Centro,full_time,2024-03-27,2024-07-08,89,1777,4.2
11031,Retiro,casual,2024-11-05,2024-12-31,13,80,3.9
11032,Puente de Vallecas,casual,2024-04-17,2024-07-15,16,85,4.2
11033,Fuencarral - El Pardo,full_time,2024-06-06,2024-12-03,154,3118,3.6
11034,Puente de Vallecas,casual,2024-10-17,2024-12-31,13,68,4.2
11035,Centro,full_time,2024-01-01,2024-04-10,84,1659,4.2
11036,Latina,full_time,2024-04-15,2024-06-24,56,1105,4.0
11037,Moncloa - Aravaca,casual,2024-01-01,2024-03-09,10,44,4.8
11038,Ciudad Lineal,casual,2024-05-29,2024-09-14,24,128,4.1
11039,Villaverde,part_time,2024-09-23,2024-12-31,44,406,3.7
11040,Hortaleza,part_time,2024-01-01,2024-02-09,15,144,4.6
11041,Hortaleza,full_time,2024-01-01,2024-01-29,24,452,3.7
11042,Centro,casual,2024-09-08,2024-11-25,22,114,3.6
11043,Latina,part_time,2024-06-05,2024-12-31,94,830,4.1
11044,Moncloa - Aravaca,casual,2024-01-01,2024-10-21,75,385,4.7
11045,Chamartín,part_time,2024-03-18,2024-06-11,37,340,4.9
11046,Vicálvaro,part_time,2024-01-27,2024-05-13,38,344,4.5
11047,Chamberí,full_time,2024-01-01,2024-01-29,26,548,4.8
11048,Retiro,casual,2024-01-19,2024-12-31,79,400,4.4
11049,Centro,casual,2024-06-09,2024-11-24,45,238,3.8
11050,Vicálvaro,casual,2024-10-30,2024-12-31,13,74,4.3
11051,Tetuán,casual,2024-06-05,2024-09-05,18,90,4.6
11052,Usera,casual,2024-01-01,2024-03-09,12,46,3.6
11053,Moncloa - Aravaca,full_time,2024-01-01,2024-06-13,139,2761,4.1
11054,Moncloa - Aravaca,casual,2024-09-23,2024-12-28,19,96,3.6
11055,Hortaleza,casual,2024-07-15,2024-10-02,17,88,4.1
11056,Hortaleza,part_time,2024-09-22,2024-12-03,33,270,4.3
11057,Villaverde,casual,2024-02-15,2024-08-14,37,175,4.6
11058,Villa de Vallecas,casual,2024-01-01,2024-02-01,11,55,4.0
11059,San Blas - Canillejas,full_time,2024-10-15,2024-12-31,62,1276,3.7
11060,San Blas - Canillejas,casual,2024-03-05,2024-06-10,22,123,4.2
11061,Latina,casual,2024-01-01,2024-02-07,7,31,3.7
11062,Carabanchel,part_time,2024-06-19,2024-10-05,47,410,3.6
11063,Puente de Vallecas,casual,2024-09-05,2024-12-07,18,84,4.6
11064,Moncloa - Aravaca,casual,2024-05-08,2024-08-05,15,81,4.4
11065,Moncloa - Aravaca,casual,2024-07-13,2024-09-29,13,70,4.3
11066,Vicálvaro,casual,2024-04-01,2024-07-15,26,130,3.8
11067,Latina,full_time,2024-10-11,2024-12-20,50,1045,4.9
11068,Puente de Vallecas,casual,2024-07-26,2024-12-31,32,174,4.8
11069,Villaverde,casual,2024-08-29,2024-11-16,16,94,4.8
11070,Chamartín,casual,2024-01-01,2024-01-15,2,8,3.6
11071,Hortaleza,full_time,2024-01-13,2024-12-31,297,5916,3.6
11072,Vicálvaro,casual,2024-09-09,2024-12-31,27,130,4.2
11073,Hortaleza,full_time,2024-02-06,2024-04-17,62,1200,3.9
11074,Moncloa - Aravaca,casual,2024-01-01,2024-05-24,36,175,4.0
11075,Retiro,full_time,2024-10-23,2024-12-31,63,1185,4.6
11076,Usera,casual,2024-10-21,2024-12-31,14,65,4.9
11077,Latina,casual,2024-12-26,2024-12-31,2,13,4.4
11078,Moncloa - Aravaca,casual,2024-05-15,2024-08-16,25,123,3.5
11079,Puente de Vallecas,casual,2024-01-01,2024-02-25,10,47,3.6
11080,Chamartín,part_time,2024-01-01,2024-01-04,2,18,3.8
11081,Centro,part_time,2024-08-21,2024-11-14,45,411,3.5
11082,Fuencarral - El Pardo,part_time,2024-09-21,2024-12-31,45,408,3.7
11083,Latina,casual,2024-04-12,2024-07-16,21,107,3.6
11084,Barajas,part_time,2024-04-13,2024-07-14,43,403,3.9
11085,Centro,casual,2024-09-08,2024-12-31,32,167,3.6
11086,Barajas,full_time,2024-01-01,2024-03-26,79,1643,4.9
11087,Puente de Vallecas,part_time,2024-01-01,2024-01-30,14,147,4.3
11088,Hortaleza,part_time,2024-12-16,2024-12-31,3,29,4.8
11089,Usera,full_time,2024-06-04,2024-09-05,83,1586,4.5
11090,Moncloa - Aravaca,part_time,2024-09-18,2024-12-21,52,447,4.2
11091,Villaverde,part_time,2024-12-11,2024-12-31,10,86,4.2
11092,San Blas - Canillejas,casual,2024-08-15,2024-12-31,27,148,4.6
11093,Carabanchel,part_time,2024-01-01,2024-11-30,164,1427,4.0
11094,Vicálvaro,casual,2024-07-21,2024-10-29,26,122,4.3
11095,Puente de Vallecas,casual,2024-06-20,2024-12-01,42,215,3.7
11096,Villaverde,part_time,2024-11-20,2024-12-31,15,120,4.7
11097,Latina,casual,2024-01-01,2024-04-13,32,156,4.0
11098,Villa de Vallecas,part_time,2024-08-15,2024-11-13,38,348,3.8
11099,Carabanchel,casual,2024-10-18,2024-12-31,18,87,4.6
11100,San Blas - Canillejas,casual,2024-03-24,2024-06-07,13,60,3.6
11101,Latina,full_time,2024-08-19,2024-11-22,83,1668,4.9
11102,Usera,casual,2024-01-01,2024-06-30,47,242,4.5
11103,Usera,part_time,2024-01-01,2024-02-11,15,131,4.6
11104,San Blas - Canillejas,part_time,2024-01-01,2024-01-12,3,20,3.6
11105,Hortaleza,full_time,2024-05-24,2024-09-07,90,1773,4.3
11106,San Blas - Canillejas,casual,2024-01-01,2024-02-07,10,54,3.5
11107,Tetuán,part_time,2024-06-25,2024-10-03,45,405,4.0
11108,Carabanchel,casual,2024-03-29,2024-06-16,25,117,4.6
11109,Chamberí,casual,2024-01-01,2024-01-04,1,1,3.8
11110,Ciudad Lineal,casual,2024-01-01,2024-04-17,24,121,4.5
11111,Puente de Vallecas,casual,2024-08-30,2024-12-16,30,158,4.3
11112,Chamartín,casual,2024-02-03,2024-07-22,37,184,4.9
11113,Barajas,casual,2024-06-14,2024-12-31,44,206,4.2
11114,Puente de Vallecas,casual,2024-09-19,2024-12-31,27,135,4.0
11115,Fuencarral - El Pardo,part_time,2024-09-27,2024-12-31,47,397,4.8
11116,Vicálvaro,casual,2024-07-29,2024-11-13,26,115,4.2
11117,Carabanchel,casual,2024-08-17,2024-12-31,31,150,3.9
11118,Puente de Vallecas,casual,2024-06-19,2024-09-16,17,84,4.1
11119,Fuencarral - El Pardo,casual,2024-03-13,2024-09-12,31,151,4.2
11120,Villaverde,part_time,2024-01-01,2024-01-30,12,116,3.8
11121,Usera,full_time,2024-12-13,2024-12-31,15,269,4.7
11122,Villa de Vallecas,part_time,2024-10-19,2024-12-31,35,302,4.7
11123,Moncloa - Aravaca,part_time,2024-05-06,2024-12-31,114,1066,4.2
11124,Moncloa - Aravaca,casual,2024-07-24,2024-10-16,16,75,3.5
11125,Salamanca,full_time,2024-05-13,2024-11-12,152,2988,3.7
11126,Ciudad Lineal,casual,2024-01-01,2024-02-14,7,31,4.3
11127,Hortaleza,casual,2024-02-15,2024-05-30,26,125,3.9
11128,Chamartín,casual,2024-03-17,2024-05-29,18,97,4.0
11129,Tetuán,casual,2024-10-02,2024-12-12,13,49,4.3
11130,Vicálvaro,part_time,2024-07-09,2024-09-24,46,389,4.5
11131,Centro,casual,2024-04-11,2024-06-23,14,87,3.8
11132,Ciudad Lineal,casual,2024-01-01,2024-08-23,48,235,4.5
11133,Moncloa - Aravaca,casual,2024-09-16,2024-12-31,23,110,3.7
11134,Arganzuela,full_time,2024-09-05,2024-12-31,102,2094,4.3
11135,Villa de Vallecas,part_time,2024-10-11,2024-12-22,34,282,4.5
11136,Barajas,full_time,2024-03-26,2024-07-02,83,1694,3.9
11137,Hortaleza,full_time,2024-04-29,2024-08-14,90,1741,4.8
11138,Hortaleza,full_time,2024-06-14,2024-09-25,86,1754,4.7
11139,Chamartín,casual,2024-01-01,2024-04-17,26,129,4.8
11140,Puente de Vallecas,casual,2024-01-01,2024-09-21,63,336,4.0
11141,Fuencarral - El Pardo,casual,2024-05-09,2024-08-16,27,123,4.9
11142,Villa de Vallecas,casual,2024-07-30,2024-11-11,20,101,4.2
11143,Moncloa - Aravaca,part_time,2024-04-18,2024-07-28,46,411,4.0
11144,Carabanchel,casual,2024-01-01,2024-03-12,18,74,4.4
11145,Usera,casual,2024-04-21,2024-07-07,14,69,4.8
11146,Fuencarral - El Pardo,part_time,2024-05-24,2024-09-07,54,510,4.8
11147,Barajas,casual,2024-08-01,2024-10-12,18,101,3.9
11148,Chamartín,casual,2024-10-27,2024-12-31,23,109,3.7
11149,Ciudad Lineal,casual,2024-01-01,2024-05-08,37,164,4.2
11150,Carabanchel,part_time,2024-02-14,2024-12-31,152,1385,4.9
11151,San Blas - Canillejas,casual,2024-04-01,2024-07-15,26,140,4.9
11152,Arganzuela,casual,2024-08-16,2024-10-27,13,61,3.9
11153,Villaverde,casual,2024-11-03,2024-12-31,15,73,3.6
11154,Hortaleza,part_time,2024-03-29,2024-09-09,86,752,4.6
11155,Carabanchel,casual,2024-10-21,2024-12-31,16,68,3.8
11156,Moncloa - Aravaca,casual,2024-01-01,2024-01-02,1,5,3.8
11157,Villa de Vallecas,full_time,2024-11-21,2024-12-31,34,718,4.6
11158,San Blas - Canillejas,full_time,2024-08-02,2024-12-31,123,2433,3.8
11159,San Blas - Canillejas,casual,2024-01-01,2024-02-28,13,81,4.7
11160,Usera,casual,2024-07-31,2024-11-16,27,129,4.9
11161,San Blas - Canillejas,casual,2024-05-24,2024-08-21,25,131,3.7
11162,San Blas - Canillejas,part_time,2024-12-18,2024-12-31,7,69,4.3
11163,Carabanchel,casual,2024-02-22,2024-05-17,24,100,4.6
11164,Villa de Vallecas,full_time,2024-03-21,2024-12-31,235,4666,4.3
11165,San Blas - Canillejas,part_time,2024-04-10,2024-10-18,79,687,4.9
11166,Salamanca,part_time,2024-01-01,2024-06-10,77,674,3.6
11167,Fuencarral - El Pardo,casual,2024-08-20,2024-12-31,27,139,5.0
11168,Fuencarral - El Pardo,full_time,2024-09-04,2024-12-10,76,1509,4.3
11169,Carabanchel,part_time,2024-02-08,2024-12-31,130,1123,3.8
11170,Vicálvaro,part_time,2024-12-01,2024-12-31,14,116,4.4
11171,Latina,casual,2024-11-28,2024-12-31,9,52,4.5
11172,Hortaleza,part_time,2024-09-20,2024-12-31,50,421,3.5
11173,Centro,part_time,2024-01-01,2024-04-19,49,434,4.8
11174,Centro,full_time,2024-11-06,2024-12-31,50,1011,3.6
11175,Puente de Vallecas,part_time,2024-01-01,2024-06-14,84,734,3.8
11176,Centro,casual,2024-06-15,2024-09-20,19,109,4.4
11177,San Blas - Canillejas,casual,2024-12-13,2024-12-31,8,52,4.7
11178,Usera,part_time,2024-01-03,2024-04-19,48,407,4.5
11179,Latina,full_time,2024-01-01,2024-04-16,90,1834,4.4
11180,Villaverde,part_time,2024-10-10,2024-12-31,36,353,4.2
11181,Chamartín,casual,2024-01-01,2024-01-07,1,7,4.3
11182,Hortaleza,casual,2024-01-01,2024-03-22,14,67,4.1
11183,Retiro,part_time,2024-01-01,2024-07-02,79,722,3.9
11184,Fuencarral - El Pardo,full_time,2024-09-06,2024-11-26,70,1443,4.0
11185,Retiro,casual,2024-05-13,2024-08-02,15,65,4.8
11186,Salamanca,casual,2024-04-01,2024-06-27,27,147,4.1
11187,Fuencarral - El Pardo,full_time,2024-11-18,2024-12-31,38,751,4.6
11188,Fuencarral - El Pardo,casual,2024-09-15,2024-11-28,20,76,4.4
11189,Hortaleza,casual,2024-07-20,2024-10-10,17,90,3.8
11190,Ciudad Lineal,casual,2024-01-01,2024-09-03,62,305,3.7
11191,Puente de Vallecas,casual,2024-10-27,2024-12-31,13,68,3.7
11192,Usera,casual,2024-01-01,2024-06-28,40,207,4.2
11193,Chamberí,part_time,2024-12-06,2024-12-31,12,102,3.8
11194,San Blas - Canillejas,part_time,2024-01-22,2024-05-01,51,459,3.9
11195,Carabanchel,part_time,2024-09-27,2024-12-31,51,432,4.8
11196,Chamberí,part_time,2024-11-21,2024-12-31,11,119,4.2
11197,Puente de Vallecas,casual,2024-01-01,2024-06-14,37,162,4.0
11198,Latina,casual,2024-01-10,2024-04-16,20,111,3.8
11199,Ciudad Lineal,casual,2024-01-01,2024-02-27,17,112,4.2
11200,Villaverde,casual,2024-02-27,2024-06-08,23,101,3.9
11201,San Blas - Canillejas,part_time,2024-01-03,2024-12-29,155,1385,3.6
11202,Carabanchel,casual,2024-01-01,2024-02-09,16,72,4.8
11203,Ciudad Lineal,part_time,2024-01-01,2024-03-21,36,302,4.4
11204,San Blas - Canillejas,casual,2024-04-20,2024-07-05,16,76,4.7
11205,Latina,casual,2024-01-01,2024-05-08,26,125,4.6
11206,Hortaleza,casual,2024-09-17,2024-12-24,20,104,3.5
11207,Carabanchel,casual,2024-03-05,2024-05-23,13,57,4.5
11208,Moncloa - Aravaca,part_time,2024-01-01,2024-01-25,9,81,3.7
11209,Chamartín,part_time,2024-01-01,2024-03-08,39,346,3.6
11210,Ciudad Lineal,casual,2024-01-01,2024-06-15,32,147,3.5
11211,Moncloa - Aravaca,part_time,2024-01-01,2024-03-20,36,325,4.8
11212,San Blas - Canillejas,part_time,2024-01-01,2024-04-11,49,449,4.4
11213,Ciudad Lineal,casual,2024-01-01,2024-04-22,19,89,4.7
11214,Puente de Vallecas,casual,2024-04-14,2024-07-07,23,129,4.5
11215,Tetuán,casual,2024-04-10,2024-10-18,43,220,3.7
11216,Salamanca,casual,2024-07-16,2024-10-04,16,66,4.4
11217,Centro,full_time,2024-11-22,2024-12-31,34,638,3.7
11218,Villa de Vallecas,casual,2024-05-23,2024-12-31,59,300,3.6
11219,Hortaleza,casual,2024-01-01,2024-05-25,44,221,4.0
11220,Chamartín,part_time,2024-01-01,2024-11-24,142,1301,3.6
11221,Barajas,casual,2024-08-10,2024-12-31,33,153,4.6
11222,Barajas,part_time,2024-06-17,2024-09-02,35,333,4.4
11223,Puente de Vallecas,casual,2024-01-01,2024-03-20,21,98,4.5
11224,Villa de Vallecas,casual,2024-09-25,2024-12-29,25,125,4.9
11225,San Blas - Canillejas,casual,2024-01-01,2024-04-16,25,124,4.0
11226,Ciudad Lineal,casual,2024-03-11,2024-06-03,23,128,4.3
11227,Latina,casual,2024-06-21,2024-12-31,46,218,4.1
11228,Chamartín,part_time,2024-12-17,2024-12-31,4,35,3.7
11229,Carabanchel,part_time,2024-11-13,2024-12-31,23,215,4.8
11230,Usera,part_time,2024-12-09,2024-12-31,9,69,4.4
11231,Centro,casual,2024-04-08,2024-06-25,18,91,4.4
11232,Moncloa - Aravaca,full_time,2024-04-25,2024-07-12,68,1351,3.9
11233,Centro,casual,2024-01-01,2024-03-14,18,98,4.7
11234,Carabanchel,part_time,2024-01-01,2024-12-11,166,1506,4.3
11235,Carabanchel,part_time,2024-09-27,2024-12-05,34,274,3.6
11236,Puente de Vallecas,part_time,2024-01-01,2024-01-31,15,132,4.0
11237,Latina,casual,2024-02-29,2024-05-23,19,94,4.2
11238,Arganzuela,part_time,2024-11-22,2024-12-31,16,134,4.0
11239,Puente de Vallecas,part_time,2024-01-01,2024-03-23,35,326,3.7
11240,Villa de Vallecas,casual,2024-01-01,2024-06-10,38,191,4.0
11241,Ciudad Lineal,part_time,2024-12-02,2024-12-31,17,157,3.5
11242,San Blas - Canillejas,casual,2024-01-01,2024-09-06,66,344,3.8
11243,Carabanchel,casual,2024-09-30,2024-12-31,19,105,4.5
11244,Usera,part_time,2024-01-01,2024-06-11,73,652,4.3
11245,Ciudad Lineal,part_time,2024-01-30,2024-04-26,41,353,4.1
11246,Fuencarral - El Pardo,casual,2024-01-01,2024-03-28,18,91,4.9
11247,Hortaleza,casual,2024-01-01,2024-01-28,4,12,3.6
11248,Villaverde,casual,2024-03-31,2024-07-14,16,70,4.5
11249,Villa de Vallecas,casual,2024-08-22,2024-11-22,20,105,4.4
11250,Tetuán,casual,2024-05-28,2024-08-10,22,113,4.3
11251,Fuencarral - El Pardo,casual,2024-03-27,2024-07-11,23,109,3.9
11252,Carabanchel,part_time,2024-01-01,2024-04-04,39,325,4.3
11253,San Blas - Canillejas,casual,2024-08-11,2024-11-02,11,53,4.2
11254,Latina,casual,2024-01-24,2024-04-26,25,148,3.7
11255,Latina,casual,2024-01-01,2024-01-19,2,6,3.9
11256,Chamartín,casual,2024-12-16,2024-12-31,3,9,4.2
11257,Tetuán,casual,2024-12-01,2024-12-31,10,46,4.1
11258,Chamartín,casual,2024-01-01,2024-04-10,27,157,3.7
11259,Hortaleza,casual,2024-01-01,2024-06-21,31,136,3.9
11260,Carabanchel,casual,2024-06-17,2024-09-29,20,104,4.4
11261,San Blas - Canillejas,part_time,2024-04-09,2024-07-18,41,386,4.6
11262,Fuencarral - El Pardo,full_time,2024-10-29,2024-12-31,54,1064,4.6
11263,Puente de Vallecas,casual,2024-04-08,2024-07-17,19,91,4.3
11264,Fuencarral - El Pardo,casual,2024-01-01,2024-03-05,16,71,3.6
11265,San Blas - Canillejas,casual,2024-06-06,2024-09-08,27,129,3.8
11266,Hortaleza,casual,2024-01-01,2024-03-21,21,115,4.6
11267,Centro,part_time,2024-01-01,2024-11-17,149,1375,3.9
11268,Fuencarral - El Pardo,part_time,2024-06-15,2024-09-28,52,507,4.5
11269,Chamartín,casual,2024-11-22,2024-12-31,14,58,4.5
11270,Vicálvaro,casual,2024-02-01,2024-05-18,25,113,4.3
11271,Latina,casual,2024-07-20,2024-11-01,24,133,4.0
11272,Moratalaz,casual,2024-01-01,2024-01-01,1,1,3.6
11273,Puente de Vallecas,full_time,2024-11-05,2024-12-31,48,895,4.6
11274,Fuencarral - El Pardo,casual,2024-01-01,2024-08-15,54,259,3.9
11275,Villa de Vallecas,casual,2024-01-01,2024-06-25,36,183,3.9
11276,San Blas - Canillejas,casual,2024-01-01,2024-03-15,21,112,3.7
11277,Puente de Vallecas,casual,2024-09-06,2024-12-31,26,131,4.6
11278,Latina,casual,2024-01-01,2024-01-25,6,32,4.9
11279,Moncloa - Aravaca,casual,2024-06-07,2024-12-01,46,204,4.2
11280,Arganzuela,casual,2024-03-09,2024-05-17,8,49,4.0
11281,Villa de Vallecas,casual,2024-06-08,2024-12-31,54,259,4.3
11282,Salamanca,part_time,2024-12-15,2024-12-31,9,80,4.1
11283,San Blas - Canillejas,casual,2024-01-01,2024-07-19,46,215,4.0
11284,Centro,casual,2024-05-31,2024-12-15,40,208,5.0
11285,Moncloa - Aravaca,full_time,2024-03-09,2024-06-23,93,1878,4.9
11286,Vicálvaro,casual,2024-05-14,2024-08-28,22,109,4.4
11287,Hortaleza,full_time,2024-01-01,2024-02-07,37,716,3.5
11288,Centro,full_time,2024-01-12,2024-03-31,63,1317,4.1
11289,Carabanchel,casual,2024-08-03,2024-12-31,33,178,3.8
11290,Retiro,casual,2024-03-05,2024-06-07,20,102,4.4
11291,Usera,part_time,2024-01-01,2024-01-01,1,1,4.1
11292,Tetuán,casual,2024-02-26,2024-05-25,9,52,4.1
11293,Villaverde,casual,2024-08-07,2024-10-23,18,65,4.9
11294,Usera,part_time,2024-12-19,2024-12-31,3,22,4.9
11295,Fuencarral - El Pardo,casual,2024-09-16,2024-12-31,16,79,3.9
11296,San Blas - Canillejas,full_time,2024-08-22,2024-12-31,104,2025,4.4
11297,San Blas - Canillejas,part_time,2024-11-10,2024-12-31,20,178,4.8
11298,Carabanchel,full_time,2024-07-23,2024-11-07,93,1844,4.9
11299,Ciudad Lineal,part_time,2024-05-20,2024-08-31,37,346,4.6
11300,Moncloa - Aravaca,part_time,2024-05-30,2024-09-08,52,471,3.6
11301,Chamartín,casual,2024-12-07,2024-12-31,10,45,4.5
11302,Villaverde,full_time,2024-01-01,2024-01-02,1,20,4.2
11303,Moncloa - Aravaca,full_time,2024-06-02,2024-08-13,61,1234,3.9
11304,Fuencarral - El Pardo,part_time,2024-09-01,2024-12-31,61,489,4.8
11305,Barajas,part_time,2024-01-01,2024-01-18,9,89,4.5
11306,Tetuán,part_time,2024-09-27,2024-12-31,45,364,4.9
11307,Villaverde,casual,2024-10-10,2024-12-31,19,90,3.6
11308,Moncloa - Aravaca,full_time,2024-04-14,2024-10-14,155,3173,4.7
11309,Vicálvaro,casual,2024-10-12,2024-12-31,16,72,4.4
11310,Moncloa - Aravaca,casual,2024-01-01,2024-03-19,11,62,4.0
11311,Puente de Vallecas,casual,2024-12-05,2024-12-31,7,31,4.8
11312,Carabanchel,part_time,2024-01-01,2024-01-24,10,97,4.7
11313,Centro,part_time,2024-01-01,2024-01-18,4,31,4.4
11314,Retiro,casual,2024-06-05,2024-08-19,23,122,5.0
11315,Vicálvaro,casual,2024-08-31,2024-12-04,28,144,4.7
11316,Carabanchel,casual,2024-07-26,2024-12-31,40,217,4.2
11317,Villaverde,casual,2024-04-25,2024-11-01,47,262,3.6
11318,Puente de Vallecas,casual,2024-09-21,2024-12-31,26,125,4.4
11319,Hortaleza,part_time,2024-07-12,2024-09-23,33,298,4.2
11320,Fuencarral - El Pardo,casual,2024-10-24,2024-12-31,17,94,4.4
11321,Puente de Vallecas,casual,2024-01-01,2024-03-23,20,104,3.6
11322,Hortaleza,casual,2024-12-23,2024-12-31,2,7,4.7
11323,Arganzuela,casual,2024-11-07,2024-12-31,14,70,4.7
11324,Tetuán,full_time,2024-11-12,2024-12-31,41,809,4.6
11325,Arganzuela,casual,2024-01-25,2024-07-13,41,190,4.7
11326,Carabanchel,casual,2024-12-07,2024-12-31,7,28,3.8
11327,Carabanchel,part_time,2024-01-01,2024-03-06,32,294,4.3
11328,Ciudad Lineal,casual,2024-01-01,2024-02-06,9,41,4.6
11329,Ciudad Lineal,part_time,2024-01-27,2024-08-12,77,708,4.4
11330,Tetuán,full_time,2024-12-02,2024-12-31,23,436,4.3
11331,Chamartín,part_time,2024-12-09,2024-12-31,8,75,4.0
11332,Carabanchel,full_time,2024-01-01,2024-12-26,314,6365,4.5
11333,Vicálvaro,casual,2024-09-13,2024-11-26,19,93,3.6
11334,Usera,casual,2024-01-30,2024-12-31,72,381,3.5
11335,Tetuán,casual,2024-01-01,2024-03-23,26,107,4.2
11336,Villa de Vallecas,casual,2024-07-25,2024-10-27,22,99,4.3
11337,San Blas - Canillejas,casual,2024-01-01,2024-03-18,19,80,4.0
11338,Moncloa - Aravaca,casual,2024-07-27,2024-10-27,23,116,4.5
11339,Arganzuela,casual,2024-01-13,2024-04-22,24,123,4.9
11340,Villaverde,casual,2024-02-14,2024-04-24,21,113,3.7
11341,Latina,part_time,2024-05-09,2024-12-31,100,900,4.2
11342,Moncloa - Aravaca,casual,2024-01-01,2024-12-03,87,425,4.9
11343,Fuencarral - El Pardo,casual,2024-10-16,2024-12-31,15,85,4.9
11344,Fuencarral - El Pardo,casual,2024-07-11,2024-12-31,46,219,4.2
11345,Moncloa - Aravaca,part_time,2024-01-01,2024-06-05,67,601,4.7
11346,Villa de Vallecas,casual,2024-07-22,2024-12-31,40,198,3.8
11347,San Blas - Canillejas,part_time,2024-01-01,2024-01-29,11,95,4.7
11348,Hortaleza,casual,2024-09-06,2024-11-18,20,125,5.0
11349,Centro,casual,2024-03-26,2024-06-25,18,87,4.0
11350,Hortaleza,full_time,2024-02-07,2024-05-22,90,1789,3.9
11351,Latina,casual,2024-05-24,2024-08-30,25,130,3.7
11352,San Blas - Canillejas,casual,2024-11-20,2024-12-31,9,56,4.2
11353,Arganzuela,casual,2024-02-02,2024-04-25,19,97,4.0
11354,Fuencarral - El Pardo,casual,2024-12-31,2024-12-31,1,8,4.2
11355,Usera,casual,2024-07-05,2024-09-13,11,60,4.3
11356,Centro,casual,2024-01-21,2024-04-26,18,91,4.8
11357,Chamberí,casual,2024-07-21,2024-12-31,34,166,4.8
11358,Vicálvaro,full_time,2024-08-31,2024-12-07,89,1807,4.2
11359,Salamanca,casual,2024-04-23,2024-10-14,51,253,4.6
11360,Arganzuela,casual,2024-01-01,2024-04-04,15,84,4.3
11361,San Blas - Canillejas,part_time,2024-10-09,2024-12-31,30,266,4.6
11362,Puente de Vallecas,casual,2024-10-09,2024-12-22,18,80,4.6
11363,Fuencarral - El Pardo,full_time,2024-09-18,2024-12-05,66,1319,4.7
11364,Centro,casual,2024-09-14,2024-11-30,15,74,3.7
11365,Centro,part_time,2024-01-21,2024-08-01,95,867,4.7
11366,Centro,full_time,2024-05-22,2024-08-05,60,1199,3.8
11367,Fuencarral - El Pardo,casual,2024-08-05,2024-10-18,16,94,4.5
11368,Fuencarral - El Pardo,part_time,2024-01-01,2024-03-14,31,304,4.9
11369,Villa de Vallecas,part_time,2024-07-06,2024-09-30,41,367,4.4
11370,Villa de Vallecas,part_time,2024-01-01,2024-02-20,27,237,4.8
11371,Usera,casual,2024-10-24,2024-12-31,17,82,4.7
11372,Fuencarral - El Pardo,casual,2024-01-01,2024-02-24,14,62,4.6
11373,Retiro,casual,2024-08-29,2024-12-31,28,152,3.6
11374,Hortaleza,full_time,2024-01-01,2024-06-08,133,2654,3.5
11375,Fuencarral - El Pardo,casual,2024-11-24,2024-12-31,9,43,4.9
11376,Moncloa - Aravaca,casual,2024-07-26,2024-10-30,19,90,4.5
11377,Moncloa - Aravaca,full_time,2024-04-06,2024-07-22,84,1685,4.3
11378,Hortaleza,casual,2024-01-01,2024-01-23,6,33,3.5
11379,Chamberí,part_time,2024-05-25,2024-12-07,87,767,3.7
11380,Tetuán,casual,2024-01-01,2024-10-03,54,252,4.5
11381,Latina,part_time,2024-09-28,2024-12-31,41,332,3.9
11382,Centro,casual,2024-09-28,2024-12-29,26,147,4.0
11383,Chamartín,casual,2024-08-13,2024-11-03,20,101,4.7
11384,San Blas - Canillejas,casual,2024-01-01,2024-07-14,47,232,4.0
11385,Barajas,casual,2024-01-01,2024-03-31,25,132,4.3
11386,Hortaleza,casual,2024-01-03,2024-12-24,72,362,3.6
11387,Fuencarral - El Pardo,casual,2024-03-10,2024-09-01,51,253,4.2
11388,Hortaleza,part_time,2024-05-06,2024-12-31,107,922,4.6
11389,Villaverde,casual,2024-06-06,2024-08-25,14,78,3.8
11390,Chamartín,casual,2024-01-01,2024-12-26,86,455,4.4
11391,Tetuán,casual,2024-01-01,2024-12-17,75,363,4.4
11392,San Blas - Canillejas,casual,2024-01-04,2024-12-31,74,363,4.7
11393,Puente de Vallecas,part_time,2024-09-29,2024-12-31,41,393,4.0
11394,Hortaleza,casual,2024-01-03,2024-03-15,16,100,4.8
11395,Villa de Vallecas,full_time,2024-01-01,2024-01-11,8,172,4.2
11396,Centro,part_time,2024-01-01,2024-04-30,59,537,3.5
11397,Carabanchel,part_time,2024-01-01,2024-06-18,85,758,3.6
11398,Hortaleza,part_time,2024-05-30,2024-12-07,80,708,4.9
11399,Moncloa - Aravaca,casual,2024-10-08,2024-12-31,23,116,3.6
11400,Chamartín,full_time,2024-08-22,2024-11-21,69,1398,4.7
11401,Latina,part_time,2024-12-31,2024-12-31,1,1,5.0
11402,San Blas - Canillejas,part_time,2024-01-01,2024-01-01,1,1,4.8
11403,Hortaleza,casual,2024-01-01,2024-04-13,30,162,4.1
11404,Moncloa - Aravaca,casual,2024-01-01,2024-02-11,14,90,3.8
11405,Moncloa - Aravaca,part_time,2024-05-06,2024-12-31,110,1026,3.7
11406,Centro,casual,2024-02-26,2024-08-18,35,180,4.1
11407,Ciudad Lineal,part_time,2024-02-22,2024-05-21,50,422,4.2
11408,Carabanchel,casual,2024-01-06,2024-06-13,35,177,4.2
11409,Carabanchel,casual,2024-11-03,2024-12-31,11,38,4.4
11410,Moncloa - Aravaca,casual,2024-01-01,2024-02-12,12,58,4.7
11411,Latina,casual,2024-02-15,2024-05-26,25,105,3.7
11412,Centro,casual,2024-05-27,2024-08-05,22,113,4.0
11413,San Blas - Canillejas,part_time,2024-01-01,2024-10-27,136,1220,4.6
11414,Centro,part_time,2024-05-17,2024-12-31,104,924,4.8
11415,Vicálvaro,full_time,2024-06-30,2024-10-12,87,1800,4.8
11416,Centro,part_time,2024-08-11,2024-12-31,70,608,5.0
11417,Fuencarral - El Pardo,part_time,2024-10-19,2024-12-31,30,286,4.7
11418,Villaverde,casual,2024-04-14,2024-06-22,13,69,5.0
11419,Retiro,part_time,2024-10-22,2024-12-31,29,247,4.9
11420,Chamartín,full_time,2024-07-19,2024-10-10,62,1231,4.5
11421,Carabanchel,part_time,2024-10-27,2024-12-31,25,188,4.6
11422,Villa de Vallecas,casual,2024-01-01,2024-12-06,78,372,4.0
11423,Puente de Vallecas,part_time,2024-01-01,2024-01-12,7,70,4.8
11424,Vicálvaro,casual,2024-08-04,2024-10-13,11,40,4.5
11425,Chamartín,casual,2024-12-16,2024-12-31,3,13,4.8
11426,Latina,part_time,2024-11-24,2024-12-31,15,146,3.8
11427,Centro,part_time,2024-01-01,2024-03-25,44,403,4.1
11428,Fuencarral - El Pardo,casual,2024-05-18,2024-08-06,18,87,3.6
11429,Puente de Vallecas,casual,2024-11-03,2024-12-31,10,42,4.9
11430,Fuencarral - El Pardo,full_time,2024-04-20,2024-07-01,63,1280,4.7
11431,Vicálvaro,casual,2024-04-03,2024-10-19,38,185,4.6
11432,Moncloa - Aravaca,casual,2024-12-30,2024-12-31,1,7,4.2
11433,Tetuán,part_time,2024-04-30,2024-08-16,50,434,3.5
11434,Villa de Vallecas,part_time,2024-01-01,2024-05-18,58,483,5.0
11435,Ciudad Lineal,casual,2024-01-01,2024-01-28,6,35,4.1
11436,Villa de Vallecas,casual,2024-04-26,2024-08-01,16,91,3.9
11437,Centro,casual,2024-05-28,2024-08-19,20,104,4.8
11438,Latina,casual,2024-11-19,2024-12-31,13,75,3.8
11439,Latina,part_time,2024-08-03,2024-12-31,71,640,3.8
11440,Ciudad Lineal,part_time,2024-01-01,2024-01-28,11,89,4.2
11441,San Blas - Canillejas,casual,2024-10-06,2024-12-31,19,100,4.2
11442,Carabanchel,casual,2024-01-01,2024-02-06,6,36,4.8
11443,Latina,casual,2024-01-01,2024-01-11,1,8,5.0
11444,Carabanchel,casual,2024-06-11,2024-09-02,22,126,3.9
11445,San Blas - Canillejas,casual,2024-06-02,2024-08-27,17,71,3.8
11446,Carabanchel,casual,2024-03-01,2024-05-21,18,98,4.2
11447,San Blas - Canillejas,part_time,2024-01-01,2024-12-02,150,1349,4.2
11448,Puente de Vallecas,casual,2024-11-17,2024-12-31,8,41,4.7
11449,Latina,part_time,2024-08-04,2024-11-08,42,335,3.6
11450,Latina,casual,2024-01-01,2024-09-03,61,311,3.7
11451,Villa de Vallecas,part_time,2024-11-30,2024-12-31,14,139,3.8
11452,Salamanca,full_time,2024-01-01,2024-04-28,98,2035,3.6
11453,Hortaleza,casual,2024-01-01,2024-03-19,9,59,3.6
11454,Arganzuela,casual,2024-01-12,2024-04-17,23,110,4.3
11455,Puente de Vallecas,part_time,2024-01-03,2024-04-20,53,463,4.8
11456,Fuencarral - El Pardo,casual,2024-01-01,2024-02-01,7,34,4.7
11457,Ciudad Lineal,casual,2024-01-01,2024-08-10,68,332,3.8
11458,Puente de Vallecas,casual,2024-06-04,2024-09-13,21,97,3.7
11459,Centro,full_time,2024-01-14,2024-04-11,81,1675,4.4
11460,Ciudad Lineal,casual,2024-01-01,2024-02-29,14,51,4.0
11461,Vicálvaro,casual,2024-07-26,2024-10-21,16,96,4.3
11462,San Blas - Canillejas,casual,2024-04-23,2024-07-02,14,72,4.6
11463,Hortaleza,part_time,2024-07-29,2024-10-20,36,305,4.8
11464,Villaverde,casual,2024-01-01,2024-06-30,42,213,3.8
11465,Ciudad Lineal,full_time,2024-08-16,2024-12-31,115,2338,3.6
11466,Ciudad Lineal,part_time,2024-12-12,2024-12-31,8,69,3.8
11467,Arganzuela,casual,2024-01-01,2024-05-24,25,119,4.3
11468,Moratalaz,casual,2024-07-27,2024-10-07,22,98,3.6
11469,Carabanchel,part_time,2024-09-18,2024-12-04,31,273,4.0
11470,Hortaleza,part_time,2024-04-23,2024-10-27,76,689,4.0
11471,Villa de Vallecas,casual,2024-02-26,2024-05-06,13,81,3.7
11472,Moncloa - Aravaca,casual,2024-01-01,2024-06-05,47,245,5.0
11473,Carabanchel,casual,2024-07-17,2024-11-02,27,133,4.8
11474,Centro,casual,2024-05-18,2024-07-28,23,115,4.4
11475,Villa de Vallecas,casual,2024-10-03,2024-12-31,21,96,4.8
11476,Puente de Vallecas,casual,2024-01-01,2024-02-10,8,37,3.9
11477,Fuencarral - El Pardo,casual,2024-01-01,2024-01-19,6,21,4.8
11478,Fuencarral - El Pardo,full_time,2024-01-14,2024-07-27,167,3446,4.5
11479,Chamartín,part_time,2024-03-29,2024-09-07,65,557,3.8
11480,Centro,part_time,2024-04-12,2024-12-31,109,981,4.5
11481,Ciudad Lineal,part_time,2024-01-01,2024-02-20,27,250,4.3
11482,Villa de Vallecas,part_time,2024-06-26,2024-09-24,42,379,4.2
11483,Carabanchel,casual,2024-08-17,2024-12-31,36,181,4.9
11484,Centro,part_time,2024-11-20,2024-12-31,17,154,4.1
11485,Latina,casual,2024-11-15,2024-12-31,14,61,4.9
11486,Vicálvaro,casual,2024-05-24,2024-08-25,23,105,4.7
11487,Centro,full_time,2024-11-07,2024-12-31,45,859,4.1
11488,San Blas - Canillejas,full_time,2024-04-21,2024-10-23,152,3032,4.7
11489,Moncloa - Aravaca,casual,2024-01-01,2024-02-03,7,40,3.7
11490,Moncloa - Aravaca,part_time,2024-12-20,2024-12-31,8,62,4.3
11491,Usera,casual,2024-01-01,2024-01-02,2,5,3.6
11492,Latina,casual,2024-02-16,2024-05-08,19,104,3.8
11493,San Blas - Canillejas,casual,2024-01-01,2024-01-21,5,30,4.0
11494,San Blas - Canillejas,casual,2024-04-26,2024-10-23,41,222,3.6
11495,Retiro,part_time,2024-02-19,2024-12-31,136,1231,4.8
11496,Puente de Vallecas,casual,2024-06-14,2024-12-19,38,185,4.8
11497,Hortaleza,casual,2024-01-01,2024-04-12,26,150,3.5
11498,Moncloa - Aravaca,full_time,2024-01-01,2024-01-13,10,185,3.6
11499,Villa de Vallecas,casual,2024-01-01,2024-05-22,39,196,4.9
11500,Salamanca,casual,2024-01-01,2024-01-29,7,42,3.5
11501,Salamanca,casual,2024-01-01,2024-01-26,4,10,4.9
11502,Fuencarral - El Pardo,casual,2024-01-01,2024-05-24,31,160,4.4
11503,Ciudad Lineal,casual,2024-12-31,2024-12-31,1,1,4.3
11504,Latina,part_time,2024-10-04,2024-12-27,32,297,3.6
11505,Puente de Vallecas,full_time,2024-01-14,2024-07-18,152,3076,4.0
11506,Villa de Vallecas,casual,2024-01-01,2024-10-01,58,267,4.8
11507,Arganzuela,casual,2024-11-22,2024-12-31,11,57,4.0
11508,Moncloa - Aravaca,casual,2024-07-25,2024-11-08,22,110,4.9
11509,Carabanchel,full_time,2024-10-05,2024-12-31,75,1487,4.3
11510,Fuencarral - El Pardo,casual,2024-09-23,2024-12-31,19,95,4.8
11511,Villa de Vallecas,casual,2024-01-01,2024-04-01,19,111,4.7
11512,Arganzuela,full_time,2024-01-01,2024-01-08,6,93,4.2
11513,Vicálvaro,part_time,2024-02-17,2024-04-26,33,278,4.8
11514,Carabanchel,casual,2024-06-23,2024-10-07,20,115,4.8
11515,Chamartín,casual,2024-10-27,2024-12-31,13,53,4.9
11516,Puente de Vallecas,casual,2024-02-29,2024-05-16,22,97,3.6
11517,Villaverde,full_time,2024-09-13,2024-12-31,88,1786,4.7
11518,Villaverde,casual,2024-07-30,2024-10-28,22,95,4.5
11519,Fuencarral - El Pardo,casual,2024-04-28,2024-12-31,45,209,4.6
11520,Centro,part_time,2024-08-24,2024-11-22,39,350,4.9
11521,Fuencarral - El Pardo,casual,2024-04-03,2024-10-11,38,192,3.6
11522,Latina,casual,2024-07-07,2024-12-31,43,206,4.6
11523,Moncloa - Aravaca,full_time,2024-09-09,2024-12-31,93,1931,4.1
11524,Chamartín,casual,2024-05-16,2024-11-25,40,223,4.4
11525,San Blas - Canillejas,full_time,2024-01-01,2024-01-18,14,296,3.9
11526,Chamartín,part_time,2024-05-26,2024-08-16,41,414,3.9
11527,Usera,casual,2024-06-25,2024-10-08,19,99,4.4
11528,San Blas - Canillejas,part_time,2024-10-26,2024-12-31,35,284,4.1
11529,Villa de Vallecas,part_time,2024-01-01,2024-01-03,2,23,3.9
11530,Salamanca,part_time,2024-01-01,2024-01-22,12,120,3.6
11531,Moncloa - Aravaca,part_time,2024-01-14,2024-07-24,94,825,3.7
11532,Carabanchel,casual,2024-10-06,2024-12-19,16,75,4.4
11533,Fuencarral - El Pardo,casual,2024-05-13,2024-08-05,20,103,4.1
11534,Tetuán,part_time,2024-02-22,2024-05-17,35,310,3.5
11535,Ciudad Lineal,casual,2024-07-23,2024-12-31,38,186,4.0
11536,Ciudad Lineal,casual,2024-05-28,2024-08-09,15,72,4.0
11537,Vicálvaro,casual,2024-02-26,2024-12-31,72,332,3.8
11538,San Blas - Canillejas,casual,2024-03-05,2024-08-14,37,184,3.7
11539,Hortaleza,part_time,2024-07-29,2024-12-31,75,673,3.5
11540,Fuencarral - El Pardo,part_time,2024-01-01,2024-01-08,2,17,4.4
11541,Salamanca,part_time,2024-01-01,2024-01-01,1,8,4.7
11542,Hortaleza,casual,2024-05-14,2024-12-31,54,275,3.8
11543,Centro,casual,2024-01-01,2024-01-13,2,6,4.0
11544,Tetuán,part_time,2024-03-02,2024-06-03,38,350,4.8
11545,Villaverde,casual,2024-03-16,2024-06-16,26,120,4.9
11546,Latina,part_time,2024-07-15,2024-09-25,34,320,4.3
11547,Latina,part_time,2024-09-17,2024-12-24,39,357,4.1
11548,Retiro,casual,2024-09-22,2024-12-31,24,116,5.0
11549,San Blas - Canillejas,casual,2024-02-12,2024-05-05,25,126,3.6
11550,Arganzuela,part_time,2024-01-01,2024-04-26,50,452,3.9
11551,Chamberí,casual,2024-12-23,2024-12-31,2,11,4.3
11552,Carabanchel,full_time,2024-01-01,2024-01-25,22,445,3.9
11553,Vicálvaro,part_time,2024-08-17,2024-12-31,65,610,4.9
11554,Retiro,casual,2024-01-01,2024-01-10,4,11,4.3
11555,San Blas - Canillejas,part_time,2024-05-13,2024-08-06,40,366,4.8
11556,Puente de Vallecas,casual,2024-07-16,2024-10-29,21,118,4.0
11557,Puente de Vallecas,casual,2024-05-13,2024-08-01,23,104,3.7
11558,Villaverde,full_time,2024-05-08,2024-11-03,151,3026,4.9
11559,Vicálvaro,part_time,2024-01-01,2024-01-19,11,101,4.2
11560,San Blas - Canillejas,part_time,2024-01-01,2024-03-23,38,354,4.7
11561,Chamartín,part_time,2024-02-11,2024-12-31,146,1337,4.0
11562,Chamartín,casual,2024-10-12,2024-12-31,23,123,3.7
11563,Hortaleza,casual,2024-06-08,2024-09-08,22,100,4.5
11564,Carabanchel,casual,2024-05-15,2024-08-17,24,117,3.9
11565,Carabanchel,casual,2024-12-25,2024-12-31,3,10,4.9
11566,San Blas - Canillejas,casual,2024-03-22,2024-07-01,26,132,3.9
11567,Vicálvaro,casual,2024-03-15,2024-07-01,22,109,3.9
11568,Arganzuela,part_time,2024-01-01,2024-02-23,23,217,4.6
11569,Usera,casual,2024-09-25,2024-12-17,17,101,4.1
11570,Centro,part_time,2024-01-01,2024-02-01,13,92,3.7
11571,Latina,part_time,2024-01-01,2024-03-02,30,267,3.9
11572,San Blas - Canillejas,full_time,2024-01-01,2024-01-27,22,448,4.5
11573,Fuencarral - El Pardo,casual,2024-01-01,2024-03-31,18,101,3.7
11574,Fuencarral - El Pardo,full_time,2024-04-15,2024-07-23,81,1551,4.5
11575,Usera,part_time,2024-01-01,2024-01-20,9,82,4.9
11576,Moncloa - Aravaca,casual,2024-01-01,2024-10-27,54,284,3.7
11577,Carabanchel,casual,2024-05-14,2024-08-02,21,97,3.9
11578,Hortaleza,casual,2024-01-01,2024-03-01,19,97,4.0
11579,San Blas - Canillejas,part_time,2024-01-01,2024-01-31,16,147,4.4
11580,Carabanchel,part_time,2024-01-02,2024-06-16,85,792,4.5
11581,Centro,casual,2024-04-20,2024-12-31,59,295,4.9
11582,Usera,part_time,2024-07-03,2024-10-06,52,465,5.0
11583,Puente de Vallecas,casual,2024-01-01,2024-02-27,14,75,4.0
11584,Chamartín,casual,2024-01-01,2024-02-12,6,35,3.8
11585,Retiro,full_time,2024-01-10,2024-03-23,64,1276,3.9
11586,Tetuán,full_time,2024-10-01,2024-12-31,77,1560,4.4
11587,Vicálvaro,part_time,2024-11-23,2024-12-31,20,178,3.9
11588,Chamberí,casual,2024-06-02,2024-08-20,17,85,4.7
11589,Moncloa - Aravaca,casual,2024-11-17,2024-12-31,14,80,4.2
11590,Salamanca,casual,2024-01-01,2024-04-06,23,116,3.5
11591,Moncloa - Aravaca,casual,2024-07-27,2024-10-29,30,184,4.7
11592,Carabanchel,casual,2024-07-29,2024-10-13,12,54,4.1
11593,San Blas - Canillejas,full_time,2024-01-01,2024-11-17,265,5334,5.0
11594,Barajas,part_time,2024-08-08,2024-12-31,71,625,4.6
11595,Centro,casual,2024-05-06,2024-08-04,25,116,4.3
11596,Moncloa - Aravaca,casual,2024-10-25,2024-12-31,13,62,3.7
11597,Carabanchel,casual,2024-01-01,2024-03-17,28,151,4.3
11598,Puente de Vallecas,casual,2024-01-01,2024-01-08,1,4,4.4
11599,Chamberí,part_time,2024-01-01,2024-10-01,131,1180,4.8
11600,Vicálvaro,casual,2024-01-01,2024-03-12,17,99,4.7
11601,Latina,part_time,2024-01-01,2024-04-06,42,416,4.9
11602,Fuencarral - El Pardo,casual,2024-01-01,2024-01-26,6,33,4.6
11603,Retiro,casual,2024-01-01,2024-11-04,72,394,4.2
11604,Carabanchel,full_time,2024-09-03,2024-12-01,77,1487,4.1
11605,Carabanchel,casual,2024-06-15,2024-09-07,11,45,4.2
11606,Hortaleza,casual,2024-01-04,2024-07-19,45,232,4.0
11607,San Blas - Canillejas,part_time,2024-01-01,2024-01-06,2,13,3.7
11608,Barajas,casual,2024-04-16,2024-09-25,37,191,3.9
11609,Tetuán,casual,2024-02-18,2024-06-03,26,145,4.5
11610,Puente de Vallecas,casual,2024-02-02,2024-04-14,16,79,3.6
11611,Ciudad Lineal,casual,2024-04-21,2024-07-28,19,93,4.1
11612,Tetuán,casual,2024-01-01,2024-04-05,17,94,3.8
11613,Fuencarral - El Pardo,casual,2024-03-02,2024-05-24,13,66,4.5
11614,Centro,part_time,2024-11-29,2024-12-31,10,97,4.0
11615,Hortaleza,full_time,2024-07-14,2024-09-23,59,1190,4.3
11616,Usera,casual,2024-12-27,2024-12-31,1,9,4.8
11617,Barajas,casual,2024-06-05,2024-12-20,40,222,4.3
11618,Barajas,casual,2024-01-01,2024-03-11,21,122,3.9
11619,Chamartín,casual,2024-07-03,2024-12-26,30,138,4.4
11620,Centro,casual,2024-10-22,2024-12-31,18,84,5.0
11621,Latina,part_time,2024-11-21,2024-12-31,19,150,4.4
11622,Barajas,casual,2024-02-16,2024-12-31,76,342,4.0
11623,Vicálvaro,casual,2024-01-01,2024-03-28,19,102,4.7
11624,Usera,part_time,2024-04-15,2024-12-31,124,1102,4.4
11625,Moncloa - Aravaca,part_time,2024-01-01,2024-03-07,30,263,5.0
11626,Latina,casual,2024-01-01,2024-01-26,3,10,3.7
11627,Villa de Vallecas,casual,2024-01-03,2024-04-07,28,135,5.0
11628,Latina,full_time,2024-01-01,2024-02-13,35,734,4.5
11629,Centro,casual,2024-04-18,2024-07-25,21,100,4.4
11630,Centro,part_time,2024-11-21,2024-12-31,13,123,4.6
11631,Carabanchel,part_time,2024-08-03,2024-10-18,30,295,3.7
11632,Barajas,casual,2024-08-17,2024-11-07,21,105,3.9
11633,Vicálvaro,casual,2024-08-10,2024-12-31,25,119,3.7
11634,Arganzuela,casual,2024-01-01,2024-06-23,38,189,4.2
11635,Fuencarral - El Pardo,casual,2024-06-25,2024-09-11,21,95,4.3
11636,Hortaleza,casual,2024-08-17,2024-12-04,27,146,4.9
11637,Latina,part_time,2024-01-01,2024-08-10,92,822,4.2
11638,Moncloa - Aravaca,part_time,2024-01-01,2024-10-10,140,1331,4.6
11639,Ciudad Lineal,full_time,2024-07-23,2024-12-31,137,2858,4.1
11640,Centro,full_time,2024-10-05,2024-12-31,69,1424,4.7
11641,Fuencarral - El Pardo,part_time,2024-01-07,2024-07-22,79,699,3.7
11642,Centro,casual,2024-06-10,2024-12-07,43,233,3.7
11643,Salamanca,casual,2024-07-27,2024-11-06,19,115,4.0
11644,Ciudad Lineal,part_time,2024-11-28,2024-12-31,13,116,5.0
11645,Ciudad Lineal,part_time,2024-07-29,2024-12-31,62,560,4.3
11646,Villaverde,casual,2024-01-01,2024-04-16,17,79,4.5
11647,Usera,part_time,2024-07-16,2024-10-07,42,386,3.6
11648,Chamartín,casual,2024-12-09,2024-12-31,6,35,4.1
11649,San Blas - Canillejas,casual,2024-01-20,2024-07-30,41,200,4.9
11650,Moncloa - Aravaca,part_time,2024-09-16,2024-12-11,36,326,4.4
11651,Villaverde,casual,2024-06-09,2024-08-27,16,60,3.6
11652,Hortaleza,casual,2024-04-27,2024-07-12,22,79,4.8
11653,Fuencarral - El Pardo,part_time,2024-02-21,2024-12-31,159,1412,3.7
11654,Salamanca,part_time,2024-04-03,2024-07-20,39,358,4.4
11655,Vicálvaro,casual,2024-01-01,2024-08-18,48,242,3.7
11656,Chamartín,part_time,2024-09-12,2024-12-16,55,494,4.8
11657,Vicálvaro,casual,2024-01-29,2024-12-31,78,383,5.0
11658,Centro,part_time,2024-11-14,2024-12-31,19,162,3.9
11659,Barajas,casual,2024-01-01,2024-01-07,2,15,4.8
11660,Latina,full_time,2024-07-17,2024-12-31,141,2795,4.9
11661,Latina,part_time,2024-01-01,2024-03-14,32,294,4.6
11662,Centro,casual,2024-09-10,2024-12-25,27,142,4.7
11663,Chamberí,casual,2024-11-04,2024-12-31,12,60,4.6
11664,San Blas - Canillejas,casual,2024-09-06,2024-12-31,25,130,3.6
11665,Carabanchel,part_time,2024-07-08,2024-09-15,31,284,4.0
11666,Arganzuela,part_time,2024-01-01,2024-02-27,19,177,4.0
11667,Puente de Vallecas,part_time,2024-12-13,2024-12-31,9,88,3.8
11668,Chamartín,full_time,2024-01-01,2024-07-01,155,3046,4.2
11669,Hortaleza,casual,2024-01-01,2024-01-13,4,23,3.9
11670,Carabanchel,part_time,2024-01-01,2024-01-01,1,1,4.3
11671,Moncloa - Aravaca,casual,2024-08-15,2024-12-31,34,179,4.2
11672,Hortaleza,part_time,2024-10-17,2024-12-31,44,419,3.5
11673,Usera,casual,2024-08-10,2024-12-31,37,177,3.7
11674,Moratalaz,part_time,2024-04-30,2024-11-06,93,813,4.4
11675,Moncloa - Aravaca,casual,2024-06-18,2024-12-02,32,153,5.0
11676,Ciudad Lineal,casual,2024-11-20,2024-12-31,8,34,4.4
11677,Salamanca,casual,2024-08-06,2024-10-17,18,83,4.9
11678,Centro,full_time,2024-01-01,2024-07-16,159,3125,5.0
11679,Salamanca,casual,2024-12-09,2024-12-31,3,17,4.5
11680,San Blas - Canillejas,casual,2024-12-07,2024-12-31,5,24,4.4
11681,Centro,casual,2024-04-08,2024-12-31,63,302,4.4
11682,Villa de Vallecas,casual,2024-06-16,2024-09-16,17,85,3.8
11683,Moncloa - Aravaca,full_time,2024-11-27,2024-12-31,30,623,3.7
11684,San Blas - Canillejas,full_time,2024-09-22,2024-12-20,77,1527,3.9
11685,Fuencarral - El Pardo,part_time,2024-01-01,2024-02-21,22,185,4.0
11686,San Blas - Canillejas,part_time,2024-12-12,2024-12-31,11,97,3.9
11687,Latina,casual,2024-07-30,2024-12-31,36,161,3.8
11688,Ciudad Lineal,casual,2024-06-27,2024-12-31,44,219,4.6
11689,Moncloa - Aravaca,part_time,2024-04-06,2024-06-29,42,363,4.1
11690,Villa de Vallecas,part_time,2024-01-01,2024-01-05,3,28,4.4
11691,Arganzuela,casual,2024-02-15,2024-04-29,19,102,4.1
11692,Barajas,part_time,2024-02-22,2024-06-04,46,374,4.2
11693,Chamartín,casual,2024-03-19,2024-08-29,35,169,4.1
11694,Vicálvaro,casual,2024-07-24,2024-12-31,33,199,4.4
11695,Arganzuela,casual,2024-02-25,2024-09-11,41,198,3.8
11696,Moncloa - Aravaca,part_time,2024-01-01,2024-09-26,124,1066,5.0
11697,Tetuán,part_time,2024-01-18,2024-04-24,50,400,4.4
11698,Chamartín,casual,2024-09-21,2024-12-03,19,97,4.5
11699,Tetuán,part_time,2024-09-23,2024-12-31,43,400,4.0
11700,Fuencarral - El Pardo,part_time,2024-01-01,2024-09-22,126,1174,4.8
11701,Hortaleza,casual,2024-01-01,2024-04-12,22,95,4.1
11702,Arganzuela,part_time,2024-01-08,2024-04-11,56,527,4.8
11703,Moncloa - Aravaca,casual,2024-06-24,2024-12-31,42,179,3.8
11704,Salamanca,casual,2024-09-17,2024-12-23,30,155,4.8
11705,Tetuán,casual,2024-09-06,2024-12-31,28,130,4.9
11706,Hortaleza,casual,2024-09-28,2024-12-31,21,116,3.8
11707,Vicálvaro,casual,2024-09-13,2024-12-02,14,72,3.6
11708,Arganzuela,casual,2024-05-04,2024-08-15,21,105,4.7
11709,Fuencarral - El Pardo,casual,2024-01-01,2024-07-14,42,219,4.4
11710,Vicálvaro,part_time,2024-01-26,2024-07-21,86,807,3.9
11711,Retiro,part_time,2024-02-17,2024-05-05,35,284,4.3
11712,Hortaleza,casual,2024-01-01,2024-03-12,18,99,5.0
11713,Arganzuela,casual,2024-01-01,2024-03-06,17,80,4.9
11714,Moncloa - Aravaca,casual,2024-01-01,2024-01-08,3,15,4.0
11715,Tetuán,part_time,2024-01-01,2024-04-18,50,479,4.5
11716,Carabanchel,full_time,2024-10-17,2024-12-31,64,1287,4.3
11717,Latina,casual,2024-02-06,2024-12-31,67,335,3.9
11718,Carabanchel,part_time,2024-04-09,2024-06-18,35,318,3.7
11719,Chamberí,part_time,2024-01-01,2024-06-20,70,653,3.7
11720,Usera,full_time,2024-03-07,2024-12-31,252,4980,3.5
11721,Usera,casual,2024-12-12,2024-12-31,7,38,4.5
11722,Salamanca,casual,2024-03-14,2024-06-04,15,81,3.9
11723,Tetuán,part_time,2024-10-22,2024-12-31,34,321,4.4
11724,Hortaleza,casual,2024-12-04,2024-12-31,5,22,4.6
11725,Moratalaz,casual,2024-09-29,2024-12-12,21,111,3.5
11726,Centro,casual,2024-06-28,2024-09-26,22,115,4.2
11727,Barajas,casual,2024-01-01,2024-06-16,29,139,3.9
11728,Villaverde,part_time,2024-01-01,2024-01-16,5,69,4.4
11729,Ciudad Lineal,part_time,2024-06-23,2024-12-31,85,818,3.7
11730,Vicálvaro,casual,2024-12-12,2024-12-31,4,21,4.4
11731,Carabanchel,full_time,2024-08-07,2024-11-19,85,1656,4.4
11732,Chamartín,casual,2024-01-01,2024-01-20,6,28,4.5
11733,Moncloa - Aravaca,full_time,2024-01-01,2024-03-02,54,1046,3.7
11734,Moratalaz,casual,2024-02-05,2024-08-02,35,174,5.0
11735,Fuencarral - El Pardo,part_time,2024-12-26,2024-12-31,3,23,4.2
11736,Usera,full_time,2024-01-01,2024-02-17,42,813,4.2
11737,Villa de Vallecas,part_time,2024-01-01,2024-06-25,81,731,4.6
11738,Vicálvaro,part_time,2024-02-09,2024-12-31,152,1334,4.9
11739,Chamartín,casual,2024-01-01,2024-03-22,21,91,4.5
11740,Puente de Vallecas,part_time,2024-01-01,2024-02-23,28,249,4.5
11741,Villaverde,part_time,2024-01-01,2024-02-01,14,111,4.5
11742,Puente de Vallecas,casual,2024-01-03,2024-12-31,77,389,4.5
11743,Villaverde,full_time,2024-02-04,2024-05-12,85,1712,4.3
11744,Fuencarral - El Pardo,casual,2024-01-01,2024-01-19,3,17,4.3
11745,Villa de Vallecas,casual,2024-03-25,2024-10-10,46,217,4.2
11746,Villaverde,full_time,2024-09-04,2024-11-18,59,1123,4.6
11747,Villaverde,casual,2024-07-28,2024-11-11,20,116,4.2
11748,Puente de Vallecas,casual,2024-07-17,2024-12-30,43,211,3.7
11749,Tetuán,casual,2024-06-15,2024-09-02,18,83,4.2
11750,Latina,part_time,2024-09-22,2024-12-26,44,422,4.5
11751,Hortaleza,full_time,2024-01-01,2024-02-14,39,802,4.3
11752,San Blas - Canillejas,casual,2024-01-01,2024-05-19,29,130,4.4
11753,Puente de Vallecas,part_time,2024-07-25,2024-12-31,71,634,4.1
11754,Fuencarral - El Pardo,part_time,2024-03-18,2024-05-26,38,293,3.8
11755,Carabanchel,part_time,2024-01-30,2024-04-15,40,372,4.6
11756,Vicálvaro,part_time,2024-01-01,2024-01-20,9,73,3.6
11757,Tetuán,full_time,2024-11-04,2024-12-31,49,975,3.9
11758,Centro,casual,2024-09-04,2024-12-31,35,187,4.9
11759,Moratalaz,casual,2024-01-01,2024-02-02,12,73,4.1
11760,Fuencarral - El Pardo,part_time,2024-02-12,2024-05-21,37,322,4.0
11761,Ciudad Lineal,casual,2024-01-01,2024-04-24,29,160,3.7
11762,Villa de Vallecas,casual,2024-01-01,2024-05-31,40,185,3.9
11763,Tetuán,casual,2024-01-01,2024-07-03,37,194,4.0
11764,Puente de Vallecas,casual,2024-01-01,2024-06-07,42,230,3.9
11765,Usera,full_time,2024-08-18,2024-11-23,75,1509,3.9
11766,Villaverde,casual,2024-12-15,2024-12-31,5,30,4.9
11767,Hortaleza,part_time,2024-01-01,2024-01-26,6,54,4.3
11768,Tetuán,part_time,2024-01-01,2024-07-01,78,685,3.6
11769,Centro,casual,2024-08-07,2024-10-20,17,80,4.9
11770,Hortaleza,casual,2024-01-01,2024-08-11,47,204,4.7
11771,Puente de Vallecas,casual,2024-01-01,2024-03-30,19,94,3.7
11772,Puente de Vallecas,casual,2024-01-01,2024-03-15,18,88,3.9
11773,Carabanchel,casual,2024-06-26,2024-10-07,25,147,3.8
11774,Hortaleza,part_time,2024-01-01,2024-03-11,30,298,4.5
11775,Vicálvaro,casual,2024-01-01,2024-02-13,8,46,4.4
11776,Puente de Vallecas,casual,2024-09-13,2024-11-24,16,97,4.6
11777,Ciudad Lineal,casual,2024-03-09,2024-06-04,24,126,4.3
11778,Vicálvaro,casual,2024-11-14,2024-12-31,16,63,4.0
11779,Chamberí,casual,2024-05-16,2024-08-14,21,106,3.9
11780,Puente de Vallecas,full_time,2024-01-01,2024-02-28,45,887,4.5
11781,Chamartín,casual,2024-01-06,2024-03-27,19,87,4.1
11782,Tetuán,casual,2024-11-06,2024-12-31,13,84,4.1
11783,Vicálvaro,part_time,2024-01-01,2024-02-28,29,257,3.8
11784,Latina,part_time,2024-01-01,2024-06-24,71,632,4.7
11785,Villa de Vallecas,part_time,2024-02-23,2024-05-16,38,325,4.4
11786,Vicálvaro,casual,2024-12-25,2024-12-31,1,6,3.8
11787,Vicálvaro,part_time,2024-12-20,2024-12-31,6,51,4.1
11788,Hortaleza,casual,2024-08-15,2024-11-08,23,130,4.6
11789,Villa de Vallecas,part_time,2024-01-18,2024-04-17,39,410,4.5
11790,Chamartín,casual,2024-01-01,2024-03-25,19,123,4.2
11791,Usera,part_time,2024-01-01,2024-02-03,16,148,4.5
11792,Moncloa - Aravaca,part_time,2024-01-01,2024-02-02,14,109,4.4
11793,Puente de Vallecas,part_time,2024-11-28,2024-12-31,22,216,3.6
11794,Tetuán,casual,2024-07-11,2024-09-21,14,74,4.4
11795,Arganzuela,part_time,2024-01-17,2024-03-27,25,226,3.6
11796,Barajas,part_time,2024-07-25,2024-12-31,81,746,4.7
11797,Ciudad Lineal,casual,2024-01-01,2024-02-04,6,30,4.7
11798,Tetuán,casual,2024-05-21,2024-09-02,26,114,3.6
11799,Puente de Vallecas,casual,2024-01-15,2024-03-26,19,80,4.0
11800,Fuencarral - El Pardo,casual,2024-01-01,2024-11-19,69,342,4.7
11801,San Blas - Canillejas,part_time,2024-01-01,2024-06-16,74,675,4.5
11802,Retiro,casual,2024-01-01,2024-03-01,8,43,4.1
11803,Puente de Vallecas,part_time,2024-11-28,2024-12-31,21,178,3.9
11804,Latina,part_time,2024-11-17,2024-12-31,19,190,3.9
11805,Salamanca,part_time,2024-05-18,2024-08-09,29,240,3.7
11806,Moncloa - Aravaca,part_time,2024-09-28,2024-12-11,32,277,5.0
11807,Carabanchel,part_time,2024-01-01,2024-04-04,46,385,4.5
11808,Ciudad Lineal,casual,2024-03-29,2024-07-01,15,64,4.3
11809,Centro,casual,2024-01-01,2024-04-16,25,135,5.0
11810,Vicálvaro,part_time,2024-01-01,2024-02-16,20,198,4.1
11811,Puente de Vallecas,full_time,2024-02-16,2024-08-23,152,2951,4.8
11812,Latina,casual,2024-08-13,2024-12-31,40,180,4.8
11813,Retiro,full_time,2024-09-05,2024-12-10,82,1671,3.7
11814,San Blas - Canillejas,full_time,2024-04-24,2024-07-19,73,1482,5.0
11815,Vicálvaro,casual,2024-01-01,2024-11-22,74,351,4.6
11816,Moratalaz,part_time,2024-06-29,2024-10-09,51,481,4.0
11817,Puente de Vallecas,part_time,2024-12-02,2024-12-31,13,124,4.1
11818,Carabanchel,casual,2024-01-01,2024-03-11,23,109,3.6
11819,Tetuán,casual,2024-04-11,2024-06-28,15,61,4.7
11820,Ciudad Lineal,casual,2024-11-18,2024-12-31,13,60,4.0
11821,Centro,part_time,2024-06-01,2024-09-15,58,501,4.0
11822,Tetuán,casual,2024-09-10,2024-12-31,21,111,4.3
11823,Villaverde,part_time,2024-05-08,2024-07-23,43,372,4.3
11824,Hortaleza,part_time,2024-11-17,2024-12-31,21,177,3.8
11825,Fuencarral - El Pardo,part_time,2024-10-31,2024-12-31,31,306,3.5
11826,Vicálvaro,casual,2024-04-25,2024-07-21,15,69,4.6
11827,Puente de Vallecas,casual,2024-01-01,2024-01-04,1,9,4.2
11828,Moncloa - Aravaca,casual,2024-02-25,2024-12-31,64,323,4.6
11829,Moncloa - Aravaca,casual,2024-01-03,2024-04-02,21,98,4.1
11830,Carabanchel,casual,2024-01-01,2024-05-07,25,127,4.1
11831,Carabanchel,casual,2024-03-03,2024-08-16,43,174,4.9
11832,Vicálvaro,casual,2024-03-10,2024-08-30,48,217,3.9
11833,Salamanca,part_time,2024-10-29,2024-12-31,28,256,4.1
11834,Villa de Vallecas,casual,2024-01-01,2024-01-14,4,18,4.0
11835,San Blas - Canillejas,casual,2024-02-14,2024-05-14,19,78,3.8
11836,Vicálvaro,full_time,2024-07-13,2024-10-21,88,1789,3.8
11837,Chamartín,casual,2024-07-18,2024-10-01,19,85,4.9
11838,Hortaleza,full_time,2024-01-01,2024-08-13,188,3917,3.6
11839,Puente de Vallecas,part_time,2024-01-01,2024-03-23,40,351,4.6
11840,San Blas - Canillejas,casual,2024-02-09,2024-05-04,21,117,3.7
11841,Hortaleza,full_time,2024-11-14,2024-12-31,41,771,3.7
11842,Salamanca,full_time,2024-01-19,2024-05-03,90,1807,4.6
11843,Hortaleza,part_time,2024-03-31,2024-09-23,81,748,4.4
11844,Vicálvaro,casual,2024-11-20,2024-12-31,8,43,4.0
11845,Centro,casual,2024-01-01,2024-02-22,8,44,3.9
11846,San Blas - Canillejas,casual,2024-11-02,2024-12-31,16,75,4.1
11847,Tetuán,part_time,2024-09-08,2024-11-27,35,300,4.8
11848,Villaverde,casual,2024-01-01,2024-12-20,89,443,4.6
11849,Hortaleza,casual,2024-12-08,2024-12-31,2,10,4.8
11850,Latina,casual,2024-01-01,2024-02-02,10,49,3.9
11851,Ciudad Lineal,casual,2024-10-27,2024-12-31,8,47,4.2
11852,Carabanchel,casual,2024-01-06,2024-03-29,22,141,4.5
11853,Villaverde,casual,2024-03-22,2024-06-04,19,99,4.8
11854,Ciudad Lineal,full_time,2024-01-01,2024-03-28,72,1407,4.4
11855,Ciudad Lineal,casual,2024-05-24,2024-08-05,18,91,3.6
11856,Fuencarral - El Pardo,casual,2024-01-01,2024-03-19,18,92,4.2
11857,San Blas - Canillejas,casual,2024-02-04,2024-04-23,18,78,4.8
11858,Chamartín,casual,2024-01-01,2024-01-27,7,35,4.7
11859,Centro,part_time,2024-01-01,2024-08-06,95,818,4.9
11860,Vicálvaro,casual,2024-01-01,2024-04-02,22,107,4.6
11861,Carabanchel,full_time,2024-05-15,2024-12-31,191,3858,3.7
11862,Latina,full_time,2024-04-11,2024-12-31,221,4439,3.8
11863,Carabanchel,part_time,2024-07-05,2024-12-24,85,750,4.0
11864,San Blas - Canillejas,part_time,2024-07-07,2024-12-31,71,636,3.7
11865,Barajas,casual,2024-01-01,2024-02-16,10,51,4.5
11866,San Blas - Canillejas,part_time,2024-01-01,2024-04-30,53,472,4.0
11867,Chamberí,casual,2024-08-09,2024-12-31,31,157,3.8
11868,Villaverde,part_time,2024-04-01,2024-09-12,73,648,3.9
11869,Salamanca,casual,2024-07-22,2024-10-02,18,103,4.9
11870,Barajas,casual,2024-01-01,2024-02-01,9,42,4.7
11871,Usera,casual,2024-03-22,2024-06-28,17,94,4.0
11872,Centro,part_time,2024-02-24,2024-08-30,86,782,4.7
11873,Villa de Vallecas,part_time,2024-08-16,2024-11-06,44,416,4.9
11874,Centro,casual,2024-11-21,2024-12-31,7,32,4.7
11875,Usera,casual,2024-06-25,2024-09-13,22,134,4.1
11876,San Blas - Canillejas,casual,2024-08-22,2024-12-31,27,149,3.8
11877,Carabanchel,part_time,2024-06-23,2024-12-12,83,782,4.7
11878,Arganzuela,casual,2024-11-22,2024-12-31,10,65,3.6
11879,Vicálvaro,casual,2024-10-04,2024-12-31,23,108,3.9
11880,Vicálvaro,part_time,2024-01-14,2024-04-25,43,372,3.6
11881,Barajas,part_time,2024-01-03,2024-04-13,45,397,3.9
11882,Retiro,part_time,2024-11-21,2024-12-31,14,127,4.0
11883,Villaverde,part_time,2024-05-24,2024-11-25,77,649,4.0
11884,Chamartín,full_time,2024-02-29,2024-09-06,164,3252,3.7
11885,Fuencarral - El Pardo,casual,2024-08-16,2024-11-16,20,89,4.4
11886,Tetuán,casual,2024-01-01,2024-07-24,52,246,4.9
11887,Latina,full_time,2024-10-03,2024-12-31,79,1519,3.7
11888,Latina,casual,2024-04-17,2024-10-15,33,168,4.6
11889,Vicálvaro,part_time,2024-11-02,2024-12-31,23,207,3.8
11890,Villaverde,casual,2024-06-14,2024-12-29,43,209,4.5
11891,Hortaleza,casual,2024-01-30,2024-04-28,15,77,3.7
11892,Centro,casual,2024-12-16,2024-12-31,2,10,4.8
11893,Hortaleza,part_time,2024-03-26,2024-07-07,44,404,3.5
11894,Villaverde,part_time,2024-08-31,2024-12-31,57,515,3.8
11895,San Blas - Canillejas,casual,2024-01-01,2024-07-03,51,228,4.5
11896,Chamartín,casual,2024-02-22,2024-08-12,32,165,4.5
11897,Latina,casual,2024-08-16,2024-12-31,28,140,4.2
11898,Usera,casual,2024-08-19,2024-11-04,15,78,3.9
11899,Chamartín,casual,2024-11-29,2024-12-31,10,62,4.4
11900,Chamberí,full_time,2024-08-06,2024-12-31,124,2442,5.0
11901,Chamartín,casual,2024-02-17,2024-06-01,18,82,4.5
11902,Latina,casual,2024-11-01,2024-12-31,14,76,3.8
11903,Carabanchel,casual,2024-11-26,2024-12-31,7,30,4.9
11904,Puente de Vallecas,casual,2024-12-10,2024-12-31,6,25,4.6
11905,Centro,casual,2024-11-16,2024-12-31,11,52,4.4
11906,Chamartín,part_time,2024-07-13,2024-12-31,81,749,3.8
11907,Centro,part_time,2024-09-11,2024-12-31,44,353,3.9
11908,Centro,part_time,2024-07-20,2024-10-28,50,448,4.2
11909,Moratalaz,casual,2024-01-01,2024-08-21,50,255,4.4
11910,Centro,part_time,2024-08-20,2024-12-31,67,616,4.0
11911,Usera,full_time,2024-01-01,2024-05-07,108,2185,4.5
11912,Villa de Vallecas,full_time,2024-01-01,2024-11-11,263,5244,3.7
11913,Centro,full_time,2024-01-01,2024-09-02,210,4262,4.7
11914,Puente de Vallecas,casual,2024-01-01,2024-03-21,19,82,3.8
11915,Tetuán,full_time,2024-08-07,2024-12-31,127,2573,4.9
11916,Puente de Vallecas,part_time,2024-04-28,2024-08-08,40,369,4.6
11917,Carabanchel,part_time,2024-05-29,2024-08-28,36,330,4.7
11918,Latina,part_time,2024-05-25,2024-08-10,42,396,4.0
11919,Latina,full_time,2024-07-16,2024-12-31,145,2927,4.0
11920,Centro,casual,2024-01-01,2024-05-08,34,169,4.7
11921,Carabanchel,part_time,2024-05-10,2024-08-23,51,447,4.8
11922,San Blas - Canillejas,part_time,2024-01-01,2024-05-17,56,497,4.4
11923,Retiro,part_time,2024-12-19,2024-12-31,5,38,4.1
11924,Salamanca,part_time,2024-01-01,2024-02-13,22,201,4.3
11925,Usera,casual,2024-11-29,2024-12-31,6,31,4.6
11926,Puente de Vallecas,casual,2024-01-01,2024-02-01,10,49,4.7
11927,Fuencarral - El Pardo,casual,2024-01-01,2024-03-02,9,52,4.2
11928,Chamberí,part_time,2024-11-18,2024-12-31,27,254,4.7
11929,Usera,part_time,2024-04-18,2024-12-31,121,1057,4.5
11930,Fuencarral - El Pardo,part_time,2024-01-01,2024-08-18,99,902,4.8
11931,Puente de Vallecas,part_time,2024-07-01,2024-09-19,37,316,4.7
11932,Ciudad Lineal,part_time,2024-01-01,2024-03-31,36,312,4.1
11933,Ciudad Lineal,casual,2024-01-01,2024-02-17,12,59,4.7
11934,Ciudad Lineal,part_time,2024-01-01,2024-01-23,10,102,4.4
11935,Retiro,full_time,2024-02-06,2024-05-02,73,1445,4.5
11936,Moncloa - Aravaca,part_time,2024-01-01,2024-04-06,43,397,3.8
11937,Barajas,full_time,2024-02-14,2024-08-04,145,2987,4.7
11938,Hortaleza,full_time,2024-10-26,2024-12-31,55,1079,3.7
11939,Chamartín,casual,2024-01-23,2024-07-28,38,192,3.8
11940,Chamartín,part_time,2024-01-30,2024-08-11,75,679,4.0
11941,Tetuán,casual,2024-01-01,2024-02-24,14,64,4.6
11942,Centro,casual,2024-12-26,2024-12-31,2,17,4.1
11943,Moncloa - Aravaca,casual,2024-01-01,2024-03-05,10,64,4.4
11944,Usera,casual,2024-02-25,2024-06-08,23,117,4.9
11945,Fuencarral - El Pardo,casual,2024-12-03,2024-12-31,6,24,4.6
11946,Hortaleza,part_time,2024-01-01,2024-11-28,135,1282,4.7
11947,Carabanchel,casual,2024-02-22,2024-06-08,24,124,3.7
11948,Latina,casual,2024-08-01,2024-12-31,29,160,3.6
11949,Ciudad Lineal,casual,2024-01-01,2024-01-16,4,17,3.9
11950,Latina,casual,2024-03-09,2024-05-20,8,46,4.8
11951,Moncloa - Aravaca,full_time,2024-02-29,2024-12-31,261,5144,4.6
11952,Usera,casual,2024-12-27,2024-12-31,1,3,4.1
11953,Carabanchel,casual,2024-12-14,2024-12-31,4,14,4.9
11954,Chamberí,full_time,2024-07-08,2024-10-22,93,1901,4.5
11955,Puente de Vallecas,part_time,2024-02-24,2024-06-09,48,418,4.7
11956,Chamartín,part_time,2024-05-05,2024-10-20,84,757,3.6
11957,Vicálvaro,part_time,2024-11-24,2024-12-31,16,145,4.7
11958,Latina,casual,2024-07-07,2024-12-21,32,152,4.2
11959,Usera,part_time,2024-01-01,2024-04-19,51,467,3.6
11960,Villaverde,casual,2024-12-11,2024-12-31,2,14,3.6
11961,Chamartín,casual,2024-11-08,2024-12-31,14,65,4.3
11962,Carabanchel,casual,2024-01-07,2024-04-09,23,119,4.4
11963,Ciudad Lineal,part_time,2024-07-30,2024-10-23,35,313,3.8
11964,Villa de Vallecas,casual,2024-10-27,2024-12-31,13,59,4.0
11965,Villa de Vallecas,casual,2024-01-01,2024-04-30,32,141,4.1
11966,Latina,casual,2024-11-26,2024-12-31,7,40,3.5
11967,Centro,part_time,2024-01-01,2024-03-22,34,315,5.0
11968,Centro,casual,2024-03-12,2024-06-12,16,76,4.7
11969,Centro,casual,2024-12-05,2024-12-31,5,34,3.9
11970,Vicálvaro,casual,2024-12-06,2024-12-31,4,20,4.8
11971,Tetuán,part_time,2024-01-01,2024-01-18,9,89,4.4
11972,Chamartín,casual,2024-10-20,2024-12-31,9,42,3.8
11973,Villaverde,full_time,2024-05-22,2024-12-31,193,3743,4.7
11974,San Blas - Canillejas,casual,2024-10-23,2024-12-31,16,90,3.6
11975,Latina,casual,2024-05-10,2024-07-21,17,81,4.1
11976,Barajas,casual,2024-12-22,2024-12-31,2,8,4.6
11977,Latina,casual,2024-07-03,2024-12-31,45,249,4.8
11978,Hortaleza,casual,2024-08-24,2024-12-31,33,189,3.9
11979,Puente de Vallecas,casual,2024-04-17,2024-07-11,17,79,4.4
11980,Hortaleza,full_time,2024-02-12,2024-07-27,141,2844,4.8
11981,Fuencarral - El Pardo,casual,2024-01-15,2024-03-31,14,69,4.8
11982,Ciudad Lineal,casual,2024-01-01,2024-01-26,11,58,3.5
11983,Carabanchel,casual,2024-11-15,2024-12-31,10,48,3.6
11984,Centro,casual,2024-07-02,2024-09-19,15,71,3.8
11985,Ciudad Lineal,casual,2024-02-12,2024-12-31,74,351,3.5
11986,Fuencarral - El Pardo,casual,2024-03-05,2024-06-02,16,91,4.8
11987,Moratalaz,casual,2024-09-06,2024-11-28,27,148,3.6
11988,Ciudad Lineal,casual,2024-02-18,2024-08-05,42,187,4.9
11989,Ciudad Lineal,full_time,2024-08-18,2024-12-31,110,2211,4.0
11990,Latina,part_time,2024-01-01,2024-02-05,16,140,3.6
11991,Villaverde,full_time,2024-01-19,2024-04-24,76,1511,4.1
11992,Vicálvaro,casual,2024-02-11,2024-05-08,25,120,4.6
11993,Usera,full_time,2024-01-01,2024-01-14,9,208,3.7
11994,Hortaleza,casual,2024-05-04,2024-12-31,50,254,4.9
11995,Puente de Vallecas,casual,2024-08-12,2024-11-27,28,163,3.8
11996,Latina,part_time,2024-01-01,2024-10-22,130,1201,4.8
11997,Centro,casual,2024-09-09,2024-12-31,21,115,3.5
11998,Hortaleza,casual,2024-12-05,2024-12-31,5,26,4.6
11999,Carabanchel,part_time,2024-09-06,2024-11-20,39,374,4.2
12000,Puente de Vallecas,part_time,2024-05-07,2024-12-31,114,1002,4.7
12001,San Blas - Canillejas,casual,2024-04-16,2024-07-31,20,91,4.5
12002,Villa de Vallecas,casual,2024-06-06,2024-09-15,22,113,3.8
12003,Vicálvaro,casual,2024-02-20,2024-05-07,17,98,3.6
12004,Centro,full_time,2024-02-01,2024-04-17,65,1242,4.1
12005,Tetuán,casual,2024-01-01,2024-01-12,5,28,4.4
12006,Moncloa - Aravaca,casual,2024-05-10,2024-08-05,24,120,4.8
12007,Hortaleza,casual,2024-01-20,2024-04-10,20,98,3.9
12008,Centro,full_time,2024-05-12,2024-07-23,57,1139,4.0
12009,Carabanchel,part_time,2024-09-20,2024-12-31,48,411,4.0
12010,Barajas,casual,2024-01-24,2024-07-17,32,153,4.6
12011,Puente de Vallecas,full_time,2024-01-02,2024-06-21,138,2665,3.7
12012,Centro,casual,2024-04-17,2024-07-28,18,95,4.3
12013,Villaverde,full_time,2024-05-20,2024-08-08,65,1301,4.4
12014,Latina,casual,2024-01-01,2024-06-01,29,153,4.3
12015,Barajas,casual,2024-06-04,2024-11-10,40,205,4.3
12016,Vicálvaro,casual,2024-01-01,2024-01-14,1,1,4.2
12017,Barajas,full_time,2024-01-01,2024-12-21,285,5723,5.0
12018,Tetuán,full_time,2024-06-26,2024-12-13,141,2775,4.2
12019,Villaverde,part_time,2024-01-01,2024-12-06,145,1324,4.8
12020,Puente de Vallecas,casual,2024-12-19,2024-12-31,4,22,4.3
12021,Moncloa - Aravaca,casual,2024-01-01,2024-03-10,11,58,4.4
12022,San Blas - Canillejas,casual,2024-01-01,2024-11-27,82,415,4.7
12023,Latina,casual,2024-01-01,2024-08-01,47,252,5.0
12024,Hortaleza,casual,2024-10-22,2024-12-31,13,58,3.7
12025,Hortaleza,part_time,2024-01-01,2024-05-10,64,579,4.4
12026,Puente de Vallecas,part_time,2024-01-17,2024-12-31,152,1336,3.8
12027,Puente de Vallecas,full_time,2024-03-01,2024-08-13,145,2911,3.6
12028,Ciudad Lineal,casual,2024-11-24,2024-12-31,8,34,4.8
12029,Hortaleza,casual,2024-06-16,2024-09-06,24,120,5.0
12030,Carabanchel,casual,2024-03-19,2024-09-07,41,214,4.5
12031,Centro,casual,2024-05-24,2024-11-09,35,183,4.1
12032,Fuencarral - El Pardo,part_time,2024-08-22,2024-11-20,49,470,4.6
12033,Ciudad Lineal,part_time,2024-01-01,2024-01-14,6,45,5.0
12034,Puente de Vallecas,casual,2024-01-01,2024-06-24,37,185,4.9
12035,Chamartín,casual,2024-01-28,2024-04-14,17,77,4.8
12036,Centro,full_time,2024-04-08,2024-07-09,81,1626,4.3
12037,Chamartín,casual,2024-05-19,2024-11-04,34,155,3.8
12038,Carabanchel,casual,2024-11-23,2024-12-31,7,34,3.7
12039,Chamartín,part_time,2024-06-23,2024-09-06,42,358,3.6
12040,Carabanchel,part_time,2024-01-01,2024-04-08,47,436,4.0
12041,Villaverde,casual,2024-01-21,2024-12-31,95,489,3.6
12042,Arganzuela,part_time,2024-04-20,2024-07-11,35,315,4.5
12043,Latina,full_time,2024-07-30,2024-10-09,61,1170,4.7
12044,Carabanchel,casual,2024-07-17,2024-10-19,18,90,4.7
12045,Centro,casual,2024-07-03,2024-12-17,39,188,3.6
12046,Moncloa - Aravaca,part_time,2024-12-30,2024-12-31,1,6,3.8
12047,Carabanchel,part_time,2024-01-01,2024-01-13,7,62,5.0
12048,Ciudad Lineal,casual,2024-08-28,2024-12-31,27,120,5.0
12049,Vicálvaro,casual,2024-09-16,2024-12-31,23,106,5.0
12050,Ciudad Lineal,part_time,2024-01-27,2024-04-20,39,332,4.9
12051,Moncloa - Aravaca,casual,2024-08-21,2024-12-31,28,150,3.7
12052,Fuencarral - El Pardo,casual,2024-01-01,2024-02-25,15,76,4.7
12053,Centro,casual,2024-06-06,2024-09-03,23,109,3.8
12054,Puente de Vallecas,casual,2024-01-01,2024-08-22,52,277,3.9
12055,Hortaleza,full_time,2024-01-25,2024-04-10,67,1307,4.2
12056,Barajas,part_time,2024-07-24,2024-10-22,42,373,4.7
12057,Carabanchel,casual,2024-03-31,2024-07-04,26,134,4.2
12058,San Blas - Canillejas,full_time,2024-01-01,2024-03-15,60,1225,3.8
12059,Retiro,casual,2024-05-29,2024-11-30,36,189,4.9
12060,Chamberí,casual,2024-04-10,2024-09-30,38,211,3.9
12061,Centro,casual,2024-01-01,2024-01-24,3,23,4.7
12062,Ciudad Lineal,part_time,2024-09-26,2024-12-31,42,392,4.6
12063,Villa de Vallecas,part_time,2024-12-25,2024-12-31,2,21,3.6
12064,Fuencarral - El Pardo,part_time,2024-01-01,2024-09-05,107,988,4.2
12065,Chamartín,casual,2024-12-22,2024-12-31,2,7,3.7
12066,Retiro,casual,2024-12-30,2024-12-31,1,6,4.6
12067,Barajas,casual,2024-03-24,2024-09-02,40,200,4.6
12068,Barajas,full_time,2024-11-04,2024-12-31,48,919,4.0
12069,Ciudad Lineal,casual,2024-09-28,2024-12-06,15,81,4.5
12070,Ciudad Lineal,part_time,2024-10-17,2024-12-31,34,274,4.1
12071,Hortaleza,part_time,2024-01-01,2024-02-25,28,228,4.3
12072,Villa de Vallecas,casual,2024-07-24,2024-12-31,42,234,4.5
12073,Villaverde,casual,2024-01-01,2024-05-04,31,165,4.8
12074,Puente de Vallecas,casual,2024-08-19,2024-12-31,42,220,4.2
12075,Usera,part_time,2024-01-01,2024-06-19,79,742,4.6
12076,Hortaleza,full_time,2024-09-21,2024-12-31,78,1645,3.9
12077,Usera,casual,2024-10-15,2024-12-31,17,88,4.2
12078,Ciudad Lineal,full_time,2024-05-17,2024-08-17,73,1416,3.6
12079,Carabanchel,casual,2024-02-25,2024-08-25,42,238,4.2
12080,Centro,casual,2024-01-01,2024-03-06,19,111,4.1
12081,Vicálvaro,full_time,2024-01-09,2024-04-20,81,1653,4.9
12082,Tetuán,full_time,2024-12-28,2024-12-31,4,86,3.9
12083,Centro,casual,2024-09-01,2024-11-27,21,106,5.0
12084,Fuencarral - El Pardo,part_time,2024-09-19,2024-12-09,30,269,3.8
12085,Fuencarral - El Pardo,full_time,2024-10-10,2024-12-29,67,1360,4.4
12086,Chamberí,part_time,2024-05-11,2024-11-24,84,707,4.0
12087,Puente de Vallecas,part_time,2024-01-01,2024-11-11,146,1331,4.9
12088,Puente de Vallecas,casual,2024-03-19,2024-06-02,15,67,4.2
12089,Fuencarral - El Pardo,casual,2024-01-01,2024-01-13,1,1,3.9
12090,Puente de Vallecas,part_time,2024-09-16,2024-12-31,54,446,3.8
12091,Chamberí,casual,2024-10-18,2024-12-31,16,74,4.6
12092,Latina,casual,2024-01-01,2024-07-12,41,198,4.8
12093,Tetuán,casual,2024-01-12,2024-12-31,87,425,4.7
12094,Salamanca,casual,2024-06-23,2024-09-20,23,121,4.3
12095,Salamanca,casual,2024-08-04,2024-10-13,20,90,4.9
12096,Barajas,casual,2024-04-20,2024-12-31,64,329,4.3
12097,Arganzuela,casual,2024-01-01,2024-04-18,23,112,3.8
12098,Ciudad Lineal,casual,2024-07-19,2024-12-27,39,180,3.9
12099,Barajas,full_time,2024-07-04,2024-12-31,150,3044,4.5
12100,Villa de Vallecas,part_time,2024-01-01,2024-01-08,2,15,4.7
12101,Moratalaz,casual,2024-07-09,2024-10-11,24,128,4.5
12102,Barajas,casual,2024-04-14,2024-07-06,21,111,3.7
12103,Latina,casual,2024-10-09,2024-12-31,18,93,4.2
12104,Carabanchel,part_time,2024-11-21,2024-12-31,22,235,3.6
12105,Moratalaz,part_time,2024-07-03,2024-09-12,38,324,4.9
12106,Latina,part_time,2024-04-04,2024-06-30,44,422,3.7
12107,Salamanca,part_time,2024-11-29,2024-12-31,15,142,4.9
12108,Puente de Vallecas,casual,2024-01-31,2024-05-03,21,112,4.0
12109,Ciudad Lineal,casual,2024-01-02,2024-12-20,72,337,4.4
12110,Barajas,casual,2024-03-09,2024-06-11,25,116,4.6
12111,Moncloa - Aravaca,casual,2024-01-01,2024-04-21,32,154,4.8
12112,Centro,casual,2024-11-05,2024-12-31,11,51,4.6
12113,Barajas,part_time,2024-02-06,2024-04-20,42,343,4.3
12114,San Blas - Canillejas,casual,2024-09-12,2024-12-31,27,117,3.9
12115,Vicálvaro,part_time,2024-08-23,2024-12-31,54,492,3.8
12116,Latina,casual,2024-08-05,2024-10-23,15,69,4.5
12117,San Blas - Canillejas,casual,2024-01-01,2024-02-19,13,78,4.1
12118,Centro,part_time,2024-01-01,2024-10-19,132,1230,4.6
12119,Retiro,casual,2024-11-22,2024-12-31,6,28,4.7
12120,Tetuán,casual,2024-01-31,2024-07-12,34,174,3.9
12121,Retiro,casual,2024-01-01,2024-01-10,2,6,3.5
12122,Usera,part_time,2024-08-05,2024-12-31,63,579,4.2
12123,Carabanchel,casual,2024-07-13,2024-12-31,37,200,4.0
12124,Barajas,full_time,2024-06-15,2024-10-02,92,1899,3.7
12125,Moncloa - Aravaca,full_time,2024-03-29,2024-06-07,56,1169,4.1
12126,Salamanca,part_time,2024-02-14,2024-06-02,55,508,4.1
12127,Latina,casual,2024-01-01,2024-05-09,38,220,3.8
12128,Centro,part_time,2024-06-28,2024-09-26,37,326,4.0
12129,Vicálvaro,casual,2024-12-29,2024-12-31,1,6,3.6
12130,Arganzuela,full_time,2024-09-26,2024-12-14,73,1501,4.9
12131,Moratalaz,casual,2024-04-27,2024-12-31,54,254,4.6
12132,Fuencarral - El Pardo,casual,2024-06-17,2024-09-17,18,104,3.8
12133,Tetuán,casual,2024-07-22,2024-12-31,31,152,4.3
12134,Fuencarral - El Pardo,part_time,2024-04-04,2024-09-30,80,759,4.5
12135,Carabanchel,full_time,2024-10-10,2024-12-31,68,1353,4.3
12136,Fuencarral - El Pardo,casual,2024-03-09,2024-12-31,73,362,4.4
12137,Villaverde,casual,2024-01-11,2024-04-27,18,82,4.8
12138,Moncloa - Aravaca,part_time,2024-06-07,2024-09-24,53,501,4.8
12139,Tetuán,part_time,2024-02-06,2024-04-16,37,322,3.5
12140,Retiro,part_time,2024-06-06,2024-08-27,40,369,4.3
12141,Tetuán,casual,2024-08-11,2024-12-31,45,186,4.2
12142,Hortaleza,part_time,2024-08-31,2024-11-24,45,405,3.6
12143,Barajas,full_time,2024-01-01,2024-05-28,126,2525,4.9
12144,Villa de Vallecas,casual,2024-08-30,2024-11-28,16,72,5.0
12145,Ciudad Lineal,casual,2024-01-01,2024-03-31,24,126,4.6
12146,Chamberí,casual,2024-07-17,2024-10-30,24,131,3.9
12147,Fuencarral - El Pardo,casual,2024-01-01,2024-08-16,47,252,3.6
12148,Carabanchel,part_time,2024-06-01,2024-12-09,86,819,3.9
12149,Hortaleza,casual,2024-09-22,2024-12-31,25,145,4.4
12150,Hortaleza,casual,2024-01-01,2024-03-12,17,71,3.9
12151,Fuencarral - El Pardo,casual,2024-08-21,2024-11-01,15,93,4.6
12152,Chamartín,full_time,2024-05-14,2024-12-31,197,3957,5.0
12153,Moncloa - Aravaca,part_time,2024-09-11,2024-12-13,41,367,3.8
12154,Ciudad Lineal,casual,2024-12-17,2024-12-31,3,17,5.0
12155,Moncloa - Aravaca,part_time,2024-05-16,2024-08-02,33,310,4.2
12156,Puente de Vallecas,casual,2024-01-01,2024-04-09,19,94,4.1
12157,San Blas - Canillejas,part_time,2024-07-25,2024-12-31,70,672,3.8
12158,Fuencarral - El Pardo,part_time,2024-06-14,2024-08-27,26,246,3.6
12159,Retiro,casual,2024-08-16,2024-12-31,40,197,4.6
12160,Moncloa - Aravaca,full_time,2024-09-28,2024-12-28,70,1329,4.5
12161,Fuencarral - El Pardo,casual,2024-08-31,2024-12-02,20,97,4.6
12162,Puente de Vallecas,part_time,2024-03-24,2024-07-05,45,368,3.8
12163,Villa de Vallecas,casual,2024-04-30,2024-08-11,27,137,4.6
12164,Latina,part_time,2024-11-17,2024-12-31,22,206,4.4
12165,Centro,casual,2024-04-26,2024-07-12,17,86,4.1
12166,San Blas - Canillejas,casual,2024-06-26,2024-09-25,20,94,3.8
12167,Usera,casual,2024-08-03,2024-11-19,18,93,4.5
12168,San Blas - Canillejas,full_time,2024-01-01,2024-03-25,72,1468,4.9
12169,Hortaleza,casual,2024-08-31,2024-12-31,26,140,4.7
12170,Fuencarral - El Pardo,part_time,2024-01-01,2024-01-07,3,16,5.0
12171,Usera,casual,2024-12-22,2024-12-31,4,28,3.7
12172,Hortaleza,part_time,2024-06-25,2024-09-06,29,268,4.5
12173,Latina,casual,2024-01-01,2024-05-02,32,171,4.0
12174,Tetuán,part_time,2024-09-26,2024-12-15,35,297,4.0
12175,Moncloa - Aravaca,full_time,2024-10-20,2024-12-31,61,1206,4.0
12176,Carabanchel,casual,2024-01-03,2024-04-03,22,100,4.5
12177,Chamberí,casual,2024-01-01,2024-01-19,3,15,4.7
12178,Villa de Vallecas,full_time,2024-06-04,2024-08-20,62,1193,4.3
12179,Salamanca,casual,2024-06-22,2024-12-09,41,177,4.5
12180,Chamartín,casual,2024-01-01,2024-03-16,17,73,4.0
12181,Fuencarral - El Pardo,casual,2024-06-12,2024-09-17,15,83,4.2
12182,Latina,part_time,2024-04-19,2024-10-12,76,693,3.7
12183,Villaverde,full_time,2024-10-21,2024-12-31,62,1246,3.6
12184,Chamartín,part_time,2024-08-23,2024-12-31,50,446,4.2
12185,San Blas - Canillejas,part_time,2024-01-01,2024-02-28,27,242,5.0
12186,Chamartín,casual,2024-05-31,2024-12-31,39,198,4.9
12187,Fuencarral - El Pardo,casual,2024-04-08,2024-09-27,29,147,4.8
12188,Puente de Vallecas,casual,2024-03-05,2024-09-20,39,192,4.0
12189,San Blas - Canillejas,casual,2024-01-01,2024-03-13,19,91,4.6
12190,Villaverde,casual,2024-09-09,2024-12-03,15,69,4.9
12191,Latina,part_time,2024-11-02,2024-12-31,32,310,3.6
12192,San Blas - Canillejas,casual,2024-01-01,2024-04-20,23,98,4.2
12193,Retiro,casual,2024-01-01,2024-01-17,4,22,4.1
12194,Fuencarral - El Pardo,casual,2024-07-11,2024-09-28,13,61,4.8
12195,Villa de Vallecas,casual,2024-12-23,2024-12-31,2,10,4.4
12196,Carabanchel,casual,2024-05-11,2024-12-31,51,246,5.0
12197,Puente de Vallecas,casual,2024-01-22,2024-04-26,24,142,3.6
12198,Fuencarral - El Pardo,casual,2024-10-23,2024-12-31,12,55,4.0
12199,San Blas - Canillejas,casual,2024-01-30,2024-12-31,83,414,4.3
12200,San Blas - Canillejas,part_time,2024-05-15,2024-08-27,40,377,3.8
12201,Puente de Vallecas,full_time,2024-01-01,2024-01-31,22,418,5.0
12202,Carabanchel,part_time,2024-01-01,2024-02-03,17,147,4.5
12203,Hortaleza,part_time,2024-06-17,2024-09-28,46,390,4.4
12204,Hortaleza,full_time,2024-10-05,2024-12-29,78,1470,3.7
12205,San Blas - Canillejas,casual,2024-07-04,2024-12-31,42,189,4.7
12206,Puente de Vallecas,part_time,2024-12-05,2024-12-31,15,133,5.0
12207,Fuencarral - El Pardo,casual,2024-05-17,2024-08-19,21,102,4.7
12208,Ciudad Lineal,casual,2024-07-11,2024-10-10,20,89,4.3
12209,San Blas - Canillejas,casual,2024-06-06,2024-12-16,53,254,4.5
12210,Fuencarral - El Pardo,casual,2024-03-31,2024-06-18,19,102,4.3
12211,Carabanchel,part_time,2024-01-01,2024-01-02,2,20,3.6
12212,Moncloa - Aravaca,casual,2024-10-20,2024-12-31,21,138,4.8
12213,Carabanchel,part_time,2024-01-01,2024-01-31,16,150,3.9
12214,Carabanchel,full_time,2024-12-10,2024-12-31,17,347,4.0
12215,Moncloa - Aravaca,casual,2024-09-08,2024-12-31,28,120,4.9
12216,Centro,casual,2024-01-01,2024-02-17,9,41,4.6
12217,Latina,casual,2024-01-01,2024-03-09,15,83,4.3
12218,San Blas - Canillejas,casual,2024-08-10,2024-12-31,29,143,3.9
12219,Arganzuela,full_time,2024-04-29,2024-10-21,136,2740,4.7
12220,Arganzuela,part_time,2024-06-18,2024-12-28,84,793,4.3
12221,Fuencarral - El Pardo,part_time,2024-02-22,2024-05-07,33,304,4.3
12222,Barajas,casual,2024-10-30,2024-12-31,13,50,3.8
12223,Chamartín,part_time,2024-04-21,2024-10-28,93,852,4.2
12224,Tetuán,part_time,2024-05-01,2024-11-13,101,897,4.0
12225,Villa de Vallecas,casual,2024-12-27,2024-12-31,1,1,3.9
12226,Puente de Vallecas,casual,2024-09-18,2024-12-17,20,93,4.2
12227,Puente de Vallecas,casual,2024-08-12,2024-11-08,17,98,4.8
12228,Villaverde,casual,2024-10-31,2024-12-31,16,77,4.0
12229,Villa de Vallecas,full_time,2024-12-27,2024-12-31,4,86,3.9
12230,San Blas - Canillejas,part_time,2024-10-06,2024-12-31,35,305,4.8
12231,Hortaleza,casual,2024-10-03,2024-12-31,20,90,4.7
12232,Vicálvaro,full_time,2024-01-01,2024-03-30,73,1491,4.3
12233,Villaverde,casual,2024-10-02,2024-12-31,23,116,4.5
12234,Villaverde,casual,2024-11-07,2024-12-31,21,103,3.6
12235,Puente de Vallecas,full_time,2024-07-06,2024-09-20,64,1271,4.6
12236,Fuencarral - El Pardo,full_time,2024-07-01,2024-12-07,126,2441,4.8
12237,Latina,part_time,2024-07-10,2024-10-16,42,365,4.2
12238,Hortaleza,casual,2024-06-09,2024-09-02,17,76,4.8
12239,Centro,full_time,2024-01-01,2024-03-26,68,1415,4.4
12240,Vicálvaro,part_time,2024-07-23,2024-11-07,42,358,3.6
12241,Centro,part_time,2024-02-07,2024-07-20,70,624,3.5
12242,Villa de Vallecas,casual,2024-06-05,2024-08-31,22,120,3.7
12243,Puente de Vallecas,casual,2024-11-18,2024-12-31,11,52,4.9
12244,Fuencarral - El Pardo,part_time,2024-01-01,2024-02-21,25,214,4.9
12245,San Blas - Canillejas,full_time,2024-12-10,2024-12-31,16,308,3.6
12246,Centro,part_time,2024-05-04,2024-11-14,80,714,4.1
12247,Centro,casual,2024-12-08,2024-12-31,1,5,4.9
12248,Fuencarral - El Pardo,part_time,2024-01-08,2024-03-30,31,280,4.3
12249,Hortaleza,casual,2024-01-01,2024-01-25,4,18,4.7
12250,Villaverde,casual,2024-06-02,2024-12-13,42,212,3.8
12251,Villaverde,casual,2024-05-27,2024-08-30,23,101,3.7
12252,Puente de Vallecas,casual,2024-06-22,2024-12-31,43,214,4.0
12253,Hortaleza,part_time,2024-07-08,2024-09-23,32,314,4.5
12254,Ciudad Lineal,casual,2024-01-21,2024-12-31,84,448,4.9
12255,Vicálvaro,casual,2024-11-19,2024-12-31,8,40,4.7
12256,Chamartín,full_time,2024-01-01,2024-06-27,150,3047,4.1
12257,Villaverde,part_time,2024-02-11,2024-04-30,37,363,4.1
12258,Puente de Vallecas,casual,2024-10-01,2024-12-31,23,121,4.8
12259,Ciudad Lineal,casual,2024-01-04,2024-07-15,36,188,4.3
12260,Latina,part_time,2024-02-17,2024-12-31,125,1085,4.2
12261,Centro,casual,2024-06-07,2024-11-25,40,163,3.9
12262,Moncloa - Aravaca,casual,2024-02-24,2024-05-10,23,111,4.5
12263,Fuencarral - El Pardo,casual,2024-03-20,2024-06-07,19,90,3.7
12264,San Blas - Canillejas,casual,2024-01-01,2024-01-19,4,18,4.1
12265,Fuencarral - El Pardo,part_time,2024-01-01,2024-06-04,73,684,4.6
12266,Retiro,casual,2024-02-22,2024-05-31,22,132,4.5
12267,Centro,casual,2024-01-01,2024-01-08,3,11,3.7
12268,Moncloa - Aravaca,casual,2024-10-11,2024-12-31,21,97,4.0
12269,Salamanca,casual,2024-10-09,2024-12-31,26,122,4.1
12270,Usera,casual,2024-01-01,2024-03-20,24,125,3.9
12271,Hortaleza,full_time,2024-07-08,2024-09-28,63,1305,3.8
12272,Vicálvaro,casual,2024-04-24,2024-07-17,22,87,4.3
12273,Tetuán,casual,2024-01-01,2024-03-01,14,62,4.0
12274,San Blas - Canillejas,casual,2024-01-01,2024-01-12,4,26,4.4
12275,Chamartín,part_time,2024-07-05,2024-12-20,74,686,4.5
12276,Usera,casual,2024-01-01,2024-02-05,13,63,4.9
12277,San Blas - Canillejas,full_time,2024-11-14,2024-12-31,36,710,4.4
12278,San Blas - Canillejas,part_time,2024-09-24,2024-12-31,41,356,4.7
12279,Tetuán,casual,2024-08-31,2024-11-17,18,101,4.9
12280,Salamanca,part_time,2024-10-09,2024-12-31,34,328,4.1
12281,Arganzuela,casual,2024-01-01,2024-02-17,11,59,3.8
12282,Ciudad Lineal,full_time,2024-06-12,2024-12-07,145,2889,3.9
12283,Latina,full_time,2024-01-01,2024-04-07,80,1656,4.5
12284,Ciudad Lineal,casual,2024-05-20,2024-09-01,27,142,4.0
12285,Carabanchel,part_time,2024-03-23,2024-06-07,24,219,3.7
12286,Barajas,casual,2024-01-01,2024-02-25,19,93,3.7
12287,Carabanchel,casual,2024-08-29,2024-12-09,27,138,4.0
12288,Carabanchel,part_time,2024-02-10,2024-05-20,49,495,3.7
12289,Carabanchel,full_time,2024-01-01,2024-03-30,80,1558,4.9
12290,Tetuán,casual,2024-11-08,2024-12-31,10,42,3.5
12291,Hortaleza,part_time,2024-01-01,2024-03-03,32,285,3.8
12292,Puente de Vallecas,part_time,2024-01-07,2024-04-03,44,404,4.9
12293,Hortaleza,casual,2024-01-01,2024-01-11,1,2,4.7
12294,Arganzuela,part_time,2024-05-22,2024-08-28,47,411,4.9
12295,Moratalaz,part_time,2024-09-24,2024-12-31,49,460,4.8
12296,San Blas - Canillejas,part_time,2024-10-09,2024-12-31,42,386,4.1
12297,Villa de Vallecas,full_time,2024-08-09,2024-12-31,121,2466,3.6
12298,Hortaleza,casual,2024-05-02,2024-08-05,22,123,4.7
12299,Ciudad Lineal,casual,2024-11-10,2024-12-31,14,78,4.1
12300,Moncloa - Aravaca,casual,2024-08-29,2024-12-31,27,142,3.7
12301,Usera,casual,2024-11-12,2024-12-31,10,44,4.7
12302,Puente de Vallecas,casual,2024-01-01,2024-05-06,34,198,3.5
12303,Tetuán,full_time,2024-06-04,2024-11-13,133,2725,3.8
12304,Ciudad Lineal,casual,2024-01-01,2024-01-11,2,11,4.5
12305,Villaverde,part_time,2024-05-29,2024-08-24,48,428,3.9
12306,Puente de Vallecas,casual,2024-10-25,2024-12-31,16,94,3.6
12307,Ciudad Lineal,casual,2024-09-08,2024-11-19,16,67,4.5
12308,Ciudad Lineal,part_time,2024-09-24,2024-12-09,26,216,4.0
12309,Fuencarral - El Pardo,part_time,2024-03-07,2024-05-18,33,301,4.9
12310,Fuencarral - El Pardo,casual,2024-04-02,2024-06-29,20,108,3.6
12311,Tetuán,full_time,2024-12-24,2024-12-31,4,79,4.0
12312,Hortaleza,casual,2024-02-13,2024-04-27,15,75,4.8
12313,Ciudad Lineal,casual,2024-01-01,2024-03-04,14,76,3.6
12314,Retiro,casual,2024-01-01,2024-10-05,62,294,4.8
12315,Hortaleza,part_time,2024-07-14,2024-12-31,72,605,4.8
12316,Barajas,casual,2024-05-21,2024-09-04,23,126,3.7
12317,Latina,part_time,2024-01-01,2024-01-21,7,65,4.3
12318,Chamartín,casual,2024-04-30,2024-12-31,64,323,3.7
12319,Hortaleza,casual,2024-08-07,2024-12-31,35,161,4.9
12320,Salamanca,full_time,2024-07-08,2024-09-25,71,1452,5.0
12321,Tetuán,casual,2024-01-01,2024-05-05,24,121,4.0
12322,Tetuán,casual,2024-01-01,2024-04-17,16,81,4.9
12323,Usera,casual,2024-02-08,2024-08-13,53,263,3.9
12324,Moncloa - Aravaca,casual,2024-01-01,2024-09-18,64,337,4.4
12325,Moncloa - Aravaca,casual,2024-01-01,2024-03-14,15,98,3.9
12326,Moncloa - Aravaca,casual,2024-10-26,2024-12-31,9,37,3.5
12327,Barajas,part_time,2024-11-29,2024-12-31,11,93,4.0
12328,Arganzuela,casual,2024-01-01,2024-03-20,16,82,4.2
12329,Puente de Vallecas,casual,2024-05-11,2024-10-28,47,233,3.8
12330,Vicálvaro,part_time,2024-02-14,2024-08-30,81,730,4.3
12331,Usera,casual,2024-04-05,2024-07-06,22,120,4.9
12332,Centro,part_time,2024-05-22,2024-11-05,79,725,4.7
12333,Hortaleza,part_time,2024-05-02,2024-07-22,27,266,4.1
12334,Retiro,casual,2024-01-01,2024-11-26,76,355,4.1
12335,Fuencarral - El Pardo,casual,2024-01-01,2024-04-14,24,112,4.8
12336,Latina,casual,2024-08-24,2024-11-15,16,94,4.4
12337,Chamartín,casual,2024-05-21,2024-11-06,37,195,4.1
12338,Puente de Vallecas,casual,2024-01-01,2024-01-30,8,36,3.9
12339,San Blas - Canillejas,part_time,2024-04-01,2024-06-14,23,200,4.9
12340,Villa de Vallecas,part_time,2024-01-25,2024-04-04,32,303,4.2
12341,Tetuán,casual,2024-02-07,2024-07-28,42,196,4.0
12342,Villa de Vallecas,full_time,2024-01-01,2024-03-04,57,1196,4.8
12343,Hortaleza,casual,2024-07-15,2024-09-22,15,78,4.5
12344,Hortaleza,full_time,2024-03-01,2024-12-31,248,4856,4.8
12345,Hortaleza,part_time,2024-03-09,2024-12-31,149,1377,4.0
12346,Latina,casual,2024-01-01,2024-09-24,61,309,5.0
12347,Fuencarral - El Pardo,casual,2024-06-11,2024-12-31,48,251,4.8
12348,Retiro,casual,2024-10-23,2024-12-31,16,80,4.5
12349,Villa de Vallecas,full_time,2024-01-01,2024-10-25,248,4914,5.0
12350,Chamberí,casual,2024-01-01,2024-11-12,63,351,4.2
12351,Hortaleza,full_time,2024-11-08,2024-12-31,43,875,4.3
12352,Ciudad Lineal,casual,2024-07-01,2024-10-08,20,115,4.4
12353,Arganzuela,casual,2024-05-30,2024-08-12,14,56,4.7
12354,San Blas - Canillejas,part_time,2024-09-08,2024-11-18,25,235,4.6
12355,San Blas - Canillejas,casual,2024-01-01,2024-06-21,40,201,4.9
12356,Carabanchel,casual,2024-01-01,2024-01-16,7,33,4.2
12357,Retiro,full_time,2024-07-27,2024-12-31,131,2597,4.4
12358,Tetuán,casual,2024-06-28,2024-12-05,38,175,4.1
12359,Retiro,full_time,2024-04-06,2024-07-20,88,1768,4.7
12360,Fuencarral - El Pardo,full_time,2024-01-01,2024-01-21,19,358,4.6
12361,Villaverde,casual,2024-11-28,2024-12-31,10,49,4.9
12362,Fuencarral - El Pardo,casual,2024-08-31,2024-11-29,18,69,5.0
12363,Moncloa - Aravaca,casual,2024-01-01,2024-10-08,73,397,4.3
12364,Arganzuela,part_time,2024-01-01,2024-05-26,62,499,3.6
12365,Moncloa - Aravaca,full_time,2024-06-10,2024-09-12,80,1562,4.4
12366,Vicálvaro,full_time,2024-01-01,2024-01-12,11,218,4.5
12367,Puente de Vallecas,full_time,2024-01-01,2024-11-30,269,5488,3.6
12368,Salamanca,casual,2024-12-23,2024-12-31,2,11,3.8
12369,Latina,casual,2024-08-14,2024-12-31,34,149,4.8
12370,Ciudad Lineal,casual,2024-12-20,2024-12-31,3,16,4.1
12371,Villaverde,full_time,2024-04-04,2024-06-26,73,1449,4.9
12372,Centro,casual,2024-01-01,2024-02-10,11,57,4.0
12373,Salamanca,casual,2024-12-13,2024-12-31,5,27,5.0
12374,Carabanchel,casual,2024-10-17,2024-12-31,20,92,4.5
12375,Moncloa - Aravaca,casual,2024-02-23,2024-12-31,58,308,4.6
12376,Vicálvaro,casual,2024-01-17,2024-04-14,18,98,4.4
12377,Puente de Vallecas,casual,2024-08-30,2024-12-16,24,125,4.3
12378,Centro,full_time,2024-01-01,2024-01-11,9,163,4.6
12379,Villaverde,part_time,2024-10-30,2024-12-31,22,223,3.8
12380,Villaverde,casual,2024-07-18,2024-12-31,45,209,4.2
12381,Barajas,part_time,2024-01-01,2024-03-21,40,388,4.9
12382,Fuencarral - El Pardo,casual,2024-01-01,2024-04-28,22,121,4.8
12383,Villa de Vallecas,part_time,2024-01-01,2024-02-01,16,149,4.9
12384,Vicálvaro,casual,2024-07-17,2024-12-31,35,166,4.7
12385,Usera,part_time,2024-01-01,2024-04-02,42,404,4.7
12386,Chamartín,casual,2024-05-31,2024-08-20,20,104,4.9
12387,Barajas,casual,2024-01-01,2024-09-18,50,264,4.6
12388,Villaverde,part_time,2024-06-06,2024-09-11,37,309,3.6
12389,Salamanca,part_time,2024-05-22,2024-12-31,108,987,4.4
12390,Ciudad Lineal,part_time,2024-01-14,2024-04-03,30,271,3.6
12391,Puente de Vallecas,casual,2024-01-01,2024-04-16,27,144,3.8
12392,Puente de Vallecas,casual,2024-03-12,2024-05-30,12,63,4.5
12393,Puente de Vallecas,part_time,2024-12-02,2024-12-31,10,102,4.9
12394,Vicálvaro,casual,2024-01-01,2024-11-20,74,393,3.5
12395,Centro,casual,2024-02-03,2024-04-25,20,104,4.6
12396,Carabanchel,casual,2024-05-19,2024-09-02,23,116,4.2
12397,Moncloa - Aravaca,casual,2024-01-01,2024-05-11,31,165,4.7
12398,Villa de Vallecas,casual,2024-09-16,2024-12-12,13,61,4.5
12399,Salamanca,casual,2024-01-02,2024-06-19,30,131,4.4
12400,Carabanchel,part_time,2024-12-19,2024-12-31,7,53,4.1
12401,Centro,part_time,2024-07-11,2024-10-22,47,454,4.0
12402,Latina,part_time,2024-06-30,2024-10-17,54,523,4.3
12403,Villaverde,part_time,2024-01-01,2024-06-11,70,655,4.5
12404,Tetuán,casual,2024-01-01,2024-04-04,26,125,4.1
12405,Chamberí,full_time,2024-01-01,2024-02-06,27,552,4.2
12406,Chamartín,part_time,2024-10-26,2024-12-31,30,282,4.4
12407,Puente de Vallecas,casual,2024-12-22,2024-12-31,3,21,3.5
12408,Arganzuela,casual,2024-01-17,2024-04-05,20,77,3.8
12409,Hortaleza,part_time,2024-12-29,2024-12-31,2,21,3.8
12410,Fuencarral - El Pardo,part_time,2024-03-26,2024-12-31,125,1177,4.8
12411,Hortaleza,part_time,2024-09-25,2024-12-27,45,457,4.8
12412,Centro,part_time,2024-12-26,2024-12-31,2,30,3.8
12413,San Blas - Canillejas,full_time,2024-12-13,2024-12-31,16,298,4.5
12414,Hortaleza,full_time,2024-06-13,2024-09-22,87,1649,4.1
12415,Usera,part_time,2024-01-21,2024-12-31,151,1413,4.3
12416,Moratalaz,full_time,2024-05-12,2024-12-31,190,3783,4.1
12417,Retiro,full_time,2024-01-18,2024-04-08,64,1243,4.2
12418,Vicálvaro,casual,2024-03-30,2024-06-25,22,122,4.5
12419,Tetuán,part_time,2024-10-11,2024-12-31,41,376,3.9
12420,Carabanchel,casual,2024-01-01,2024-02-21,11,42,3.5
12421,San Blas - Canillejas,casual,2024-05-09,2024-07-20,13,59,4.3
12422,Ciudad Lineal,casual,2024-03-07,2024-05-17,16,67,3.6
12423,Arganzuela,casual,2024-07-02,2024-09-11,20,99,4.9
12424,Moncloa - Aravaca,casual,2024-01-01,2024-05-18,28,149,4.0
12425,Latina,casual,2024-11-28,2024-12-31,12,64,3.5
12426,Puente de Vallecas,casual,2024-09-30,2024-12-16,16,75,4.2
12427,Moncloa - Aravaca,part_time,2024-01-01,2024-02-08,19,149,4.0
12428,Retiro,full_time,2024-02-29,2024-05-28,74,1495,4.5
12429,Arganzuela,full_time,2024-01-01,2024-01-24,18,342,4.6
12430,Moncloa - Aravaca,casual,2024-01-01,2024-03-09,13,79,4.5
12431,Hortaleza,casual,2024-04-24,2024-07-04,17,79,4.1
12432,Chamartín,full_time,2024-01-11,2024-06-23,143,2839,4.8
12433,Hortaleza,casual,2024-06-01,2024-08-19,26,110,3.6
12434,Vicálvaro,full_time,2024-01-01,2024-07-31,175,3424,4.2
12435,Villa de Vallecas,part_time,2024-02-22,2024-06-04,42,378,4.9
12436,Puente de Vallecas,casual,2024-12-09,2024-12-31,3,16,4.1
12437,Retiro,casual,2024-11-05,2024-12-31,6,23,5.0
12438,Moncloa - Aravaca,casual,2024-01-01,2024-01-07,2,15,4.6
12439,Fuencarral - El Pardo,casual,2024-07-11,2024-09-18,16,91,4.1
12440,Tetuán,casual,2024-01-01,2024-03-06,15,80,4.5
12441,Latina,part_time,2024-09-05,2024-12-31,51,438,4.9
12442,Ciudad Lineal,part_time,2024-10-04,2024-12-31,40,347,4.8
12443,Latina,casual,2024-07-28,2024-10-31,24,145,3.8
12444,Barajas,casual,2024-05-09,2024-12-31,58,304,4.7
12445,Puente de Vallecas,casual,2024-10-22,2024-12-31,15,83,3.8
12446,Carabanchel,casual,2024-01-01,2024-03-14,21,110,3.6
12447,Vicálvaro,part_time,2024-08-25,2024-11-07,25,204,4.1
12448,Latina,part_time,2024-01-01,2024-02-26,25,226,4.4
12449,Ciudad Lineal,part_time,2024-01-01,2024-01-20,10,102,4.0
12450,Hortaleza,casual,2024-06-19,2024-12-11,34,173,4.8
12451,Villa de Vallecas,casual,2024-01-01,2024-05-31,31,148,4.0
12452,Carabanchel,part_time,2024-01-01,2024-01-25,8,68,3.7
12453,Fuencarral - El Pardo,part_time,2024-01-01,2024-01-29,16,106,4.2
12454,Carabanchel,part_time,2024-12-23,2024-12-31,3,33,4.5
12455,Vicálvaro,casual,2024-01-01,2024-05-01,25,133,3.9
12456,Villaverde,full_time,2024-01-01,2024-10-25,253,5026,4.8
12457,Latina,casual,2024-01-18,2024-05-06,24,114,3.6
12458,Fuencarral - El Pardo,casual,2024-11-14,2024-12-31,10,32,4.4
12459,Carabanchel,part_time,2024-01-01,2024-02-08,20,177,4.8
12460,Hortaleza,casual,2024-06-13,2024-08-28,15,76,4.7
12461,Puente de Vallecas,part_time,2024-03-27,2024-09-13,71,605,4.5
12462,San Blas - Canillejas,casual,2024-08-08,2024-11-21,21,111,3.6
12463,Villaverde,casual,2024-11-15,2024-12-31,12,58,3.6
12464,Salamanca,casual,2024-01-01,2024-01-01,1,4,4.2
12465,Villa de Vallecas,part_time,2024-01-01,2024-01-13,2,19,4.9
12466,Centro,part_time,2024-03-13,2024-06-26,47,401,3.6
12467,Carabanchel,casual,2024-04-09,2024-06-28,16,84,4.8
12468,Chamberí,casual,2024-11-11,2024-12-31,17,83,4.7
12469,Vicálvaro,casual,2024-02-20,2024-05-01,13,60,4.9
12470,Centro,casual,2024-10-11,2024-12-31,20,96,3.7
12471,Salamanca,part_time,2024-01-01,2024-02-09,18,141,3.7
12472,Moncloa - Aravaca,casual,2024-01-01,2024-02-04,9,43,4.1
12473,Centro,casual,2024-08-19,2024-12-31,31,155,4.3
12474,Latina,casual,2024-09-16,2024-12-09,17,79,4.8
12475,Hortaleza,part_time,2024-01-01,2024-02-11,22,197,4.9
12476,Moncloa - Aravaca,part_time,2024-12-28,2024-12-31,3,27,4.0
12477,Moncloa - Aravaca,part_time,2024-01-01,2024-02-05,15,123,4.7
12478,Vicálvaro,part_time,2024-11-10,2024-12-31,24,227,4.8
12479,Retiro,full_time,2024-01-13,2024-03-26,63,1281,4.1
12480,Chamberí,casual,2024-01-01,2024-01-10,2,9,4.2
12481,San Blas - Canillejas,full_time,2024-09-18,2024-12-31,84,1666,4.8
12482,Villaverde,part_time,2024-01-01,2024-04-11,55,476,4.8
12483,Fuencarral - El Pardo,casual,2024-05-22,2024-09-08,20,93,4.9
12484,Vicálvaro,part_time,2024-10-12,2024-12-31,32,301,4.4
12485,San Blas - Canillejas,part_time,2024-01-01,2024-03-08,41,373,4.2
12486,Ciudad Lineal,part_time,2024-06-30,2024-12-31,86,735,4.7
12487,Carabanchel,casual,2024-04-13,2024-10-24,31,142,3.6
12488,Villaverde,casual,2024-01-01,2024-05-23,33,164,4.8
12489,Chamartín,full_time,2024-01-01,2024-01-19,16,324,3.8
12490,Chamartín,casual,2024-01-01,2024-07-10,44,249,4.2
12491,Fuencarral - El Pardo,casual,2024-01-01,2024-11-04,70,361,4.5
12492,Centro,casual,2024-03-17,2024-06-17,16,81,3.5
12493,Carabanchel,casual,2024-08-28,2024-11-13,15,79,4.1
12494,Centro,part_time,2024-03-27,2024-07-12,43,400,3.9
12495,Hortaleza,part_time,2024-01-31,2024-07-24,98,882,3.6
12496,Villaverde,full_time,2024-10-10,2024-12-24,65,1272,3.8
12497,Moncloa - Aravaca,casual,2024-05-06,2024-07-26,18,97,3.7
12498,Fuencarral - El Pardo,casual,2024-12-23,2024-12-31,1,3,4.6
12499,Villa de Vallecas,casual,2024-05-17,2024-11-03,37,200,4.1
12500,Chamartín,casual,2024-12-02,2024-12-31,8,47,3.6
12501,Ciudad Lineal,part_time,2024-11-07,2024-12-31,19,173,3.8
12502,Moncloa - Aravaca,casual,2024-03-28,2024-07-15,21,102,4.6
12503,Vicálvaro,casual,2024-07-14,2024-09-27,27,135,3.8
12504,Ciudad Lineal,full_time,2024-01-01,2024-04-12,83,1665,4.2
12505,San Blas - Canillejas,part_time,2024-04-11,2024-10-21,79,713,4.5
12506,Retiro,casual,2024-01-01,2024-10-30,81,368,4.9
12507,Hortaleza,part_time,2024-04-04,2024-09-11,61,546,3.6
12508,Chamartín,casual,2024-01-01,2024-04-06,31,157,3.8
12509,Moncloa - Aravaca,full_time,2024-11-03,2024-12-31,50,982,3.8
12510,Puente de Vallecas,part_time,2024-01-01,2024-02-07,17,158,4.8
12511,Hortaleza,casual,2024-07-26,2024-12-31,34,164,4.3
12512,Vicálvaro,casual,2024-12-02,2024-12-31,7,32,4.6
12513,Villaverde,casual,2024-01-01,2024-03-18,16,103,4.2
12514,Usera,part_time,2024-03-02,2024-08-20,75,729,4.2
12515,Hortaleza,casual,2024-07-02,2024-09-14,17,98,5.0
12516,Ciudad Lineal,part_time,2024-12-27,2024-12-31,4,41,3.7
12517,Latina,casual,2024-10-31,2024-12-31,18,91,4.1
12518,Latina,casual,2024-02-17,2024-08-12,32,154,5.0
12519,Fuencarral - El Pardo,casual,2024-12-08,2024-12-31,7,33,3.9
12520,Tetuán,casual,2024-01-01,2024-08-26,51,247,3.7
12521,Ciudad Lineal,casual,2024-03-04,2024-06-05,23,103,3.9
12522,Arganzuela,part_time,2024-05-16,2024-08-23,41,408,4.8
12523,Ciudad Lineal,full_time,2024-09-27,2024-12-05,60,1187,5.0
12524,Vicálvaro,casual,2024-01-06,2024-03-26,21,102,4.4
12525,Centro,part_time,2024-07-01,2024-12-31,69,627,5.0
12526,Fuencarral - El Pardo,casual,2024-01-01,2024-01-02,1,1,3.8
12527,Salamanca,part_time,2024-01-26,2024-05-01,37,344,4.4
12528,Ciudad Lineal,casual,2024-12-13,2024-12-31,2,9,4.4
12529,San Blas - Canillejas,part_time,2024-08-02,2024-10-15,37,327,3.7
12530,Moratalaz,casual,2024-01-01,2024-12-03,81,404,4.4
12531,Hortaleza,casual,2024-08-08,2024-12-31,24,139,4.3
12532,Tetuán,part_time,2024-04-28,2024-07-10,40,364,4.6
12533,Fuencarral - El Pardo,casual,2024-01-01,2024-02-28,13,67,4.7
12534,San Blas - Canillejas,casual,2024-05-11,2024-08-19,25,121,3.8
12535,Puente de Vallecas,casual,2024-12-07,2024-12-31,6,22,3.7
12536,Villaverde,full_time,2024-02-09,2024-05-02,72,1445,4.9
12537,San Blas - Canillejas,casual,2024-01-01,2024-01-24,4,14,4.6
12538,Centro,casual,2024-08-14,2024-12-31,33,163,4.0
12539,Hortaleza,full_time,2024-04-27,2024-07-25,75,1510,4.3
12540,Usera,part_time,2024-02-19,2024-06-07,57,498,4.7
12541,Fuencarral - El Pardo,casual,2024-01-01,2024-12-16,85,393,3.7
12542,San Blas - Canillejas,part_time,2024-11-29,2024-12-31,15,157,3.5
12543,Puente de Vallecas,casual,2024-01-01,2024-05-16,29,161,4.3
12544,San Blas - Canillejas,casual,2024-01-01,2024-04-19,27,142,3.6
12545,Vicálvaro,casual,2024-06-06,2024-08-26,14,65,4.9
12546,Barajas,part_time,2024-01-01,2024-12-04,137,1256,3.8
12547,Fuencarral - El Pardo,part_time,2024-01-01,2024-03-06,22,192,4.6
12548,Tetuán,casual,2024-06-29,2024-09-14,19,96,4.6
12549,Moncloa - Aravaca,casual,2024-06-24,2024-09-13,15,76,3.7
12550,Carabanchel,casual,2024-05-29,2024-11-27,39,193,3.5
12551,Carabanchel,casual,2024-04-10,2024-07-05,19,109,3.8
12552,Arganzuela,casual,2024-01-31,2024-05-17,19,93,4.3
12553,Usera,part_time,2024-03-10,2024-05-25,42,409,3.7
12554,Centro,casual,2024-10-02,2024-12-31,14,66,4.9
12555,Ciudad Lineal,full_time,2024-07-14,2024-10-10,73,1421,4.7
12556,Moncloa - Aravaca,casual,2024-04-06,2024-06-26,16,93,3.8
12557,Villaverde,casual,2024-07-16,2024-09-23,13,57,3.7
12558,Moratalaz,casual,2024-03-02,2024-06-12,20,99,3.6
12559,Salamanca,part_time,2024-10-19,2024-12-31,34,280,4.7
12560,Ciudad Lineal,casual,2024-09-03,2024-11-16,13,74,4.8
12561,San Blas - Canillejas,casual,2024-01-01,2024-02-16,11,63,4.3
12562,Centro,casual,2024-01-01,2024-01-25,6,28,4.3
12563,Hortaleza,part_time,2024-01-01,2024-01-19,10,108,4.1
12564,Moncloa - Aravaca,full_time,2024-01-01,2024-01-16,13,268,4.7
12565,Fuencarral - El Pardo,casual,2024-05-22,2024-08-08,17,88,4.8
12566,Chamartín,casual,2024-01-01,2024-04-05,22,97,4.0
12567,Hortaleza,casual,2024-07-13,2024-12-22,47,242,4.9
12568,Tetuán,casual,2024-05-19,2024-07-29,15,61,3.9
12569,Villaverde,full_time,2024-01-01,2024-02-12,37,767,3.8
12570,San Blas - Canillejas,casual,2024-01-01,2024-01-03,1,8,4.8
12571,Arganzuela,part_time,2024-01-01,2024-01-27,14,136,4.3
12572,Villa de Vallecas,full_time,2024-06-04,2024-08-28,73,1495,3.6
12573,Carabanchel,part_time,2024-06-24,2024-09-27,45,415,3.7
12574,Villa de Vallecas,casual,2024-03-13,2024-06-09,24,125,3.9
12575,Usera,part_time,2024-01-01,2024-02-05,18,151,3.8
12576,Centro,casual,2024-11-14,2024-12-31,9,51,5.0
12577,San Blas - Canillejas,casual,2024-04-05,2024-07-03,23,111,4.6
12578,Carabanchel,full_time,2024-04-14,2024-07-15,79,1606,4.2
12579,Hortaleza,casual,2024-01-31,2024-07-26,33,172,4.7
12580,Retiro,casual,2024-01-01,2024-02-02,8,37,3.9
12581,Salamanca,casual,2024-06-05,2024-12-31,49,244,3.5
12582,Vicálvaro,casual,2024-07-08,2024-12-16,43,231,4.0
12583,Carabanchel,part_time,2024-01-01,2024-03-15,38,354,4.0
12584,Carabanchel,part_time,2024-02-09,2024-04-30,41,380,3.7
12585,Chamartín,part_time,2024-02-04,2024-12-31,154,1378,4.4
12586,Hortaleza,casual,2024-01-15,2024-07-31,48,251,4.1
12587,Vicálvaro,casual,2024-12-31,2024-12-31,1,1,3.9
12588,Moncloa - Aravaca,casual,2024-05-18,2024-08-12,22,107,4.4
12589,Chamberí,casual,2024-10-29,2024-12-31,20,106,4.6
12590,Moncloa - Aravaca,part_time,2024-01-13,2024-03-31,34,332,5.0
12591,Centro,part_time,2024-05-13,2024-10-19,78,747,4.8
12592,Moncloa - Aravaca,full_time,2024-01-01,2024-06-30,155,3136,3.5
12593,Puente de Vallecas,part_time,2024-12-01,2024-12-31,16,157,3.7
12594,Centro,casual,2024-02-09,2024-12-31,79,365,4.3
12595,Ciudad Lineal,part_time,2024-04-27,2024-12-31,123,1117,4.2
12596,Usera,part_time,2024-01-01,2024-02-04,13,131,4.8
12597,Villa de Vallecas,full_time,2024-05-17,2024-08-05,67,1316,4.7
12598,Tetuán,casual,2024-03-04,2024-12-31,66,327,4.3
12599,Moratalaz,part_time,2024-01-30,2024-05-17,32,294,4.9
12600,Carabanchel,casual,2024-06-21,2024-12-31,44,206,4.0
12601,Villa de Vallecas,part_time,2024-05-07,2024-07-27,38,335,4.5
12602,Moncloa - Aravaca,full_time,2024-05-12,2024-10-26,145,2912,4.5
12603,Ciudad Lineal,full_time,2024-01-11,2024-07-19,156,3090,4.3
12604,Villa de Vallecas,casual,2024-08-05,2024-11-07,13,59,3.8
12605,Vicálvaro,casual,2024-01-01,2024-02-27,19,88,3.7
12606,Moncloa - Aravaca,part_time,2024-05-15,2024-08-23,48,453,3.7
12607,Fuencarral - El Pardo,part_time,2024-11-14,2024-12-31,20,172,4.1
12608,Barajas,full_time,2024-01-14,2024-04-18,78,1589,4.5
12609,Arganzuela,casual,2024-11-02,2024-12-31,19,95,4.0
12610,Villaverde,part_time,2024-11-11,2024-12-31,24,232,4.8
12611,Hortaleza,part_time,2024-01-31,2024-04-10,34,313,4.4
12612,Hortaleza,casual,2024-01-01,2024-02-05,5,21,4.2
12613,Carabanchel,casual,2024-09-11,2024-12-26,23,120,4.0
12614,San Blas - Canillejas,part_time,2024-12-12,2024-12-31,9,86,3.7
12615,Puente de Vallecas,casual,2024-01-01,2024-07-04,43,203,4.3
12616,Hortaleza,part_time,2024-11-20,2024-12-31,13,133,4.1
12617,Ciudad Lineal,part_time,2024-01-01,2024-04-25,49,407,4.9
12618,Fuencarral - El Pardo,casual,2024-03-25,2024-06-07,13,68,4.6
12619,Moncloa - Aravaca,casual,2024-11-11,2024-12-31,10,52,3.7
12620,Puente de Vallecas,full_time,2024-02-22,2024-05-16,72,1426,4.3
12621,Tetuán,part_time,2024-09-08,2024-12-18,40,333,4.8
12622,Fuencarral - El Pardo,part_time,2024-01-01,2024-03-08,28,284,4.9
12623,Chamartín,part_time,2024-01-30,2024-07-23,82,708,4.9
12624,Moncloa - Aravaca,part_time,2024-12-04,2024-12-31,15,126,4.7
12625,Hortaleza,full_time,2024-01-20,2024-04-11,67,1270,3.9
12626,Usera,part_time,2024-05-27,2024-12-31,99,894,4.4
12627,Moncloa - Aravaca,casual,2024-11-24,2024-12-31,12,74,4.6
12628,Vicálvaro,casual,2024-09-04,2024-12-31,27,147,4.8
12629,Carabanchel,casual,2024-12-04,2024-12-31,8,43,4.8
12630,Chamartín,part_time,2024-12-07,2024-12-31,13,107,4.3
12631,Hortaleza,casual,2024-01-01,2024-02-23,10,49,4.0
12632,Fuencarral - El Pardo,part_time,2024-06-29,2024-10-07,42,373,4.3
12633,Latina,full_time,2024-02-29,2024-08-16,138,2775,4.9
12634,Chamberí,casual,2024-05-14,2024-12-31,48,242,4.3
12635,Hortaleza,casual,2024-09-07,2024-11-27,20,92,3.7
12636,Chamartín,part_time,2024-01-01,2024-06-26,72,662,4.2
12637,Puente de Vallecas,casual,2024-10-03,2024-12-23,21,103,4.6
12638,Vicálvaro,part_time,2024-04-07,2024-07-05,46,418,5.0
12639,Salamanca,casual,2024-07-25,2024-11-02,31,153,4.1
12640,Puente de Vallecas,casual,2024-01-01,2024-11-02,80,380,4.7
12641,Arganzuela,part_time,2024-02-26,2024-06-13,55,500,3.9
12642,Arganzuela,casual,2024-07-20,2024-12-31,45,245,4.0
12643,Barajas,casual,2024-05-28,2024-09-13,22,124,3.9
12644,Hortaleza,casual,2024-09-15,2024-12-31,29,137,4.5
12645,Tetuán,casual,2024-07-28,2024-12-31,43,213,4.9
12646,Centro,full_time,2024-10-23,2024-12-31,61,1275,4.7
12647,Fuencarral - El Pardo,casual,2024-08-25,2024-12-31,29,157,4.4
12648,San Blas - Canillejas,casual,2024-11-23,2024-12-31,4,23,4.3
12649,San Blas - Canillejas,casual,2024-01-01,2024-04-24,32,145,4.8
12650,Ciudad Lineal,casual,2024-06-24,2024-12-04,35,190,4.9
12651,Centro,casual,2024-01-01,2024-02-08,10,41,4.7
12652,Carabanchel,part_time,2024-01-05,2024-12-26,165,1512,4.5
12653,Hortaleza,casual,2024-10-16,2024-12-31,16,79,4.7
12654,Villa de Vallecas,part_time,2024-08-03,2024-12-31,77,681,4.2
12655,Usera,casual,2024-05-12,2024-11-22,47,230,4.1
12656,Carabanchel,casual,2024-08-20,2024-10-28,15,84,4.9
12657,Fuencarral - El Pardo,casual,2024-01-01,2024-03-19,18,94,4.3
12658,Carabanchel,part_time,2024-11-30,2024-12-31,18,158,4.4
12659,Latina,full_time,2024-01-01,2024-06-03,121,2412,3.7
12660,Fuencarral - El Pardo,casual,2024-01-01,2024-03-30,22,93,4.3
12661,Villaverde,full_time,2024-01-01,2024-04-11,91,1820,4.1
12662,Villa de Vallecas,casual,2024-12-02,2024-12-31,4,20,3.9
12663,Latina,part_time,2024-01-01,2024-11-27,156,1458,4.9
12664,San Blas - Canillejas,part_time,2024-05-24,2024-09-09,49,406,4.9
12665,Latina,casual,2024-03-31,2024-06-16,20,97,5.0
12666,Hortaleza,casual,2024-01-01,2024-01-20,6,29,4.0
12667,Vicálvaro,casual,2024-01-01,2024-02-07,12,57,4.5
12668,Vicálvaro,part_time,2024-01-01,2024-01-12,6,53,4.0
12669,Moncloa - Aravaca,casual,2024-04-27,2024-10-16,45,230,4.2
12670,Centro,full_time,2024-01-01,2024-03-31,77,1587,3.9
12671,San Blas - Canillejas,casual,2024-04-08,2024-06-28,19,78,4.4
12672,Arganzuela,full_time,2024-01-01,2024-11-28,287,5708,3.9
12673,Fuencarral - El Pardo,casual,2024-06-11,2024-08-19,16,79,3.9
12674,Carabanchel,part_time,2024-11-05,2024-12-31,34,272,4.1
12675,Moncloa - Aravaca,casual,2024-01-01,2024-01-20,1,3,3.5
12676,Hortaleza,casual,2024-05-07,2024-08-20,29,150,4.8
12677,Ciudad Lineal,casual,2024-01-01,2024-04-06,21,110,3.8
12678,Carabanchel,part_time,2024-11-09,2024-12-31,25,214,4.4
12679,Carabanchel,casual,2024-11-23,2024-12-31,9,47,3.6
12680,Barajas,part_time,2024-01-01,2024-03-05,30,259,4.1
12681,Moncloa - Aravaca,full_time,2024-01-01,2024-02-22,45,892,3.6
12682,Centro,casual,2024-01-01,2024-02-18,16,83,5.0
12683,Centro,casual,2024-01-01,2024-03-11,17,71,4.8
12684,Villa de Vallecas,casual,2024-01-01,2024-03-14,14,68,4.8
12685,Arganzuela,casual,2024-01-01,2024-03-13,17,91,3.8
12686,Villaverde,casual,2024-01-01,2024-03-31,17,87,4.4
12687,Latina,part_time,2024-01-01,2024-03-21,35,348,4.8
12688,Latina,casual,2024-03-23,2024-06-20,19,119,4.1
12689,San Blas - Canillejas,casual,2024-01-01,2024-07-04,43,219,3.6
12690,Chamberí,part_time,2024-04-09,2024-07-09,45,380,4.1
12691,Retiro,casual,2024-11-13,2024-12-31,14,67,4.8
12692,Villaverde,part_time,2024-01-01,2024-09-10,121,1126,3.7
12693,Barajas,full_time,2024-02-12,2024-05-09,75,1471,3.6
12694,Chamartín,casual,2024-11-01,2024-12-31,12,65,4.4
12695,Chamartín,casual,2024-01-01,2024-06-23,38,177,3.8
12696,Villaverde,part_time,2024-01-01,2024-03-30,44,402,4.1
12697,Centro,part_time,2024-07-08,2024-10-12,42,349,4.1
12698,Vicálvaro,part_time,2024-01-28,2024-05-12,47,439,4.5
12699,Puente de Vallecas,part_time,2024-01-19,2024-12-31,164,1468,3.5
12700,Arganzuela,casual,2024-07-15,2024-12-31,43,214,4.5
12701,Centro,casual,2024-02-18,2024-12-31,84,432,4.2
12702,Ciudad Lineal,part_time,2024-10-04,2024-12-31,40,378,4.3
12703,Carabanchel,part_time,2024-01-01,2024-07-10,81,757,4.6
12704,Chamartín,part_time,2024-01-01,2024-03-17,31,314,4.5
12705,Villaverde,casual,2024-04-04,2024-06-26,19,100,4.5
12706,Usera,part_time,2024-04-06,2024-07-07,42,404,3.9
12707,Barajas,casual,2024-07-31,2024-12-31,39,200,4.8
12708,Latina,casual,2024-08-09,2024-11-14,27,148,4.4
12709,Chamartín,casual,2024-02-11,2024-05-25,26,127,4.2
12710,Centro,casual,2024-11-11,2024-12-31,17,97,4.3
12711,Retiro,part_time,2024-01-01,2024-07-20,96,859,3.9
12712,Ciudad Lineal,casual,2024-12-30,2024-12-31,1,4,4.7
12713,Hortaleza,part_time,2024-01-01,2024-01-24,11,103,3.9
12714,Barajas,casual,2024-05-11,2024-12-31,47,222,4.4
12715,Ciudad Lineal,casual,2024-07-07,2024-10-17,28,131,4.9
12716,Vicálvaro,casual,2024-05-22,2024-11-11,39,195,4.3
12717,Moncloa - Aravaca,casual,2024-07-27,2024-12-31,35,183,3.6
12718,Carabanchel,part_time,2024-05-18,2024-11-23,82,702,5.0
12719,Chamartín,casual,2024-07-11,2024-09-27,26,123,4.3
12720,Fuencarral - El Pardo,casual,2024-10-26,2024-12-31,17,101,3.8
12721,Vicálvaro,casual,2024-01-01,2024-04-09,21,101,4.2
12722,Ciudad Lineal,casual,2024-04-15,2024-10-21,52,244,4.1
12723,Centro,casual,2024-08-18,2024-12-02,25,104,4.1
12724,San Blas - Canillejas,full_time,2024-02-07,2024-05-25,101,2031,4.2
12725,Usera,casual,2024-01-01,2024-06-05,30,153,4.7
12726,Vicálvaro,casual,2024-01-01,2024-03-01,12,44,3.9
12727,Centro,full_time,2024-01-01,2024-07-11,161,3285,4.5
12728,Latina,part_time,2024-07-28,2024-11-07,50,444,4.6
12729,San Blas - Canillejas,casual,2024-04-01,2024-12-31,69,315,5.0
12730,Carabanchel,part_time,2024-01-01,2024-03-21,38,358,4.0
12731,Centro,full_time,2024-01-01,2024-12-21,296,5890,3.8
12732,Moncloa - Aravaca,casual,2024-01-01,2024-06-04,29,143,4.9
12733,Fuencarral - El Pardo,casual,2024-12-01,2024-12-31,5,22,4.9
12734,Centro,full_time,2024-08-25,2024-12-01,74,1488,4.7
12735,Moratalaz,part_time,2024-01-01,2024-05-06,61,564,4.1
12736,Chamartín,full_time,2024-01-01,2024-06-08,133,2667,5.0
12737,Centro,casual,2024-10-13,2024-12-31,17,94,4.4
12738,Fuencarral - El Pardo,full_time,2024-06-04,2024-09-21,86,1704,3.8
12739,Puente de Vallecas,casual,2024-01-01,2024-09-10,61,322,4.7
12740,Hortaleza,part_time,2024-05-25,2024-11-23,69,625,4.2
12741,Barajas,full_time,2024-04-09,2024-06-18,56,1123,3.6
12742,Latina,casual,2024-11-21,2024-12-31,7,29,4.7
12743,Salamanca,casual,2024-11-04,2024-12-31,13,77,4.7
12744,Centro,part_time,2024-01-01,2024-04-27,50,448,4.8
12745,Moncloa - Aravaca,part_time,2024-05-10,2024-12-31,96,855,3.7
12746,Usera,casual,2024-10-17,2024-12-31,20,100,4.0
12747,Ciudad Lineal,full_time,2024-01-01,2024-04-10,88,1688,4.7
12748,Vicálvaro,casual,2024-11-05,2024-12-31,15,69,4.6
12749,Moncloa - Aravaca,casual,2024-04-11,2024-07-10,24,120,4.8
12750,Centro,casual,2024-01-01,2024-08-12,56,268,4.3
12751,Carabanchel,full_time,2024-12-23,2024-12-31,7,159,4.0
12752,Hortaleza,casual,2024-08-10,2024-11-11,15,73,4.1
12753,Vicálvaro,part_time,2024-02-26,2024-05-06,26,225,3.9
12754,Villa de Vallecas,casual,2024-05-29,2024-08-31,17,76,4.5
12755,Salamanca,full_time,2024-06-24,2024-12-09,141,2796,4.2
12756,Centro,part_time,2024-08-17,2024-12-02,41,385,4.4
12757,Hortaleza,casual,2024-01-12,2024-04-03,19,98,4.5
12758,Usera,casual,2024-03-26,2024-12-31,68,357,3.9
12759,Centro,casual,2024-10-09,2024-12-31,15,67,4.8
12760,Puente de Vallecas,casual,2024-08-10,2024-12-31,33,153,3.6
12761,Fuencarral - El Pardo,part_time,2024-02-19,2024-05-11,40,368,3.9
12762,Carabanchel,part_time,2024-12-18,2024-12-31,7,70,3.7
12763,Fuencarral - El Pardo,casual,2024-01-01,2024-01-10,2,14,4.1
12764,Fuencarral - El Pardo,part_time,2024-07-27,2024-12-31,79,720,4.9
12765,Tetuán,casual,2024-01-01,2024-06-22,27,132,4.7
12766,Ciudad Lineal,casual,2024-11-30,2024-12-31,6,35,4.2
12767,Carabanchel,casual,2024-10-27,2024-12-31,16,80,4.1
12768,Carabanchel,casual,2024-10-28,2024-12-31,14,64,3.6
12769,San Blas - Canillejas,part_time,2024-01-18,2024-04-27,49,423,4.2
12770,Chamartín,casual,2024-09-27,2024-12-31,23,108,3.9
12771,Vicálvaro,part_time,2024-03-12,2024-05-26,37,329,3.5
12772,Centro,casual,2024-04-21,2024-07-24,24,111,4.8
12773,Chamartín,part_time,2024-11-17,2024-12-31,22,211,4.6
12774,Ciudad Lineal,casual,2024-08-27,2024-11-22,22,115,4.9
12775,Carabanchel,casual,2024-07-25,2024-10-10,20,112,4.2
12776,Moratalaz,casual,2024-01-01,2024-04-04,13,90,4.2
12777,Salamanca,casual,2024-02-06,2024-12-31,76,371,4.3
12778,Puente de Vallecas,casual,2024-01-01,2024-02-28,9,50,4.8
12779,Chamartín,casual,2024-01-01,2024-02-02,7,39,3.8
12780,Puente de Vallecas,part_time,2024-11-23,2024-12-31,17,173,3.6
12781,Usera,casual,2024-07-05,2024-09-17,19,100,4.5
12782,Moncloa - Aravaca,part_time,2024-01-01,2024-01-04,1,12,4.3
12783,Fuencarral - El Pardo,part_time,2024-05-11,2024-07-26,33,297,4.4
12784,Tetuán,casual,2024-01-01,2024-06-06,28,125,4.8
12785,Hortaleza,part_time,2024-01-01,2024-03-08,32,307,4.9
12786,Chamberí,casual,2024-09-22,2024-12-31,27,137,4.1
12787,Usera,part_time,2024-01-01,2024-03-10,35,319,4.5
12788,Usera,part_time,2024-01-01,2024-03-16,34,298,4.2
12789,Fuencarral - El Pardo,part_time,2024-01-17,2024-04-15,47,424,4.3
12790,Fuencarral - El Pardo,casual,2024-08-28,2024-11-06,18,89,4.7
12791,Villa de Vallecas,part_time,2024-01-01,2024-05-19,62,574,3.9
12792,Puente de Vallecas,casual,2024-02-26,2024-05-26,17,70,3.6
12793,Villaverde,casual,2024-11-16,2024-12-31,8,48,4.5
12794,Ciudad Lineal,casual,2024-05-15,2024-10-26,43,221,4.0
12795,Barajas,casual,2024-01-05,2024-03-16,15,76,3.9
12796,Villa de Vallecas,part_time,2024-09-23,2024-12-31,37,331,3.7
12797,Vicálvaro,full_time,2024-01-10,2024-12-31,292,5790,4.9
12798,Ciudad Lineal,casual,2024-10-18,2024-12-31,22,116,4.8
12799,Villa de Vallecas,part_time,2024-01-01,2024-02-12,22,194,4.6
12800,San Blas - Canillejas,part_time,2024-01-01,2024-03-26,36,338,4.3
12801,Latina,full_time,2024-01-01,2024-02-10,36,715,3.5
12802,Salamanca,part_time,2024-03-25,2024-09-17,82,721,5.0
12803,Villa de Vallecas,casual,2024-03-16,2024-07-02,21,111,3.8
12804,Barajas,casual,2024-04-03,2024-07-12,26,130,4.6
12805,Vicálvaro,part_time,2024-01-12,2024-07-23,95,845,4.3
12806,Puente de Vallecas,casual,2024-03-04,2024-08-11,36,184,3.9
12807,Salamanca,full_time,2024-01-27,2024-07-27,151,3009,4.2
12808,Hortaleza,full_time,2024-01-01,2024-03-13,62,1266,4.4
12809,Centro,full_time,2024-05-16,2024-10-30,145,2872,4.6
12810,Fuencarral - El Pardo,casual,2024-11-02,2024-12-31,19,107,4.6
12811,Tetuán,part_time,2024-12-28,2024-12-31,1,4,3.6
12812,Chamartín,part_time,2024-01-01,2024-02-21,27,263,4.8
12813,Chamartín,casual,2024-03-27,2024-07-14,25,130,4.6
12814,Tetuán,casual,2024-01-14,2024-04-22,27,151,4.7
12815,Usera,casual,2024-06-10,2024-09-24,18,79,4.0
12816,Hortaleza,casual,2024-03-26,2024-06-06,17,92,4.5
12817,Villaverde,full_time,2024-11-08,2024-12-31,48,931,4.4
12818,Latina,part_time,2024-12-01,2024-12-31,14,130,4.0
12819,Barajas,casual,2024-02-16,2024-06-02,18,91,3.8
12820,Carabanchel,casual,2024-03-10,2024-06-13,26,143,4.4
12821,Hortaleza,casual,2024-04-28,2024-10-12,49,266,4.7
12822,Fuencarral - El Pardo,casual,2024-04-12,2024-12-31,61,288,4.0
12823,Carabanchel,casual,2024-07-04,2024-12-31,34,192,4.8
12824,Vicálvaro,part_time,2024-01-01,2024-03-14,34,299,4.8
12825,Villa de Vallecas,part_time,2024-01-01,2024-02-07,19,155,4.6
12826,Latina,part_time,2024-08-08,2024-11-01,42,379,3.7
12827,Usera,full_time,2024-05-02,2024-08-12,87,1783,4.3
12828,Ciudad Lineal,casual,2024-08-08,2024-10-26,16,88,5.0
12829,Ciudad Lineal,part_time,2024-02-28,2024-05-12,29,265,3.9
12830,Hortaleza,casual,2024-01-01,2024-05-04,30,149,3.6
12831,Retiro,casual,2024-01-01,2024-03-22,24,121,4.3
12832,San Blas - Canillejas,casual,2024-09-05,2024-12-31,23,102,3.9
12833,Retiro,casual,2024-01-01,2024-10-21,67,355,4.6
12834,Puente de Vallecas,casual,2024-01-01,2024-02-15,6,35,4.9
12835,San Blas - Canillejas,casual,2024-02-02,2024-04-19,18,86,4.1
12836,Tetuán,casual,2024-10-29,2024-12-31,20,98,4.7
12837,Villa de Vallecas,full_time,2024-01-01,2024-12-08,287,5697,4.6
12838,Hortaleza,casual,2024-10-10,2024-12-31,20,88,4.5
12839,Moratalaz,casual,2024-12-07,2024-12-31,8,39,3.5
12840,Carabanchel,full_time,2024-01-01,2024-02-01,23,459,4.6
12841,Carabanchel,part_time,2024-11-30,2024-12-31,12,101,4.7
12842,Moncloa - Aravaca,casual,2024-01-01,2024-09-23,53,255,3.6
12843,Chamartín,full_time,2024-08-21,2024-11-02,65,1391,4.9
12844,Ciudad Lineal,casual,2024-01-01,2024-10-21,56,289,4.2
12845,Arganzuela,casual,2024-07-09,2024-10-06,16,75,4.7
12846,San Blas - Canillejas,casual,2024-05-09,2024-12-31,69,361,4.5
12847,Villaverde,casual,2024-01-01,2024-03-14,19,88,4.7
12848,Ciudad Lineal,part_time,2024-02-15,2024-08-31,94,872,3.5
12849,Puente de Vallecas,casual,2024-01-01,2024-05-31,29,134,4.5
12850,Chamartín,part_time,2024-01-01,2024-03-27,45,403,4.0
12851,Fuencarral - El Pardo,part_time,2024-07-02,2024-09-22,46,399,4.1
12852,Villaverde,full_time,2024-05-15,2024-12-31,195,3892,3.7
12853,Latina,casual,2024-01-27,2024-04-27,20,91,4.4
12854,Villa de Vallecas,casual,2024-01-01,2024-01-04,2,7,4.6
12855,Centro,full_time,2024-12-16,2024-12-31,11,224,3.9
12856,Fuencarral - El Pardo,part_time,2024-05-13,2024-07-28,37,322,3.7
12857,San Blas - Canillejas,casual,2024-08-02,2024-10-11,16,81,4.9
12858,San Blas - Canillejas,casual,2024-01-01,2024-02-05,7,34,3.9
12859,Centro,part_time,2024-07-07,2024-10-16,41,368,4.0
12860,Ciudad Lineal,part_time,2024-09-18,2024-12-01,39,337,4.8
12861,Hortaleza,part_time,2024-01-01,2024-01-26,8,76,4.1
12862,Chamartín,full_time,2024-05-30,2024-08-25,77,1481,4.0
12863,Latina,casual,2024-01-01,2024-03-18,14,75,3.6
12864,Carabanchel,casual,2024-01-01,2024-03-10,14,65,4.7
12865,Vicálvaro,part_time,2024-07-06,2024-10-11,49,441,4.6
12866,Puente de Vallecas,full_time,2024-07-09,2024-10-12,77,1469,3.9
12867,Villa de Vallecas,casual,2024-06-07,2024-09-14,32,182,4.4
12868,Tetuán,part_time,2024-01-08,2024-12-31,185,1719,3.6
12869,Villa de Vallecas,casual,2024-01-01,2024-12-09,71,376,3.8
12870,Hortaleza,casual,2024-04-29,2024-08-16,17,89,4.7
12871,Villaverde,full_time,2024-03-05,2024-05-31,75,1517,4.9
12872,Vicálvaro,casual,2024-01-01,2024-05-15,30,154,4.7
12873,Arganzuela,casual,2024-01-18,2024-05-06,22,116,4.6
12874,Vicálvaro,part_time,2024-11-20,2024-12-31,18,181,4.5
12875,Moncloa - Aravaca,casual,2024-02-09,2024-04-28,18,84,3.6
12876,Latina,casual,2024-02-04,2024-07-17,38,180,4.3
12877,Ciudad Lineal,part_time,2024-05-14,2024-08-22,45,397,4.5
12878,Arganzuela,casual,2024-06-30,2024-12-31,58,315,4.6
12879,Hortaleza,part_time,2024-09-17,2024-12-31,50,454,4.6
12880,Centro,casual,2024-08-30,2024-11-15,15,71,4.0
12881,Villa de Vallecas,casual,2024-01-01,2024-08-04,51,251,4.4
12882,Ciudad Lineal,part_time,2024-01-01,2024-03-16,37,335,4.7
12883,San Blas - Canillejas,casual,2024-10-11,2024-12-27,20,97,4.2
12884,Tetuán,full_time,2024-11-06,2024-12-31,52,1077,4.1
12885,Carabanchel,full_time,2024-11-15,2024-12-31,42,798,3.6
12886,Puente de Vallecas,part_time,2024-10-14,2024-12-31,28,237,4.3
12887,Puente de Vallecas,casual,2024-03-23,2024-06-09,22,91,4.6
12888,Moncloa - Aravaca,casual,2024-01-01,2024-03-12,15,86,4.0
12889,Retiro,full_time,2024-08-07,2024-10-25,70,1381,4.6
12890,Chamberí,casual,2024-07-26,2024-10-19,22,107,5.0
12891,Chamartín,part_time,2024-01-24,2024-04-22,39,370,3.8
12892,Centro,part_time,2024-07-11,2024-10-09,42,392,4.4
12893,Ciudad Lineal,casual,2024-12-31,2024-12-31,1,5,4.0
12894,Salamanca,casual,2024-01-01,2024-03-30,16,91,3.9
12895,Barajas,part_time,2024-02-04,2024-07-21,75,660,4.3
12896,Centro,part_time,2024-01-29,2024-08-05,84,796,4.1
12897,Tetuán,casual,2024-01-01,2024-04-29,26,151,4.4
12898,Moncloa - Aravaca,part_time,2024-09-27,2024-12-22,46,396,4.5
12899,Vicálvaro,part_time,2024-07-31,2024-12-31,69,625,4.1
12900,Hortaleza,casual,2024-01-01,2024-04-11,28,144,3.5
12901,Villa de Vallecas,casual,2024-10-14,2024-12-31,17,73,4.9
12902,Vicálvaro,part_time,2024-04-14,2024-07-13,42,346,4.9
12903,Carabanchel,part_time,2024-05-03,2024-10-24,76,707,3.9
12904,Chamartín,full_time,2024-05-15,2024-12-31,189,3915,4.8
12905,San Blas - Canillejas,casual,2024-11-05,2024-12-31,14,61,4.9
12906,Salamanca,full_time,2024-01-19,2024-04-11,69,1445,3.8
12907,Latina,part_time,2024-03-09,2024-12-31,127,1143,4.2
12908,Moncloa - Aravaca,part_time,2024-08-06,2024-10-29,44,391,3.6
12909,Villa de Vallecas,casual,2024-11-08,2024-12-31,11,44,4.2
12910,Barajas,casual,2024-09-20,2024-12-15,19,99,4.0
12911,Chamartín,casual,2024-11-22,2024-12-31,8,36,3.7
12912,Barajas,casual,2024-01-01,2024-02-04,5,25,4.3
12913,Centro,casual,2024-01-01,2024-11-07,81,396,3.7
12914,Hortaleza,full_time,2024-01-01,2024-06-15,136,2657,4.0
12915,Barajas,casual,2024-05-20,2024-08-11,18,91,4.8
12916,Puente de Vallecas,full_time,2024-09-17,2024-12-31,92,1816,4.5
12917,Moratalaz,casual,2024-01-01,2024-12-26,85,396,4.7
12918,Salamanca,part_time,2024-01-01,2024-01-16,4,31,3.8
12919,Latina,casual,2024-07-03,2024-12-31,39,215,4.3
12920,Villaverde,part_time,2024-01-01,2024-01-05,1,10,3.9
12921,Villa de Vallecas,part_time,2024-01-01,2024-02-14,22,206,4.2
12922,Centro,full_time,2024-07-31,2024-12-31,122,2540,4.4
12923,San Blas - Canillejas,casual,2024-10-01,2024-12-31,19,92,4.1
12924,Arganzuela,casual,2024-01-01,2024-08-17,45,229,4.3
12925,Latina,full_time,2024-06-18,2024-09-15,77,1464,4.4
12926,Centro,casual,2024-06-16,2024-08-28,14,78,3.7
12927,Moncloa - Aravaca,part_time,2024-01-01,2024-01-25,11,105,3.5
12928,Puente de Vallecas,casual,2024-06-06,2024-09-06,25,140,3.6
12929,San Blas - Canillejas,casual,2024-01-01,2024-01-05,1,4,4.8
12930,San Blas - Canillejas,part_time,2024-10-14,2024-12-24,32,280,5.0
12931,Villaverde,part_time,2024-08-17,2024-12-31,72,622,3.7
12932,Chamberí,part_time,2024-02-17,2024-05-05,33,278,4.0
12933,Puente de Vallecas,casual,2024-02-09,2024-04-25,15,73,4.0
12934,Villa de Vallecas,part_time,2024-01-01,2024-03-27,37,306,4.4
12935,Ciudad Lineal,full_time,2024-12-06,2024-12-31,22,434,4.0
12936,Usera,casual,2024-10-22,2024-12-31,16,83,4.9
12937,Puente de Vallecas,casual,2024-10-19,2024-12-31,23,128,3.8
12938,San Blas - Canillejas,casual,2024-05-10,2024-07-25,23,113,4.2
12939,Centro,part_time,2024-10-05,2024-12-31,35,320,3.8
12940,Tetuán,casual,2024-06-21,2024-10-06,28,128,4.1
12941,Hortaleza,part_time,2024-01-01,2024-08-06,100,921,3.8
12942,Puente de Vallecas,casual,2024-04-24,2024-07-09,10,44,3.6
12943,Latina,part_time,2024-04-05,2024-07-05,39,337,4.9
12944,Villa de Vallecas,part_time,2024-03-21,2024-06-04,34,272,4.4
12945,Ciudad Lineal,casual,2024-02-05,2024-04-15,15,58,4.5
12946,Latina,casual,2024-01-01,2024-10-12,80,360,4.1
12947,Carabanchel,casual,2024-05-22,2024-11-30,48,258,3.7
12948,Carabanchel,casual,2024-01-01,2024-04-02,23,110,5.0
12949,Centro,casual,2024-01-01,2024-03-18,17,88,4.0
12950,Carabanchel,part_time,2024-08-08,2024-11-21,49,400,4.6
12951,Fuencarral - El Pardo,casual,2024-06-01,2024-08-25,16,79,4.9
12952,Retiro,casual,2024-03-24,2024-06-02,15,59,4.3
12953,Fuencarral - El Pardo,casual,2024-10-25,2024-12-31,12,74,4.1
12954,Villa de Vallecas,casual,2024-03-08,2024-09-12,40,188,3.9
12955,Vicálvaro,full_time,2024-02-27,2024-06-02,80,1609,3.6
12956,Moncloa - Aravaca,casual,2024-01-01,2024-04-24,25,137,3.6
12957,Fuencarral - El Pardo,casual,2024-02-15,2024-06-02,21,121,4.5
12958,Carabanchel,casual,2024-02-17,2024-04-29,11,60,4.9
12959,Carabanchel,full_time,2024-11-04,2024-12-31,49,985,4.6
12960,Barajas,part_time,2024-11-14,2024-12-31,16,133,4.0
12961,Chamberí,casual,2024-03-29,2024-07-14,24,113,3.7
12962,Salamanca,part_time,2024-01-01,2024-07-09,92,809,3.8
12963,Centro,part_time,2024-01-01,2024-02-27,23,216,4.8
12964,Carabanchel,part_time,2024-08-25,2024-11-19,35,330,3.9
12965,Villaverde,casual,2024-11-06,2024-12-31,12,53,4.3
12966,Hortaleza,part_time,2024-04-06,2024-07-06,52,472,5.0
12967,Fuencarral - El Pardo,part_time,2024-11-06,2024-12-31,35,295,5.0
12968,San Blas - Canillejas,casual,2024-02-07,2024-04-17,19,101,3.8
12969,Carabanchel,casual,2024-07-14,2024-09-22,18,108,4.9
12970,Carabanchel,casual,2024-01-01,2024-02-08,8,32,4.0
12971,Latina,casual,2024-06-14,2024-09-16,21,117,4.7
12972,Ciudad Lineal,casual,2024-06-10,2024-12-26,43,219,3.9
12973,Ciudad Lineal,part_time,2024-04-16,2024-12-31,114,991,3.6
12974,Carabanchel,part_time,2024-09-24,2024-12-11,39,362,4.7
12975,Moncloa - Aravaca,casual,2024-01-01,2024-02-20,14,67,4.2
12976,Fuencarral - El Pardo,casual,2024-01-01,2024-06-02,29,119,5.0
12977,Centro,part_time,2024-07-21,2024-12-31,67,591,4.0
12978,Tetuán,casual,2024-05-20,2024-11-22,37,193,4.0
12979,Carabanchel,casual,2024-12-08,2024-12-31,11,52,4.3
12980,Fuencarral - El Pardo,part_time,2024-07-27,2024-12-31,65,556,4.7
12981,Villaverde,casual,2024-05-10,2024-07-28,21,106,3.5
12982,Puente de Vallecas,casual,2024-06-03,2024-08-30,20,120,4.5
12983,San Blas - Canillejas,part_time,2024-06-26,2024-12-30,90,840,3.9
12984,Moncloa - Aravaca,part_time,2024-01-01,2024-01-08,5,48,3.8
12985,Hortaleza,casual,2024-03-15,2024-06-15,18,95,3.6
12986,Centro,part_time,2024-01-01,2024-03-29,40,366,3.5
12987,Retiro,full_time,2024-01-01,2024-05-11,111,2175,4.0
12988,Chamartín,casual,2024-09-29,2024-12-31,15,60,4.5
12989,Moncloa - Aravaca,part_time,2024-02-05,2024-12-31,150,1317,4.1
12990,Villaverde,casual,2024-10-17,2024-12-31,19,94,3.7
12991,Salamanca,casual,2024-11-12,2024-12-31,9,43,4.2
12992,Carabanchel,casual,2024-09-20,2024-12-31,24,122,4.7
12993,Latina,casual,2024-09-12,2024-12-18,24,117,4.8
12994,Puente de Vallecas,casual,2024-01-01,2024-05-01,23,117,4.4
12995,Ciudad Lineal,part_time,2024-01-01,2024-07-14,77,650,4.3
12996,Moncloa - Aravaca,casual,2024-07-19,2024-12-31,48,224,4.0
12997,Moncloa - Aravaca,full_time,2024-02-18,2024-05-16,70,1344,4.2
12998,Chamartín,casual,2024-03-23,2024-06-19,23,118,4.7
12999,San Blas - Canillejas,part_time,2024-12-04,2024-12-31,11,96,4.1
13000,Tetuán,casual,2024-08-19,2024-11-17,26,127,4.8
13001,Tetuán,casual,2024-01-01,2024-02-28,16,54,4.4
13002,Villa de Vallecas,part_time,2024-06-11,2024-12-31,83,741,4.1
13003,Villaverde,part_time,2024-09-10,2024-12-31,52,454,4.9
13004,Salamanca,casual,2024-11-22,2024-12-31,6,30,4.8
13005,Chamartín,casual,2024-05-15,2024-12-31,45,239,4.1
13006,Villaverde,part_time,2024-01-01,2024-03-09,28,249,4.6
13007,Arganzuela,part_time,2024-08-25,2024-12-31,59,567,4.9
13008,San Blas - Canillejas,casual,2024-07-29,2024-10-23,12,77,4.4
13009,Moncloa - Aravaca,part_time,2024-03-13,2024-09-02,84,790,4.9
13010,Usera,casual,2024-09-14,2024-12-10,18,78,3.6
13011,Moncloa - Aravaca,casual,2024-05-26,2024-08-30,21,100,4.9
13012,Centro,part_time,2024-11-23,2024-12-31,15,149,4.5
13013,Villaverde,full_time,2024-11-25,2024-12-31,31,662,3.7
13014,Fuencarral - El Pardo,casual,2024-01-29,2024-04-08,13,64,3.7
13015,Fuencarral - El Pardo,casual,2024-01-01,2024-11-15,81,377,4.6
13016,Villa de Vallecas,casual,2024-01-01,2024-05-23,26,131,3.9
13017,Centro,part_time,2024-01-14,2024-06-23,65,561,3.6
13018,Latina,casual,2024-01-13,2024-04-11,21,97,3.8
13019,Hortaleza,casual,2024-05-23,2024-08-21,19,89,3.7
13020,Centro,casual,2024-01-01,2024-01-01,1,1,3.8
13021,Villaverde,full_time,2024-08-01,2024-12-31,129,2616,4.3
13022,Usera,casual,2024-01-01,2024-03-12,12,66,4.3
13023,San Blas - Canillejas,part_time,2024-02-01,2024-05-06,41,353,4.2
13024,Latina,casual,2024-01-01,2024-03-19,21,86,4.6
13025,Vicálvaro,casual,2024-03-22,2024-06-05,19,77,3.5
13026,Hortaleza,casual,2024-01-01,2024-02-12,13,73,4.8
13027,Villaverde,casual,2024-10-28,2024-12-31,11,58,5.0
13028,Salamanca,casual,2024-04-14,2024-07-04,21,113,4.9
13029,Fuencarral - El Pardo,casual,2024-11-26,2024-12-31,8,44,3.9
13030,Centro,casual,2024-01-01,2024-02-04,11,59,4.8
13031,Moncloa - Aravaca,casual,2024-01-01,2024-03-20,11,55,4.6
13032,Moncloa - Aravaca,casual,2024-10-16,2024-12-31,15,76,4.2
13033,Chamartín,casual,2024-03-19,2024-09-05,32,163,5.0
13034,Hortaleza,casual,2024-01-01,2024-02-13,15,71,3.8
13035,Hortaleza,casual,2024-01-01,2024-01-22,5,18,4.4
13036,Puente de Vallecas,part_time,2024-11-13,2024-12-31,17,166,3.8
13037,Vicálvaro,full_time,2024-01-01,2024-05-26,122,2445,3.9
13038,Hortaleza,part_time,2024-04-19,2024-06-28,30,225,4.7
13039,Latina,casual,2024-10-17,2024-12-31,17,94,4.5
13040,Villa de Vallecas,full_time,2024-07-01,2024-12-31,150,2906,4.6
13041,Carabanchel,full_time,2024-09-14,2024-12-28,91,1803,4.0
13042,Fuencarral - El Pardo,casual,2024-01-01,2024-12-10,71,396,4.9
13043,Latina,casual,2024-07-23,2024-12-31,40,216,4.2
13044,Hortaleza,part_time,2024-06-25,2024-09-22,34,286,4.0
13045,Salamanca,full_time,2024-01-01,2024-03-21,73,1411,3.8
13046,Carabanchel,part_time,2024-05-07,2024-11-14,89,738,3.9
13047,Centro,part_time,2024-11-08,2024-12-31,28,248,4.7
13048,Carabanchel,part_time,2024-03-07,2024-06-06,39,352,4.0
13049,Carabanchel,full_time,2024-05-18,2024-08-09,64,1256,4.0
13050,Carabanchel,casual,2024-01-01,2024-10-31,69,342,4.1
13051,Puente de Vallecas,casual,2024-08-12,2024-11-10,17,70,4.0
13052,Centro,part_time,2024-07-18,2024-10-07,34,328,4.3
13053,Puente de Vallecas,casual,2024-05-09,2024-08-03,18,80,5.0
13054,Centro,casual,2024-01-01,2024-01-27,7,40,4.9
13055,Carabanchel,casual,2024-01-01,2024-05-22,31,163,4.9
13056,Ciudad Lineal,casual,2024-03-03,2024-05-19,20,99,4.4
13057,Centro,casual,2024-09-05,2024-11-17,19,99,5.0
13058,Latina,part_time,2024-02-15,2024-07-29,69,625,4.0
13059,Villa de Vallecas,casual,2024-02-08,2024-07-18,44,239,3.8
13060,Arganzuela,part_time,2024-05-04,2024-07-13,35,318,4.9
13061,Barajas,casual,2024-04-16,2024-07-15,19,92,4.7
13062,Centro,full_time,2024-07-30,2024-12-31,135,2637,4.1
13063,Fuencarral - El Pardo,part_time,2024-07-31,2024-11-09,50,457,3.9
13064,Chamartín,full_time,2024-09-13,2024-12-16,87,1739,4.1
13065,Barajas,casual,2024-01-01,2024-05-28,33,165,4.1
13066,Villa de Vallecas,casual,2024-06-25,2024-12-31,41,209,4.8
13067,San Blas - Canillejas,part_time,2024-02-17,2024-05-14,34,262,4.1
13068,Villaverde,part_time,2024-01-01,2024-01-01,1,1,4.2
13069,Fuencarral - El Pardo,casual,2024-06-16,2024-12-18,44,219,3.8
13070,Carabanchel,part_time,2024-01-01,2024-01-09,5,46,4.6
13071,Arganzuela,part_time,2024-01-01,2024-03-12,43,403,4.4
13072,Retiro,casual,2024-01-01,2024-01-22,6,28,3.7
13073,Tetuán,part_time,2024-07-13,2024-09-21,28,256,3.9
13074,Centro,casual,2024-01-01,2024-04-06,23,108,4.0
13075,Moncloa - Aravaca,casual,2024-10-08,2024-12-22,18,86,4.4
13076,Carabanchel,full_time,2024-03-19,2024-06-07,70,1451,3.5
13077,Carabanchel,casual,2024-01-01,2024-07-04,41,195,4.4
13078,Hortaleza,part_time,2024-05-26,2024-08-20,39,331,3.9
13079,Hortaleza,part_time,2024-07-20,2024-12-31,78,728,4.9
13080,Hortaleza,full_time,2024-05-25,2024-12-31,184,3646,4.7
13081,Barajas,casual,2024-01-01,2024-04-07,19,87,4.3
13082,Fuencarral - El Pardo,casual,2024-08-26,2024-12-31,31,135,3.9
13083,Moncloa - Aravaca,casual,2024-01-14,2024-12-27,79,384,3.9
13084,Puente de Vallecas,part_time,2024-12-25,2024-12-31,6,58,3.6
13085,Villaverde,casual,2024-01-13,2024-12-31,93,437,4.1
13086,San Blas - Canillejas,part_time,2024-01-27,2024-05-15,47,394,3.7
13087,Vicálvaro,casual,2024-09-18,2024-11-30,14,75,4.4
13088,Vicálvaro,casual,2024-01-01,2024-01-14,2,10,4.8
13089,Moncloa - Aravaca,full_time,2024-08-26,2024-12-02,81,1573,3.6
13090,Tetuán,part_time,2024-06-08,2024-09-01,36,316,4.8
13091,Moncloa - Aravaca,casual,2024-01-01,2024-04-03,18,96,4.1
13092,Tetuán,part_time,2024-01-01,2024-01-13,4,31,3.5
13093,Salamanca,casual,2024-01-01,2024-01-21,4,27,3.6
13094,Moncloa - Aravaca,part_time,2024-01-01,2024-02-07,21,175,3.5
13095,Moncloa - Aravaca,casual,2024-05-07,2024-08-15,18,91,4.4
13096,Chamberí,casual,2024-08-21,2024-11-16,14,80,3.9
13097,Chamberí,casual,2024-01-01,2024-02-28,15,72,4.2
13098,San Blas - Canillejas,casual,2024-01-01,2024-03-15,19,104,4.6
13099,Moncloa - Aravaca,part_time,2024-08-18,2024-12-31,59,510,4.1
13100,Ciudad Lineal,casual,2024-01-01,2024-06-15,42,209,3.8
13101,Latina,casual,2024-10-17,2024-12-28,16,72,4.8
13102,Puente de Vallecas,casual,2024-01-01,2024-02-21,13,57,3.8
13103,Tetuán,casual,2024-09-03,2024-12-31,31,135,4.6
13104,Hortaleza,part_time,2024-08-27,2024-12-13,48,432,4.5
13105,Villaverde,casual,2024-01-01,2024-03-08,16,83,4.7
13106,Ciudad Lineal,part_time,2024-03-19,2024-05-27,30,288,4.2
13107,Moncloa - Aravaca,full_time,2024-02-27,2024-06-03,80,1594,4.9
13108,Puente de Vallecas,casual,2024-01-01,2024-03-02,15,72,3.7
13109,Latina,part_time,2024-02-03,2024-07-20,76,709,4.3
13110,San Blas - Canillejas,casual,2024-08-08,2024-11-01,24,137,4.6
13111,San Blas - Canillejas,casual,2024-09-05,2024-11-14,15,77,4.8
13112,Villa de Vallecas,casual,2024-01-17,2024-03-30,18,79,4.5
13113,Latina,casual,2024-08-29,2024-11-18,16,68,4.5
13114,Fuencarral - El Pardo,casual,2024-02-14,2024-04-26,15,71,4.9
13115,Chamartín,casual,2024-01-01,2024-01-19,6,32,4.1
13116,Hortaleza,part_time,2024-01-01,2024-03-30,41,380,4.3
13117,Fuencarral - El Pardo,casual,2024-03-11,2024-06-03,27,130,4.5
13118,Moratalaz,full_time,2024-01-01,2024-01-20,14,276,3.9
13119,Ciudad Lineal,casual,2024-01-01,2024-02-13,5,22,4.1
13120,Centro,part_time,2024-01-06,2024-07-18,103,889,4.5
13121,Hortaleza,casual,2024-11-06,2024-12-31,6,24,4.1
13122,Puente de Vallecas,casual,2024-07-22,2024-10-11,23,104,4.9
13123,Villaverde,casual,2024-12-01,2024-12-31,9,64,4.4
13124,Villaverde,full_time,2024-01-01,2024-01-21,17,314,4.5
13125,Chamartín,full_time,2024-11-04,2024-12-31,45,869,3.7
13126,Villa de Vallecas,casual,2024-01-01,2024-04-09,23,104,5.0
13127,Latina,part_time,2024-01-01,2024-05-11,61,535,5.0
13128,Villa de Vallecas,part_time,2024-01-01,2024-02-14,24,205,4.5
13129,Villa de Vallecas,part_time,2024-04-11,2024-07-04,42,373,3.8
13130,Chamartín,casual,2024-01-01,2024-04-16,23,120,4.3
13131,Fuencarral - El Pardo,part_time,2024-08-12,2024-12-31,75,683,3.6
13132,Tetuán,part_time,2024-09-11,2024-12-07,42,367,3.6
13133,Usera,casual,2024-01-01,2024-06-04,48,240,4.0
13134,Latina,casual,2024-10-01,2024-12-30,17,90,3.8
13135,Tetuán,casual,2024-01-01,2024-04-29,28,146,4.9
13136,San Blas - Canillejas,full_time,2024-01-01,2024-01-30,25,483,4.6
13137,Carabanchel,casual,2024-01-01,2024-03-18,17,97,4.6
13138,Villaverde,casual,2024-01-25,2024-04-21,25,145,4.6
13139,San Blas - Canillejas,casual,2024-01-01,2024-01-23,6,39,4.0
13140,Retiro,part_time,2024-01-01,2024-03-21,34,339,5.0
13141,Carabanchel,part_time,2024-02-27,2024-05-13,31,250,4.4
13142,Barajas,casual,2024-10-23,2024-12-31,22,123,3.8
13143,Moncloa - Aravaca,casual,2024-10-13,2024-12-31,16,82,4.5
13144,Carabanchel,part_time,2024-12-29,2024-12-31,1,11,4.3
13145,Puente de Vallecas,casual,2024-01-01,2024-02-13,6,31,4.4
13146,Fuencarral - El Pardo,casual,2024-01-01,2024-01-02,1,8,3.9
13147,Vicálvaro,full_time,2024-06-26,2024-09-03,61,1231,4.4
13148,Ciudad Lineal,casual,2024-06-05,2024-11-13,35,178,3.6
13149,Usera,casual,2024-01-16,2024-04-18,24,121,4.7
13150,Usera,casual,2024-09-30,2024-12-27,25,128,4.4
13151,Hortaleza,part_time,2024-12-12,2024-12-31,11,81,4.5
13152,Villaverde,part_time,2024-03-06,2024-05-29,42,360,4.4
13153,Salamanca,casual,2024-11-22,2024-12-31,9,62,5.0
13154,Centro,part_time,2024-01-01,2024-02-17,28,271,3.6
13155,Centro,full_time,2024-05-06,2024-08-04,76,1576,4.2
13156,Moncloa - Aravaca,part_time,2024-01-01,2024-05-20,63,587,4.5
13157,Moratalaz,casual,2024-06-22,2024-09-28,24,125,4.4
13158,Retiro,casual,2024-01-01,2024-02-20,12,56,4.6
13159,Tetuán,full_time,2024-05-25,2024-08-11,65,1328,5.0
13160,Carabanchel,casual,2024-01-01,2024-03-18,20,97,4.2
13161,Latina,casual,2024-04-12,2024-07-07,22,106,4.7
13162,Barajas,casual,2024-08-14,2024-11-02,22,130,4.2
13163,Moncloa - Aravaca,part_time,2024-01-01,2024-08-31,111,963,4.6
13164,Puente de Vallecas,casual,2024-02-02,2024-12-31,84,423,4.2
13165,Moncloa - Aravaca,casual,2024-12-17,2024-12-31,2,14,4.2
13166,Barajas,part_time,2024-11-05,2024-12-31,20,175,4.9
13167,Ciudad Lineal,casual,2024-12-30,2024-12-31,1,1,4.5
13168,Ciudad Lineal,casual,2024-01-01,2024-03-19,21,115,4.5
13169,Centro,casual,2024-05-13,2024-08-14,22,107,4.3
13170,Puente de Vallecas,casual,2024-09-23,2024-12-26,20,117,3.6
13171,Villaverde,full_time,2024-11-29,2024-12-31,27,545,4.0
13172,Moncloa - Aravaca,casual,2024-01-25,2024-04-18,22,104,3.6
13173,Vicálvaro,part_time,2024-12-25,2024-12-31,5,40,4.6
13174,Latina,casual,2024-05-01,2024-07-11,22,103,4.7
13175,Puente de Vallecas,casual,2024-09-20,2024-12-13,25,144,3.5
13176,Ciudad Lineal,casual,2024-06-01,2024-08-18,19,81,4.2
13177,Carabanchel,casual,2024-01-01,2024-06-05,30,156,4.9
13178,Latina,casual,2024-01-01,2024-02-29,13,56,3.7
13179,Chamartín,casual,2024-01-01,2024-03-11,12,80,4.0
13180,Moncloa - Aravaca,full_time,2024-04-18,2024-12-31,208,4128,3.7
13181,Moncloa - Aravaca,casual,2024-04-26,2024-11-06,45,240,4.2
13182,Puente de Vallecas,full_time,2024-04-11,2024-07-21,83,1727,4.3
13183,Arganzuela,casual,2024-07-12,2024-10-16,22,114,4.1
13184,Ciudad Lineal,casual,2024-01-11,2024-12-31,82,409,4.8
13185,Chamartín,part_time,2024-01-01,2024-03-06,27,231,4.1
13186,Chamberí,casual,2024-01-28,2024-04-29,25,136,3.7
13187,Latina,casual,2024-04-17,2024-07-15,23,121,4.7
13188,Carabanchel,casual,2024-04-02,2024-06-29,24,126,3.8
13189,Usera,casual,2024-11-10,2024-12-31,7,34,4.6
13190,Retiro,part_time,2024-11-29,2024-12-31,17,140,4.2
13191,Chamberí,casual,2024-01-26,2024-12-31,81,408,3.8
13192,Fuencarral - El Pardo,full_time,2024-01-01,2024-05-27,114,2251,3.6
13193,Latina,casual,2024-09-12,2024-12-31,31,161,4.7
13194,Puente de Vallecas,casual,2024-01-07,2024-03-21,12,56,3.8
13195,San Blas - Canillejas,casual,2024-01-01,2024-12-25,79,400,5.0
13196,Centro,casual,2024-12-29,2024-12-31,1,1,4.3
13197,Carabanchel,full_time,2024-11-06,2024-12-31,43,880,4.6
13198,Fuencarral - El Pardo,part_time,2024-11-10,2024-12-31,26,231,4.3
13199,Moncloa - Aravaca,casual,2024-01-01,2024-03-12,18,89,5.0
13200,San Blas - Canillejas,casual,2024-04-21,2024-08-07,22,115,3.9
13201,Fuencarral - El Pardo,part_time,2024-09-18,2024-12-14,46,410,4.1
13202,Latina,casual,2024-01-01,2024-03-10,17,79,4.8
13203,Fuencarral - El Pardo,casual,2024-08-30,2024-12-31,20,88,3.8
13204,Vicálvaro,casual,2024-03-08,2024-06-04,16,89,4.4
13205,Arganzuela,casual,2024-11-11,2024-12-31,7,36,4.8
13206,Chamartín,casual,2024-04-09,2024-07-09,23,118,5.0
13207,Moncloa - Aravaca,casual,2024-01-01,2024-06-27,48,248,4.7
13208,Fuencarral - El Pardo,full_time,2024-11-02,2024-12-31,47,977,3.6
13209,Villa de Vallecas,casual,2024-06-10,2024-12-31,47,205,4.4
13210,Puente de Vallecas,full_time,2024-03-09,2024-09-13,162,3339,4.5
13211,Vicálvaro,part_time,2024-12-13,2024-12-31,10,83,4.0
13212,Vicálvaro,casual,2024-07-10,2024-09-21,20,109,4.5
13213,Fuencarral - El Pardo,casual,2024-06-20,2024-10-04,27,107,4.9
13214,Hortaleza,casual,2024-03-25,2024-06-08,10,36,4.5
13215,Tetuán,part_time,2024-10-06,2024-12-31,42,338,4.2
13216,Carabanchel,casual,2024-06-30,2024-09-18,21,101,4.6
13217,San Blas - Canillejas,full_time,2024-04-02,2024-12-31,225,4557,3.9
13218,Moncloa - Aravaca,part_time,2024-12-01,2024-12-31,16,134,4.5
13219,Latina,part_time,2024-02-15,2024-04-28,29,263,4.3
13220,San Blas - Canillejas,casual,2024-09-05,2024-12-31,24,134,4.4
13221,Chamartín,part_time,2024-09-17,2024-12-31,57,512,4.2
13222,Centro,part_time,2024-01-01,2024-01-29,8,74,4.1
13223,Fuencarral - El Pardo,part_time,2024-07-31,2024-12-31,76,703,3.6
13224,San Blas - Canillejas,casual,2024-09-30,2024-12-31,21,97,4.4
13225,San Blas - Canillejas,part_time,2024-05-27,2024-09-10,44,386,5.0
13226,San Blas - Canillejas,casual,2024-01-01,2024-02-19,12,66,4.0
13227,Latina,part_time,2024-01-01,2024-02-27,29,272,4.4
13228,San Blas - Canillejas,casual,2024-01-01,2024-01-11,2,20,4.6
13229,Centro,casual,2024-03-07,2024-06-22,29,149,4.4
13230,Hortaleza,part_time,2024-07-05,2024-10-22,46,454,4.9
13231,Tetuán,casual,2024-06-13,2024-09-24,23,119,4.9
13232,Latina,part_time,2024-01-08,2024-12-31,165,1465,4.8
13233,Moncloa - Aravaca,part_time,2024-04-12,2024-07-07,39,381,4.1
13234,Fuencarral - El Pardo,part_time,2024-05-12,2024-12-31,93,804,3.7
13235,San Blas - Canillejas,part_time,2024-10-08,2024-12-31,44,394,4.1
13236,Carabanchel,casual,2024-10-15,2024-12-31,13,59,4.3
13237,Moncloa - Aravaca,casual,2024-07-26,2024-12-31,33,176,3.6
13238,Moncloa - Aravaca,part_time,2024-01-01,2024-08-01,96,865,4.8
13239,Barajas,casual,2024-11-19,2024-12-31,6,30,4.8
13240,Puente de Vallecas,casual,2024-10-14,2024-12-31,19,87,4.4
13241,Usera,casual,2024-12-07,2024-12-31,5,33,4.4
13242,Centro,casual,2024-07-04,2024-10-21,26,116,4.1
13243,Tetuán,full_time,2024-03-04,2024-05-31,66,1314,5.0
13244,Latina,casual,2024-03-06,2024-09-05,38,196,4.2
13245,Fuencarral - El Pardo,casual,2024-02-25,2024-05-30,31,164,3.8
13246,Arganzuela,full_time,2024-01-22,2024-07-05,142,2770,4.9
13247,Barajas,full_time,2024-02-28,2024-08-16,144,2784,4.8
13248,Villaverde,casual,2024-12-01,2024-12-31,6,37,4.0
13249,Vicálvaro,full_time,2024-01-01,2024-12-29,297,5814,4.3
13250,San Blas - Canillejas,casual,2024-04-03,2024-07-03,23,136,4.4
13251,Moncloa - Aravaca,part_time,2024-07-28,2024-10-05,33,267,4.8
13252,Puente de Vallecas,casual,2024-01-01,2024-07-22,50,248,4.3
13253,Tetuán,casual,2024-01-01,2024-01-05,1,1,4.1
13254,San Blas - Canillejas,casual,2024-09-04,2024-11-15,20,95,4.4
13255,Chamberí,part_time,2024-01-01,2024-08-26,89,808,5.0
13256,Ciudad Lineal,casual,2024-01-01,2024-06-22,32,186,3.6
13257,Fuencarral - El Pardo,casual,2024-01-27,2024-12-31,74,328,4.5
13258,Carabanchel,part_time,2024-01-01,2024-03-16,32,279,3.6
13259,Fuencarral - El Pardo,casual,2024-02-08,2024-05-06,21,105,3.9
13260,Latina,full_time,2024-05-15,2024-08-30,91,1781,4.5
13261,Retiro,casual,2024-12-20,2024-12-31,3,18,4.6
13262,Chamberí,casual,2024-01-01,2024-06-27,37,173,4.8
13263,Villaverde,casual,2024-05-09,2024-07-26,21,105,4.3
13264,Hortaleza,casual,2024-04-17,2024-10-16,36,213,4.7
13265,Moratalaz,casual,2024-08-18,2024-12-02,29,113,4.3
13266,Salamanca,casual,2024-05-18,2024-09-04,22,107,3.8
13267,Vicálvaro,part_time,2024-08-28,2024-12-10,50,442,4.2
13268,Carabanchel,casual,2024-11-02,2024-12-31,16,77,3.8
13269,Hortaleza,casual,2024-02-06,2024-05-10,19,86,4.3
13270,San Blas - Canillejas,part_time,2024-09-05,2024-12-31,50,484,4.3
13271,Hortaleza,casual,2024-01-01,2024-05-21,29,165,3.9
13272,Ciudad Lineal,part_time,2024-09-22,2024-12-31,41,350,4.2
13273,Chamartín,full_time,2024-07-15,2024-10-23,81,1616,4.4
13274,Chamberí,casual,2024-05-06,2024-11-12,40,180,4.2
13275,San Blas - Canillejas,part_time,2024-03-23,2024-09-01,69,619,3.8
13276,Carabanchel,full_time,2024-05-31,2024-09-14,91,1789,4.9
13277,Carabanchel,casual,2024-01-01,2024-05-11,30,127,4.7
13278,Fuencarral - El Pardo,full_time,2024-01-01,2024-12-30,300,6124,3.8
13279,Hortaleza,casual,2024-03-21,2024-12-31,66,293,4.2
13280,Vicálvaro,part_time,2024-01-01,2024-10-05,120,1090,4.1
13281,Vicálvaro,casual,2024-03-13,2024-06-30,23,109,5.0
13282,Usera,casual,2024-03-08,2024-06-07,26,137,4.6
13283,Carabanchel,full_time,2024-10-11,2024-12-31,64,1306,4.5
13284,Vicálvaro,casual,2024-03-20,2024-06-28,24,119,3.7
13285,Chamartín,full_time,2024-07-02,2024-09-10,52,1116,3.8
13286,Hortaleza,part_time,2024-12-19,2024-12-31,6,56,4.9
13287,Chamartín,full_time,2024-01-01,2024-01-16,14,264,4.2
13288,Moncloa - Aravaca,full_time,2024-01-03,2024-04-12,82,1659,3.5
13289,Carabanchel,part_time,2024-11-22,2024-12-31,16,138,4.2
13290,San Blas - Canillejas,full_time,2024-06-07,2024-12-31,164,3347,4.4
13291,Ciudad Lineal,part_time,2024-03-21,2024-06-21,38,341,3.9
13292,Chamartín,casual,2024-01-01,2024-02-10,6,28,4.1
13293,Villa de Vallecas,part_time,2024-04-08,2024-10-09,78,710,3.9
13294,Hortaleza,casual,2024-09-28,2024-12-07,14,77,4.2
13295,Centro,casual,2024-04-05,2024-07-16,21,105,5.0
13296,Chamartín,casual,2024-09-10,2024-12-31,32,171,4.2
13297,Puente de Vallecas,casual,2024-02-03,2024-05-16,22,122,4.7
13298,Villaverde,casual,2024-03-23,2024-10-04,50,242,3.7
13299,Carabanchel,casual,2024-01-01,2024-03-06,14,58,4.7
13300,Villaverde,part_time,2024-05-28,2024-08-29,42,351,4.3
13301,Villa de Vallecas,part_time,2024-10-14,2024-12-31,29,266,4.0
13302,Tetuán,full_time,2024-01-01,2024-03-09,53,1018,4.4
13303,Chamartín,full_time,2024-07-08,2024-10-01,71,1470,4.0
13304,Hortaleza,full_time,2024-02-11,2024-05-28,83,1715,4.7
13305,Moncloa - Aravaca,part_time,2024-01-17,2024-07-10,75,697,4.7
13306,Barajas,casual,2024-01-01,2024-01-05,2,9,3.8
13307,Moratalaz,full_time,2024-02-03,2024-12-31,271,5424,4.1
13308,Fuencarral - El Pardo,casual,2024-12-24,2024-12-31,1,4,3.7
13309,Puente de Vallecas,casual,2024-01-01,2024-03-06,13,61,3.5
13310,Fuencarral - El Pardo,casual,2024-01-01,2024-06-20,29,149,3.9
13311,Fuencarral - El Pardo,part_time,2024-01-14,2024-04-12,42,398,4.3
13312,Tetuán,part_time,2024-05-09,2024-10-29,78,721,4.6
13313,Salamanca,casual,2024-01-01,2024-03-30,17,75,4.9
13314,Puente de Vallecas,part_time,2024-12-05,2024-12-31,11,84,4.1
13315,Usera,casual,2024-05-24,2024-12-31,47,229,3.5
13316,Barajas,casual,2024-07-11,2024-10-17,21,86,4.5
13317,Vicálvaro,casual,2024-01-01,2024-01-02,2,10,3.8
13318,Villaverde,casual,2024-05-06,2024-07-31,22,121,4.4
13319,Moncloa - Aravaca,part_time,2024-10-04,2024-12-31,40,348,4.2
13320,Villa de Vallecas,casual,2024-05-25,2024-08-15,21,106,3.9
13321,Moncloa - Aravaca,casual,2024-08-12,2024-12-31,31,147,3.9
13322,Tetuán,casual,2024-08-15,2024-10-23,22,113,4.0
13323,Retiro,part_time,2024-11-29,2024-12-31,17,152,3.8
13324,Hortaleza,full_time,2024-01-12,2024-07-24,150,3087,4.6
13325,San Blas - Canillejas,part_time,2024-09-26,2024-12-31,53,465,4.1
13326,San Blas - Canillejas,part_time,2024-01-29,2024-04-28,44,389,4.6
13327,Fuencarral - El Pardo,full_time,2024-02-12,2024-12-31,272,5396,4.4
13328,Carabanchel,casual,2024-03-27,2024-12-31,74,389,3.8
13329,Villaverde,casual,2024-01-01,2024-11-19,77,370,4.0
13330,Barajas,casual,2024-01-01,2024-02-17,12,52,4.9
13331,Hortaleza,casual,2024-04-08,2024-07-24,23,98,4.1
13332,Vicálvaro,casual,2024-01-11,2024-03-28,18,90,3.7
13333,Ciudad Lineal,casual,2024-01-01,2024-12-22,85,436,4.5
13334,Centro,casual,2024-01-01,2024-01-15,4,24,4.0
13335,Hortaleza,casual,2024-04-03,2024-09-12,39,207,4.2
13336,Barajas,casual,2024-03-25,2024-06-19,25,104,3.8
13337,Puente de Vallecas,casual,2024-01-01,2024-01-07,3,19,3.5
13338,Moratalaz,full_time,2024-06-05,2024-12-11,151,3085,4.4
13339,Usera,part_time,2024-03-04,2024-05-18,44,400,4.2
13340,Usera,casual,2024-06-24,2024-09-23,21,87,4.1
13341,Fuencarral - El Pardo,casual,2024-10-30,2024-12-31,10,40,4.9
13342,Puente de Vallecas,casual,2024-10-18,2024-12-31,18,89,3.9
13343,Moncloa - Aravaca,casual,2024-05-13,2024-08-24,22,114,4.4
13344,Puente de Vallecas,casual,2024-03-13,2024-09-18,50,275,4.7
13345,Moratalaz,casual,2024-06-03,2024-08-30,25,128,4.2
13346,Ciudad Lineal,part_time,2024-04-04,2024-06-23,35,317,4.6
13347,Centro,part_time,2024-02-03,2024-05-18,49,457,4.3
13348,Hortaleza,part_time,2024-01-01,2024-03-15,36,331,4.0
13349,Fuencarral - El Pardo,part_time,2024-11-24,2024-12-31,18,149,4.9
13350,Moncloa - Aravaca,part_time,2024-01-01,2024-01-28,12,108,4.1
13351,Fuencarral - El Pardo,part_time,2024-03-02,2024-06-09,44,400,4.2
13352,Centro,full_time,2024-01-01,2024-03-17,68,1353,4.5
13353,Puente de Vallecas,part_time,2024-01-01,2024-01-29,12,103,4.4
13354,Puente de Vallecas,part_time,2024-01-01,2024-04-02,44,425,4.3
13355,Moncloa - Aravaca,part_time,2024-04-18,2024-08-03,55,494,4.5
13356,Hortaleza,part_time,2024-06-19,2024-09-05,34,288,4.5
13357,San Blas - Canillejas,casual,2024-11-15,2024-12-31,12,48,4.3
13358,Moncloa - Aravaca,casual,2024-08-06,2024-11-13,24,96,4.3
13359,Carabanchel,casual,2024-09-11,2024-12-31,27,147,3.7
13360,Villa de Vallecas,casual,2024-02-12,2024-12-31,71,374,4.6
13361,Fuencarral - El Pardo,casual,2024-01-14,2024-03-29,15,79,5.0
13362,Centro,casual,2024-10-22,2024-12-31,15,70,3.9
13363,Moncloa - Aravaca,casual,2024-05-15,2024-07-26,17,85,3.8
13364,Fuencarral - El Pardo,full_time,2024-09-17,2024-12-22,78,1638,4.9
13365,Usera,casual,2024-01-01,2024-01-05,1,5,4.1
13366,Salamanca,casual,2024-02-29,2024-09-02,34,162,4.5
13367,Puente de Vallecas,casual,2024-01-17,2024-06-28,30,150,4.2
13368,Fuencarral - El Pardo,casual,2024-01-01,2024-08-03,40,204,4.3
13369,Vicálvaro,part_time,2024-07-08,2024-12-31,79,707,4.0
13370,Fuencarral - El Pardo,part_time,2024-10-10,2024-12-31,35,280,4.7
13371,Vicálvaro,casual,2024-10-17,2024-12-31,7,44,4.3
13372,Vicálvaro,casual,2024-09-10,2024-12-31,26,127,4.2
13373,Villa de Vallecas,casual,2024-10-06,2024-12-31,19,98,4.3
13374,Hortaleza,part_time,2024-10-04,2024-12-31,36,315,4.9
13375,Centro,full_time,2024-08-15,2024-11-09,75,1489,4.7
13376,Hortaleza,full_time,2024-09-13,2024-12-12,72,1350,3.6
13377,Ciudad Lineal,casual,2024-01-01,2024-05-01,26,120,4.0
13378,Chamberí,part_time,2024-12-11,2024-12-31,8,51,3.7
13379,Puente de Vallecas,part_time,2024-05-11,2024-08-24,53,499,4.9
13380,Centro,full_time,2024-02-12,2024-04-25,61,1272,3.9
13381,Chamartín,casual,2024-03-03,2024-09-10,42,190,4.6
13382,Centro,casual,2024-08-26,2024-12-31,34,183,4.4
13383,Moncloa - Aravaca,casual,2024-07-16,2024-12-31,39,203,4.7
13384,San Blas - Canillejas,casual,2024-01-01,2024-03-27,15,91,4.5
13385,Chamartín,part_time,2024-04-11,2024-07-25,47,393,3.9
13386,Puente de Vallecas,casual,2024-08-20,2024-12-31,41,202,4.2
13387,Villaverde,casual,2024-08-20,2024-10-29,17,104,3.8
13388,Vicálvaro,part_time,2024-01-01,2024-03-30,43,400,3.8
13389,San Blas - Canillejas,casual,2024-08-09,2024-12-31,35,170,3.7
13390,Retiro,full_time,2024-08-07,2024-10-30,73,1446,4.8
13391,Chamartín,part_time,2024-01-01,2024-06-23,75,677,3.9
13392,Centro,full_time,2024-02-20,2024-05-20,80,1596,3.7
13393,Puente de Vallecas,part_time,2024-02-12,2024-08-21,82,750,3.9
13394,Carabanchel,casual,2024-08-06,2024-11-01,19,93,3.9
13395,Vicálvaro,casual,2024-12-06,2024-12-31,4,15,3.7
13396,Villaverde,full_time,2024-12-29,2024-12-31,3,78,4.5
13397,Fuencarral - El Pardo,casual,2024-08-12,2024-11-10,21,108,4.5
13398,Villaverde,casual,2024-01-01,2024-10-28,73,374,4.4
13399,Vicálvaro,part_time,2024-01-01,2024-02-08,18,146,4.8
13400,Carabanchel,casual,2024-06-26,2024-10-01,23,119,3.6
13401,Hortaleza,casual,2024-03-26,2024-09-17,41,220,4.4
13402,Moratalaz,casual,2024-07-29,2024-11-13,29,137,4.4
13403,Carabanchel,casual,2024-12-13,2024-12-31,5,23,4.6
13404,Arganzuela,part_time,2024-01-01,2024-03-15,34,283,4.0
13405,Villa de Vallecas,casual,2024-01-01,2024-09-27,57,301,4.1
13406,Tetuán,casual,2024-06-13,2024-09-30,24,129,4.0
13407,Chamartín,casual,2024-01-04,2024-07-14,54,262,4.1
13408,Hortaleza,part_time,2024-01-01,2024-05-08,58,536,4.5
13409,Fuencarral - El Pardo,casual,2024-03-13,2024-12-31,82,404,3.9
13410,Carabanchel,casual,2024-01-01,2024-01-21,8,48,4.8
13411,Chamartín,part_time,2024-01-23,2024-07-27,91,799,5.0
13412,Barajas,casual,2024-12-19,2024-12-31,3,12,4.1
13413,Moncloa - Aravaca,part_time,2024-05-06,2024-08-07,40,367,5.0
13414,Hortaleza,casual,2024-01-01,2024-02-24,16,74,4.2
13415,Moncloa - Aravaca,casual,2024-10-02,2024-12-31,25,125,3.5
13416,Ciudad Lineal,casual,2024-01-02,2024-03-20,17,93,4.9
13417,Villaverde,full_time,2024-01-01,2024-05-18,112,2324,4.0
13418,Usera,casual,2024-12-14,2024-12-31,4,16,3.6
13419,Hortaleza,casual,2024-09-04,2024-12-31,27,138,3.8
13420,Tetuán,casual,2024-02-14,2024-06-01,31,160,4.6
13421,San Blas - Canillejas,casual,2024-04-18,2024-12-31,59,316,3.8
13422,Chamberí,part_time,2024-05-23,2024-07-31,38,327,4.6
13423,Tetuán,full_time,2024-11-12,2024-12-31,42,846,4.7
13424,Moncloa - Aravaca,casual,2024-05-12,2024-10-23,46,243,4.9
13425,Centro,casual,2024-07-26,2024-11-04,19,103,4.9
13426,Vicálvaro,casual,2024-01-01,2024-03-07,22,103,3.8
13427,Tetuán,full_time,2024-01-01,2024-05-11,117,2337,4.3
13428,Puente de Vallecas,casual,2024-01-01,2024-01-20,6,30,4.8
13429,Hortaleza,casual,2024-05-20,2024-11-17,42,224,3.9
13430,Hortaleza,full_time,2024-06-13,2024-09-15,76,1605,5.0
13431,Centro,full_time,2024-02-11,2024-05-24,86,1719,4.6
13432,Moncloa - Aravaca,casual,2024-01-01,2024-05-07,37,179,4.9
13433,Centro,casual,2024-03-02,2024-09-09,41,227,4.0
13434,Fuencarral - El Pardo,part_time,2024-01-01,2024-03-16,35,334,3.8
13435,Fuencarral - El Pardo,part_time,2024-10-28,2024-12-31,32,308,4.9
13436,Hortaleza,casual,2024-10-13,2024-12-31,18,101,3.9
13437,Fuencarral - El Pardo,casual,2024-03-11,2024-12-31,66,331,4.9
13438,Latina,casual,2024-11-18,2024-12-31,15,66,3.8
13439,Vicálvaro,casual,2024-03-24,2024-12-31,77,421,4.0
13440,Barajas,casual,2024-05-22,2024-08-04,15,72,4.4
13441,Latina,part_time,2024-05-31,2024-11-17,79,714,4.9
13442,Carabanchel,casual,2024-01-01,2024-02-09,5,31,4.2
13443,Centro,casual,2024-01-01,2024-06-06,37,186,4.4
13444,Latina,part_time,2024-02-13,2024-12-31,157,1358,4.0
13445,Tetuán,casual,2024-01-01,2024-02-19,10,40,3.8
13446,Fuencarral - El Pardo,casual,2024-09-17,2024-12-31,24,124,4.6
13447,Villaverde,full_time,2024-01-01,2024-03-19,62,1295,4.6
13448,Tetuán,casual,2024-04-02,2024-07-16,19,90,4.8
13449,Villaverde,full_time,2024-03-19,2024-09-27,157,3144,3.7
13450,Vicálvaro,casual,2024-01-01,2024-03-29,21,107,3.6
13451,Hortaleza,casual,2024-01-13,2024-04-23,22,109,4.4
13452,Chamartín,part_time,2024-05-17,2024-08-02,38,357,4.2
13453,Hortaleza,casual,2024-01-01,2024-02-18,5,13,4.4
13454,Arganzuela,casual,2024-01-01,2024-03-27,15,67,3.9
13455,Carabanchel,casual,2024-01-01,2024-01-12,2,8,4.7
13456,Vicálvaro,part_time,2024-05-14,2024-08-26,41,383,4.2
13457,Barajas,casual,2024-08-24,2024-12-31,28,123,4.5
13458,Centro,part_time,2024-10-09,2024-12-21,37,358,3.8
13459,Hortaleza,part_time,2024-01-01,2024-09-15,113,980,3.6
13460,Moncloa - Aravaca,casual,2024-08-09,2024-11-12,20,109,4.0
13461,Latina,casual,2024-12-27,2024-12-31,1,4,4.1
13462,Fuencarral - El Pardo,casual,2024-04-18,2024-07-07,19,97,4.1
13463,Chamartín,part_time,2024-11-22,2024-12-31,14,139,3.9
13464,Chamartín,casual,2024-08-30,2024-12-31,21,112,4.2
13465,Moncloa - Aravaca,part_time,2024-01-01,2024-03-23,32,301,4.3
13466,Vicálvaro,casual,2024-04-29,2024-07-16,19,100,3.9
13467,Arganzuela,casual,2024-12-01,2024-12-31,7,37,4.0
13468,Salamanca,part_time,2024-01-01,2024-03-31,33,324,4.3
13469,Moncloa - Aravaca,casual,2024-01-01,2024-01-27,5,27,3.6
13470,Villa de Vallecas,casual,2024-01-28,2024-05-03,22,118,3.6
13471,Villaverde,part_time,2024-01-01,2024-01-03,1,8,4.1
13472,Retiro,part_time,2024-01-01,2024-03-10,35,308,3.6
13473,Hortaleza,casual,2024-01-01,2024-11-07,62,298,4.6
13474,Chamartín,casual,2024-09-19,2024-12-01,18,101,4.4
13475,Latina,casual,2024-01-08,2024-04-07,24,117,3.5
13476,Usera,part_time,2024-10-26,2024-12-31,33,316,4.0
13477,Carabanchel,casual,2024-12-23,2024-12-31,3,17,3.6
13478,Latina,part_time,2024-04-23,2024-08-06,40,353,4.9
13479,San Blas - Canillejas,part_time,2024-12-27,2024-12-31,3,26,4.0
13480,Chamberí,full_time,2024-05-07,2024-11-22,168,3379,4.1
13481,Villa de Vallecas,casual,2024-01-01,2024-01-28,9,38,4.7
13482,Retiro,casual,2024-01-01,2024-03-02,16,79,3.8
13483,Vicálvaro,casual,2024-04-11,2024-10-06,37,186,3.8
13484,Hortaleza,casual,2024-11-27,2024-12-31,6,30,4.7
13485,Vicálvaro,casual,2024-01-01,2024-02-13,14,71,4.3
13486,Usera,full_time,2024-06-15,2024-09-22,83,1709,3.9
13487,Hortaleza,casual,2024-10-10,2024-12-20,14,73,3.7
13488,Chamartín,casual,2024-12-22,2024-12-31,3,12,4.7
13489,Moncloa - Aravaca,casual,2024-11-12,2024-12-31,11,73,3.8
13490,Moncloa - Aravaca,full_time,2024-01-01,2024-03-18,66,1322,4.2
13491,Puente de Vallecas,casual,2024-01-01,2024-02-05,10,42,3.8
13492,Latina,part_time,2024-01-14,2024-04-01,37,326,4.1
13493,Puente de Vallecas,part_time,2024-02-15,2024-05-04,44,404,3.6
13494,Carabanchel,casual,2024-10-21,2024-12-31,15,74,3.5
13495,Villa de Vallecas,part_time,2024-07-29,2024-10-10,33,307,4.4
13496,Hortaleza,casual,2024-12-06,2024-12-31,4,18,4.4
13497,Arganzuela,casual,2024-02-28,2024-08-09,45,213,3.8
13498,Hortaleza,casual,2024-02-10,2024-08-13,43,209,3.8
13499,Vicálvaro,casual,2024-02-13,2024-05-04,19,103,4.7
13500,San Blas - Canillejas,part_time,2024-03-04,2024-08-23,68,673,4.2
13501,Carabanchel,part_time,2024-09-25,2024-12-31,48,445,4.4
13502,Ciudad Lineal,casual,2024-07-19,2024-12-31,37,196,3.9
13503,Carabanchel,part_time,2024-09-11,2024-12-31,51,432,4.4
13504,Carabanchel,casual,2024-09-30,2024-12-31,20,87,4.1
13505,Vicálvaro,casual,2024-01-01,2024-01-02,1,1,3.9
13506,Latina,part_time,2024-01-01,2024-05-10,52,489,4.3
13507,Barajas,casual,2024-07-22,2024-11-03,24,112,3.6
13508,San Blas - Canillejas,part_time,2024-04-21,2024-07-23,45,364,3.7
13509,Chamberí,casual,2024-01-01,2024-03-26,10,44,4.2
13510,Carabanchel,part_time,2024-01-01,2024-01-30,14,110,4.0
13511,Arganzuela,casual,2024-11-30,2024-12-31,7,27,4.7
13512,Fuencarral - El Pardo,casual,2024-10-26,2024-12-31,16,79,3.8
13513,Fuencarral - El Pardo,part_time,2024-02-12,2024-05-31,47,424,3.7
13514,San Blas - Canillejas,casual,2024-07-27,2024-10-05,16,78,3.6
13515,Vicálvaro,casual,2024-01-01,2024-03-10,10,42,4.7
13516,Ciudad Lineal,full_time,2024-01-01,2024-03-14,59,1167,4.8
13517,Centro,casual,2024-01-01,2024-08-29,42,211,4.9
13518,Ciudad Lineal,casual,2024-01-01,2024-07-23,49,246,4.8
13519,San Blas - Canillejas,casual,2024-12-17,2024-12-31,1,4,4.8
13520,Fuencarral - El Pardo,part_time,2024-01-01,2024-01-11,3,37,5.0
13521,Carabanchel,part_time,2024-02-13,2024-12-31,148,1378,4.1
13522,Vicálvaro,part_time,2024-10-27,2024-12-31,34,318,4.5
13523,Chamartín,casual,2024-01-01,2024-01-12,4,20,3.6
13524,Latina,casual,2024-06-19,2024-08-31,23,107,4.8
13525,San Blas - Canillejas,casual,2024-03-19,2024-06-25,23,118,3.7
13526,Latina,casual,2024-01-01,2024-04-24,25,122,4.5
13527,Moncloa - Aravaca,part_time,2024-01-24,2024-04-15,37,314,4.0
13528,Vicálvaro,casual,2024-10-07,2024-12-31,20,104,4.4
13529,Usera,part_time,2024-05-02,2024-07-30,43,371,4.7
13530,Moncloa - Aravaca,part_time,2024-01-01,2024-01-21,10,104,4.3
13531,Villaverde,part_time,2024-01-01,2024-10-25,127,1172,4.9
13532,Puente de Vallecas,casual,2024-10-08,2024-12-31,13,56,4.0
13533,Villa de Vallecas,casual,2024-08-10,2024-11-13,19,105,4.3
13534,Latina,full_time,2024-12-08,2024-12-31,22,422,4.8
13535,Fuencarral - El Pardo,part_time,2024-07-19,2024-12-31,80,691,4.3
13536,Puente de Vallecas,casual,2024-01-01,2024-03-21,12,55,4.3
13537,Moncloa - Aravaca,part_time,2024-01-01,2024-01-31,18,165,4.1
13538,Carabanchel,full_time,2024-01-01,2024-12-01,277,5551,4.7
13539,Carabanchel,casual,2024-04-18,2024-07-25,27,136,4.0
13540,Retiro,full_time,2024-06-06,2024-09-08,80,1555,3.9
13541,Moratalaz,casual,2024-07-31,2024-11-09,24,90,3.7
13542,Carabanchel,full_time,2024-01-28,2024-04-25,73,1414,4.1
13543,Fuencarral - El Pardo,casual,2024-12-23,2024-12-31,3,15,3.9
13544,San Blas - Canillejas,casual,2024-01-01,2024-12-27,83,402,5.0
13545,Ciudad Lineal,casual,2024-08-26,2024-11-15,20,108,4.4
13546,Fuencarral - El Pardo,part_time,2024-02-07,2024-08-15,76,686,5.0
13547,Fuencarral - El Pardo,full_time,2024-05-15,2024-12-31,193,3838,4.5
13548,Latina,casual,2024-12-23,2024-12-31,3,22,4.8
13549,Carabanchel,casual,2024-01-01,2024-03-22,17,92,3.7
13550,Latina,casual,2024-01-01,2024-11-07,74,374,4.5
13551,Barajas,casual,2024-08-18,2024-11-08,18,88,3.7
13552,Chamberí,part_time,2024-10-30,2024-12-31,29,264,3.7
13553,Latina,casual,2024-06-16,2024-12-15,48,229,3.6
13554,Puente de Vallecas,full_time,2024-01-01,2024-05-10,109,2191,4.4
13555,Villaverde,full_time,2024-07-20,2024-10-25,79,1546,4.5
13556,Arganzuela,casual,2024-07-06,2024-10-21,29,134,3.9
13557,San Blas - Canillejas,casual,2024-01-01,2024-01-24,5,27,4.8
13558,Usera,full_time,2024-07-02,2024-10-07,81,1633,4.9
13559,Puente de Vallecas,full_time,2024-01-25,2024-12-31,272,5428,4.7
13560,San Blas - Canillejas,part_time,2024-01-01,2024-07-30,97,841,4.4
13561,Chamartín,casual,2024-01-13,2024-04-21,25,105,4.4
13562,Puente de Vallecas,casual,2024-08-31,2024-12-31,33,189,4.1
13563,Hortaleza,part_time,2024-01-01,2024-02-05,17,141,4.2
13564,Barajas,casual,2024-02-01,2024-05-13,24,110,3.7
13565,Retiro,part_time,2024-08-19,2024-11-12,40,366,4.9
13566,Latina,part_time,2024-01-17,2024-04-02,34,285,4.4
13567,Villa de Vallecas,casual,2024-01-01,2024-03-24,20,101,4.1
13568,Fuencarral - El Pardo,casual,2024-12-19,2024-12-31,4,18,3.8
13569,Vicálvaro,casual,2024-06-11,2024-09-21,31,160,4.1
13570,Centro,full_time,2024-01-01,2024-07-15,162,3220,3.8
13571,Fuencarral - El Pardo,casual,2024-01-01,2024-03-25,24,119,4.7
13572,San Blas - Canillejas,casual,2024-01-01,2024-01-04,1,1,4.6
13573,Carabanchel,full_time,2024-09-11,2024-11-29,61,1244,4.6
13574,Hortaleza,part_time,2024-01-01,2024-09-18,124,1074,4.5
13575,Fuencarral - El Pardo,casual,2024-01-01,2024-03-30,20,92,4.8
13576,San Blas - Canillejas,part_time,2024-11-08,2024-12-31,18,162,3.8
13577,San Blas - Canillejas,casual,2024-07-21,2024-12-31,47,235,4.3
13578,Vicálvaro,full_time,2024-09-17,2024-12-31,92,1868,4.4
13579,Moncloa - Aravaca,full_time,2024-07-28,2024-10-24,77,1515,5.0
13580,San Blas - Canillejas,casual,2024-11-23,2024-12-31,3,18,4.0
13581,Carabanchel,casual,2024-01-01,2024-09-08,46,239,3.9
13582,Villa de Vallecas,casual,2024-01-01,2024-03-11,18,86,3.6
13583,Barajas,part_time,2024-01-01,2024-01-04,1,8,5.0
13584,Moratalaz,part_time,2024-01-01,2024-01-16,6,57,3.9
13585,Latina,casual,2024-10-13,2024-12-31,15,65,3.7
13586,Usera,full_time,2024-07-04,2024-10-14,86,1707,4.8
13587,San Blas - Canillejas,casual,2024-01-01,2024-01-25,5,34,4.9
13588,Fuencarral - El Pardo,part_time,2024-01-01,2024-02-19,24,234,4.3
13589,Usera,part_time,2024-07-24,2024-12-31,85,788,3.9
13590,Carabanchel,casual,2024-01-01,2024-10-08,71,326,4.2
13591,Chamartín,casual,2024-09-16,2024-12-31,27,134,3.7
13592,Salamanca,part_time,2024-11-26,2024-12-31,20,182,3.7
13593,Hortaleza,part_time,2024-08-17,2024-12-31,67,562,4.2
13594,Hortaleza,casual,2024-01-01,2024-04-10,25,123,4.8
13595,Moncloa - Aravaca,part_time,2024-07-22,2024-10-29,49,458,3.7
13596,Latina,casual,2024-05-18,2024-12-01,54,265,4.5
13597,Ciudad Lineal,casual,2024-10-22,2024-12-31,13,57,4.0
13598,Latina,part_time,2024-01-10,2024-03-30,33,291,3.6
13599,Centro,casual,2024-08-30,2024-11-13,15,81,3.9
13600,Puente de Vallecas,part_time,2024-06-25,2024-10-11,51,461,3.6
13601,Usera,part_time,2024-05-16,2024-07-29,26,217,3.8
13602,Salamanca,casual,2024-01-01,2024-06-12,40,209,4.0
13603,Centro,casual,2024-01-01,2024-01-15,4,14,3.8
13604,Ciudad Lineal,casual,2024-10-08,2024-12-17,16,80,4.1
13605,Villa de Vallecas,casual,2024-01-01,2024-02-20,12,52,3.5
13606,Ciudad Lineal,part_time,2024-01-25,2024-07-26,85,760,3.5
13607,Barajas,casual,2024-05-19,2024-08-11,18,86,4.6
13608,Vicálvaro,full_time,2024-01-01,2024-06-28,152,3018,4.7
13609,Hortaleza,casual,2024-08-01,2024-10-26,17,78,4.1
13610,Ciudad Lineal,casual,2024-01-01,2024-08-28,66,322,5.0
13611,Chamartín,full_time,2024-05-27,2024-08-20,73,1485,3.9
13612,Centro,casual,2024-01-01,2024-02-20,9,42,4.6
13613,Moncloa - Aravaca,part_time,2024-04-20,2024-07-14,38,354,4.2
13614,Usera,part_time,2024-06-24,2024-09-22,38,340,4.0
13615,Villa de Vallecas,full_time,2024-09-22,2024-12-31,76,1492,3.9
13616,Carabanchel,casual,2024-01-01,2024-05-12,17,72,3.8
13617,Tetuán,casual,2024-02-21,2024-06-09,21,101,4.5
13618,Vicálvaro,full_time,2024-02-01,2024-04-26,73,1439,3.5
13619,Centro,casual,2024-01-01,2024-04-21,22,104,4.9
13620,Villa de Vallecas,part_time,2024-03-15,2024-07-02,50,453,3.9
13621,Usera,part_time,2024-10-25,2024-12-31,36,320,4.2
13622,Usera,part_time,2024-03-20,2024-06-19,49,426,4.1
13623,Carabanchel,part_time,2024-01-21,2024-05-09,46,411,4.9
13624,Puente de Vallecas,full_time,2024-12-13,2024-12-31,17,324,3.8
13625,Carabanchel,casual,2024-08-27,2024-11-15,16,75,4.0
13626,Tetuán,part_time,2024-03-10,2024-06-22,40,348,4.5
13627,Puente de Vallecas,part_time,2024-09-04,2024-12-19,52,465,3.9
13628,Villaverde,casual,2024-04-17,2024-12-31,52,274,4.3
13629,Villa de Vallecas,full_time,2024-10-27,2024-12-31,50,1003,3.5
13630,Carabanchel,casual,2024-01-01,2024-02-29,12,67,4.9
13631,Salamanca,casual,2024-05-30,2024-09-09,12,73,4.8
13632,Latina,full_time,2024-07-25,2024-12-31,143,2879,3.7
13633,Retiro,full_time,2024-12-30,2024-12-31,2,45,4.6
13634,Moncloa - Aravaca,casual,2024-05-21,2024-12-04,47,244,3.6
13635,Centro,part_time,2024-01-01,2024-03-20,31,290,4.9
13636,San Blas - Canillejas,casual,2024-12-11,2024-12-31,4,21,3.7
13637,Salamanca,casual,2024-01-01,2024-12-01,69,335,4.0
13638,Moncloa - Aravaca,casual,2024-05-11,2024-08-12,26,121,4.8
13639,Latina,full_time,2024-01-20,2024-04-27,81,1610,3.8
13640,Moncloa - Aravaca,casual,2024-10-09,2024-12-30,22,108,4.9
13641,Fuencarral - El Pardo,casual,2024-04-19,2024-10-15,38,203,4.5
13642,Ciudad Lineal,part_time,2024-12-20,2024-12-31,4,23,4.2
13643,Hortaleza,casual,2024-01-15,2024-12-31,74,397,3.7
13644,Hortaleza,casual,2024-01-01,2024-05-11,34,183,4.5
13645,Vicálvaro,casual,2024-09-18,2024-12-14,15,80,4.4
13646,Villa de Vallecas,part_time,2024-01-01,2024-03-08,28,240,4.1
13647,Carabanchel,part_time,2024-02-19,2024-05-05,37,348,4.1
13648,Fuencarral - El Pardo,part_time,2024-12-05,2024-12-31,12,112,4.4
13649,Latina,casual,2024-12-20,2024-12-31,2,6,4.1
13650,Arganzuela,casual,2024-09-24,2024-12-07,14,59,4.5
13651,Puente de Vallecas,part_time,2024-01-01,2024-05-31,77,682,4.2
13652,Hortaleza,casual,2024-08-08,2024-12-31,35,167,5.0
13653,Moncloa - Aravaca,casual,2024-06-27,2024-10-02,28,133,4.3
13654,Fuencarral - El Pardo,casual,2024-04-20,2024-07-24,20,97,3.7
13655,Latina,casual,2024-02-29,2024-09-04,40,194,5.0
13656,Hortaleza,casual,2024-05-05,2024-07-18,13,68,5.0
13657,Chamartín,full_time,2024-01-01,2024-08-18,179,3727,5.0
13658,Centro,casual,2024-05-26,2024-09-12,24,110,4.0
13659,Hortaleza,part_time,2024-01-01,2024-01-27,12,103,4.0
13660,Ciudad Lineal,casual,2024-10-11,2024-12-31,18,67,3.5
13661,Tetuán,part_time,2024-10-19,2024-12-31,31,283,4.8
13662,Arganzuela,part_time,2024-01-28,2024-08-04,83,734,4.6
13663,Chamartín,full_time,2024-12-04,2024-12-31,23,436,3.9
13664,Salamanca,casual,2024-09-24,2024-12-09,27,128,3.8
13665,Fuencarral - El Pardo,part_time,2024-10-11,2024-12-31,37,283,4.8
13666,Latina,casual,2024-10-31,2024-12-31,12,63,4.0
13667,San Blas - Canillejas,part_time,2024-02-23,2024-06-09,49,445,4.3
13668,Vicálvaro,full_time,2024-09-24,2024-12-31,85,1692,3.7
13669,Hortaleza,part_time,2024-01-01,2024-03-04,22,212,3.8
13670,Moncloa - Aravaca,part_time,2024-12-21,2024-12-31,6,56,4.1
13671,San Blas - Canillejas,full_time,2024-06-28,2024-10-01,86,1737,3.9
13672,Vicálvaro,full_time,2024-08-12,2024-11-18,83,1680,3.8
13673,Tetuán,casual,2024-02-18,2024-05-20,23,131,4.1
13674,Vicálvaro,casual,2024-01-01,2024-01-23,6,38,3.8
13675,Ciudad Lineal,part_time,2024-01-01,2024-03-16,34,305,4.9
13676,Fuencarral - El Pardo,full_time,2024-01-01,2024-04-12,87,1814,4.4
13677,Villa de Vallecas,casual,2024-01-01,2024-11-11,80,409,3.6
13678,Chamartín,casual,2024-02-04,2024-05-17,24,135,3.8
13679,Carabanchel,casual,2024-12-01,2024-12-31,10,55,4.2
13680,Hortaleza,casual,2024-10-23,2024-12-31,14,84,4.1
13681,Hortaleza,casual,2024-02-01,2024-12-31,79,432,4.5
13682,Moncloa - Aravaca,casual,2024-10-28,2024-12-31,16,87,4.7
13683,Moncloa - Aravaca,casual,2024-06-26,2024-09-22,24,102,4.4
13684,Barajas,part_time,2024-11-25,2024-12-31,14,134,4.0
13685,San Blas - Canillejas,casual,2024-08-16,2024-12-31,31,130,3.8
13686,Puente de Vallecas,casual,2024-09-07,2024-11-18,17,98,3.6
13687,Villa de Vallecas,casual,2024-01-25,2024-05-09,25,140,3.6
13688,Centro,casual,2024-08-03,2024-12-31,36,176,4.1
13689,Centro,casual,2024-09-23,2024-12-01,16,81,3.5
13690,Fuencarral - El Pardo,casual,2024-01-01,2024-02-14,6,38,4.0
13691,Moncloa - Aravaca,casual,2024-01-01,2024-02-02,10,56,3.5
13692,Fuencarral - El Pardo,part_time,2024-11-10,2024-12-31,22,206,4.8
13693,Villa de Vallecas,casual,2024-12-22,2024-12-31,2,9,3.8
13694,Chamartín,casual,2024-07-07,2024-09-29,17,75,4.5
13695,Chamartín,casual,2024-01-01,2024-05-04,26,137,4.8
13696,Centro,casual,2024-03-02,2024-08-09,32,185,4.8
13697,San Blas - Canillejas,casual,2024-01-01,2024-01-10,2,13,4.7
13698,Vicálvaro,casual,2024-08-23,2024-12-31,25,133,4.5
13699,Puente de Vallecas,casual,2024-01-01,2024-02-17,11,49,3.8
13700,Centro,casual,2024-03-12,2024-05-28,22,120,4.1
13701,Hortaleza,full_time,2024-06-22,2024-09-05,60,1200,4.1
13702,Fuencarral - El Pardo,casual,2024-07-18,2024-12-31,47,239,4.4
13703,Chamartín,casual,2024-11-18,2024-12-31,10,48,4.1
13704,Carabanchel,casual,2024-02-16,2024-08-20,33,158,3.6
13705,Fuencarral - El Pardo,casual,2024-01-01,2024-03-27,23,112,3.6
13706,Chamartín,part_time,2024-01-01,2024-03-01,28,259,4.1
13707,Villa de Vallecas,casual,2024-04-26,2024-12-31,57,291,4.8
13708,Hortaleza,casual,2024-01-01,2024-02-27,12,77,4.6
13709,Carabanchel,full_time,2024-07-25,2024-11-02,79,1579,4.0
13710,Vicálvaro,casual,2024-03-17,2024-08-30,47,215,4.9
13711,Carabanchel,casual,2024-04-02,2024-07-13,16,69,4.5
13712,Centro,part_time,2024-01-29,2024-04-28,48,432,4.8
13713,San Blas - Canillejas,full_time,2024-11-07,2024-12-31,42,816,4.7
13714,Villaverde,casual,2024-08-22,2024-11-27,18,81,4.4
13715,Villaverde,part_time,2024-04-25,2024-10-04,73,672,4.9
13716,Puente de Vallecas,casual,2024-04-08,2024-07-16,31,149,4.2
13717,Barajas,part_time,2024-03-08,2024-06-17,45,399,4.7
13718,Puente de Vallecas,casual,2024-02-19,2024-07-29,36,180,3.8
13719,San Blas - Canillejas,part_time,2024-10-14,2024-12-31,39,334,4.9
13720,Puente de Vallecas,casual,2024-04-06,2024-07-14,18,95,4.6
13721,Ciudad Lineal,casual,2024-01-01,2024-01-02,1,1,3.9
13722,Puente de Vallecas,casual,2024-11-28,2024-12-31,9,52,4.4
13723,Salamanca,part_time,2024-06-23,2024-10-05,39,316,3.5
13724,Usera,part_time,2024-01-01,2024-05-01,53,468,4.3
13725,Puente de Vallecas,part_time,2024-01-01,2024-02-27,26,266,4.6
13726,Carabanchel,full_time,2024-01-25,2024-07-24,153,2979,4.0
13727,Latina,casual,2024-07-10,2024-10-03,18,86,4.6
13728,Hortaleza,part_time,2024-12-05,2024-12-31,14,131,4.6
13729,Centro,casual,2024-01-01,2024-01-30,6,43,4.9
13730,San Blas - Canillejas,full_time,2024-01-01,2024-07-17,166,3278,4.9
13731,Villa de Vallecas,part_time,2024-01-14,2024-05-01,46,424,3.8
13732,Villaverde,casual,2024-04-09,2024-07-13,21,116,4.0
13733,Chamartín,casual,2024-10-01,2024-12-15,21,106,3.8
13734,Tetuán,part_time,2024-01-01,2024-03-11,27,258,4.1
13735,Centro,part_time,2024-11-27,2024-12-31,13,143,3.6
13736,San Blas - Canillejas,part_time,2024-02-11,2024-04-22,31,257,4.2
13737,Carabanchel,casual,2024-09-14,2024-11-27,19,113,4.8
13738,Carabanchel,casual,2024-07-16,2024-10-24,28,147,4.6
13739,Fuencarral - El Pardo,full_time,2024-02-06,2024-12-31,261,5258,4.3
13740,Villaverde,part_time,2024-10-19,2024-12-31,37,335,3.9
13741,Arganzuela,casual,2024-06-07,2024-11-15,39,213,3.9
13742,Ciudad Lineal,part_time,2024-09-27,2024-12-08,40,369,3.6
13743,Carabanchel,part_time,2024-06-24,2024-09-29,49,420,3.6
13744,Ciudad Lineal,part_time,2024-08-29,2024-11-16,32,321,4.6
13745,Hortaleza,part_time,2024-01-01,2024-01-26,14,135,4.9
13746,Barajas,full_time,2024-07-21,2024-10-24,82,1687,4.8
13747,Tetuán,full_time,2024-10-11,2024-12-31,70,1395,4.9
13748,Centro,casual,2024-07-26,2024-10-20,17,78,3.6
13749,San Blas - Canillejas,casual,2024-08-21,2024-12-31,33,170,4.0
13750,Tetuán,part_time,2024-12-27,2024-12-31,3,38,3.9
13751,Salamanca,part_time,2024-01-01,2024-03-14,32,282,3.6
13752,Hortaleza,casual,2024-07-16,2024-12-31,48,231,3.9
13753,Villaverde,full_time,2024-11-16,2024-12-31,37,718,4.5
13754,Vicálvaro,casual,2024-01-01,2024-01-14,2,10,4.2
13755,Hortaleza,casual,2024-01-01,2024-05-05,23,107,4.9
13756,Hortaleza,full_time,2024-01-01,2024-05-12,106,2042,3.7
13757,Fuencarral - El Pardo,full_time,2024-10-07,2024-12-31,69,1364,4.5
13758,Fuencarral - El Pardo,casual,2024-12-21,2024-12-31,3,26,4.4
13759,Centro,casual,2024-11-16,2024-12-31,12,68,4.6
13760,Moncloa - Aravaca,casual,2024-03-29,2024-09-06,44,188,4.2
13761,Hortaleza,casual,2024-07-02,2024-12-31,48,242,3.6
13762,Centro,casual,2024-01-01,2024-02-24,10,54,4.1
13763,Chamartín,casual,2024-12-20,2024-12-31,4,17,3.8
13764,San Blas - Canillejas,casual,2024-11-21,2024-12-31,11,54,4.0
13765,Centro,part_time,2024-07-06,2024-09-20,43,393,3.8
13766,Moncloa - Aravaca,part_time,2024-01-01,2024-03-03,23,199,4.5
13767,Chamartín,part_time,2024-12-08,2024-12-31,16,138,4.9
13768,Usera,casual,2024-11-16,2024-12-31,10,51,3.7
13769,Ciudad Lineal,casual,2024-12-27,2024-12-31,1,7,4.1
13770,Chamartín,casual,2024-05-14,2024-08-27,25,107,3.9
13771,Puente de Vallecas,full_time,2024-03-01,2024-06-11,81,1624,3.7
13772,Latina,casual,2024-01-01,2024-10-02,72,381,4.1
13773,Vicálvaro,part_time,2024-01-01,2024-12-29,150,1347,4.7
13774,Hortaleza,casual,2024-11-20,2024-12-31,7,33,3.9
13775,Retiro,full_time,2024-01-01,2024-02-29,51,953,3.9
13776,Carabanchel,casual,2024-07-30,2024-10-12,20,110,4.9
13777,Centro,casual,2024-11-22,2024-12-31,8,34,4.5
13778,Chamberí,part_time,2024-02-01,2024-05-06,53,467,3.9
13779,Villa de Vallecas,casual,2024-05-20,2024-09-05,26,115,3.5
13780,Carabanchel,part_time,2024-09-09,2024-12-31,48,460,5.0
13781,Centro,casual,2024-05-24,2024-08-23,19,89,5.0
13782,Vicálvaro,full_time,2024-05-25,2024-09-02,81,1622,4.5
13783,Chamartín,part_time,2024-08-25,2024-12-31,58,543,3.7
13784,Salamanca,casual,2024-01-01,2024-03-13,16,72,4.6
13785,Villa de Vallecas,part_time,2024-08-22,2024-11-24,45,389,4.2
13786,Vicálvaro,part_time,2024-11-23,2024-12-31,18,170,3.6
13787,Ciudad Lineal,part_time,2024-01-01,2024-02-14,20,168,3.7
13788,Moratalaz,casual,2024-01-01,2024-01-27,7,37,3.6
13789,Latina,casual,2024-01-01,2024-02-11,13,62,3.7
13790,Carabanchel,part_time,2024-09-01,2024-12-05,36,338,4.3
13791,Tetuán,casual,2024-01-01,2024-10-05,58,280,4.6
13792,Latina,full_time,2024-01-01,2024-12-02,270,5460,5.0
13793,Usera,casual,2024-08-28,2024-12-03,22,106,5.0
13794,San Blas - Canillejas,part_time,2024-01-18,2024-12-31,153,1356,4.7
13795,Fuencarral - El Pardo,casual,2024-06-28,2024-10-06,31,143,3.6
13796,Vicálvaro,part_time,2024-10-24,2024-12-31,35,303,4.2
13797,Arganzuela,casual,2024-05-06,2024-07-15,18,83,3.6
13798,Moncloa - Aravaca,casual,2024-11-03,2024-12-31,20,108,4.5
13799,Fuencarral - El Pardo,casual,2024-05-27,2024-08-27,24,116,3.7
13800,Fuencarral - El Pardo,part_time,2024-01-01,2024-10-20,126,1113,4.5
13801,Moncloa - Aravaca,casual,2024-02-07,2024-04-25,18,90,3.9
13802,Chamartín,part_time,2024-08-29,2024-12-04,39,332,4.5
13803,Carabanchel,casual,2024-07-20,2024-09-28,16,83,4.6
13804,Chamberí,part_time,2024-08-16,2024-12-31,58,504,3.9
13805,Fuencarral - El Pardo,part_time,2024-06-01,2024-09-14,55,488,5.0
13806,Carabanchel,casual,2024-09-25,2024-12-31,25,107,3.8
13807,Centro,casual,2024-01-29,2024-05-16,25,149,3.6
13808,San Blas - Canillejas,casual,2024-08-10,2024-12-31,36,165,4.4
13809,Villa de Vallecas,part_time,2024-03-21,2024-07-04,48,436,4.1
13810,Ciudad Lineal,full_time,2024-01-01,2024-02-19,42,897,4.7
13811,Chamberí,casual,2024-06-02,2024-08-26,16,75,4.3
13812,Puente de Vallecas,part_time,2024-01-19,2024-04-14,41,347,3.9
13813,Moncloa - Aravaca,part_time,2024-01-01,2024-01-29,12,110,4.3
13814,Arganzuela,part_time,2024-03-12,2024-06-17,45,412,4.8
13815,Chamartín,casual,2024-12-19,2024-12-31,1,4,3.9
13816,Latina,full_time,2024-11-05,2024-12-31,49,990,3.7
13817,San Blas - Canillejas,casual,2024-12-22,2024-12-31,3,12,4.8
13818,Fuencarral - El Pardo,part_time,2024-01-01,2024-01-16,9,88,4.8
13819,Centro,casual,2024-01-01,2024-03-25,19,84,4.8
13820,Centro,part_time,2024-01-01,2024-06-16,85,733,3.9
13821,Centro,full_time,2024-09-04,2024-11-28,70,1455,4.7
13822,Hortaleza,full_time,2024-12-21,2024-12-31,8,181,3.9
13823,Latina,casual,2024-01-01,2024-10-24,66,326,4.4
13824,Villaverde,part_time,2024-03-02,2024-12-31,129,1215,3.7
13825,Retiro,casual,2024-01-01,2024-03-04,11,49,4.1
13826,Moncloa - Aravaca,part_time,2024-06-12,2024-12-09,78,690,4.9
13827,Barajas,casual,2024-11-09,2024-12-31,3,12,3.5
13828,Centro,part_time,2024-04-27,2024-12-31,98,902,3.7
13829,Latina,casual,2024-07-20,2024-11-06,28,129,4.5
13830,Moncloa - Aravaca,casual,2024-05-05,2024-08-16,18,90,4.7
13831,Moncloa - Aravaca,casual,2024-01-01,2024-11-24,82,432,4.2
13832,Villa de Vallecas,casual,2024-01-01,2024-09-26,65,331,4.6
13833,Latina,casual,2024-10-08,2024-12-31,22,123,5.0
13834,Hortaleza,part_time,2024-07-24,2024-10-19,51,490,4.5
13835,Salamanca,part_time,2024-01-01,2024-08-07,98,907,4.2
13836,Usera,part_time,2024-05-25,2024-08-25,33,298,4.4
13837,Puente de Vallecas,part_time,2024-01-01,2024-03-01,27,265,4.0
13838,Fuencarral - El Pardo,casual,2024-01-01,2024-01-22,4,18,3.6
13839,Centro,casual,2024-01-01,2024-03-05,13,58,3.7
13840,Vicálvaro,casual,2024-10-19,2024-12-31,22,105,4.2
13841,Centro,casual,2024-01-01,2024-07-07,51,244,3.9
13842,San Blas - Canillejas,part_time,2024-12-15,2024-12-31,8,70,3.6
13843,Retiro,part_time,2024-03-19,2024-05-27,28,256,4.1
13844,Salamanca,part_time,2024-03-30,2024-07-11,51,476,4.8
13845,San Blas - Canillejas,part_time,2024-10-07,2024-12-31,39,316,3.6
13846,Arganzuela,casual,2024-01-01,2024-06-12,40,209,4.9
13847,Puente de Vallecas,part_time,2024-11-20,2024-12-31,19,193,3.7
13848,San Blas - Canillejas,casual,2024-04-22,2024-12-31,64,313,4.2
13849,Fuencarral - El Pardo,full_time,2024-01-01,2024-02-15,39,776,4.8
13850,Hortaleza,casual,2024-12-12,2024-12-31,5,30,3.6
13851,Vicálvaro,casual,2024-02-10,2024-05-11,24,145,4.4
13852,Villaverde,casual,2024-01-01,2024-06-18,45,219,4.6
13853,Chamartín,casual,2024-11-15,2024-12-31,9,36,4.4
13854,Ciudad Lineal,casual,2024-01-01,2024-08-21,42,210,3.6
13855,Centro,casual,2024-08-29,2024-11-21,16,90,4.3
13856,Arganzuela,part_time,2024-01-01,2024-01-16,9,92,3.7
13857,Vicálvaro,full_time,2024-11-25,2024-12-31,31,599,4.1
13858,Barajas,casual,2024-04-07,2024-07-05,18,100,3.8
13859,Villaverde,casual,2024-01-01,2024-04-06,23,105,4.6
13860,San Blas - Canillejas,full_time,2024-12-21,2024-12-31,9,186,4.7
13861,Vicálvaro,casual,2024-09-02,2024-12-12,24,121,3.8
13862,Moncloa - Aravaca,part_time,2024-09-25,2024-12-31,44,366,4.5
13863,Centro,casual,2024-05-16,2024-08-17,20,104,4.7
13864,Chamartín,casual,2024-05-18,2024-12-31,56,268,4.2
13865,Fuencarral - El Pardo,casual,2024-01-01,2024-07-30,41,187,4.9
13866,Villa de Vallecas,casual,2024-04-06,2024-10-17,43,216,3.8
13867,Puente de Vallecas,part_time,2024-01-01,2024-10-05,119,1122,3.7
13868,Arganzuela,part_time,2024-04-05,2024-07-18,48,425,3.7
13869,Villa de Vallecas,casual,2024-01-01,2024-01-03,1,1,4.9
13870,Hortaleza,full_time,2024-10-03,2024-12-31,69,1378,4.4
13871,Carabanchel,casual,2024-01-01,2024-06-08,37,174,3.7
13872,Carabanchel,casual,2024-05-09,2024-07-31,17,95,4.1
13873,Carabanchel,full_time,2024-04-26,2024-12-31,210,4187,4.0
13874,Hortaleza,full_time,2024-01-01,2024-01-16,14,244,4.8
13875,Carabanchel,casual,2024-03-12,2024-06-02,19,98,4.0
13876,San Blas - Canillejas,casual,2024-01-18,2024-05-04,22,115,3.6
13877,Chamartín,casual,2024-01-01,2024-03-14,22,127,3.5
13878,Villaverde,casual,2024-10-07,2024-12-31,15,81,4.4
13879,Barajas,part_time,2024-01-31,2024-12-31,147,1310,3.7
13880,Carabanchel,casual,2024-03-11,2024-09-05,43,229,5.0
13881,Chamberí,part_time,2024-01-01,2024-03-03,29,248,4.9
13882,Chamartín,casual,2024-04-13,2024-10-05,46,232,4.3
13883,Vicálvaro,casual,2024-02-03,2024-05-01,26,137,4.5
13884,Fuencarral - El Pardo,casual,2024-01-01,2024-03-31,16,88,3.8
13885,San Blas - Canillejas,casual,2024-06-07,2024-08-19,19,104,3.5
13886,Centro,part_time,2024-07-15,2024-12-29,76,676,3.5
13887,Puente de Vallecas,full_time,2024-01-01,2024-01-26,19,381,4.4
13888,Centro,full_time,2024-01-01,2024-01-26,18,376,3.8
13889,Fuencarral - El Pardo,part_time,2024-08-09,2024-12-31,73,612,4.6
13890,Centro,casual,2024-01-04,2024-04-04,21,99,4.6
13891,Tetuán,full_time,2024-01-01,2024-03-21,63,1315,4.9
13892,Hortaleza,full_time,2024-12-14,2024-12-31,18,335,4.7
13893,Tetuán,full_time,2024-01-07,2024-03-19,58,1129,4.3
13894,San Blas - Canillejas,casual,2024-08-09,2024-11-08,25,127,4.0
13895,Chamberí,casual,2024-09-25,2024-12-31,21,95,4.9
13896,Centro,part_time,2024-03-13,2024-05-24,32,294,3.8
13897,Retiro,casual,2024-04-24,2024-08-04,19,95,3.8
13898,Carabanchel,casual,2024-06-21,2024-08-29,12,62,4.4
13899,Moncloa - Aravaca,casual,2024-01-01,2024-04-05,29,162,5.0
13900,Hortaleza,part_time,2024-01-01,2024-06-09,69,593,3.6
13901,Barajas,casual,2024-12-05,2024-12-31,9,41,5.0
13902,Tetuán,part_time,2024-01-01,2024-05-25,61,505,4.1
13903,Hortaleza,part_time,2024-10-07,2024-12-31,43,411,4.5
13904,Carabanchel,casual,2024-05-27,2024-09-09,25,126,4.5
13905,Villa de Vallecas,casual,2024-06-27,2024-12-06,32,155,4.3
13906,Usera,full_time,2024-03-12,2024-09-04,145,2854,4.9
13907,Hortaleza,casual,2024-07-03,2024-09-15,14,52,4.0
13908,Carabanchel,casual,2024-04-28,2024-10-18,47,240,4.6
13909,Chamberí,casual,2024-04-30,2024-08-16,20,81,4.3
13910,Puente de Vallecas,casual,2024-10-02,2024-12-31,30,156,4.7
13911,Fuencarral - El Pardo,part_time,2024-11-08,2024-12-31,29,258,4.8
13912,Retiro,casual,2024-01-24,2024-04-27,28,146,4.1
13913,Tetuán,full_time,2024-01-01,2024-03-01,47,951,3.5
13914,Fuencarral - El Pardo,casual,2024-10-10,2024-12-21,16,81,4.7
13915,San Blas - Canillejas,full_time,2024-01-06,2024-04-07,80,1620,3.7
13916,Puente de Vallecas,part_time,2024-10-30,2024-12-31,32,322,3.9
13917,Puente de Vallecas,casual,2024-01-01,2024-02-15,11,47,4.4
13918,Vicálvaro,part_time,2024-01-01,2024-02-10,16,128,3.8
13919,Moncloa - Aravaca,casual,2024-01-01,2024-05-12,24,135,4.8
13920,San Blas - Canillejas,full_time,2024-01-01,2024-01-07,6,108,3.9
13921,Latina,part_time,2024-09-03,2024-12-19,47,425,4.0
13922,Ciudad Lineal,casual,2024-04-05,2024-06-27,15,66,4.6
13923,Moncloa - Aravaca,casual,2024-12-07,2024-12-31,8,49,3.7
13924,Usera,full_time,2024-03-16,2024-06-16,77,1583,4.5
13925,Chamartín,part_time,2024-08-12,2024-11-29,55,475,3.5
13926,Retiro,casual,2024-08-07,2024-11-12,21,83,4.5
13927,Centro,casual,2024-02-24,2024-05-30,21,108,4.1
13928,Arganzuela,casual,2024-11-02,2024-12-31,9,48,4.6
13929,Moncloa - Aravaca,part_time,2024-03-25,2024-07-05,46,376,3.6
13930,Chamberí,part_time,2024-06-10,2024-09-08,46,424,4.9
13931,Villaverde,part_time,2024-04-07,2024-06-26,48,413,4.0
13932,Puente de Vallecas,part_time,2024-01-01,2024-11-08,152,1397,4.1
13933,Carabanchel,part_time,2024-01-01,2024-01-30,13,125,3.8
13934,Villa de Vallecas,casual,2024-01-01,2024-06-20,47,263,3.7
13935,Puente de Vallecas,part_time,2024-11-24,2024-12-31,24,211,3.6
13936,Ciudad Lineal,casual,2024-10-16,2024-12-31,20,100,3.7
13937,San Blas - Canillejas,full_time,2024-11-07,2024-12-31,47,965,4.3
13938,Fuencarral - El Pardo,casual,2024-07-27,2024-12-31,20,103,4.6
13939,Carabanchel,part_time,2024-07-22,2024-11-01,54,501,3.7
13940,Chamberí,full_time,2024-11-06,2024-12-31,47,924,3.7
13941,Hortaleza,part_time,2024-06-04,2024-09-02,32,297,3.6
13942,San Blas - Canillejas,casual,2024-11-24,2024-12-31,8,34,4.2
13943,Chamartín,part_time,2024-04-14,2024-07-04,39,339,3.8
13944,Villaverde,casual,2024-06-28,2024-10-03,16,81,3.7
13945,Hortaleza,casual,2024-03-16,2024-09-16,60,299,4.1
13946,Villaverde,part_time,2024-01-01,2024-01-09,4,47,4.4
13947,Moncloa - Aravaca,part_time,2024-01-08,2024-03-29,37,346,3.8
13948,Villa de Vallecas,casual,2024-11-28,2024-12-31,6,34,4.7
13949,Arganzuela,full_time,2024-03-13,2024-12-31,249,5071,4.4
13950,Arganzuela,casual,2024-01-01,2024-01-26,2,12,4.6
13951,Carabanchel,full_time,2024-12-13,2024-12-31,16,356,4.0
13952,Latina,part_time,2024-11-29,2024-12-31,13,104,4.1
13953,Barajas,full_time,2024-08-21,2024-11-23,81,1610,5.0
13954,Villa de Vallecas,part_time,2024-02-18,2024-05-05,34,340,4.4
13955,Barajas,full_time,2024-02-06,2024-05-17,84,1721,3.7
13956,Tetuán,part_time,2024-11-03,2024-12-31,28,244,4.6
13957,Usera,casual,2024-01-01,2024-02-14,11,52,4.6
13958,Carabanchel,casual,2024-01-29,2024-04-15,22,108,4.9
13959,Fuencarral - El Pardo,part_time,2024-01-01,2024-03-17,37,341,4.3
13960,Tetuán,casual,2024-08-27,2024-11-15,15,85,4.4
13961,Villa de Vallecas,full_time,2024-03-13,2024-06-29,93,1836,4.0
13962,Fuencarral - El Pardo,casual,2024-11-25,2024-12-31,5,29,4.3
13963,Villa de Vallecas,full_time,2024-09-13,2024-12-31,89,1737,3.6
13964,Fuencarral - El Pardo,casual,2024-12-20,2024-12-31,5,28,4.7
13965,Vicálvaro,part_time,2024-01-01,2024-06-17,80,739,4.5
13966,Latina,full_time,2024-01-01,2024-12-09,287,5634,4.5
13967,Villaverde,casual,2024-07-27,2024-11-01,19,90,4.5
13968,Puente de Vallecas,part_time,2024-12-18,2024-12-31,4,44,3.8
13969,Fuencarral - El Pardo,casual,2024-01-01,2024-09-08,63,313,3.6
13970,Villa de Vallecas,part_time,2024-03-02,2024-05-27,32,286,4.3
13971,Salamanca,part_time,2024-06-08,2024-12-13,75,680,4.3
13972,Ciudad Lineal,casual,2024-05-01,2024-12-31,47,218,4.8
13973,Usera,casual,2024-01-01,2024-04-12,23,111,4.5
13974,Carabanchel,casual,2024-05-01,2024-07-22,21,89,4.0
13975,Latina,casual,2024-03-18,2024-06-24,18,78,4.3
13976,Puente de Vallecas,part_time,2024-02-11,2024-08-24,86,814,4.3
13977,Tetuán,casual,2024-01-01,2024-04-11,22,115,4.6
13978,Centro,full_time,2024-07-19,2024-10-30,84,1744,4.6
13979,Carabanchel,full_time,2024-01-01,2024-03-25,73,1522,4.4
13980,San Blas - Canillejas,full_time,2024-01-01,2024-01-12,10,211,4.8
13981,Chamartín,part_time,2024-05-13,2024-08-16,39,383,4.0
13982,Vicálvaro,casual,2024-01-01,2024-01-22,2,10,4.7
13983,Usera,part_time,2024-07-30,2024-11-04,42,376,3.6
13984,Moratalaz,part_time,2024-06-25,2024-10-05,44,367,4.8
13985,Villaverde,full_time,2024-05-03,2024-11-13,161,3339,4.0
13986,Centro,casual,2024-01-01,2024-02-12,8,34,4.5
13987,Salamanca,casual,2024-01-01,2024-03-09,12,61,4.6
13988,Vicálvaro,full_time,2024-07-30,2024-11-04,80,1596,4.1
13989,Barajas,part_time,2024-01-01,2024-01-15,10,77,3.8
13990,Puente de Vallecas,casual,2024-01-01,2024-03-24,15,79,4.6
13991,Moncloa - Aravaca,part_time,2024-09-15,2024-12-12,40,340,4.0
13992,Vicálvaro,casual,2024-01-01,2024-03-14,18,100,4.0
13993,Moncloa - Aravaca,part_time,2024-05-24,2024-08-06,36,302,4.5
13994,Barajas,casual,2024-01-01,2024-02-25,16,72,4.5
13995,Ciudad Lineal,casual,2024-01-12,2024-04-19,20,94,3.5
13996,San Blas - Canillejas,casual,2024-11-06,2024-12-31,13,65,4.3
13997,Moncloa - Aravaca,casual,2024-09-11,2024-12-07,21,85,4.7
13998,Hortaleza,casual,2024-01-01,2024-05-14,32,153,4.1
13999,Hortaleza,casual,2024-01-01,2024-04-25,28,147,4.0
14000,Carabanchel,casual,2024-01-01,2024-12-06,79,404,4.4
14001,Moncloa - Aravaca,part_time,2024-06-13,2024-12-11,86,790,3.8
14002,Ciudad Lineal,part_time,2024-03-02,2024-12-31,143,1264,4.9
14003,Carabanchel,part_time,2024-01-27,2024-05-14,51,485,3.8
14004,San Blas - Canillejas,casual,2024-12-07,2024-12-31,3,18,4.5
14005,Chamartín,casual,2024-09-02,2024-12-31,33,171,4.5
14006,Hortaleza,part_time,2024-04-21,2024-12-31,104,972,4.6
14007,Moratalaz,full_time,2024-10-26,2024-12-31,57,1168,4.8
14008,San Blas - Canillejas,full_time,2024-01-01,2024-07-29,174,3470,4.3
14009,Villaverde,full_time,2024-01-01,2024-06-12,131,2664,4.9
14010,Fuencarral - El Pardo,part_time,2024-03-05,2024-05-15,36,316,4.4
14011,Carabanchel,full_time,2024-01-01,2024-03-31,80,1571,4.9
14012,Carabanchel,casual,2024-01-01,2024-03-02,19,87,3.6
14013,Hortaleza,part_time,2024-11-11,2024-12-31,26,248,4.8
14014,Centro,full_time,2024-09-19,2024-12-31,88,1763,4.4
14015,Fuencarral - El Pardo,part_time,2024-05-04,2024-10-20,77,678,4.8
14016,Centro,casual,2024-07-30,2024-10-28,18,79,4.0
14017,Moncloa - Aravaca,casual,2024-01-01,2024-05-10,28,143,4.5
14018,Barajas,casual,2024-01-01,2024-01-17,4,23,4.3
14019,Centro,casual,2024-04-23,2024-07-18,25,130,4.6
14020,Tetuán,part_time,2024-08-02,2024-11-03,47,421,4.5
14021,Arganzuela,part_time,2024-07-11,2024-12-31,66,571,4.8
14022,Salamanca,casual,2024-03-24,2024-12-31,65,316,4.1
14023,Chamartín,part_time,2024-11-20,2024-12-31,22,194,4.4
14024,Centro,casual,2024-01-01,2024-04-21,25,113,4.8
14025,Arganzuela,part_time,2024-02-07,2024-04-27,34,295,4.3
14026,Chamberí,casual,2024-01-01,2024-02-05,9,38,4.1
14027,Villaverde,casual,2024-11-15,2024-12-31,8,49,4.2
14028,Chamartín,part_time,2024-04-22,2024-07-29,57,501,4.7
14029,Fuencarral - El Pardo,part_time,2024-03-26,2024-07-06,46,445,4.9
14030,Ciudad Lineal,part_time,2024-12-25,2024-12-31,3,32,3.8
14031,Hortaleza,casual,2024-04-17,2024-07-11,23,124,3.9
14032,Fuencarral - El Pardo,part_time,2024-02-21,2024-06-07,55,467,3.8
14033,Puente de Vallecas,casual,2024-01-01,2024-04-23,21,117,3.8
14034,Puente de Vallecas,casual,2024-04-29,2024-07-12,17,86,3.6
14035,Latina,part_time,2024-07-09,2024-12-31,85,745,4.7
14036,Puente de Vallecas,part_time,2024-11-21,2024-12-31,21,194,4.0
14037,Carabanchel,full_time,2024-01-01,2024-05-18,116,2385,4.1
14038,San Blas - Canillejas,casual,2024-08-17,2024-11-03,17,84,4.8
14039,Centro,part_time,2024-01-01,2024-01-03,2,18,4.9
14040,Chamartín,casual,2024-10-03,2024-12-25,25,122,4.3
14041,Puente de Vallecas,part_time,2024-01-01,2024-07-20,102,911,3.6
14042,Puente de Vallecas,part_time,2024-01-01,2024-01-21,11,101,4.2
14043,Usera,part_time,2024-02-13,2024-07-28,75,637,4.9
14044,Tetuán,full_time,2024-11-13,2024-12-31,38,761,4.9
14045,Villa de Vallecas,part_time,2024-01-27,2024-04-12,42,391,4.0
14046,Ciudad Lineal,casual,2024-01-01,2024-07-25,41,200,5.0
14047,Barajas,full_time,2024-01-01,2024-03-20,73,1468,4.0
14048,Ciudad Lineal,full_time,2024-12-22,2024-12-31,10,199,4.7
14049,Carabanchel,casual,2024-01-01,2024-11-12,86,435,4.9
14050,Latina,casual,2024-12-03,2024-12-31,8,36,3.7
14051,Chamartín,casual,2024-01-01,2024-02-11,10,57,3.9
14052,Barajas,part_time,2024-04-18,2024-07-28,48,424,4.3
14053,Latina,full_time,2024-05-17,2024-07-25,58,1171,4.1
14054,Hortaleza,part_time,2024-01-01,2024-07-06,74,669,5.0
14055,San Blas - Canillejas,casual,2024-01-01,2024-12-28,90,446,4.1
14056,Puente de Vallecas,casual,2024-03-03,2024-06-13,27,159,4.8
14057,Chamartín,casual,2024-01-01,2024-06-29,33,150,3.8
14058,Hortaleza,casual,2024-03-12,2024-06-18,19,115,5.0
14059,Centro,casual,2024-07-24,2024-10-05,12,59,4.6
14060,Retiro,casual,2024-04-23,2024-08-10,23,129,3.5
14061,San Blas - Canillejas,casual,2024-01-01,2024-10-26,73,376,3.8
14062,Usera,casual,2024-10-29,2024-12-31,13,69,3.7
14063,Retiro,part_time,2024-07-28,2024-10-12,33,293,4.4
14064,Villa de Vallecas,casual,2024-07-12,2024-10-29,19,92,4.8
14065,Puente de Vallecas,casual,2024-01-02,2024-04-14,17,76,4.7
14066,Fuencarral - El Pardo,part_time,2024-09-10,2024-12-04,47,416,4.4
14067,Villa de Vallecas,full_time,2024-01-01,2024-01-18,15,284,4.4
14068,Ciudad Lineal,part_time,2024-01-01,2024-06-04,77,689,4.9
14069,Centro,part_time,2024-01-01,2024-10-28,141,1268,4.2
14070,Villa de Vallecas,part_time,2024-11-11,2024-12-31,18,181,4.6
14071,Chamartín,part_time,2024-01-01,2024-01-21,10,105,3.6
14072,Villaverde,part_time,2024-01-01,2024-11-12,150,1344,3.6
14073,Latina,casual,2024-01-01,2024-03-28,15,82,3.8
14074,Ciudad Lineal,part_time,2024-01-26,2024-04-11,40,390,4.9
14075,Centro,casual,2024-01-01,2024-10-18,66,320,4.6
14076,Centro,casual,2024-01-01,2024-02-23,8,41,4.9
14077,Tetuán,casual,2024-10-13,2024-12-31,19,105,4.0
14078,Puente de Vallecas,casual,2024-01-01,2024-02-16,12,60,3.8
14079,Puente de Vallecas,casual,2024-06-24,2024-09-26,23,116,3.6
14080,Hortaleza,part_time,2024-01-01,2024-04-01,36,330,4.2
14081,Villa de Vallecas,casual,2024-01-01,2024-02-28,12,51,5.0
14082,Usera,casual,2024-05-09,2024-07-23,13,61,3.6
14083,Moncloa - Aravaca,casual,2024-03-01,2024-06-10,27,140,4.9
14084,Vicálvaro,casual,2024-01-01,2024-02-02,13,64,3.9
14085,Hortaleza,part_time,2024-01-01,2024-01-30,9,86,3.6
14086,Hortaleza,casual,2024-01-01,2024-08-06,44,207,3.8
14087,Fuencarral - El Pardo,casual,2024-09-05,2024-12-31,28,141,3.6
14088,Fuencarral - El Pardo,casual,2024-10-26,2024-12-31,15,69,4.5
14089,Puente de Vallecas,casual,2024-01-01,2024-01-30,7,41,4.9
14090,Hortaleza,casual,2024-01-01,2024-05-04,31,155,5.0
14091,Fuencarral - El Pardo,casual,2024-01-01,2024-09-04,53,247,3.6
14092,Ciudad Lineal,part_time,2024-07-27,2024-10-19,42,406,4.3
14093,Villa de Vallecas,full_time,2024-02-11,2024-05-09,77,1530,4.2
14094,Puente de Vallecas,part_time,2024-01-06,2024-04-12,49,471,3.9
14095,Carabanchel,casual,2024-05-25,2024-11-10,37,206,4.3
14096,Chamartín,casual,2024-08-12,2024-10-28,25,120,3.9
14097,Usera,part_time,2024-05-18,2024-08-03,28,248,3.9
14098,Ciudad Lineal,casual,2024-08-09,2024-10-19,18,90,4.9
14099,Usera,full_time,2024-01-01,2024-01-03,3,60,4.6
14100,Carabanchel,casual,2024-03-14,2024-05-22,15,78,4.6
14101,Fuencarral - El Pardo,casual,2024-06-04,2024-11-25,37,162,4.3
14102,Vicálvaro,casual,2024-07-25,2024-10-23,13,78,4.1
14103,Puente de Vallecas,full_time,2024-01-01,2024-04-14,84,1684,4.1
14104,Fuencarral - El Pardo,full_time,2024-01-09,2024-06-26,134,2662,3.7
14105,Arganzuela,full_time,2024-01-01,2024-06-14,143,2831,5.0
14106,Puente de Vallecas,casual,2024-11-06,2024-12-31,14,56,4.5
14107,Usera,part_time,2024-02-07,2024-05-18,39,389,4.3
14108,Retiro,casual,2024-11-06,2024-12-31,17,80,4.4
14109,Carabanchel,casual,2024-11-10,2024-12-31,14,83,5.0
14110,Salamanca,part_time,2024-06-02,2024-08-22,41,378,3.9
14111,Tetuán,full_time,2024-09-28,2024-12-31,82,1604,4.8
14112,Villaverde,casual,2024-01-01,2024-02-03,8,43,3.7
14113,Fuencarral - El Pardo,casual,2024-01-01,2024-04-02,17,85,3.5
14114,Fuencarral - El Pardo,casual,2024-04-17,2024-06-25,17,93,4.9
14115,San Blas - Canillejas,casual,2024-05-22,2024-12-31,50,252,3.6
14116,Moncloa - Aravaca,casual,2024-12-10,2024-12-31,6,32,4.5
14117,Tetuán,full_time,2024-03-11,2024-09-16,159,3149,4.2
14118,Arganzuela,casual,2024-01-01,2024-01-04,1,1,4.1
14119,Retiro,part_time,2024-01-01,2024-05-09,61,524,5.0
14120,Centro,casual,2024-01-01,2024-11-16,59,290,4.0
14121,Latina,casual,2024-08-13,2024-11-08,22,122,3.6
14122,Fuencarral - El Pardo,casual,2024-03-04,2024-12-31,64,341,3.9
14123,Centro,casual,2024-10-02,2024-12-31,26,141,4.9
14124,Hortaleza,casual,2024-01-18,2024-05-06,21,122,4.9
14125,Latina,part_time,2024-06-13,2024-08-25,32,316,3.9
14126,Hortaleza,full_time,2024-01-01,2024-03-08,53,1012,4.3
14127,Carabanchel,casual,2024-07-20,2024-10-26,23,132,4.4
14128,Hortaleza,part_time,2024-07-13,2024-12-31,77,721,5.0
14129,Moncloa - Aravaca,full_time,2024-01-11,2024-12-31,268,5417,4.4
14130,Carabanchel,casual,2024-04-23,2024-07-24,19,75,4.8
14131,San Blas - Canillejas,full_time,2024-01-01,2024-04-12,83,1664,3.7
14132,Ciudad Lineal,full_time,2024-11-30,2024-12-31,25,497,4.2
14133,Arganzuela,part_time,2024-07-04,2024-10-04,45,406,4.6
14134,Fuencarral - El Pardo,part_time,2024-09-21,2024-12-31,53,506,3.6
14135,Carabanchel,part_time,2024-01-01,2024-01-14,7,55,4.1
14136,Tetuán,casual,2024-01-18,2024-04-27,25,116,4.9
14137,Latina,part_time,2024-05-07,2024-08-10,44,371,4.7
14138,Arganzuela,full_time,2024-01-27,2024-12-31,301,5946,3.7
14139,San Blas - Canillejas,casual,2024-03-26,2024-07-10,17,102,4.2
14140,Barajas,part_time,2024-03-02,2024-06-04,48,394,4.2
14141,Carabanchel,casual,2024-01-01,2024-11-18,56,294,3.7
14142,Moratalaz,casual,2024-01-01,2024-09-24,65,319,4.0
14143,Puente de Vallecas,part_time,2024-01-01,2024-01-22,7,62,3.8
14144,Barajas,part_time,2024-08-12,2024-11-13,45,394,5.0
14145,Carabanchel,part_time,2024-08-30,2024-12-31,55,538,4.3
14146,Fuencarral - El Pardo,part_time,2024-01-01,2024-06-16,76,692,3.7
14147,Chamartín,casual,2024-12-15,2024-12-31,2,9,4.2
14148,Carabanchel,full_time,2024-12-26,2024-12-31,6,129,3.6
14149,Chamartín,part_time,2024-06-24,2024-09-07,38,341,4.8
14150,Hortaleza,part_time,2024-09-28,2024-12-31,40,359,4.5
14151,Latina,casual,2024-02-03,2024-12-31,88,419,4.3
14152,Villaverde,casual,2024-01-01,2024-05-27,37,168,4.6
14153,Ciudad Lineal,full_time,2024-01-01,2024-01-31,25,465,4.0
14154,Villaverde,casual,2024-02-26,2024-06-11,26,130,4.1
14155,Centro,casual,2024-01-01,2024-03-27,20,106,3.6
14156,Tetuán,part_time,2024-11-27,2024-12-31,15,131,3.9
14157,Latina,part_time,2024-12-18,2024-12-31,5,53,3.5
14158,Latina,full_time,2024-01-24,2024-12-31,279,5555,3.7
14159,Ciudad Lineal,part_time,2024-02-23,2024-12-31,146,1324,4.5
14160,Latina,full_time,2024-11-12,2024-12-31,41,886,3.8
14161,San Blas - Canillejas,casual,2024-09-06,2024-12-11,26,144,3.5
14162,Centro,part_time,2024-01-01,2024-04-28,50,455,3.8
14163,Ciudad Lineal,part_time,2024-12-05,2024-12-31,12,109,4.0
14164,Hortaleza,part_time,2024-06-12,2024-09-27,53,459,3.7
14165,Carabanchel,casual,2024-01-01,2024-01-10,2,5,3.8
14166,Carabanchel,casual,2024-01-01,2024-04-03,21,111,5.0
14167,Barajas,part_time,2024-09-27,2024-12-31,31,245,3.5
14168,Usera,part_time,2024-01-01,2024-04-03,42,378,4.3
14169,Retiro,casual,2024-10-12,2024-12-31,10,63,4.7
14170,San Blas - Canillejas,part_time,2024-07-28,2024-12-31,73,695,5.0
14171,Hortaleza,part_time,2024-01-01,2024-01-20,10,87,4.0
14172,Moratalaz,casual,2024-03-05,2024-05-28,16,78,4.0
14173,Ciudad Lineal,part_time,2024-05-30,2024-08-10,32,278,4.1
14174,Arganzuela,part_time,2024-01-01,2024-02-05,15,135,4.4
14175,Centro,casual,2024-03-03,2024-12-31,82,427,4.2
14176,Villaverde,casual,2024-12-23,2024-12-31,3,12,4.0
14177,Villaverde,casual,2024-07-05,2024-09-27,24,120,4.9
14178,Vicálvaro,part_time,2024-05-25,2024-08-03,28,231,4.1
14179,Hortaleza,casual,2024-09-26,2024-12-31,26,122,3.8
14180,Usera,casual,2024-12-15,2024-12-31,4,17,5.0
14181,San Blas - Canillejas,casual,2024-11-16,2024-12-31,14,74,4.3
14182,Villaverde,part_time,2024-01-01,2024-01-20,13,133,4.8
14183,Latina,part_time,2024-01-01,2024-02-14,21,186,4.0
14184,Moncloa - Aravaca,casual,2024-06-02,2024-12-05,34,181,3.8
14185,San Blas - Canillejas,full_time,2024-01-01,2024-05-07,101,2008,3.8
14186,Puente de Vallecas,casual,2024-05-29,2024-08-23,22,100,4.6
14187,Salamanca,casual,2024-10-16,2024-12-31,20,109,4.9
14188,Usera,casual,2024-12-05,2024-12-31,2,14,4.9
14189,Centro,part_time,2024-02-21,2024-06-06,51,457,4.6
14190,Ciudad Lineal,part_time,2024-10-12,2024-12-31,38,394,4.6
14191,San Blas - Canillejas,casual,2024-05-15,2024-08-21,24,106,3.9
14192,Vicálvaro,part_time,2024-08-04,2024-10-16,28,243,4.1
14193,Puente de Vallecas,part_time,2024-01-01,2024-03-11,27,261,3.6
14194,Puente de Vallecas,full_time,2024-01-01,2024-02-03,27,541,4.3
14195,Villaverde,full_time,2024-07-25,2024-12-31,132,2627,4.9
14196,Retiro,part_time,2024-03-13,2024-12-31,143,1303,4.5
14197,Carabanchel,casual,2024-10-16,2024-12-26,18,92,4.1
14198,Carabanchel,casual,2024-01-01,2024-02-23,13,63,4.0
14199,Latina,full_time,2024-01-01,2024-04-02,78,1542,4.2
14200,Tetuán,part_time,2024-01-01,2024-02-04,17,145,4.0
14201,Arganzuela,casual,2024-07-28,2024-10-18,14,60,4.9
14202,Hortaleza,full_time,2024-03-25,2024-12-31,224,4486,4.6
14203,San Blas - Canillejas,full_time,2024-02-24,2024-08-19,146,2923,3.9
14204,Villa de Vallecas,part_time,2024-01-01,2024-03-03,24,234,4.2
14205,Centro,full_time,2024-01-01,2024-01-13,10,191,3.5
14206,Carabanchel,casual,2024-01-24,2024-04-29,23,133,3.5
14207,Usera,part_time,2024-01-01,2024-01-03,2,19,4.2
14208,Hortaleza,full_time,2024-12-08,2024-12-31,22,437,4.2
14209,Chamberí,casual,2024-01-01,2024-04-05,27,152,3.5
14210,Hortaleza,casual,2024-01-01,2024-05-26,35,169,4.1
14211,Ciudad Lineal,part_time,2024-10-02,2024-12-24,38,339,3.9
14212,Salamanca,casual,2024-12-29,2024-12-31,1,2,3.9
14213,Hortaleza,casual,2024-07-06,2024-10-19,19,95,4.0
14214,Puente de Vallecas,casual,2024-02-03,2024-04-22,23,101,4.4
14215,Puente de Vallecas,casual,2024-05-07,2024-07-16,12,61,4.6
14216,Latina,casual,2024-01-01,2024-02-13,11,46,4.1
14217,Puente de Vallecas,full_time,2024-01-01,2024-03-18,65,1333,5.0
14218,Latina,part_time,2024-08-18,2024-11-25,46,451,4.4
14219,Ciudad Lineal,part_time,2024-08-29,2024-12-31,64,578,4.5
14220,Centro,casual,2024-01-01,2024-07-15,45,243,4.2
14221,Ciudad Lineal,casual,2024-09-02,2024-12-05,29,156,4.9
14222,Fuencarral - El Pardo,casual,2024-04-13,2024-12-31,57,255,4.3
14223,Hortaleza,full_time,2024-05-14,2024-08-28,90,1810,4.6
14224,Carabanchel,full_time,2024-01-01,2024-07-24,173,3484,4.3
14225,Usera,casual,2024-12-24,2024-12-31,1,3,4.8
14226,Puente de Vallecas,full_time,2024-01-01,2024-06-29,152,3004,4.6
14227,Hortaleza,casual,2024-01-14,2024-04-03,15,77,4.7
14228,Vicálvaro,casual,2024-01-01,2024-02-18,7,33,3.6
14229,Centro,part_time,2024-05-01,2024-12-31,118,1059,4.4
14230,San Blas - Canillejas,casual,2024-11-06,2024-12-31,14,66,4.3
14231,Centro,full_time,2024-01-01,2024-03-12,62,1177,4.1
14232,Hortaleza,casual,2024-01-01,2024-02-26,13,70,3.9
14233,Chamberí,part_time,2024-11-11,2024-12-31,28,232,4.7
14234,Carabanchel,casual,2024-07-28,2024-10-30,19,94,3.9
14235,Centro,casual,2024-12-17,2024-12-31,4,18,4.4
14236,Vicálvaro,casual,2024-08-21,2024-11-22,14,66,4.2
14237,San Blas - Canillejas,full_time,2024-09-21,2024-12-10,68,1332,4.3
14238,San Blas - Canillejas,part_time,2024-01-01,2024-11-25,148,1339,4.9
14239,Chamartín,part_time,2024-01-23,2024-04-17,43,385,4.8
14240,Villaverde,casual,2024-06-13,2024-09-22,27,121,4.4
14241,Moncloa - Aravaca,casual,2024-03-25,2024-06-06,26,117,3.8
14242,Carabanchel,casual,2024-01-01,2024-12-09,76,366,3.8
14243,Centro,part_time,2024-05-17,2024-08-31,48,442,3.7
14244,San Blas - Canillejas,casual,2024-01-01,2024-01-13,2,9,4.2
14245,Villa de Vallecas,casual,2024-03-20,2024-12-31,66,327,3.8
14246,Carabanchel,part_time,2024-03-20,2024-06-08,39,334,4.2
14247,Ciudad Lineal,part_time,2024-09-19,2024-12-31,47,431,4.0
14248,Centro,casual,2024-01-01,2024-01-27,6,21,3.5
14249,San Blas - Canillejas,casual,2024-04-30,2024-11-04,33,174,4.7
14250,Chamartín,casual,2024-03-10,2024-06-15,29,137,4.9
14251,Fuencarral - El Pardo,part_time,2024-01-01,2024-02-11,20,149,4.1
14252,Fuencarral - El Pardo,casual,2024-03-30,2024-07-14,25,140,4.0
14253,Villaverde,part_time,2024-02-09,2024-08-13,82,738,3.6
14254,Usera,casual,2024-07-08,2024-12-31,34,139,3.5
14255,Hortaleza,full_time,2024-01-01,2024-03-11,58,1200,4.5
14256,Ciudad Lineal,full_time,2024-09-27,2024-12-31,81,1553,4.3
14257,Latina,casual,2024-01-01,2024-01-21,7,37,4.7
14258,Chamartín,casual,2024-04-04,2024-10-16,40,203,4.3
14259,Usera,casual,2024-04-21,2024-12-31,61,288,3.8
14260,Chamartín,part_time,2024-01-01,2024-01-07,3,28,4.8
14261,Usera,casual,2024-01-01,2024-02-01,7,25,4.8
14262,San Blas - Canillejas,part_time,2024-01-01,2024-05-31,76,678,4.7
14263,Carabanchel,casual,2024-01-01,2024-09-29,48,243,4.9
14264,Fuencarral - El Pardo,casual,2024-01-17,2024-07-04,35,168,4.8
14265,Ciudad Lineal,part_time,2024-12-18,2024-12-31,6,51,4.2
14266,Puente de Vallecas,part_time,2024-01-01,2024-03-30,39,360,4.8
14267,San Blas - Canillejas,part_time,2024-11-12,2024-12-31,24,209,4.6
14268,Tetuán,part_time,2024-11-21,2024-12-31,17,153,4.2
14269,Ciudad Lineal,part_time,2024-01-01,2024-05-06,57,467,4.1
14270,Tetuán,casual,2024-07-12,2024-12-31,36,179,4.5
14271,Carabanchel,full_time,2024-12-30,2024-12-31,2,37,3.6
14272,Salamanca,part_time,2024-01-01,2024-06-25,72,662,4.5
14273,Centro,full_time,2024-05-22,2024-08-14,69,1340,4.1
14274,Tetuán,full_time,2024-07-08,2024-12-31,150,2908,4.1
14275,Puente de Vallecas,casual,2024-08-30,2024-12-07,22,100,4.2
14276,Fuencarral - El Pardo,part_time,2024-10-13,2024-12-31,38,329,4.9
14277,Chamartín,part_time,2024-02-29,2024-06-12,43,360,5.0
14278,Moncloa - Aravaca,casual,2024-01-01,2024-02-22,14,67,5.0
14279,Carabanchel,part_time,2024-08-07,2024-11-03,39,356,4.5
14280,Hortaleza,casual,2024-03-19,2024-05-27,17,92,4.7
14281,Puente de Vallecas,casual,2024-07-19,2024-10-28,20,99,3.7
14282,Hortaleza,casual,2024-05-15,2024-07-26,8,26,4.3
14283,Moratalaz,part_time,2024-04-23,2024-08-01,50,468,4.0
14284,Carabanchel,part_time,2024-10-30,2024-12-31,29,276,3.8
14285,Barajas,casual,2024-06-24,2024-12-04,38,173,4.6
14286,Puente de Vallecas,casual,2024-06-03,2024-12-17,50,244,3.5
14287,Villaverde,part_time,2024-12-16,2024-12-31,10,81,4.8
14288,Arganzuela,casual,2024-01-01,2024-05-26,31,156,5.0
14289,Chamartín,casual,2024-08-11,2024-11-09,19,86,4.0
14290,Latina,casual,2024-03-08,2024-06-13,20,109,3.7
14291,Ciudad Lineal,full_time,2024-06-25,2024-10-10,96,1960,4.7
14292,Chamberí,casual,2024-10-10,2024-12-31,19,90,4.7
14293,Moncloa - Aravaca,part_time,2024-11-05,2024-12-31,27,237,4.7
14294,Chamartín,full_time,2024-04-03,2024-07-21,88,1704,4.6
14295,San Blas - Canillejas,casual,2024-09-02,2024-12-31,25,110,4.7
14296,Villa de Vallecas,full_time,2024-03-05,2024-06-01,75,1503,4.8
14297,Moncloa - Aravaca,casual,2024-07-02,2024-12-20,38,194,3.6
14298,Ciudad Lineal,casual,2024-11-04,2024-12-31,16,80,5.0
14299,Centro,casual,2024-05-16,2024-12-31,59,320,4.6
14300,Villaverde,part_time,2024-05-30,2024-12-31,94,842,4.3
14301,Carabanchel,full_time,2024-10-21,2024-12-31,56,1099,4.1
14302,Usera,part_time,2024-01-13,2024-04-29,49,422,5.0
14303,Carabanchel,part_time,2024-08-20,2024-12-31,75,655,3.6
14304,Barajas,casual,2024-07-20,2024-10-17,20,97,4.7
14305,San Blas - Canillejas,full_time,2024-06-04,2024-09-09,82,1602,3.7
14306,Salamanca,casual,2024-12-13,2024-12-31,3,20,4.3
14307,Carabanchel,casual,2024-02-21,2024-08-09,37,209,4.2
14308,Arganzuela,full_time,2024-01-24,2024-04-15,68,1386,3.7
14309,Latina,casual,2024-10-22,2024-12-31,9,49,3.8
14310,Carabanchel,casual,2024-01-01,2024-03-26,26,120,4.0
14311,Chamberí,casual,2024-07-01,2024-12-31,44,228,4.0
14312,Hortaleza,casual,2024-11-28,2024-12-31,9,54,3.9
14313,Fuencarral - El Pardo,part_time,2024-10-14,2024-12-25,39,378,4.2
14314,Carabanchel,casual,2024-07-18,2024-10-14,24,130,4.4
14315,Latina,full_time,2024-11-05,2024-12-31,47,926,4.6
14316,Vicálvaro,casual,2024-05-13,2024-08-10,21,75,4.0
14317,Hortaleza,part_time,2024-01-01,2024-02-10,16,162,4.5
14318,Vicálvaro,part_time,2024-09-06,2024-11-20,30,248,4.4
14319,Usera,part_time,2024-06-08,2024-12-31,94,856,4.6
14320,San Blas - Canillejas,casual,2024-10-29,2024-12-31,23,118,4.9
14321,Retiro,part_time,2024-01-01,2024-10-20,123,1107,4.9
14322,Moncloa - Aravaca,part_time,2024-01-01,2024-04-15,54,507,4.8
14323,Tetuán,full_time,2024-01-01,2024-02-15,38,786,4.6
14324,Tetuán,casual,2024-03-18,2024-06-01,10,48,3.9
14325,Chamartín,casual,2024-08-03,2024-12-31,40,236,3.7
14326,Moncloa - Aravaca,part_time,2024-05-24,2024-08-29,45,411,4.5
14327,Latina,casual,2024-01-01,2024-05-04,37,175,4.4
14328,Fuencarral - El Pardo,casual,2024-01-01,2024-06-25,40,177,4.4
14329,Moncloa - Aravaca,full_time,2024-03-21,2024-06-01,60,1183,4.6
14330,Latina,casual,2024-05-19,2024-07-28,12,69,4.4
14331,Ciudad Lineal,casual,2024-10-21,2024-12-31,14,71,3.8
14332,Villa de Vallecas,part_time,2024-12-27,2024-12-31,1,10,4.9
14333,Fuencarral - El Pardo,casual,2024-07-02,2024-09-30,22,122,4.8
14334,Salamanca,casual,2024-02-01,2024-08-01,44,225,3.7
14335,Chamartín,casual,2024-01-06,2024-03-22,21,95,4.4
14336,Ciudad Lineal,casual,2024-01-09,2024-12-31,87,423,4.9
14337,Fuencarral - El Pardo,casual,2024-07-05,2024-10-12,24,121,4.5
14338,Villa de Vallecas,part_time,2024-03-06,2024-05-26,46,379,4.3
14339,Vicálvaro,casual,2024-02-24,2024-05-29,22,98,4.9
14340,Fuencarral - El Pardo,casual,2024-10-16,2024-12-31,21,116,4.7
14341,Latina,part_time,2024-08-05,2024-10-15,28,233,4.5
14342,Puente de Vallecas,casual,2024-01-01,2024-11-25,86,463,4.1
14343,Moratalaz,casual,2024-06-21,2024-09-01,21,98,4.7
14344,Chamberí,casual,2024-05-26,2024-08-11,16,95,4.8
14345,Chamartín,casual,2024-01-01,2024-04-03,20,90,3.7
14346,Puente de Vallecas,casual,2024-10-20,2024-12-31,15,78,4.5
14347,San Blas - Canillejas,casual,2024-01-01,2024-02-11,7,33,4.5
14348,Hortaleza,full_time,2024-01-01,2024-04-09,87,1700,3.7
14349,Villaverde,full_time,2024-06-08,2024-09-22,91,1775,4.8
14350,Latina,full_time,2024-04-22,2024-08-05,83,1626,4.8
14351,Chamartín,casual,2024-06-29,2024-09-30,16,70,3.7
14352,Carabanchel,part_time,2024-11-25,2024-12-31,13,123,4.6
14353,Moncloa - Aravaca,part_time,2024-01-01,2024-06-03,76,637,3.9
14354,Fuencarral - El Pardo,casual,2024-01-01,2024-04-18,24,121,3.8
14355,San Blas - Canillejas,full_time,2024-01-01,2024-02-25,51,1005,3.7
14356,San Blas - Canillejas,part_time,2024-01-01,2024-01-28,11,111,4.5
14357,Usera,casual,2024-08-01,2024-12-31,34,167,4.9
14358,Villaverde,full_time,2024-03-18,2024-08-31,148,2974,4.4
14359,Ciudad Lineal,casual,2024-01-01,2024-05-22,33,160,3.9
14360,Carabanchel,casual,2024-05-11,2024-12-31,59,279,3.8
14361,Chamartín,casual,2024-09-05,2024-12-31,28,142,3.8
14362,Chamberí,casual,2024-11-27,2024-12-31,8,39,3.8
14363,Latina,full_time,2024-03-22,2024-07-08,91,1756,4.3
14364,Chamartín,part_time,2024-05-19,2024-12-31,89,820,5.0
14365,Carabanchel,casual,2024-01-01,2024-05-23,21,82,4.9
14366,Hortaleza,part_time,2024-11-01,2024-12-31,27,224,3.6
14367,Ciudad Lineal,full_time,2024-11-11,2024-12-31,47,923,3.8
14368,Usera,full_time,2024-07-20,2024-10-08,69,1336,4.5
14369,Villaverde,full_time,2024-08-02,2024-10-19,68,1332,4.5
14370,Usera,full_time,2024-08-02,2024-10-20,64,1259,3.8
14371,Villa de Vallecas,part_time,2024-05-30,2024-11-08,75,661,4.9
14372,Ciudad Lineal,casual,2024-04-16,2024-07-22,15,61,4.4
14373,Latina,full_time,2024-08-14,2024-12-31,121,2455,4.3
14374,Centro,casual,2024-12-19,2024-12-31,4,22,4.7
14375,Villa de Vallecas,casual,2024-09-09,2024-11-30,16,70,4.1
14376,Puente de Vallecas,casual,2024-02-16,2024-05-23,23,113,4.6
14377,Latina,casual,2024-05-11,2024-08-23,23,148,4.9
14378,Moratalaz,part_time,2024-05-22,2024-11-27,97,859,4.9
14379,Hortaleza,full_time,2024-01-01,2024-03-01,51,1004,3.6
14380,Puente de Vallecas,casual,2024-05-10,2024-08-16,22,119,3.6
14381,Moncloa - Aravaca,part_time,2024-01-01,2024-02-24,26,228,4.6
14382,Centro,casual,2024-01-09,2024-12-31,88,454,3.5
14383,Barajas,part_time,2024-01-01,2024-02-17,25,237,4.5
14384,Hortaleza,casual,2024-03-04,2024-06-20,24,128,4.7
14385,Usera,casual,2024-12-11,2024-12-31,1,5,3.6
14386,Latina,part_time,2024-01-01,2024-01-06,3,34,3.5
14387,Latina,casual,2024-01-30,2024-05-07,19,86,4.3
14388,Chamberí,casual,2024-03-25,2024-06-15,13,61,5.0
14389,San Blas - Canillejas,casual,2024-07-03,2024-09-18,9,52,4.3
14390,Centro,casual,2024-12-15,2024-12-31,8,50,5.0
14391,Ciudad Lineal,part_time,2024-06-18,2024-12-15,90,828,4.6
14392,Latina,casual,2024-10-15,2024-12-31,23,110,4.0
14393,San Blas - Canillejas,casual,2024-01-01,2024-04-27,25,129,3.9
14394,Barajas,full_time,2024-01-01,2024-06-01,129,2462,4.4
14395,Tetuán,part_time,2024-10-10,2024-12-31,41,378,4.0
14396,Puente de Vallecas,casual,2024-01-01,2024-01-04,1,3,3.9
14397,Fuencarral - El Pardo,part_time,2024-01-01,2024-11-27,156,1312,4.1
14398,Carabanchel,casual,2024-01-01,2024-11-27,82,436,4.3
14399,Hortaleza,casual,2024-11-22,2024-12-31,9,36,4.9
14400,Chamberí,part_time,2024-04-16,2024-07-30,57,490,4.9
14401,Moncloa - Aravaca,casual,2024-11-19,2024-12-31,9,38,4.6
14402,Moratalaz,casual,2024-07-01,2024-09-16,14,72,3.9
14403,Ciudad Lineal,full_time,2024-01-01,2024-06-17,140,2809,4.2
14404,San Blas - Canillejas,part_time,2024-01-01,2024-04-18,53,479,3.6
14405,Usera,full_time,2024-01-01,2024-12-20,299,5898,4.4
14406,Centro,full_time,2024-01-01,2024-01-13,11,219,4.5
14407,Carabanchel,casual,2024-01-01,2024-09-02,43,216,4.1
14408,Fuencarral - El Pardo,part_time,2024-05-31,2024-08-22,43,353,3.8
14409,Villa de Vallecas,casual,2024-06-07,2024-09-18,23,114,5.0
14410,Chamartín,part_time,2024-03-10,2024-08-25,69,601,3.6
14411,San Blas - Canillejas,casual,2024-12-15,2024-12-31,7,33,4.6
14412,Villaverde,casual,2024-01-01,2024-03-19,18,93,4.5
14413,San Blas - Canillejas,casual,2024-12-30,2024-12-31,1,11,4.3
14414,San Blas - Canillejas,part_time,2024-08-08,2024-11-20,43,391,3.8
14415,Arganzuela,casual,2024-09-29,2024-12-31,21,98,4.8
14416,Chamartín,part_time,2024-06-15,2024-12-12,83,832,4.4
14417,Ciudad Lineal,full_time,2024-01-01,2024-04-29,106,2075,4.5
14418,Ciudad Lineal,part_time,2024-07-02,2024-12-31,78,682,4.6
14419,Hortaleza,casual,2024-10-23,2024-12-31,25,129,3.7
14420,Moratalaz,casual,2024-07-06,2024-12-31,39,199,4.2
14421,Carabanchel,full_time,2024-11-07,2024-12-31,47,918,4.7
14422,Centro,part_time,2024-01-01,2024-01-31,13,102,4.1
14423,Centro,casual,2024-12-14,2024-12-31,4,14,4.6
14424,Chamberí,full_time,2024-11-17,2024-12-31,35,734,4.1
14425,Chamartín,casual,2024-10-19,2024-12-31,16,73,4.7
14426,Puente de Vallecas,casual,2024-07-17,2024-10-21,19,85,4.8
14427,Centro,casual,2024-10-10,2024-12-31,18,95,4.8
14428,Moncloa - Aravaca,casual,2024-03-20,2024-12-31,66,325,4.5
14429,Carabanchel,casual,2024-01-01,2024-12-23,86,458,4.3
14430,Moncloa - Aravaca,part_time,2024-12-01,2024-12-31,14,117,4.8
14431,San Blas - Canillejas,casual,2024-01-03,2024-04-05,23,111,4.1
14432,Hortaleza,part_time,2024-10-24,2024-12-31,22,206,4.9
14433,Chamberí,part_time,2024-01-01,2024-11-18,148,1313,4.7
14434,Hortaleza,full_time,2024-02-03,2024-05-16,86,1787,3.9
14435,Usera,casual,2024-05-17,2024-08-22,21,94,4.1
14436,Usera,part_time,2024-04-10,2024-12-31,120,1101,4.8
14437,Fuencarral - El Pardo,casual,2024-01-01,2024-03-23,16,90,3.9
14438,Fuencarral - El Pardo,part_time,2024-08-22,2024-12-31,66,588,3.6
14439,Tetuán,casual,2024-01-01,2024-10-15,60,313,3.6
14440,Retiro,part_time,2024-08-21,2024-11-11,32,296,4.8
14441,Latina,casual,2024-01-01,2024-03-12,21,129,4.1
14442,Puente de Vallecas,part_time,2024-01-01,2024-01-26,11,111,3.8
14443,Carabanchel,casual,2024-01-01,2024-03-31,19,95,3.9
14444,Villa de Vallecas,casual,2024-01-01,2024-03-22,15,55,4.4
14445,Hortaleza,part_time,2024-09-12,2024-12-18,39,348,4.1
14446,Fuencarral - El Pardo,casual,2024-05-11,2024-08-15,18,94,3.7
14447,Fuencarral - El Pardo,part_time,2024-09-15,2024-12-15,52,471,4.2
14448,Vicálvaro,part_time,2024-06-30,2024-12-31,63,575,4.5
14449,Puente de Vallecas,part_time,2024-02-06,2024-04-17,33,281,4.1
14450,Villa de Vallecas,part_time,2024-11-12,2024-12-31,18,152,4.4
14451,Moncloa - Aravaca,part_time,2024-07-17,2024-12-31,83,766,4.6
14452,Vicálvaro,full_time,2024-01-01,2024-02-15,44,845,4.5
14453,Barajas,casual,2024-05-18,2024-11-01,35,166,3.7
14454,Usera,part_time,2024-04-11,2024-07-05,43,373,4.2
14455,Fuencarral - El Pardo,part_time,2024-04-27,2024-07-30,32,308,4.9
14456,Chamartín,casual,2024-03-17,2024-06-16,19,90,3.7
14457,Retiro,casual,2024-05-09,2024-08-20,26,115,4.8
14458,Villa de Vallecas,casual,2024-01-01,2024-09-16,71,357,4.2
14459,Usera,part_time,2024-05-05,2024-07-26,30,280,4.4
14460,Salamanca,casual,2024-06-01,2024-09-11,24,108,4.0
14461,Moncloa - Aravaca,part_time,2024-06-18,2024-12-31,85,763,4.6
14462,Fuencarral - El Pardo,part_time,2024-01-01,2024-04-20,48,432,3.8
14463,Villa de Vallecas,part_time,2024-01-01,2024-03-11,37,335,4.6
14464,Villa de Vallecas,casual,2024-05-17,2024-08-15,25,127,3.7
14465,Moncloa - Aravaca,part_time,2024-03-18,2024-09-18,84,755,3.8
14466,Usera,part_time,2024-06-21,2024-09-07,35,305,3.5
14467,Centro,casual,2024-06-01,2024-12-03,38,169,4.8
14468,Salamanca,casual,2024-01-01,2024-05-31,36,189,4.8
14469,Carabanchel,casual,2024-04-23,2024-12-31,61,339,4.1
14470,Ciudad Lineal,full_time,2024-05-06,2024-08-22,84,1645,3.5
14471,Chamberí,casual,2024-01-01,2024-12-28,79,408,4.9
14472,Chamartín,casual,2024-07-03,2024-09-21,23,112,3.8
14473,Moncloa - Aravaca,casual,2024-07-13,2024-09-28,14,68,3.7
14474,Moncloa - Aravaca,casual,2024-03-31,2024-12-31,57,288,3.8
14475,Chamartín,casual,2024-10-19,2024-12-28,12,59,3.9
14476,Tetuán,part_time,2024-05-28,2024-08-05,37,351,4.9
14477,Villa de Vallecas,casual,2024-12-05,2024-12-31,5,23,4.4
14478,Chamartín,part_time,2024-12-07,2024-12-31,10,76,4.0
14479,Centro,casual,2024-02-28,2024-06-03,26,115,4.6
14480,Moncloa - Aravaca,casual,2024-10-28,2024-12-31,11,73,4.7
14481,Vicálvaro,part_time,2024-04-09,2024-07-13,44,369,3.9
14482,Chamartín,part_time,2024-12-13,2024-12-31,9,86,3.8
14483,Hortaleza,full_time,2024-11-20,2024-12-31,35,722,3.7
14484,Retiro,casual,2024-01-01,2024-11-12,78,389,4.0
14485,Chamartín,casual,2024-01-01,2024-09-10,62,294,3.5
14486,Villaverde,part_time,2024-07-11,2024-12-31,80,727,4.2
14487,Ciudad Lineal,casual,2024-03-28,2024-06-10,14,84,3.8
14488,Moncloa - Aravaca,part_time,2024-04-28,2024-12-31,125,1108,4.7
14489,Salamanca,casual,2024-04-02,2024-07-18,29,151,4.0
14490,Chamartín,casual,2024-05-24,2024-08-10,13,70,4.5
14491,Ciudad Lineal,part_time,2024-01-25,2024-07-27,81,743,4.5
14492,Latina,part_time,2024-09-29,2024-12-31,47,441,4.7
14493,Villaverde,full_time,2024-06-04,2024-11-13,124,2512,4.2
14494,Salamanca,full_time,2024-05-20,2024-12-31,182,3676,4.1
14495,Centro,casual,2024-09-27,2024-12-31,18,75,3.9
14496,Usera,part_time,2024-10-04,2024-12-12,32,311,3.5
14497,Moncloa - Aravaca,full_time,2024-05-22,2024-08-20,77,1558,3.7
14498,Puente de Vallecas,casual,2024-02-04,2024-04-23,18,79,3.8
14499,Arganzuela,casual,2024-03-14,2024-06-15,19,87,4.5
14500,Chamartín,full_time,2024-05-05,2024-10-22,144,2849,4.7
14501,Carabanchel,casual,2024-01-01,2024-05-08,36,175,4.2
14502,Centro,full_time,2024-09-07,2024-12-31,98,1936,4.7
14503,Tetuán,casual,2024-01-01,2024-05-07,34,170,4.1
14504,Centro,full_time,2024-03-15,2024-05-27,64,1322,4.5
14505,Hortaleza,part_time,2024-07-11,2024-10-25,49,427,4.3
14506,Villa de Vallecas,part_time,2024-07-24,2024-12-31,71,643,3.7
14507,Hortaleza,part_time,2024-03-19,2024-07-06,51,484,4.2
14508,Fuencarral - El Pardo,casual,2024-09-09,2024-12-16,23,117,5.0
14509,Vicálvaro,part_time,2024-11-07,2024-12-31,25,223,3.7
14510,Vicálvaro,full_time,2024-01-01,2024-03-17,62,1236,4.1
14511,Carabanchel,full_time,2024-11-23,2024-12-31,29,603,4.0
14512,Chamartín,full_time,2024-06-10,2024-08-25,62,1234,4.6
14513,Carabanchel,part_time,2024-04-21,2024-07-26,46,410,3.6
14514,Arganzuela,part_time,2024-09-10,2024-12-31,46,445,4.2
14515,Tetuán,part_time,2024-09-21,2024-12-31,46,398,3.9
14516,Tetuán,part_time,2024-05-17,2024-12-31,111,983,3.9
14517,Tetuán,part_time,2024-03-30,2024-07-10,50,423,4.1
14518,Fuencarral - El Pardo,casual,2024-01-21,2024-05-05,22,102,3.9
14519,Moncloa - Aravaca,casual,2024-03-10,2024-06-16,27,134,4.4
14520,San Blas - Canillejas,part_time,2024-02-27,2024-12-31,134,1247,3.9
14521,Tetuán,casual,2024-06-20,2024-09-07,17,73,4.9
14522,Moratalaz,casual,2024-11-21,2024-12-31,7,33,4.2
14523,Hortaleza,casual,2024-01-01,2024-11-29,73,396,3.7
14524,Arganzuela,part_time,2024-08-02,2024-10-28,36,314,3.9
14525,Carabanchel,full_time,2024-08-02,2024-10-22,69,1349,4.7
14526,Centro,part_time,2024-08-11,2024-12-31,70,631,3.7
14527,Puente de Vallecas,full_time,2024-12-25,2024-12-31,6,119,4.1
14528,Centro,full_time,2024-10-05,2024-12-21,64,1297,4.9
14529,Usera,casual,2024-01-01,2024-01-29,7,44,3.5
14530,San Blas - Canillejas,casual,2024-09-21,2024-12-31,23,107,5.0
14531,Villaverde,casual,2024-12-31,2024-12-31,1,1,4.0
14532,Barajas,casual,2024-01-01,2024-01-18,5,32,3.8
14533,Latina,part_time,2024-06-28,2024-10-03,37,341,4.7
14534,Puente de Vallecas,casual,2024-07-09,2024-09-20,17,80,4.2
14535,Carabanchel,full_time,2024-01-27,2024-12-31,282,5620,3.7
14536,Tetuán,part_time,2024-11-06,2024-12-31,22,196,4.5
14537,Retiro,casual,2024-09-19,2024-12-31,24,123,4.7
14538,Hortaleza,full_time,2024-01-01,2024-03-21,70,1397,4.2
14539,Salamanca,full_time,2024-01-01,2024-02-18,40,786,4.6
14540,Chamberí,part_time,2024-01-01,2024-03-15,35,288,3.7
14541,Vicálvaro,part_time,2024-10-30,2024-12-31,34,289,3.5
14542,Ciudad Lineal,full_time,2024-01-01,2024-02-13,37,723,3.8
14543,Usera,part_time,2024-04-21,2024-12-31,120,1062,5.0
14544,Chamberí,full_time,2024-07-12,2024-12-31,137,2788,3.8
14545,Ciudad Lineal,casual,2024-01-01,2024-06-04,34,169,4.9
14546,Carabanchel,part_time,2024-01-01,2024-04-30,64,573,3.9
14547,Villaverde,casual,2024-09-30,2024-12-31,22,120,4.2
14548,Hortaleza,casual,2024-02-12,2024-08-21,39,174,4.6
14549,Latina,casual,2024-05-14,2024-08-18,10,38,3.8
14550,Ciudad Lineal,casual,2024-04-08,2024-06-25,11,52,3.8
14551,Puente de Vallecas,casual,2024-01-01,2024-05-10,32,155,3.9
14552,Moncloa - Aravaca,casual,2024-04-29,2024-07-12,14,66,4.2
14553,Latina,casual,2024-02-05,2024-05-01,27,129,4.0
14554,San Blas - Canillejas,part_time,2024-01-01,2024-06-16,75,716,3.6
14555,Chamberí,part_time,2024-01-01,2024-05-27,73,653,3.9
14556,Carabanchel,part_time,2024-07-09,2024-10-20,51,461,4.7
14557,Barajas,casual,2024-01-01,2024-07-28,50,275,4.3
14558,San Blas - Canillejas,part_time,2024-01-01,2024-03-18,29,273,4.9
14559,Fuencarral - El Pardo,casual,2024-10-08,2024-12-20,13,61,3.9
14560,Hortaleza,casual,2024-03-01,2024-12-31,66,328,3.9
14561,Carabanchel,casual,2024-10-29,2024-12-31,16,79,4.1
14562,Latina,full_time,2024-09-03,2024-12-31,91,1830,3.6
14563,Salamanca,full_time,2024-01-01,2024-09-28,221,4323,4.0
14564,Villaverde,part_time,2024-06-07,2024-09-23,45,385,4.0
14565,Hortaleza,part_time,2024-12-25,2024-12-31,5,40,4.4
14566,Centro,casual,2024-01-01,2024-09-18,58,275,3.7
14567,Hortaleza,part_time,2024-01-01,2024-05-15,57,521,4.8
14568,Moncloa - Aravaca,casual,2024-01-01,2024-04-29,24,102,4.8
14569,Fuencarral - El Pardo,casual,2024-11-18,2024-12-31,8,49,4.3
14570,Tetuán,full_time,2024-01-01,2024-05-17,115,2400,4.1
14571,Chamartín,full_time,2024-11-29,2024-12-31,26,536,4.5
14572,Hortaleza,casual,2024-06-23,2024-10-04,20,103,3.8
14573,Hortaleza,casual,2024-06-22,2024-10-04,20,91,4.3
14574,Tetuán,casual,2024-04-10,2024-06-25,22,129,3.9
14575,Moncloa - Aravaca,casual,2024-01-01,2024-10-16,83,402,4.9
14576,Fuencarral - El Pardo,casual,2024-01-01,2024-08-22,50,259,4.2
14577,Centro,part_time,2024-06-17,2024-12-31,80,725,4.3
14578,Barajas,casual,2024-06-24,2024-12-31,40,209,4.6
14579,Villa de Vallecas,casual,2024-05-28,2024-09-03,22,117,4.7
14580,Moncloa - Aravaca,casual,2024-04-18,2024-07-28,31,151,3.9
14581,Chamartín,part_time,2024-07-14,2024-10-25,45,406,4.4
14582,Usera,casual,2024-03-20,2024-10-03,37,192,4.8
14583,Latina,casual,2024-08-27,2024-12-31,34,169,4.1
14584,San Blas - Canillejas,part_time,2024-01-01,2024-02-17,21,174,3.7
14585,Barajas,part_time,2024-10-22,2024-12-31,32,290,4.8
14586,Tetuán,casual,2024-05-28,2024-08-28,16,72,4.8
14587,Latina,part_time,2024-05-19,2024-08-22,32,284,3.7
14588,Fuencarral - El Pardo,casual,2024-03-26,2024-06-29,20,96,3.8
14589,Fuencarral - El Pardo,part_time,2024-04-26,2024-10-10,62,553,3.9
14590,Hortaleza,casual,2024-01-02,2024-04-13,26,131,4.8
14591,Chamartín,full_time,2024-01-01,2024-12-29,309,6193,4.9
14592,Latina,full_time,2024-03-27,2024-07-04,89,1788,4.1
14593,Ciudad Lineal,part_time,2024-01-01,2024-06-10,70,652,4.9
14594,Fuencarral - El Pardo,full_time,2024-01-01,2024-06-04,125,2467,3.5
14595,Latina,casual,2024-10-30,2024-12-31,5,25,4.1
14596,Ciudad Lineal,part_time,2024-10-10,2024-12-31,36,280,3.7
14597,Usera,casual,2024-01-01,2024-12-16,75,359,5.0
14598,Hortaleza,casual,2024-01-01,2024-06-18,38,175,3.8
14599,Hortaleza,casual,2024-05-05,2024-07-15,31,160,4.9
14600,Moratalaz,part_time,2024-11-22,2024-12-31,15,139,4.7
14601,Carabanchel,part_time,2024-09-20,2024-12-27,49,445,4.8
14602,San Blas - Canillejas,full_time,2024-10-03,2024-12-31,74,1496,4.3
14603,Salamanca,part_time,2024-08-18,2024-11-17,40,375,4.3
14604,Chamartín,full_time,2024-08-02,2024-12-31,124,2456,3.7
14605,Chamartín,full_time,2024-01-01,2024-03-06,55,1102,3.7
14606,Hortaleza,part_time,2024-01-01,2024-07-12,87,764,4.5
14607,Tetuán,casual,2024-10-14,2024-12-31,25,123,3.9
14608,Retiro,casual,2024-01-02,2024-03-19,18,89,4.2
14609,San Blas - Canillejas,part_time,2024-01-01,2024-02-09,17,151,3.7
14610,Usera,full_time,2024-10-22,2024-12-31,53,1026,4.4
14611,Carabanchel,casual,2024-09-25,2024-12-13,23,112,3.6
14612,Usera,casual,2024-01-01,2024-03-10,12,79,3.8
14613,Retiro,casual,2024-06-07,2024-08-19,17,81,3.7
14614,Usera,casual,2024-01-01,2024-01-20,6,25,3.7
14615,Moncloa - Aravaca,part_time,2024-01-01,2024-04-17,42,358,4.4
14616,Ciudad Lineal,casual,2024-01-01,2024-05-23,32,165,3.6
14617,Carabanchel,casual,2024-08-21,2024-11-10,20,117,4.5
14618,Carabanchel,part_time,2024-02-16,2024-05-20,47,422,4.5
14619,Carabanchel,casual,2024-08-17,2024-12-31,29,140,3.8
14620,Moncloa - Aravaca,casual,2024-01-01,2024-01-11,3,12,4.2
14621,Latina,part_time,2024-01-01,2024-01-03,1,10,3.8
14622,Villaverde,casual,2024-02-21,2024-05-14,19,98,3.9
14623,Fuencarral - El Pardo,full_time,2024-08-03,2024-12-31,122,2450,4.7
14624,Carabanchel,part_time,2024-12-05,2024-12-31,15,143,4.3
14625,Puente de Vallecas,full_time,2024-03-03,2024-05-19,65,1299,4.9
14626,Puente de Vallecas,casual,2024-06-06,2024-09-19,19,92,4.9
14627,San Blas - Canillejas,part_time,2024-01-01,2024-01-23,13,120,3.8
14628,Chamartín,part_time,2024-01-01,2024-01-01,1,5,4.7
14629,Chamberí,part_time,2024-01-01,2024-01-08,3,35,4.0
14630,Hortaleza,casual,2024-01-01,2024-03-10,16,64,4.1
14631,Chamartín,casual,2024-11-04,2024-12-31,12,62,4.4
14632,Usera,casual,2024-07-21,2024-10-18,24,110,4.3
14633,Puente de Vallecas,part_time,2024-11-05,2024-12-31,24,214,4.9
14634,Carabanchel,part_time,2024-10-01,2024-12-31,45,413,4.9
14635,Centro,casual,2024-09-14,2024-12-20,18,81,4.2
14636,Tetuán,part_time,2024-03-12,2024-06-09,44,390,4.7
14637,Fuencarral - El Pardo,part_time,2024-01-01,2024-02-28,21,179,4.9
14638,Vicálvaro,part_time,2024-01-01,2024-02-17,20,192,4.6
14639,Carabanchel,casual,2024-01-01,2024-01-12,5,30,4.5
14640,Vicálvaro,full_time,2024-01-01,2024-03-24,68,1330,4.3
14641,Latina,part_time,2024-01-01,2024-01-09,1,10,4.5
14642,Tetuán,part_time,2024-08-07,2024-11-19,47,396,3.7
14643,Carabanchel,part_time,2024-04-07,2024-06-20,36,300,3.8
14644,Retiro,part_time,2024-04-26,2024-10-05,83,745,4.1
14645,Chamartín,casual,2024-04-01,2024-09-08,36,171,4.9
14646,Vicálvaro,full_time,2024-01-01,2024-07-26,171,3337,3.9
14647,Villa de Vallecas,casual,2024-01-01,2024-03-01,15,62,3.7
14648,Carabanchel,part_time,2024-04-24,2024-10-25,85,777,4.2
14649,Fuencarral - El Pardo,full_time,2024-10-31,2024-12-31,47,1016,4.0
14650,Fuencarral - El Pardo,part_time,2024-08-14,2024-12-31,60,534,5.0
14651,Fuencarral - El Pardo,part_time,2024-12-01,2024-12-31,15,146,4.1
14652,Moncloa - Aravaca,casual,2024-01-01,2024-09-13,59,293,4.3
14653,Arganzuela,casual,2024-09-10,2024-12-31,27,129,4.9
14654,Centro,part_time,2024-08-31,2024-11-13,40,339,4.8
14655,Moncloa - Aravaca,casual,2024-11-20,2024-12-31,14,65,4.9
14656,Tetuán,casual,2024-01-01,2024-06-06,45,254,4.7
14657,Centro,full_time,2024-09-14,2024-12-31,96,1905,4.0
14658,Fuencarral - El Pardo,casual,2024-05-22,2024-08-18,26,133,4.7
14659,Salamanca,casual,2024-04-28,2024-07-10,16,67,4.4
14660,Usera,casual,2024-01-01,2024-12-01,79,379,4.0
14661,Chamartín,part_time,2024-04-28,2024-07-08,31,283,4.3
14662,Latina,casual,2024-11-03,2024-12-31,17,80,4.8
14663,Moncloa - Aravaca,part_time,2024-12-06,2024-12-31,11,89,3.6
14664,San Blas - Canillejas,casual,2024-08-03,2024-10-24,19,99,4.8
14665,Puente de Vallecas,casual,2024-01-01,2024-04-13,26,143,4.6
14666,Latina,casual,2024-03-01,2024-08-09,36,171,4.0
14667,Puente de Vallecas,casual,2024-01-01,2024-09-16,66,302,4.1
14668,Latina,part_time,2024-07-11,2024-12-19,80,680,4.1
14669,Chamartín,casual,2024-01-01,2024-02-08,7,32,4.1
14670,Moncloa - Aravaca,casual,2024-04-27,2024-12-31,49,265,3.5
14671,Fuencarral - El Pardo,casual,2024-05-11,2024-07-23,13,65,3.8
14672,San Blas - Canillejas,casual,2024-01-01,2024-05-18,37,205,4.2
14673,Arganzuela,casual,2024-01-01,2024-02-15,9,59,3.6
14674,Salamanca,casual,2024-01-01,2024-01-29,7,32,3.7
14675,Chamartín,full_time,2024-11-05,2024-12-31,45,886,4.9
14676,Chamartín,casual,2024-06-29,2024-09-09,16,73,4.3
14677,Latina,part_time,2024-06-16,2024-09-01,35,317,4.9
14678,Hortaleza,part_time,2024-01-01,2024-01-10,5,52,4.5
14679,San Blas - Canillejas,casual,2024-08-31,2024-12-31,32,179,4.0
14680,Chamartín,part_time,2024-01-10,2024-04-04,44,395,4.7
14681,Barajas,full_time,2024-03-28,2024-06-22,72,1442,4.4
14682,Centro,part_time,2024-07-22,2024-10-23,40,330,4.3
14683,Fuencarral - El Pardo,full_time,2024-01-01,2024-02-28,51,1021,3.6
14684,Moncloa - Aravaca,part_time,2024-09-26,2024-12-31,42,354,3.8
14685,Centro,casual,2024-10-20,2024-12-31,11,82,3.6
14686,Latina,full_time,2024-05-17,2024-09-03,92,1828,3.6
14687,Chamberí,casual,2024-03-23,2024-06-11,10,53,4.8
14688,Fuencarral - El Pardo,part_time,2024-01-01,2024-07-02,83,739,4.7
14689,Carabanchel,part_time,2024-09-02,2024-11-12,35,304,3.8
14690,Hortaleza,full_time,2024-01-10,2024-07-02,146,2824,3.9
14691,Ciudad Lineal,full_time,2024-10-03,2024-12-31,72,1460,4.2
14692,Retiro,casual,2024-08-30,2024-12-04,16,96,4.0
14693,Vicálvaro,part_time,2024-03-09,2024-06-11,47,422,4.3
14694,Villaverde,casual,2024-01-19,2024-04-12,25,146,3.8
14695,Ciudad Lineal,part_time,2024-03-03,2024-06-17,48,475,4.1
14696,Retiro,part_time,2024-02-29,2024-06-08,56,510,4.9
14697,Chamartín,casual,2024-12-12,2024-12-31,3,15,4.2
14698,Vicálvaro,part_time,2024-06-10,2024-12-10,84,768,4.8
14699,Chamberí,casual,2024-07-30,2024-10-23,17,76,4.3
14700,Chamartín,casual,2024-02-18,2024-05-05,24,122,4.1
14701,Hortaleza,full_time,2024-01-01,2024-09-23,218,4438,4.3
14702,Retiro,part_time,2024-05-04,2024-07-29,44,400,4.6
14703,Chamartín,part_time,2024-12-21,2024-12-31,5,36,5.0
14704,Villa de Vallecas,casual,2024-06-28,2024-12-31,30,144,3.5
14705,Puente de Vallecas,casual,2024-01-01,2024-03-25,19,98,4.3
14706,Retiro,casual,2024-12-27,2024-12-31,2,12,4.5
14707,Villa de Vallecas,casual,2024-01-01,2024-07-15,45,215,4.1
14708,Ciudad Lineal,casual,2024-07-09,2024-10-15,28,132,4.4
14709,Villaverde,casual,2024-11-02,2024-12-31,18,77,3.6
14710,Villa de Vallecas,part_time,2024-03-26,2024-12-31,103,901,3.9
14711,Usera,casual,2024-11-22,2024-12-31,6,31,4.1
14712,Chamartín,part_time,2024-09-12,2024-12-31,37,339,4.1
14713,Tetuán,full_time,2024-01-01,2024-01-20,17,364,4.5
14714,Retiro,casual,2024-08-14,2024-11-03,18,81,4.9
14715,Chamartín,part_time,2024-08-04,2024-12-31,73,669,3.6
14716,Carabanchel,casual,2024-03-18,2024-06-19,22,105,4.2
14717,Carabanchel,casual,2024-11-21,2024-12-31,9,44,4.1
14718,Villaverde,part_time,2024-10-05,2024-12-17,29,258,4.9
14719,Carabanchel,casual,2024-03-17,2024-06-17,26,115,4.6
14720,Vicálvaro,casual,2024-01-01,2024-05-02,24,118,4.9
14721,Barajas,full_time,2024-01-01,2024-04-28,105,2082,4.3
14722,Chamartín,casual,2024-01-01,2024-06-06,47,235,4.4
14723,Hortaleza,part_time,2024-06-28,2024-09-23,43,364,4.8
14724,Salamanca,part_time,2024-07-16,2024-10-29,55,483,3.6
14725,Latina,casual,2024-01-01,2024-03-07,18,99,4.9
14726,Fuencarral - El Pardo,part_time,2024-06-05,2024-09-12,55,489,4.2
14727,Puente de Vallecas,casual,2024-01-30,2024-04-22,20,102,4.9
14728,Villaverde,casual,2024-11-22,2024-12-31,9,50,3.5
14729,Chamartín,full_time,2024-10-13,2024-12-31,66,1312,3.6
14730,Chamartín,casual,2024-01-01,2024-02-23,13,55,3.6
14731,Carabanchel,part_time,2024-01-01,2024-05-21,58,560,3.6
14732,Puente de Vallecas,casual,2024-12-06,2024-12-31,3,10,3.7
14733,Vicálvaro,casual,2024-02-22,2024-05-13,22,92,4.0
14734,Fuencarral - El Pardo,part_time,2024-08-19,2024-12-31,64,553,3.7
14735,Chamberí,part_time,2024-01-01,2024-01-23,9,86,3.7
14736,Carabanchel,casual,2024-04-01,2024-06-22,19,92,4.2
14737,Hortaleza,part_time,2024-03-30,2024-12-31,118,1108,4.4
14738,Carabanchel,casual,2024-04-02,2024-07-01,20,111,3.6
14739,Hortaleza,casual,2024-09-26,2024-12-31,24,122,4.4
14740,Centro,part_time,2024-12-22,2024-12-31,3,22,4.4
14741,San Blas - Canillejas,part_time,2024-04-17,2024-09-30,70,609,4.0
14742,Usera,casual,2024-03-17,2024-09-07,37,192,3.8
14743,Hortaleza,part_time,2024-07-28,2024-12-31,63,605,4.4
14744,Fuencarral - El Pardo,casual,2024-07-04,2024-12-31,50,267,4.7
14745,Fuencarral - El Pardo,full_time,2024-01-01,2024-01-28,23,435,3.9
14746,Moncloa - Aravaca,part_time,2024-04-25,2024-07-13,34,308,4.3
14747,Moncloa - Aravaca,casual,2024-01-01,2024-12-31,90,445,3.6
14748,Hortaleza,casual,2024-02-10,2024-05-24,24,122,4.7
14749,Hortaleza,full_time,2024-07-12,2024-12-31,151,2945,4.5
14750,Carabanchel,full_time,2024-10-10,2024-12-31,69,1395,4.1
14751,Retiro,casual,2024-09-11,2024-12-31,33,174,4.4
14752,Carabanchel,casual,2024-07-20,2024-10-10,17,91,4.9
14753,Tetuán,casual,2024-09-08,2024-12-31,31,162,4.3
14754,Hortaleza,full_time,2024-01-01,2024-06-17,140,2751,4.1
14755,Chamartín,full_time,2024-01-01,2024-01-12,11,198,4.2
14756,Carabanchel,part_time,2024-04-16,2024-09-30,88,749,3.8
14757,Carabanchel,casual,2024-04-16,2024-06-29,13,60,4.9
14758,Centro,full_time,2024-11-06,2024-12-31,47,917,4.3
14759,Tetuán,casual,2024-08-03,2024-12-31,31,161,4.1
14760,Chamberí,casual,2024-01-01,2024-09-30,62,296,4.9
14761,San Blas - Canillejas,casual,2024-01-01,2024-01-09,3,13,4.3
14762,Vicálvaro,casual,2024-01-28,2024-05-08,21,104,3.7
14763,Chamartín,part_time,2024-01-26,2024-07-11,69,632,4.5
14764,Salamanca,casual,2024-08-01,2024-11-12,26,127,5.0
14765,Chamartín,casual,2024-11-08,2024-12-31,5,27,4.7
14766,Hortaleza,part_time,2024-01-01,2024-04-28,45,405,4.1
14767,Tetuán,casual,2024-09-29,2024-12-10,13,66,4.7
14768,Usera,casual,2024-08-03,2024-12-31,44,201,4.2
14769,Usera,casual,2024-03-08,2024-06-12,17,80,4.1
14770,Villa de Vallecas,casual,2024-01-01,2024-01-08,1,4,4.3
14771,Moncloa - Aravaca,casual,2024-01-01,2024-01-24,5,31,3.6
14772,San Blas - Canillejas,part_time,2024-07-14,2024-10-05,33,293,3.9
14773,Puente de Vallecas,casual,2024-10-24,2024-12-31,10,42,4.4
14774,Chamberí,casual,2024-06-08,2024-12-20,42,210,3.7
14775,Moncloa - Aravaca,part_time,2024-09-22,2024-12-08,34,297,4.1
14776,San Blas - Canillejas,casual,2024-05-20,2024-08-15,19,84,4.7
14777,Tetuán,part_time,2024-01-01,2024-07-11,82,719,4.8
14778,Carabanchel,casual,2024-01-01,2024-01-18,2,11,3.8
14779,Barajas,full_time,2024-10-09,2024-12-31,73,1425,4.9
14780,Tetuán,casual,2024-05-03,2024-08-06,26,134,4.2
14781,Moncloa - Aravaca,part_time,2024-10-25,2024-12-31,38,327,3.7
14782,Vicálvaro,part_time,2024-03-16,2024-06-19,41,389,4.6
14783,Ciudad Lineal,part_time,2024-01-01,2024-07-20,100,908,3.6
14784,Moncloa - Aravaca,part_time,2024-07-31,2024-11-03,48,429,4.6
14785,Retiro,casual,2024-05-22,2024-12-07,43,220,4.5
14786,Latina,casual,2024-05-31,2024-12-31,42,226,4.5
14787,Latina,full_time,2024-01-01,2024-02-19,39,784,4.7
14788,Vicálvaro,full_time,2024-01-01,2024-02-16,38,746,4.7
14789,Fuencarral - El Pardo,casual,2024-06-27,2024-09-07,13,63,4.2
14790,Chamartín,part_time,2024-06-13,2024-09-01,38,318,4.3
14791,Centro,part_time,2024-01-01,2024-02-10,18,154,4.1
14792,Barajas,part_time,2024-04-17,2024-07-14,42,355,4.4
14793,Barajas,full_time,2024-07-24,2024-10-05,62,1203,4.3
14794,Villaverde,part_time,2024-05-01,2024-10-15,65,632,3.9
14795,Fuencarral - El Pardo,casual,2024-01-01,2024-03-25,24,138,4.1
14796,San Blas - Canillejas,part_time,2024-11-09,2024-12-31,26,222,4.3
14797,Retiro,casual,2024-01-01,2024-01-19,2,8,4.7
14798,Centro,casual,2024-01-26,2024-05-07,26,112,3.7
14799,Centro,part_time,2024-01-01,2024-02-01,17,142,4.3
14800,Fuencarral - El Pardo,part_time,2024-01-01,2024-05-29,70,630,4.9
14801,Carabanchel,casual,2024-08-08,2024-11-13,30,141,4.1
14802,Carabanchel,part_time,2024-01-01,2024-01-11,5,40,3.6
14803,Fuencarral - El Pardo,casual,2024-01-01,2024-01-18,4,20,4.8
14804,Puente de Vallecas,casual,2024-01-01,2024-04-24,26,143,3.8
14805,Chamartín,part_time,2024-01-01,2024-01-13,5,61,4.5
14806,Latina,part_time,2024-04-02,2024-06-23,38,355,4.2
14807,Puente de Vallecas,casual,2024-01-27,2024-04-11,15,80,4.9
14808,Barajas,casual,2024-03-03,2024-05-24,15,55,4.7
14809,Villa de Vallecas,part_time,2024-10-17,2024-12-31,34,312,4.7
14810,Puente de Vallecas,casual,2024-02-24,2024-08-24,42,199,4.4
14811,Latina,full_time,2024-01-01,2024-01-08,6,110,3.7
14812,Barajas,casual,2024-06-09,2024-09-05,16,91,3.8
14813,Fuencarral - El Pardo,full_time,2024-01-01,2024-03-19,68,1314,3.6
14814,Centro,casual,2024-01-01,2024-02-01,6,39,4.4
14815,Chamartín,casual,2024-03-12,2024-05-23,16,72,4.5
14816,San Blas - Canillejas,casual,2024-01-01,2024-07-17,47,218,3.8
14817,Chamartín,part_time,2024-01-01,2024-02-29,31,280,4.8
14818,Carabanchel,full_time,2024-02-25,2024-05-11,66,1354,4.0
14819,San Blas - Canillejas,casual,2024-05-03,2024-08-15,23,110,3.8
14820,Retiro,casual,2024-01-01,2024-07-02,36,171,4.6
14821,Salamanca,casual,2024-01-01,2024-01-15,3,21,4.4
14822,Vicálvaro,part_time,2024-11-11,2024-12-31,17,134,3.8
14823,Salamanca,casual,2024-04-28,2024-12-31,56,266,4.7
14824,Villaverde,full_time,2024-06-04,2024-12-31,173,3418,3.7
14825,Fuencarral - El Pardo,casual,2024-02-16,2024-08-07,50,231,3.8
14826,Vicálvaro,part_time,2024-06-16,2024-09-24,43,411,4.7
14827,Moratalaz,part_time,2024-08-23,2024-11-03,29,257,4.3
14828,Vicálvaro,casual,2024-01-01,2024-09-17,67,312,4.1
14829,Villa de Vallecas,casual,2024-10-04,2024-12-31,24,115,3.7
14830,Vicálvaro,full_time,2024-07-18,2024-12-31,135,2762,3.6
14831,Carabanchel,casual,2024-02-20,2024-05-07,15,73,4.2
14832,Carabanchel,part_time,2024-01-01,2024-08-31,120,1066,5.0
14833,Villaverde,full_time,2024-01-01,2024-03-25,75,1505,4.4
14834,Centro,casual,2024-05-22,2024-08-14,15,80,4.0
14835,San Blas - Canillejas,full_time,2024-08-16,2024-12-31,111,2227,5.0
14836,Centro,casual,2024-06-14,2024-09-16,17,92,5.0
14837,Fuencarral - El Pardo,part_time,2024-01-16,2024-07-11,79,665,4.0
14838,Centro,casual,2024-02-10,2024-08-14,43,207,3.8
14839,San Blas - Canillejas,casual,2024-05-24,2024-12-31,48,243,3.8
14840,Hortaleza,casual,2024-05-20,2024-08-27,20,93,4.4
14841,Retiro,casual,2024-06-07,2024-09-12,18,97,4.0
14842,Salamanca,casual,2024-06-02,2024-11-27,38,197,4.7
14843,Moncloa - Aravaca,casual,2024-06-23,2024-12-31,40,214,4.0
14844,Hortaleza,part_time,2024-04-02,2024-12-31,122,1097,4.4
14845,Moncloa - Aravaca,casual,2024-08-08,2024-11-11,32,160,3.9
14846,Chamartín,casual,2024-07-06,2024-12-23,39,199,4.2
14847,Latina,casual,2024-11-29,2024-12-31,12,65,4.5
14848,Moncloa - Aravaca,casual,2024-08-29,2024-12-15,26,122,5.0
14849,Ciudad Lineal,casual,2024-06-02,2024-09-12,20,92,4.0
14850,Centro,casual,2024-11-16,2024-12-31,8,49,4.6
14851,San Blas - Canillejas,part_time,2024-11-15,2024-12-31,21,181,4.4
14852,Tetuán,part_time,2024-03-24,2024-06-02,31,294,4.6
14853,Carabanchel,part_time,2024-10-02,2024-12-31,44,395,4.4
14854,Barajas,casual,2024-12-19,2024-12-31,2,17,3.7
14855,Moncloa - Aravaca,full_time,2024-01-12,2024-04-02,69,1345,3.9
14856,Latina,part_time,2024-01-01,2024-10-17,132,1155,4.6
14857,Salamanca,part_time,2024-01-01,2024-10-24,134,1201,4.6
14858,Retiro,casual,2024-07-03,2024-10-12,25,116,4.4
14859,Villaverde,casual,2024-12-11,2024-12-31,4,21,3.8
14860,Ciudad Lineal,casual,2024-02-21,2024-05-18,18,92,3.7
14861,Latina,casual,2024-09-11,2024-12-07,18,98,4.6
14862,Fuencarral - El Pardo,part_time,2024-08-29,2024-12-31,58,532,4.5
14863,San Blas - Canillejas,casual,2024-07-19,2024-12-31,45,227,4.3
14864,Centro,casual,2024-07-01,2024-09-18,17,71,3.5
14865,Arganzuela,casual,2024-03-02,2024-12-31,67,378,4.4
14866,Carabanchel,casual,2024-01-01,2024-05-30,32,141,4.7
14867,Ciudad Lineal,casual,2024-01-01,2024-03-01,11,60,4.2
14868,Usera,casual,2024-03-13,2024-05-26,17,84,3.6
14869,Carabanchel,casual,2024-01-01,2024-06-16,37,197,3.9
14870,Chamartín,casual,2024-04-22,2024-12-31,61,349,3.8
14871,Latina,part_time,2024-10-10,2024-12-31,45,387,4.4
14872,Carabanchel,full_time,2024-01-01,2024-03-27,73,1448,3.7
14873,Tetuán,full_time,2024-08-03,2024-10-19,67,1298,3.6
14874,Puente de Vallecas,part_time,2024-01-01,2024-02-23,26,252,4.7
14875,San Blas - Canillejas,casual,2024-01-01,2024-10-04,64,316,4.9
14876,Carabanchel,part_time,2024-01-01,2024-04-01,38,338,4.8
14877,Puente de Vallecas,full_time,2024-02-29,2024-05-10,60,1128,4.4
14878,Moncloa - Aravaca,casual,2024-10-16,2024-12-31,17,74,4.0
14879,Tetuán,casual,2024-04-16,2024-07-06,10,45,3.6
14880,Villaverde,part_time,2024-01-01,2024-02-18,23,202,4.1
14881,Fuencarral - El Pardo,casual,2024-01-01,2024-04-18,27,136,3.8
14882,Moncloa - Aravaca,part_time,2024-10-21,2024-12-31,27,241,4.7
14883,Retiro,casual,2024-04-09,2024-07-04,24,103,4.8
14884,San Blas - Canillejas,casual,2024-12-02,2024-12-31,8,43,4.2
14885,Tetuán,part_time,2024-06-12,2024-09-16,46,403,4.0
14886,Fuencarral - El Pardo,part_time,2024-01-13,2024-12-29,152,1335,4.5
14887,Fuencarral - El Pardo,part_time,2024-05-01,2024-07-24,41,341,4.4
14888,Centro,part_time,2024-09-24,2024-12-02,32,295,4.4
14889,Villaverde,full_time,2024-09-30,2024-12-31,73,1446,4.9
14890,Latina,casual,2024-01-01,2024-04-02,22,110,3.9
14891,Usera,full_time,2024-02-06,2024-08-15,161,3262,4.0
14892,Carabanchel,casual,2024-01-01,2024-07-25,52,274,3.6
14893,Chamartín,casual,2024-11-09,2024-12-31,12,64,3.8
14894,Puente de Vallecas,part_time,2024-08-09,2024-12-31,69,610,4.2
14895,Fuencarral - El Pardo,casual,2024-02-03,2024-05-17,19,81,4.7
14896,Centro,full_time,2024-04-05,2024-07-06,76,1581,3.8
14897,San Blas - Canillejas,casual,2024-04-09,2024-07-11,16,88,4.3
14898,Puente de Vallecas,casual,2024-11-23,2024-12-31,7,33,4.0
14899,Arganzuela,casual,2024-03-14,2024-09-19,39,186,4.7
14900,Puente de Vallecas,part_time,2024-01-01,2024-01-11,9,88,4.5
14901,Barajas,part_time,2024-08-03,2024-12-31,69,616,3.6
14902,Chamartín,casual,2024-01-01,2024-02-21,12,61,3.7
14903,Villa de Vallecas,casual,2024-07-09,2024-10-25,25,123,4.6
14904,Chamartín,casual,2024-05-17,2024-08-28,13,57,4.5
14905,Villaverde,casual,2024-08-29,2024-12-31,33,142,3.7
14906,Fuencarral - El Pardo,part_time,2024-06-09,2024-09-08,45,386,4.0
14907,Moncloa - Aravaca,part_time,2024-01-01,2024-05-06,57,504,3.9
14908,Ciudad Lineal,casual,2024-11-13,2024-12-31,12,52,4.2
14909,Hortaleza,casual,2024-11-16,2024-12-31,14,71,3.5
14910,San Blas - Canillejas,part_time,2024-02-15,2024-08-20,94,853,4.3
14911,Hortaleza,casual,2024-07-02,2024-10-11,22,101,3.7
14912,Ciudad Lineal,casual,2024-05-03,2024-10-26,28,133,4.6
14913,Tetuán,part_time,2024-06-10,2024-08-21,31,273,4.3
14914,Latina,casual,2024-01-01,2024-02-12,13,76,4.7
14915,Centro,casual,2024-04-08,2024-09-17,26,125,4.4
14916,Ciudad Lineal,casual,2024-01-25,2024-04-09,21,116,4.9
14917,Usera,part_time,2024-09-11,2024-12-31,41,384,4.9
14918,Centro,casual,2024-10-24,2024-12-31,20,85,4.4
14919,Moncloa - Aravaca,part_time,2024-01-01,2024-01-11,5,37,4.4
14920,Chamartín,casual,2024-09-07,2024-11-17,17,81,4.0
14921,San Blas - Canillejas,casual,2024-01-01,2024-02-20,7,26,4.9
14922,Latina,part_time,2024-01-01,2024-01-06,2,13,4.7
14923,San Blas - Canillejas,casual,2024-01-01,2024-01-08,3,17,3.9
14924,Ciudad Lineal,casual,2024-01-01,2024-12-02,85,443,3.9
14925,Retiro,casual,2024-08-18,2024-12-31,37,211,4.6
14926,Fuencarral - El Pardo,part_time,2024-01-01,2024-06-17,76,665,4.0
14927,Hortaleza,casual,2024-11-26,2024-12-31,6,19,4.7
14928,Moratalaz,part_time,2024-02-11,2024-08-24,83,700,4.9
14929,Chamberí,casual,2024-01-01,2024-03-26,16,84,3.7
14930,San Blas - Canillejas,casual,2024-01-01,2024-11-25,80,404,4.3
14931,San Blas - Canillejas,casual,2024-06-10,2024-12-09,48,240,4.8
14932,Chamartín,casual,2024-05-30,2024-08-07,15,76,4.3
14933,Chamartín,part_time,2024-01-01,2024-11-18,157,1434,3.7
14934,Tetuán,casual,2024-01-01,2024-04-13,32,148,4.7
14935,Latina,full_time,2024-08-12,2024-11-25,93,1923,3.8
14936,Tetuán,casual,2024-01-14,2024-07-08,38,196,4.2
14937,Villaverde,casual,2024-12-18,2024-12-31,1,1,5.0
14938,Centro,casual,2024-02-20,2024-07-30,36,179,4.8
14939,Vicálvaro,part_time,2024-01-01,2024-06-10,74,640,4.4
14940,Latina,casual,2024-10-30,2024-12-31,14,76,3.7
14941,Retiro,part_time,2024-01-01,2024-04-07,42,435,4.1
14942,Latina,full_time,2024-01-01,2024-03-15,63,1210,3.9
14943,Villaverde,part_time,2024-06-10,2024-12-31,96,889,4.5
14944,Moncloa - Aravaca,casual,2024-02-23,2024-05-12,17,88,4.6
14945,Ciudad Lineal,part_time,2024-02-09,2024-08-22,86,793,4.4
14946,Moncloa - Aravaca,casual,2024-03-01,2024-09-08,57,293,4.4
14947,Vicálvaro,casual,2024-07-26,2024-12-31,38,184,4.0
14948,Centro,casual,2024-06-24,2024-09-13,15,81,4.2
14949,Ciudad Lineal,part_time,2024-09-02,2024-12-10,47,431,5.0
14950,Puente de Vallecas,casual,2024-12-22,2024-12-31,3,11,4.9
14951,Villa de Vallecas,part_time,2024-08-19,2024-11-25,55,493,4.6
14952,Moncloa - Aravaca,part_time,2024-02-15,2024-05-04,37,314,4.8
14953,Hortaleza,casual,2024-09-16,2024-12-16,19,83,4.6
14954,Puente de Vallecas,casual,2024-09-13,2024-12-31,31,148,4.5
14955,Centro,part_time,2024-01-01,2024-11-03,139,1273,4.6
14956,Moncloa - Aravaca,casual,2024-07-26,2024-11-03,27,129,3.9
14957,Puente de Vallecas,casual,2024-05-10,2024-08-15,17,73,4.9
14958,Chamartín,casual,2024-01-01,2024-03-10,20,113,4.2
14959,Tetuán,full_time,2024-08-25,2024-12-09,86,1715,3.6
14960,Fuencarral - El Pardo,casual,2024-01-01,2024-11-20,75,375,3.8
14961,Hortaleza,casual,2024-03-08,2024-06-06,18,105,4.5
14962,San Blas - Canillejas,casual,2024-05-08,2024-07-28,23,104,4.5
14963,Usera,casual,2024-06-21,2024-09-26,19,103,4.3
14964,Puente de Vallecas,full_time,2024-09-16,2024-11-27,62,1318,4.3
14965,Tetuán,casual,2024-11-21,2024-12-31,3,18,4.5
14966,Barajas,part_time,2024-07-13,2024-12-31,80,760,4.6
14967,Fuencarral - El Pardo,part_time,2024-12-29,2024-12-31,2,15,3.8
14968,Ciudad Lineal,casual,2024-01-01,2024-03-27,15,69,3.8
14969,Fuencarral - El Pardo,part_time,2024-01-01,2024-03-13,36,332,3.6
14970,Villa de Vallecas,full_time,2024-09-28,2024-12-20,78,1482,4.4
14971,Centro,part_time,2024-07-19,2024-10-12,44,413,4.1
14972,Ciudad Lineal,part_time,2024-10-18,2024-12-31,26,239,4.9
14973,Salamanca,casual,2024-08-05,2024-11-11,28,126,4.0
14974,Hortaleza,part_time,2024-01-01,2024-01-10,5,43,4.3
14975,Ciudad Lineal,casual,2024-08-08,2024-10-25,22,121,4.0
14976,Latina,part_time,2024-01-01,2024-04-09,50,460,4.0
14977,Vicálvaro,casual,2024-04-21,2024-07-25,28,136,4.0
14978,Moncloa - Aravaca,part_time,2024-07-11,2024-12-31,95,849,4.4
14979,Moncloa - Aravaca,full_time,2024-07-23,2024-11-04,82,1639,4.0
14980,Usera,part_time,2024-03-24,2024-06-24,53,487,3.7
14981,Hortaleza,casual,2024-08-21,2024-11-26,15,83,3.7
14982,Vicálvaro,part_time,2024-12-06,2024-12-31,9,82,4.3
14983,Vicálvaro,full_time,2024-01-13,2024-04-15,81,1539,4.2
14984,Fuencarral - El Pardo,part_time,2024-01-01,2024-03-06,26,221,4.8
14985,Puente de Vallecas,full_time,2024-01-01,2024-03-13,57,1181,3.6
14986,Moncloa - Aravaca,part_time,2024-05-01,2024-07-24,31,286,3.9
14987,Moncloa - Aravaca,full_time,2024-02-11,2024-05-18,84,1677,4.5
14988,Barajas,casual,2024-04-28,2024-08-05,20,92,4.5
14989,Ciudad Lineal,casual,2024-01-01,2024-03-02,14,73,3.6
14990,Centro,part_time,2024-01-01,2024-05-10,61,520,3.9
14991,Chamartín,full_time,2024-03-19,2024-06-01,66,1350,3.8
14992,Ciudad Lineal,casual,2024-11-13,2024-12-31,12,63,4.9
14993,Carabanchel,casual,2024-02-26,2024-05-10,19,92,4.9
14994,Centro,casual,2024-01-01,2024-01-22,7,33,5.0
14995,Chamartín,part_time,2024-01-01,2024-08-09,100,914,3.7
14996,Centro,full_time,2024-11-28,2024-12-31,26,512,4.5
14997,Hortaleza,part_time,2024-04-07,2024-07-19,39,345,4.3
14998,San Blas - Canillejas,casual,2024-09-25,2024-12-31,27,122,4.6
14999,Tetuán,casual,2024-01-01,2024-07-14,44,241,3.8
15000,Tetuán,full_time,2024-01-01,2024-03-04,51,1016,3.5
